{
  "KDHartreeFock_V1_0": 58.5866467606,
  "KDHartreeFock_V1_asymm": 13.0623504837,
  "KDHartreeFock_V1_A": 0.0285583753,
  "KDHartreeFock_V2_0_n": 0.0054332802,
  "KDHartreeFock_V2_A_n": -3.4208e-06,
  "KDHartreeFock_V3_0_n": 2.8844e-06,
  "KDHartreeFock_V3_A_n": 1.9323e-06,
  "KDHartreeFock_V2_0_p": 0.0066978265,
  "KDHartreeFock_V2_A_p": 5.2921e-06,
  "KDHartreeFock_V3_0_p": 1.55233e-05,
  "KDHartreeFock_V3_A_p": 1.6911e-06,
  "KDHartreeFock_V4_0": -7.778e-07,
  "KDHartreeFock_r_0": 1.3150502976,
  "KDHartreeFock_r_A": 0.5570485362,
  "KDHartreeFock_a_0": 0.7596480205,
  "KDHartreeFock_a_A": 0.00034383,
  "KDCoulomb_r_C_0": 1.1275731501,
  "KDCoulomb_r_C_A": 0.3388392545,
  "KDCoulomb_r_C_A2": 2.1183802986,
  "KDRealSpinOrbit_V1_0": 4.0376876633,
  "KDRealSpinOrbit_V1_A": 0.0089714272,
  "KDRealSpinOrbit_V2_0": 0.0015051161,
  "KDRealSpinOrbit_r_0": 1.2040687035,
  "KDRealSpinOrbit_r_A": 0.7087261779,
  "KDRealSpinOrbit_a_0": 0.5847762025,
  "KDImagSpinOrbit_W1_0": -4.8194510536,
  "KDImagSpinOrbit_W2_0": 206.4628347575,
  "KDImagVolume_W1_0_n": 23.903261318,
  "KDImagVolume_W1_A_n": -0.028579794,
  "KDImagVolume_W1_0_p": 25.1145980281,
  "KDImagVolume_W1_A_p": -0.0366985412,
  "KDImagVolume_W2_0": 96.1380880522,
  "KDImagVolume_W2_A": -0.0844425665,
  "KDImagSurface_D1_0": 21.5661205219,
  "KDImagSurface_D1_asymm": 10.9604180389,
  "KDImagSurface_D2_0": 0.0066613733,
  "KDImagSurface_D2_A": 0.033487529,
  "KDImagSurface_D2_A2": 10.5112422895,
  "KDImagSurface_D2_A3": 316.0773064243,
  "KDImagSurface_D3_0": 14.7572866579,
  "KDImagSurface_r_0": 1.3521291571,
  "KDImagSurface_r_A": 0.0198037322,
  "KDImagSurface_a_0_n": 0.5095918348,
  "KDImagSurface_a_A_n": -0.0002724781,
  "KDImagSurface_a_0_p": 0.5031071163,
  "KDImagSurface_a_A_p": 0.0013909831
}