{
  "KDHartreeFock_V1_0": 56.9487276051,
  "KDHartreeFock_V1_asymm": 12.1772444759,
  "KDHartreeFock_V1_A": 0.0165919112,
  "KDHartreeFock_V2_0_n": 0.005647243,
  "KDHartreeFock_V2_A_n": -2.7235e-06,
  "KDHartreeFock_V3_0_n": 1.0236e-05,
  "KDHartreeFock_V3_A_n": 8.461e-07,
  "KDHartreeFock_V2_0_p": 0.0056781492,
  "KDHartreeFock_V2_A_p": 9.2185e-06,
  "KDHartreeFock_V3_0_p": 1.32792e-05,
  "KDHartreeFock_V3_A_p": 4.3935e-06,
  "KDHartreeFock_V4_0": -5.657e-07,
  "KDHartreeFock_r_0": 1.278590372,
  "KDHartreeFock_r_A": 0.3837133881,
  "KDHartreeFock_a_0": 0.6316780419,
  "KDHartreeFock_a_A": -0.0004387073,
  "KDCoulomb_r_C_0": 1.0577467926,
  "KDCoulomb_r_C_A": 0.950786367,
  "KDCoulomb_r_C_A2": 14.1182530062,
  "KDRealSpinOrbit_V1_0": 6.2064171143,
  "KDRealSpinOrbit_V1_A": -0.0029812764,
  "KDRealSpinOrbit_V2_0": 0.0051091672,
  "KDRealSpinOrbit_r_0": 1.2840247857,
  "KDRealSpinOrbit_r_A": 1.0318863981,
  "KDRealSpinOrbit_a_0": 0.5629613003,
  "KDImagSpinOrbit_W1_0": -2.3471758304,
  "KDImagSpinOrbit_W2_0": 152.3536442611,
  "KDImagVolume_W1_0_n": 25.196900149,
  "KDImagVolume_W1_A_n": -0.0176769174,
  "KDImagVolume_W1_0_p": 27.0632723517,
  "KDImagVolume_W1_A_p": 0.015027047,
  "KDImagVolume_W2_0": 156.7685299401,
  "KDImagVolume_W2_A": -0.2165552298,
  "KDImagSurface_D1_0": 15.6997406529,
  "KDImagSurface_D1_asymm": -2.3155183088,
  "KDImagSurface_D2_0": 0.0340795637,
  "KDImagSurface_D2_A": -0.0124163457,
  "KDImagSurface_D2_A2": 6.5853716427,
  "KDImagSurface_D2_A3": 108.69561769,
  "KDImagSurface_D3_0": 14.5642572534,
  "KDImagSurface_r_0": 1.5441551952,
  "KDImagSurface_r_A": 0.0496819543,
  "KDImagSurface_a_0_n": 0.5063223403,
  "KDImagSurface_a_A_n": -0.0003101316,
  "KDImagSurface_a_0_p": 0.4142570169,
  "KDImagSurface_a_A_p": 0.0019642303
}