{
  "KDHartreeFock_V1_0": 54.9176712958,
  "KDHartreeFock_V1_asymm": 19.7174151886,
  "KDHartreeFock_V1_A": 0.0173671604,
  "KDHartreeFock_V2_0_n": 0.0057522295,
  "KDHartreeFock_V2_A_n": 1.48998e-05,
  "KDHartreeFock_V3_0_n": 1.4174e-06,
  "KDHartreeFock_V3_A_n": 2.1591e-06,
  "KDHartreeFock_V2_0_p": 0.0046895174,
  "KDHartreeFock_V2_A_p": 1.68017e-05,
  "KDHartreeFock_V3_0_p": -3.0297e-06,
  "KDHartreeFock_V3_A_p": -6.44e-08,
  "KDHartreeFock_V4_0": 2.4342e-06,
  "KDHartreeFock_r_0": 1.2573823724,
  "KDHartreeFock_r_A": 0.1722622369,
  "KDHartreeFock_a_0": 0.651152581,
  "KDHartreeFock_a_A": -0.0001139575,
  "KDCoulomb_r_C_0": 1.1297453906,
  "KDCoulomb_r_C_A": 1.617134946,
  "KDCoulomb_r_C_A2": -1.4659901152,
  "KDRealSpinOrbit_V1_0": 5.8511856147,
  "KDRealSpinOrbit_V1_A": 0.0002130804,
  "KDRealSpinOrbit_V2_0": 0.002118569,
  "KDRealSpinOrbit_r_0": 1.1958183436,
  "KDRealSpinOrbit_r_A": 0.7027539788,
  "KDRealSpinOrbit_a_0": 0.6289140804,
  "KDImagSpinOrbit_W1_0": -4.965358844,
  "KDImagSpinOrbit_W2_0": 336.9242401624,
  "KDImagVolume_W1_0_n": 16.1546814075,
  "KDImagVolume_W1_A_n": 0.0368371922,
  "KDImagVolume_W1_0_p": 9.8577590936,
  "KDImagVolume_W1_A_p": 0.0668034457,
  "KDImagVolume_W2_0": 85.7774243734,
  "KDImagVolume_W2_A": 0.1431101108,
  "KDImagSurface_D1_0": 6.7508580156,
  "KDImagSurface_D1_asymm": 25.4718699592,
  "KDImagSurface_D2_0": -0.0244241799,
  "KDImagSurface_D2_A": 0.0350911377,
  "KDImagSurface_D2_A2": 2.587754461,
  "KDImagSurface_D2_A3": 320.2194675331,
  "KDImagSurface_D3_0": 8.9111148676,
  "KDImagSurface_r_0": 1.2655733139,
  "KDImagSurface_r_A": 0.0049968511,
  "KDImagSurface_a_0_n": 0.560910427,
  "KDImagSurface_a_A_n": -0.0010392221,
  "KDImagSurface_a_0_p": 0.4825044005,
  "KDImagSurface_a_A_p": 0.0018079554
}