{
  "KDHartreeFock_V1_0": 58.4335539451,
  "KDHartreeFock_V1_asymm": 16.8878001596,
  "KDHartreeFock_V1_A": 0.0268848754,
  "KDHartreeFock_V2_0_n": 0.0049708207,
  "KDHartreeFock_V2_A_n": 6.5219e-06,
  "KDHartreeFock_V3_0_n": -4.453e-07,
  "KDHartreeFock_V3_A_n": -9.628e-07,
  "KDHartreeFock_V2_0_p": 0.0044789452,
  "KDHartreeFock_V2_A_p": 1.41244e-05,
  "KDHartreeFock_V3_0_p": -9.8372e-06,
  "KDHartreeFock_V3_A_p": 7.359e-07,
  "KDHartreeFock_V4_0": -1.8825e-06,
  "KDHartreeFock_r_0": 1.2832485617,
  "KDHartreeFock_r_A": 0.4816631902,
  "KDHartreeFock_a_0": 0.6867665241,
  "KDHartreeFock_a_A": -0.0002053442,
  "KDCoulomb_r_C_0": 1.1597715755,
  "KDCoulomb_r_C_A": 0.2222589982,
  "KDCoulomb_r_C_A2": 10.1901889345,
  "KDRealSpinOrbit_V1_0": 6.6889687526,
  "KDRealSpinOrbit_V1_A": -0.0099955517,
  "KDRealSpinOrbit_V2_0": 0.0026985402,
  "KDRealSpinOrbit_r_0": 1.1764506188,
  "KDRealSpinOrbit_r_A": 0.7468566376,
  "KDRealSpinOrbit_a_0": 0.638310896,
  "KDImagSpinOrbit_W1_0": -2.2750579621,
  "KDImagSpinOrbit_W2_0": 126.5833817341,
  "KDImagVolume_W1_0_n": 15.2625040034,
  "KDImagVolume_W1_A_n": 0.0405934554,
  "KDImagVolume_W1_0_p": 21.7749172539,
  "KDImagVolume_W1_A_p": -0.021611228,
  "KDImagVolume_W2_0": 111.585986094,
  "KDImagVolume_W2_A": -0.0092691866,
  "KDImagSurface_D1_0": 18.2295319491,
  "KDImagSurface_D1_asymm": 9.7229119141,
  "KDImagSurface_D2_0": 0.0064468965,
  "KDImagSurface_D2_A": 0.0072179532,
  "KDImagSurface_D2_A2": 7.5574301985,
  "KDImagSurface_D2_A3": 202.7090462632,
  "KDImagSurface_D3_0": 14.7837795075,
  "KDImagSurface_r_0": 1.4280465279,
  "KDImagSurface_r_A": 0.0392651291,
  "KDImagSurface_a_0_n": 0.5688070285,
  "KDImagSurface_a_A_n": -0.0006003505,
  "KDImagSurface_a_0_p": 0.445012243,
  "KDImagSurface_a_A_p": 0.0031995009
}