{
  "KDHartreeFock_V1_0": 56.1294651336,
  "KDHartreeFock_V1_asymm": 9.6785589262,
  "KDHartreeFock_V1_A": 0.0235194848,
  "KDHartreeFock_V2_0_n": 0.0070484508,
  "KDHartreeFock_V2_A_n": 9.1342e-06,
  "KDHartreeFock_V3_0_n": 1.43237e-05,
  "KDHartreeFock_V3_A_n": -2.4455e-06,
  "KDHartreeFock_V2_0_p": 0.0052196691,
  "KDHartreeFock_V2_A_p": 1.34643e-05,
  "KDHartreeFock_V3_0_p": 1.978e-06,
  "KDHartreeFock_V3_A_p": 9.227e-07,
  "KDHartreeFock_V4_0": 1.2522e-06,
  "KDHartreeFock_r_0": 1.2809887026,
  "KDHartreeFock_r_A": 0.2945143269,
  "KDHartreeFock_a_0": 0.690720909,
  "KDHartreeFock_a_A": 0.0003119455,
  "KDCoulomb_r_C_0": 1.375183613,
  "KDCoulomb_r_C_A": 0.1976839811,
  "KDCoulomb_r_C_A2": 2.8772493247,
  "KDRealSpinOrbit_V1_0": 5.4973809522,
  "KDRealSpinOrbit_V1_A": 0.007730769,
  "KDRealSpinOrbit_V2_0": 0.0015366859,
  "KDRealSpinOrbit_r_0": 1.1824146871,
  "KDRealSpinOrbit_r_A": 0.6748584299,
  "KDRealSpinOrbit_a_0": 0.6058828327,
  "KDImagSpinOrbit_W1_0": -4.1823559372,
  "KDImagSpinOrbit_W2_0": 313.9791650016,
  "KDImagVolume_W1_0_n": 16.4614548948,
  "KDImagVolume_W1_A_n": 0.0203074704,
  "KDImagVolume_W1_0_p": 12.8116871607,
  "KDImagVolume_W1_A_p": 0.0884501758,
  "KDImagVolume_W2_0": 67.32613038,
  "KDImagVolume_W2_A": 0.3335936277,
  "KDImagSurface_D1_0": 19.0573880695,
  "KDImagSurface_D1_asymm": 2.4191853505,
  "KDImagSurface_D2_0": 0.0328334012,
  "KDImagSurface_D2_A": 0.0052728859,
  "KDImagSurface_D2_A2": 9.4247367834,
  "KDImagSurface_D2_A3": 334.4887961495,
  "KDImagSurface_D3_0": 14.8402897727,
  "KDImagSurface_r_0": 1.2571355284,
  "KDImagSurface_r_A": -0.0035111022,
  "KDImagSurface_a_0_n": 0.5380113216,
  "KDImagSurface_a_A_n": 0.0006484596,
  "KDImagSurface_a_0_p": 0.4896693515,
  "KDImagSurface_a_A_p": 0.0015438746
}