{
  "KDHartreeFock_V1_0": 56.3281794471,
  "KDHartreeFock_V1_asymm": 12.3096531744,
  "KDHartreeFock_V1_A": 0.0282139583,
  "KDHartreeFock_V2_0_n": 0.0045687041,
  "KDHartreeFock_V2_A_n": -3.3711e-06,
  "KDHartreeFock_V3_0_n": -5.7888e-06,
  "KDHartreeFock_V3_A_n": 1.2929e-06,
  "KDHartreeFock_V2_0_p": 0.0062796245,
  "KDHartreeFock_V2_A_p": 5.6511e-06,
  "KDHartreeFock_V3_0_p": 4.2102e-06,
  "KDHartreeFock_V3_A_p": -2.1086e-06,
  "KDHartreeFock_V4_0": 6.444e-07,
  "KDHartreeFock_r_0": 1.3298536291,
  "KDHartreeFock_r_A": 0.5200662587,
  "KDHartreeFock_a_0": 0.7347816379,
  "KDHartreeFock_a_A": 0.0005968773,
  "KDCoulomb_r_C_0": 1.3366342882,
  "KDCoulomb_r_C_A": 0.7504432744,
  "KDCoulomb_r_C_A2": 13.8084463257,
  "KDRealSpinOrbit_V1_0": 4.8360315086,
  "KDRealSpinOrbit_V1_A": 0.0174128827,
  "KDRealSpinOrbit_V2_0": 0.0051297213,
  "KDRealSpinOrbit_r_0": 1.1913092491,
  "KDRealSpinOrbit_r_A": 0.5282493735,
  "KDRealSpinOrbit_a_0": 0.5869614324,
  "KDImagSpinOrbit_W1_0": -1.7375482082,
  "KDImagSpinOrbit_W2_0": 227.1623300926,
  "KDImagVolume_W1_0_n": 21.217676108,
  "KDImagVolume_W1_A_n": 0.0102592373,
  "KDImagVolume_W1_0_p": 12.9664970113,
  "KDImagVolume_W1_A_p": 0.0670051353,
  "KDImagVolume_W2_0": 100.0442927255,
  "KDImagVolume_W2_A": 0.0913580947,
  "KDImagSurface_D1_0": 21.0718188009,
  "KDImagSurface_D1_asymm": 8.5255617411,
  "KDImagSurface_D2_0": 0.0383598712,
  "KDImagSurface_D2_A": -0.0083853084,
  "KDImagSurface_D2_A2": 11.8250149865,
  "KDImagSurface_D2_A3": 79.3561955765,
  "KDImagSurface_D3_0": 13.2723228695,
  "KDImagSurface_r_0": 1.300975802,
  "KDImagSurface_r_A": 0.013215577,
  "KDImagSurface_a_0_n": 0.5213347669,
  "KDImagSurface_a_A_n": -0.0002889081,
  "KDImagSurface_a_0_p": 0.5405008284,
  "KDImagSurface_a_A_p": 0.001351697
}