{
  "KDHartreeFock_V1_0": 60.802811416,
  "KDHartreeFock_V1_asymm": 3.6460320686,
  "KDHartreeFock_V1_A": 0.0518055094,
  "KDHartreeFock_V2_0_n": 0.0055538582,
  "KDHartreeFock_V2_A_n": 6.0993e-06,
  "KDHartreeFock_V3_0_n": 1.936e-07,
  "KDHartreeFock_V3_A_n": -3.583e-06,
  "KDHartreeFock_V2_0_p": 0.0048953278,
  "KDHartreeFock_V2_A_p": 3.065e-07,
  "KDHartreeFock_V3_0_p": 3.8438e-06,
  "KDHartreeFock_V3_A_p": -3.228e-06,
  "KDHartreeFock_V4_0": 4.637e-07,
  "KDHartreeFock_r_0": 1.3241714925,
  "KDHartreeFock_r_A": 0.6878562439,
  "KDHartreeFock_a_0": 0.6791582569,
  "KDHartreeFock_a_A": 3.78464e-05,
  "KDCoulomb_r_C_0": 1.2111161928,
  "KDCoulomb_r_C_A": 1.4683641873,
  "KDCoulomb_r_C_A2": 10.4092560784,
  "KDRealSpinOrbit_V1_0": 4.4075670458,
  "KDRealSpinOrbit_V1_A": 0.0083281327,
  "KDRealSpinOrbit_V2_0": 0.0034941199,
  "KDRealSpinOrbit_r_0": 1.1061183507,
  "KDRealSpinOrbit_r_A": 0.3633283439,
  "KDRealSpinOrbit_a_0": 0.6121952424,
  "KDImagSpinOrbit_W1_0": -5.0629090458,
  "KDImagSpinOrbit_W2_0": 356.6567973161,
  "KDImagVolume_W1_0_n": 28.6394261242,
  "KDImagVolume_W1_A_n": 0.0099956109,
  "KDImagVolume_W1_0_p": 25.8265240568,
  "KDImagVolume_W1_A_p": 0.0691504363,
  "KDImagVolume_W2_0": 134.2719689495,
  "KDImagVolume_W2_A": 0.23465855,
  "KDImagSurface_D1_0": 10.2503435892,
  "KDImagSurface_D1_asymm": 24.5273906641,
  "KDImagSurface_D2_0": 0.0285703375,
  "KDImagSurface_D2_A": -0.017217566,
  "KDImagSurface_D2_A2": 4.0880683145,
  "KDImagSurface_D2_A3": 130.4116087076,
  "KDImagSurface_D3_0": 9.0171765827,
  "KDImagSurface_r_0": 1.4370531957,
  "KDImagSurface_r_A": 0.0378950435,
  "KDImagSurface_a_0_n": 0.5388837134,
  "KDImagSurface_a_A_n": -0.0011558496,
  "KDImagSurface_a_0_p": 0.4894913348,
  "KDImagSurface_a_A_p": 0.0023509453
}