{
  "KDHartreeFock_V1_0": 59.7560843827,
  "KDHartreeFock_V1_asymm": 13.9032667732,
  "KDHartreeFock_V1_A": 0.0206126466,
  "KDHartreeFock_V2_0_n": 0.0057859294,
  "KDHartreeFock_V2_A_n": -9.6943e-06,
  "KDHartreeFock_V3_0_n": 1.62299e-05,
  "KDHartreeFock_V3_A_n": 1.2213e-06,
  "KDHartreeFock_V2_0_p": 0.0075386183,
  "KDHartreeFock_V2_A_p": 6.536e-07,
  "KDHartreeFock_V3_0_p": 2.57139e-05,
  "KDHartreeFock_V3_A_p": -3.15e-07,
  "KDHartreeFock_V4_0": 1.9545e-06,
  "KDHartreeFock_r_0": 1.2767100276,
  "KDHartreeFock_r_A": 0.4155466546,
  "KDHartreeFock_a_0": 0.73561827,
  "KDHartreeFock_a_A": 0.000537472,
  "KDCoulomb_r_C_0": 1.2236588141,
  "KDCoulomb_r_C_A": 0.7795528004,
  "KDCoulomb_r_C_A2": 28.3557605968,
  "KDRealSpinOrbit_V1_0": 7.0799003067,
  "KDRealSpinOrbit_V1_A": -0.0061286333,
  "KDRealSpinOrbit_V2_0": 0.0074868695,
  "KDRealSpinOrbit_r_0": 1.2362135478,
  "KDRealSpinOrbit_r_A": 0.976525392,
  "KDRealSpinOrbit_a_0": 0.5517573115,
  "KDImagSpinOrbit_W1_0": -2.0779036273,
  "KDImagSpinOrbit_W2_0": 166.2112988462,
  "KDImagVolume_W1_0_n": 16.7247390569,
  "KDImagVolume_W1_A_n": 0.0550082987,
  "KDImagVolume_W1_0_p": 22.4823435986,
  "KDImagVolume_W1_A_p": 0.051684159,
  "KDImagVolume_W2_0": 105.7855142425,
  "KDImagVolume_W2_A": 0.0969466463,
  "KDImagSurface_D1_0": 26.5065161689,
  "KDImagSurface_D1_asymm": 13.4261766453,
  "KDImagSurface_D2_0": 0.0683990434,
  "KDImagSurface_D2_A": -0.0435043899,
  "KDImagSurface_D2_A2": 9.2405369453,
  "KDImagSurface_D2_A3": -91.6609990874,
  "KDImagSurface_D3_0": 22.5615644085,
  "KDImagSurface_r_0": 1.3827644102,
  "KDImagSurface_r_A": 0.0344283976,
  "KDImagSurface_a_0_n": 0.5575987891,
  "KDImagSurface_a_A_n": -0.0004503292,
  "KDImagSurface_a_0_p": 0.4787400403,
  "KDImagSurface_a_A_p": 0.0022750495
}