{
  "KDHartreeFock_V1_0": 59.7607073948,
  "KDHartreeFock_V1_asymm": 11.7525254756,
  "KDHartreeFock_V1_A": 0.0164785447,
  "KDHartreeFock_V2_0_n": 0.0078496038,
  "KDHartreeFock_V2_A_n": -3.3846e-06,
  "KDHartreeFock_V3_0_n": 2.92537e-05,
  "KDHartreeFock_V3_A_n": 2.6599e-06,
  "KDHartreeFock_V2_0_p": 0.0081364436,
  "KDHartreeFock_V2_A_p": -7.867e-07,
  "KDHartreeFock_V3_0_p": 3.00793e-05,
  "KDHartreeFock_V3_A_p": -7.271e-07,
  "KDHartreeFock_V4_0": 7.307e-07,
  "KDHartreeFock_r_0": 1.2029024729,
  "KDHartreeFock_r_A": 0.0622616533,
  "KDHartreeFock_a_0": 0.6568715919,
  "KDHartreeFock_a_A": -0.0003678193,
  "KDCoulomb_r_C_0": 1.179861377,
  "KDCoulomb_r_C_A": 0.7093253171,
  "KDCoulomb_r_C_A2": 33.5365494818,
  "KDRealSpinOrbit_V1_0": 5.4237286513,
  "KDRealSpinOrbit_V1_A": 0.010287459,
  "KDRealSpinOrbit_V2_0": 0.0071524782,
  "KDRealSpinOrbit_r_0": 1.2130767562,
  "KDRealSpinOrbit_r_A": 0.6746550928,
  "KDRealSpinOrbit_a_0": 0.5674513478,
  "KDImagSpinOrbit_W1_0": -2.8478536155,
  "KDImagSpinOrbit_W2_0": 243.6390786436,
  "KDImagVolume_W1_0_n": 16.919038126,
  "KDImagVolume_W1_A_n": 0.008814558,
  "KDImagVolume_W1_0_p": 12.0233055182,
  "KDImagVolume_W1_A_p": 0.0810152051,
  "KDImagVolume_W2_0": 73.3477234611,
  "KDImagVolume_W2_A": 0.1177446298,
  "KDImagSurface_D1_0": 12.2908126856,
  "KDImagSurface_D1_asymm": 20.6741961197,
  "KDImagSurface_D2_0": -0.0204355868,
  "KDImagSurface_D2_A": 0.0459809604,
  "KDImagSurface_D2_A2": 8.2670006692,
  "KDImagSurface_D2_A3": -46.736957754,
  "KDImagSurface_D3_0": 10.6538261921,
  "KDImagSurface_r_0": 1.3561530841,
  "KDImagSurface_r_A": 0.0163424013,
  "KDImagSurface_a_0_n": 0.4967109176,
  "KDImagSurface_a_A_n": -0.0006636749,
  "KDImagSurface_a_0_p": 0.4947734312,
  "KDImagSurface_a_A_p": 0.0011286002
}