{
  "KDHartreeFock_V1_0": 60.0588526782,
  "KDHartreeFock_V1_asymm": 20.402036342,
  "KDHartreeFock_V1_A": 0.0275287339,
  "KDHartreeFock_V2_0_n": 0.0058579301,
  "KDHartreeFock_V2_A_n": 2.3033e-06,
  "KDHartreeFock_V3_0_n": 4.859e-06,
  "KDHartreeFock_V3_A_n": 4.895e-07,
  "KDHartreeFock_V2_0_p": 0.0081116341,
  "KDHartreeFock_V2_A_p": -2.4845e-06,
  "KDHartreeFock_V3_0_p": 1.65676e-05,
  "KDHartreeFock_V3_A_p": 3.674e-06,
  "KDHartreeFock_V4_0": 1.7912e-06,
  "KDHartreeFock_r_0": 1.2604014736,
  "KDHartreeFock_r_A": 0.3539270702,
  "KDHartreeFock_a_0": 0.6992509336,
  "KDHartreeFock_a_A": -9.12692e-05,
  "KDCoulomb_r_C_0": 1.1133230815,
  "KDCoulomb_r_C_A": -0.6605076578,
  "KDCoulomb_r_C_A2": 19.2680069386,
  "KDRealSpinOrbit_V1_0": 6.1208294114,
  "KDRealSpinOrbit_V1_A": -0.0033622735,
  "KDRealSpinOrbit_V2_0": 0.0027679835,
  "KDRealSpinOrbit_r_0": 1.1797816361,
  "KDRealSpinOrbit_r_A": 0.681339677,
  "KDRealSpinOrbit_a_0": 0.60196366,
  "KDImagSpinOrbit_W1_0": -2.9523373029,
  "KDImagSpinOrbit_W2_0": 319.652156276,
  "KDImagVolume_W1_0_n": 22.9712049579,
  "KDImagVolume_W1_A_n": -0.0045919698,
  "KDImagVolume_W1_0_p": 14.3450079773,
  "KDImagVolume_W1_A_p": 0.0689652136,
  "KDImagVolume_W2_0": 89.7020347287,
  "KDImagVolume_W2_A": 0.1284610293,
  "KDImagSurface_D1_0": 21.5008532641,
  "KDImagSurface_D1_asymm": 3.9910277145,
  "KDImagSurface_D2_0": 0.0148087327,
  "KDImagSurface_D2_A": 0.0222633736,
  "KDImagSurface_D2_A2": 13.6940040102,
  "KDImagSurface_D2_A3": 372.3192122166,
  "KDImagSurface_D3_0": 15.6582338654,
  "KDImagSurface_r_0": 1.2589381457,
  "KDImagSurface_r_A": -0.0086420581,
  "KDImagSurface_a_0_n": 0.5562502222,
  "KDImagSurface_a_A_n": 0.0006095657,
  "KDImagSurface_a_0_p": 0.5087033697,
  "KDImagSurface_a_A_p": 0.0016416457
}