{
  "KDHartreeFock_V1_0": 59.9656125253,
  "KDHartreeFock_V1_asymm": 8.8683237584,
  "KDHartreeFock_V1_A": 0.0274316736,
  "KDHartreeFock_V2_0_n": 0.0072939478,
  "KDHartreeFock_V2_A_n": -7.062e-07,
  "KDHartreeFock_V3_0_n": 2.47679e-05,
  "KDHartreeFock_V3_A_n": 1.762e-07,
  "KDHartreeFock_V2_0_p": 0.0078064916,
  "KDHartreeFock_V2_A_p": -6.109e-07,
  "KDHartreeFock_V3_0_p": 2.40359e-05,
  "KDHartreeFock_V3_A_p": -1.3719e-06,
  "KDHartreeFock_V4_0": -5.377e-07,
  "KDHartreeFock_r_0": 1.2704967731,
  "KDHartreeFock_r_A": 0.3796532032,
  "KDHartreeFock_a_0": 0.6945795114,
  "KDHartreeFock_a_A": 5.05697e-05,
  "KDCoulomb_r_C_0": 1.1945030987,
  "KDCoulomb_r_C_A": -0.214533678,
  "KDCoulomb_r_C_A2": 20.2435099871,
  "KDRealSpinOrbit_V1_0": 5.415062893,
  "KDRealSpinOrbit_V1_A": 0.0041271669,
  "KDRealSpinOrbit_V2_0": 0.0034827369,
  "KDRealSpinOrbit_r_0": 1.1311884327,
  "KDRealSpinOrbit_r_A": 0.2679829288,
  "KDRealSpinOrbit_a_0": 0.6199801868,
  "KDImagSpinOrbit_W1_0": -3.3835009197,
  "KDImagSpinOrbit_W2_0": 369.7415178882,
  "KDImagVolume_W1_0_n": 15.2660843382,
  "KDImagVolume_W1_A_n": 0.0394233794,
  "KDImagVolume_W1_0_p": 4.7840146459,
  "KDImagVolume_W1_A_p": 0.1151969159,
  "KDImagVolume_W2_0": 83.3847098124,
  "KDImagVolume_W2_A": 0.1116559275,
  "KDImagSurface_D1_0": 15.1352939352,
  "KDImagSurface_D1_asymm": 7.4724031766,
  "KDImagSurface_D2_0": 0.0520585771,
  "KDImagSurface_D2_A": -0.0273654415,
  "KDImagSurface_D2_A2": -2.486916416,
  "KDImagSurface_D2_A3": 360.1503295941,
  "KDImagSurface_D3_0": 14.5755518503,
  "KDImagSurface_r_0": 1.402071848,
  "KDImagSurface_r_A": 0.0218298516,
  "KDImagSurface_a_0_n": 0.5464280268,
  "KDImagSurface_a_A_n": -0.0001271604,
  "KDImagSurface_a_0_p": 0.5334137045,
  "KDImagSurface_a_A_p": 0.0007846904
}