{
  "KDHartreeFock_V1_0": 59.8229407924,
  "KDHartreeFock_V1_asymm": 16.1870006807,
  "KDHartreeFock_V1_A": 0.0260392548,
  "KDHartreeFock_V2_0_n": 0.0073134253,
  "KDHartreeFock_V2_A_n": -2.759e-07,
  "KDHartreeFock_V3_0_n": 2.52622e-05,
  "KDHartreeFock_V3_A_n": -4.2e-09,
  "KDHartreeFock_V2_0_p": 0.0076618677,
  "KDHartreeFock_V2_A_p": 3.7018e-06,
  "KDHartreeFock_V3_0_p": 2.58087e-05,
  "KDHartreeFock_V3_A_p": 3.014e-06,
  "KDHartreeFock_V4_0": 1.6359e-06,
  "KDHartreeFock_r_0": 1.2515977411,
  "KDHartreeFock_r_A": 0.2697784833,
  "KDHartreeFock_a_0": 0.6929999942,
  "KDHartreeFock_a_A": 3.75555e-05,
  "KDCoulomb_r_C_0": 1.280780901,
  "KDCoulomb_r_C_A": 0.6470283282,
  "KDCoulomb_r_C_A2": 23.4285814857,
  "KDRealSpinOrbit_V1_0": 5.6135043833,
  "KDRealSpinOrbit_V1_A": 0.0033885008,
  "KDRealSpinOrbit_V2_0": 0.0058359945,
  "KDRealSpinOrbit_r_0": 1.1983205529,
  "KDRealSpinOrbit_r_A": 0.6635964368,
  "KDRealSpinOrbit_a_0": 0.5543854729,
  "KDImagSpinOrbit_W1_0": -3.0404136017,
  "KDImagSpinOrbit_W2_0": 252.3147011303,
  "KDImagVolume_W1_0_n": 22.3605701891,
  "KDImagVolume_W1_A_n": 0.0070720398,
  "KDImagVolume_W1_0_p": 26.3165331011,
  "KDImagVolume_W1_A_p": 0.0620453965,
  "KDImagVolume_W2_0": 136.9109973659,
  "KDImagVolume_W2_A": 0.0455080182,
  "KDImagSurface_D1_0": 29.4781814457,
  "KDImagSurface_D1_asymm": 17.1027616011,
  "KDImagSurface_D2_0": 0.063940421,
  "KDImagSurface_D2_A": -0.0282945378,
  "KDImagSurface_D2_A2": 9.1738969846,
  "KDImagSurface_D2_A3": 311.3086602662,
  "KDImagSurface_D3_0": 22.6916035342,
  "KDImagSurface_r_0": 1.2128414684,
  "KDImagSurface_r_A": -0.005653412,
  "KDImagSurface_a_0_n": 0.553669466,
  "KDImagSurface_a_A_n": -0.0007911083,
  "KDImagSurface_a_0_p": 0.4929126136,
  "KDImagSurface_a_A_p": 0.0018674412
}