{
  "KDHartreeFock_V1_0": 61.7004267478,
  "KDHartreeFock_V1_asymm": 15.9177971945,
  "KDHartreeFock_V1_A": 0.0412922522,
  "KDHartreeFock_V2_0_n": 0.0069673549,
  "KDHartreeFock_V2_A_n": 1.30873e-05,
  "KDHartreeFock_V3_0_n": 1.69373e-05,
  "KDHartreeFock_V3_A_n": 1.7783e-06,
  "KDHartreeFock_V2_0_p": 0.0057742058,
  "KDHartreeFock_V2_A_p": 4.5106e-06,
  "KDHartreeFock_V3_0_p": 2.6794e-06,
  "KDHartreeFock_V3_A_p": -3.313e-07,
  "KDHartreeFock_V4_0": -1.4472e-06,
  "KDHartreeFock_r_0": 1.2509814957,
  "KDHartreeFock_r_A": 0.400069106,
  "KDHartreeFock_a_0": 0.6844025628,
  "KDHartreeFock_a_A": -0.0002413269,
  "KDCoulomb_r_C_0": 1.1609603204,
  "KDCoulomb_r_C_A": 1.0244319772,
  "KDCoulomb_r_C_A2": 14.9073550054,
  "KDRealSpinOrbit_V1_0": 6.647808308,
  "KDRealSpinOrbit_V1_A": -0.0054235662,
  "KDRealSpinOrbit_V2_0": 0.0038363619,
  "KDRealSpinOrbit_r_0": 1.1744678566,
  "KDRealSpinOrbit_r_A": 0.6544101417,
  "KDRealSpinOrbit_a_0": 0.6241217141,
  "KDImagSpinOrbit_W1_0": -5.1015770057,
  "KDImagSpinOrbit_W2_0": 219.1291791088,
  "KDImagVolume_W1_0_n": 15.9155357868,
  "KDImagVolume_W1_A_n": 0.0762464645,
  "KDImagVolume_W1_0_p": 20.2108918623,
  "KDImagVolume_W1_A_p": 0.1024292212,
  "KDImagVolume_W2_0": 104.7347392781,
  "KDImagVolume_W2_A": 0.3198558461,
  "KDImagSurface_D1_0": 12.6539409674,
  "KDImagSurface_D1_asymm": 26.2157662171,
  "KDImagSurface_D2_0": 0.0584403889,
  "KDImagSurface_D2_A": -0.0424275903,
  "KDImagSurface_D2_A2": 8.3124685335,
  "KDImagSurface_D2_A3": 189.3687870216,
  "KDImagSurface_D3_0": 12.6640662354,
  "KDImagSurface_r_0": 1.3984201934,
  "KDImagSurface_r_A": 0.0328493246,
  "KDImagSurface_a_0_n": 0.58531859,
  "KDImagSurface_a_A_n": -0.0011522502,
  "KDImagSurface_a_0_p": 0.5220531368,
  "KDImagSurface_a_A_p": 0.0014166032
}