{
  "KDHartreeFock_V1_0": 59.3838154046,
  "KDHartreeFock_V1_asymm": -0.3284891872,
  "KDHartreeFock_V1_A": 0.0455982951,
  "KDHartreeFock_V2_0_n": 0.0060220166,
  "KDHartreeFock_V2_A_n": -7.952e-07,
  "KDHartreeFock_V3_0_n": 1.28036e-05,
  "KDHartreeFock_V3_A_n": -5.893e-07,
  "KDHartreeFock_V2_0_p": 0.0066997499,
  "KDHartreeFock_V2_A_p": 3.5414e-06,
  "KDHartreeFock_V3_0_p": 1.51184e-05,
  "KDHartreeFock_V3_A_p": 3.4653e-06,
  "KDHartreeFock_V4_0": -4.451e-07,
  "KDHartreeFock_r_0": 1.2963816634,
  "KDHartreeFock_r_A": 0.4482494507,
  "KDHartreeFock_a_0": 0.6761645741,
  "KDHartreeFock_a_A": -0.0001339381,
  "KDCoulomb_r_C_0": 1.3162081499,
  "KDCoulomb_r_C_A": 1.0757924295,
  "KDCoulomb_r_C_A2": 15.5029054194,
  "KDRealSpinOrbit_V1_0": 6.2599692806,
  "KDRealSpinOrbit_V1_A": -0.0042469671,
  "KDRealSpinOrbit_V2_0": 0.0034208156,
  "KDRealSpinOrbit_r_0": 1.2708642495,
  "KDRealSpinOrbit_r_A": 0.8782838036,
  "KDRealSpinOrbit_a_0": 0.5581048442,
  "KDImagSpinOrbit_W1_0": -0.293338794,
  "KDImagSpinOrbit_W2_0": 188.2115979895,
  "KDImagVolume_W1_0_n": 25.5509764199,
  "KDImagVolume_W1_A_n": -0.0422166714,
  "KDImagVolume_W1_0_p": 24.3522665095,
  "KDImagVolume_W1_A_p": 0.0054193573,
  "KDImagVolume_W2_0": 107.5804255973,
  "KDImagVolume_W2_A": -0.0027412383,
  "KDImagSurface_D1_0": 27.07816266,
  "KDImagSurface_D1_asymm": -1.5062591671,
  "KDImagSurface_D2_0": -0.0405433129,
  "KDImagSurface_D2_A": 0.0851058216,
  "KDImagSurface_D2_A2": 12.4628126615,
  "KDImagSurface_D2_A3": 304.6328576777,
  "KDImagSurface_D3_0": 17.7353349439,
  "KDImagSurface_r_0": 1.4308215368,
  "KDImagSurface_r_A": 0.0320506582,
  "KDImagSurface_a_0_n": 0.5503877245,
  "KDImagSurface_a_A_n": 0.0007642096,
  "KDImagSurface_a_0_p": 0.4722235653,
  "KDImagSurface_a_A_p": 0.001987916
}