{
  "KDHartreeFock_V1_0": 56.9822163058,
  "KDHartreeFock_V1_asymm": 21.6096005611,
  "KDHartreeFock_V1_A": 0.0068319699,
  "KDHartreeFock_V2_0_n": 0.0053896766,
  "KDHartreeFock_V2_A_n": -3.6025e-06,
  "KDHartreeFock_V3_0_n": 4.9771e-06,
  "KDHartreeFock_V3_A_n": -2.0712e-06,
  "KDHartreeFock_V2_0_p": 0.0077222633,
  "KDHartreeFock_V2_A_p": 6.7e-06,
  "KDHartreeFock_V3_0_p": 2.53937e-05,
  "KDHartreeFock_V3_A_p": 1.0844e-06,
  "KDHartreeFock_V4_0": -3.8e-08,
  "KDHartreeFock_r_0": 1.2617765092,
  "KDHartreeFock_r_A": 0.2832591351,
  "KDHartreeFock_a_0": 0.6755479406,
  "KDHartreeFock_a_A": -4.78256e-05,
  "KDCoulomb_r_C_0": 1.3895622552,
  "KDCoulomb_r_C_A": 1.3119275834,
  "KDCoulomb_r_C_A2": 12.9372560101,
  "KDRealSpinOrbit_V1_0": 4.3320659379,
  "KDRealSpinOrbit_V1_A": 0.0162810189,
  "KDRealSpinOrbit_V2_0": 0.005234055,
  "KDRealSpinOrbit_r_0": 1.2860135769,
  "KDRealSpinOrbit_r_A": 1.0677932043,
  "KDRealSpinOrbit_a_0": 0.5481042122,
  "KDImagSpinOrbit_W1_0": -4.861193531,
  "KDImagSpinOrbit_W2_0": 223.1872395152,
  "KDImagVolume_W1_0_n": 24.5636598718,
  "KDImagVolume_W1_A_n": -0.0175708582,
  "KDImagVolume_W1_0_p": 24.2227156312,
  "KDImagVolume_W1_A_p": 0.035503292,
  "KDImagVolume_W2_0": 145.3710633408,
  "KDImagVolume_W2_A": -0.0662959211,
  "KDImagSurface_D1_0": 13.9102792618,
  "KDImagSurface_D1_asymm": 6.6398193016,
  "KDImagSurface_D2_0": 0.0338080079,
  "KDImagSurface_D2_A": -0.0072706895,
  "KDImagSurface_D2_A2": 13.2039979438,
  "KDImagSurface_D2_A3": 153.531407015,
  "KDImagSurface_D3_0": 9.9623176063,
  "KDImagSurface_r_0": 1.3498384695,
  "KDImagSurface_r_A": 0.0221687559,
  "KDImagSurface_a_0_n": 0.5852606336,
  "KDImagSurface_a_A_n": -1.26308e-05,
  "KDImagSurface_a_0_p": 0.5285397844,
  "KDImagSurface_a_A_p": 0.0014421565
}