{
  "KDHartreeFock_V1_0": 56.9210236986,
  "KDHartreeFock_V1_asymm": 12.6486954394,
  "KDHartreeFock_V1_A": 0.026345604,
  "KDHartreeFock_V2_0_n": 0.0062498601,
  "KDHartreeFock_V2_A_n": 3.1695e-06,
  "KDHartreeFock_V3_0_n": 9.2197e-06,
  "KDHartreeFock_V3_A_n": -2.6288e-06,
  "KDHartreeFock_V2_0_p": 0.0066658763,
  "KDHartreeFock_V2_A_p": 2.6318e-06,
  "KDHartreeFock_V3_0_p": 1.53282e-05,
  "KDHartreeFock_V3_A_p": -3.962e-07,
  "KDHartreeFock_V4_0": -8.114e-07,
  "KDHartreeFock_r_0": 1.3034241617,
  "KDHartreeFock_r_A": 0.4260573408,
  "KDHartreeFock_a_0": 0.6803551825,
  "KDHartreeFock_a_A": -1.58464e-05,
  "KDCoulomb_r_C_0": 1.1376687072,
  "KDCoulomb_r_C_A": 1.4616286019,
  "KDCoulomb_r_C_A2": 9.7255961308,
  "KDRealSpinOrbit_V1_0": 8.4123566364,
  "KDRealSpinOrbit_V1_A": -0.0049237805,
  "KDRealSpinOrbit_V2_0": 0.0109762798,
  "KDRealSpinOrbit_r_0": 1.2376458539,
  "KDRealSpinOrbit_r_A": 0.7205911166,
  "KDRealSpinOrbit_a_0": 0.5834539827,
  "KDImagSpinOrbit_W1_0": -1.287573925,
  "KDImagSpinOrbit_W2_0": 273.8435098919,
  "KDImagVolume_W1_0_n": 18.1647009959,
  "KDImagVolume_W1_A_n": -0.0025541435,
  "KDImagVolume_W1_0_p": 19.9194792922,
  "KDImagVolume_W1_A_p": -0.0215013116,
  "KDImagVolume_W2_0": 61.3451221812,
  "KDImagVolume_W2_A": 0.1358850156,
  "KDImagSurface_D1_0": 23.2943272641,
  "KDImagSurface_D1_asymm": 15.3298972985,
  "KDImagSurface_D2_0": 0.015309966,
  "KDImagSurface_D2_A": 0.0171540238,
  "KDImagSurface_D2_A2": 9.0695591769,
  "KDImagSurface_D2_A3": 328.2205859229,
  "KDImagSurface_D3_0": 16.684615251,
  "KDImagSurface_r_0": 1.2825026911,
  "KDImagSurface_r_A": 0.0008325449,
  "KDImagSurface_a_0_n": 0.5429168397,
  "KDImagSurface_a_A_n": -6.71412e-05,
  "KDImagSurface_a_0_p": 0.5803875216,
  "KDImagSurface_a_A_p": 0.0001935388
}