{
  "KDHartreeFock_V1_0": 59.0026034737,
  "KDHartreeFock_V1_asymm": 20.868567708,
  "KDHartreeFock_V1_A": 0.0121912025,
  "KDHartreeFock_V2_0_n": 0.0061894297,
  "KDHartreeFock_V2_A_n": -4.4953e-06,
  "KDHartreeFock_V3_0_n": 8.1134e-06,
  "KDHartreeFock_V3_A_n": 7.035e-07,
  "KDHartreeFock_V2_0_p": 0.0072274832,
  "KDHartreeFock_V2_A_p": 4.5798e-06,
  "KDHartreeFock_V3_0_p": 2.03044e-05,
  "KDHartreeFock_V3_A_p": 1.0321e-06,
  "KDHartreeFock_V4_0": -1.4669e-06,
  "KDHartreeFock_r_0": 1.2187286803,
  "KDHartreeFock_r_A": 0.1522207192,
  "KDHartreeFock_a_0": 0.688208717,
  "KDHartreeFock_a_A": -0.0001417795,
  "KDCoulomb_r_C_0": 1.3904857128,
  "KDCoulomb_r_C_A": 0.2798051769,
  "KDCoulomb_r_C_A2": -2.5248445153,
  "KDRealSpinOrbit_V1_0": 5.7947010908,
  "KDRealSpinOrbit_V1_A": -0.0025948715,
  "KDRealSpinOrbit_V2_0": 0.0042508627,
  "KDRealSpinOrbit_r_0": 1.1897079481,
  "KDRealSpinOrbit_r_A": 0.8627300276,
  "KDRealSpinOrbit_a_0": 0.6132912782,
  "KDImagSpinOrbit_W1_0": -1.9123495674,
  "KDImagSpinOrbit_W2_0": 156.6574486349,
  "KDImagVolume_W1_0_n": 18.1048431953,
  "KDImagVolume_W1_A_n": 0.0303813602,
  "KDImagVolume_W1_0_p": 18.5363361325,
  "KDImagVolume_W1_A_p": 0.0737370201,
  "KDImagVolume_W2_0": 97.4319869801,
  "KDImagVolume_W2_A": 0.2584535852,
  "KDImagSurface_D1_0": 8.9802816922,
  "KDImagSurface_D1_asymm": 15.6615803223,
  "KDImagSurface_D2_0": 0.0293751378,
  "KDImagSurface_D2_A": -0.0128134911,
  "KDImagSurface_D2_A2": 8.6677282437,
  "KDImagSurface_D2_A3": -38.2908470098,
  "KDImagSurface_D3_0": 9.3534524303,
  "KDImagSurface_r_0": 1.3115478049,
  "KDImagSurface_r_A": 0.0175797689,
  "KDImagSurface_a_0_n": 0.5271813305,
  "KDImagSurface_a_A_n": -0.0009211631,
  "KDImagSurface_a_0_p": 0.5215609248,
  "KDImagSurface_a_A_p": 0.0010102174
}