{
  "KDHartreeFock_V1_0": 56.0186450945,
  "KDHartreeFock_V1_asymm": 3.7106019188,
  "KDHartreeFock_V1_A": 0.0061920489,
  "KDHartreeFock_V2_0_n": 0.0068944067,
  "KDHartreeFock_V2_A_n": -8.8521e-06,
  "KDHartreeFock_V3_0_n": 1.69668e-05,
  "KDHartreeFock_V3_A_n": -8.418e-07,
  "KDHartreeFock_V2_0_p": 0.0041737923,
  "KDHartreeFock_V2_A_p": 1.57798e-05,
  "KDHartreeFock_V3_0_p": 2.7957e-06,
  "KDHartreeFock_V3_A_p": 5.98e-07,
  "KDHartreeFock_V4_0": -3.7745e-06,
  "KDHartreeFock_r_0": 1.2755292868,
  "KDHartreeFock_r_A": 0.3635543677,
  "KDHartreeFock_a_0": 0.7366602701,
  "KDHartreeFock_a_A": 0.0002699871,
  "KDCoulomb_r_C_0": 1.1869365804,
  "KDCoulomb_r_C_A": 1.6070525628,
  "KDCoulomb_r_C_A2": 37.4937636227,
  "KDRealSpinOrbit_V1_0": 4.3749062911,
  "KDRealSpinOrbit_V1_A": 0.0153802062,
  "KDRealSpinOrbit_V2_0": 0.002463757,
  "KDRealSpinOrbit_r_0": 1.159443569,
  "KDRealSpinOrbit_r_A": 0.5836346195,
  "KDRealSpinOrbit_a_0": 0.6721893117,
  "KDImagSpinOrbit_W1_0": -2.5855297319,
  "KDImagSpinOrbit_W2_0": 228.4216421763,
  "KDImagVolume_W1_0_n": 14.039734303,
  "KDImagVolume_W1_A_n": 0.0379494222,
  "KDImagVolume_W1_0_p": 13.2256970437,
  "KDImagVolume_W1_A_p": 0.0269185396,
  "KDImagVolume_W2_0": 72.3092741859,
  "KDImagVolume_W2_A": 0.2440157444,
  "KDImagSurface_D1_0": 15.5474149357,
  "KDImagSurface_D1_asymm": 2.7725073121,
  "KDImagSurface_D2_0": 0.0192383539,
  "KDImagSurface_D2_A": 0.0153795084,
  "KDImagSurface_D2_A2": 15.5498828163,
  "KDImagSurface_D2_A3": 305.1882369947,
  "KDImagSurface_D3_0": 12.4724193227,
  "KDImagSurface_r_0": 1.3205430851,
  "KDImagSurface_r_A": 0.0134307871,
  "KDImagSurface_a_0_n": 0.566609773,
  "KDImagSurface_a_A_n": 0.0005281981,
  "KDImagSurface_a_0_p": 0.4680708586,
  "KDImagSurface_a_A_p": 0.0019589436
}