{
  "KDHartreeFock_V1_0": 57.8217672631,
  "KDHartreeFock_V1_asymm": 11.8421724249,
  "KDHartreeFock_V1_A": 0.0195666022,
  "KDHartreeFock_V2_0_n": 0.0061716901,
  "KDHartreeFock_V2_A_n": 6.2149e-06,
  "KDHartreeFock_V3_0_n": 1.04002e-05,
  "KDHartreeFock_V3_A_n": -3.3304e-06,
  "KDHartreeFock_V2_0_p": 0.0052875612,
  "KDHartreeFock_V2_A_p": 3.0293e-06,
  "KDHartreeFock_V3_0_p": 1.019e-05,
  "KDHartreeFock_V3_A_p": -2.405e-06,
  "KDHartreeFock_V4_0": 1.5087e-06,
  "KDHartreeFock_r_0": 1.1936225881,
  "KDHartreeFock_r_A": 0.0500602801,
  "KDHartreeFock_a_0": 0.688466605,
  "KDHartreeFock_a_A": -3.79163e-05,
  "KDCoulomb_r_C_0": 1.2297846368,
  "KDCoulomb_r_C_A": 1.2330120467,
  "KDCoulomb_r_C_A2": 36.0441340804,
  "KDRealSpinOrbit_V1_0": 7.6346632221,
  "KDRealSpinOrbit_V1_A": -0.0055278672,
  "KDRealSpinOrbit_V2_0": 0.008943058,
  "KDRealSpinOrbit_r_0": 1.2486283566,
  "KDRealSpinOrbit_r_A": 0.928460233,
  "KDRealSpinOrbit_a_0": 0.5562465663,
  "KDImagSpinOrbit_W1_0": -3.760940802,
  "KDImagSpinOrbit_W2_0": 128.7107705031,
  "KDImagVolume_W1_0_n": 18.0093075923,
  "KDImagVolume_W1_A_n": 0.0180804732,
  "KDImagVolume_W1_0_p": 20.9804472159,
  "KDImagVolume_W1_A_p": 0.0886657644,
  "KDImagVolume_W2_0": 103.3794738961,
  "KDImagVolume_W2_A": 0.2007454526,
  "KDImagSurface_D1_0": 25.5828281122,
  "KDImagSurface_D1_asymm": 25.6380664028,
  "KDImagSurface_D2_0": 0.0006703074,
  "KDImagSurface_D2_A": 0.0338688231,
  "KDImagSurface_D2_A2": -4.624614291,
  "KDImagSurface_D2_A3": 157.1405816587,
  "KDImagSurface_D3_0": 19.0810177734,
  "KDImagSurface_r_0": 1.2277899385,
  "KDImagSurface_r_A": -0.0044441161,
  "KDImagSurface_a_0_n": 0.567202786,
  "KDImagSurface_a_A_n": -5.80766e-05,
  "KDImagSurface_a_0_p": 0.5115925908,
  "KDImagSurface_a_A_p": 0.0014223782
}