{
  "KDHartreeFock_V1_0": 56.8215965563,
  "KDHartreeFock_V1_asymm": 12.7286814906,
  "KDHartreeFock_V1_A": 0.0298749073,
  "KDHartreeFock_V2_0_n": 0.0058139197,
  "KDHartreeFock_V2_A_n": 4.688e-06,
  "KDHartreeFock_V3_0_n": 1.4597e-06,
  "KDHartreeFock_V3_A_n": 1.0626e-06,
  "KDHartreeFock_V2_0_p": 0.0066369242,
  "KDHartreeFock_V2_A_p": 5.3202e-06,
  "KDHartreeFock_V3_0_p": 8.782e-06,
  "KDHartreeFock_V3_A_p": 3.729e-07,
  "KDHartreeFock_V4_0": 1.2029e-06,
  "KDHartreeFock_r_0": 1.2771330316,
  "KDHartreeFock_r_A": 0.3051181742,
  "KDHartreeFock_a_0": 0.6616190086,
  "KDHartreeFock_a_A": -6.23801e-05,
  "KDCoulomb_r_C_0": 1.2544631642,
  "KDCoulomb_r_C_A": 0.8535408144,
  "KDCoulomb_r_C_A2": 13.0254194556,
  "KDRealSpinOrbit_V1_0": 6.822281812,
  "KDRealSpinOrbit_V1_A": -0.0113740222,
  "KDRealSpinOrbit_V2_0": 0.0077505151,
  "KDRealSpinOrbit_r_0": 1.1353498083,
  "KDRealSpinOrbit_r_A": 0.4997282001,
  "KDRealSpinOrbit_a_0": 0.5900822268,
  "KDImagSpinOrbit_W1_0": -6.0813261598,
  "KDImagSpinOrbit_W2_0": 258.26507917,
  "KDImagVolume_W1_0_n": 22.8937469418,
  "KDImagVolume_W1_A_n": 0.0096097465,
  "KDImagVolume_W1_0_p": 18.4773184878,
  "KDImagVolume_W1_A_p": 0.0507951129,
  "KDImagVolume_W2_0": 122.8057948007,
  "KDImagVolume_W2_A": 0.1153055512,
  "KDImagSurface_D1_0": 16.4453243963,
  "KDImagSurface_D1_asymm": -4.1827843969,
  "KDImagSurface_D2_0": 0.0231993166,
  "KDImagSurface_D2_A": 0.0020524323,
  "KDImagSurface_D2_A2": 11.6266779272,
  "KDImagSurface_D2_A3": 281.6136191783,
  "KDImagSurface_D3_0": 14.7438239536,
  "KDImagSurface_r_0": 1.2971782494,
  "KDImagSurface_r_A": 0.0092969525,
  "KDImagSurface_a_0_n": 0.5638638461,
  "KDImagSurface_a_A_n": -0.0004031054,
  "KDImagSurface_a_0_p": 0.5670600352,
  "KDImagSurface_a_A_p": 0.0020141636
}