{
  "KDHartreeFock_V1_0": 58.6361718521,
  "KDHartreeFock_V1_asymm": 15.6747101567,
  "KDHartreeFock_V1_A": 0.0274389426,
  "KDHartreeFock_V2_0_n": 0.0061273538,
  "KDHartreeFock_V2_A_n": 6.618e-07,
  "KDHartreeFock_V3_0_n": 1.0268e-05,
  "KDHartreeFock_V3_A_n": 1.4762e-06,
  "KDHartreeFock_V2_0_p": 0.0058568969,
  "KDHartreeFock_V2_A_p": 1.06711e-05,
  "KDHartreeFock_V3_0_p": 8.2541e-06,
  "KDHartreeFock_V3_A_p": -1.5473e-06,
  "KDHartreeFock_V4_0": -9.77e-08,
  "KDHartreeFock_r_0": 1.2799752495,
  "KDHartreeFock_r_A": 0.3707279543,
  "KDHartreeFock_a_0": 0.6892624414,
  "KDHartreeFock_a_A": 0.0001400811,
  "KDCoulomb_r_C_0": 1.0942757549,
  "KDCoulomb_r_C_A": 0.1000325606,
  "KDCoulomb_r_C_A2": -5.1486208192,
  "KDRealSpinOrbit_V1_0": 5.0288241362,
  "KDRealSpinOrbit_V1_A": 0.0015628728,
  "KDRealSpinOrbit_V2_0": 0.0036265091,
  "KDRealSpinOrbit_r_0": 1.2384392856,
  "KDRealSpinOrbit_r_A": 0.9069323168,
  "KDRealSpinOrbit_a_0": 0.5843205807,
  "KDImagSpinOrbit_W1_0": -4.1845091733,
  "KDImagSpinOrbit_W2_0": 165.1936948697,
  "KDImagVolume_W1_0_n": 18.9237255876,
  "KDImagVolume_W1_A_n": 0.0266018745,
  "KDImagVolume_W1_0_p": 23.0576551398,
  "KDImagVolume_W1_A_p": 0.0340570295,
  "KDImagVolume_W2_0": 92.4889078204,
  "KDImagVolume_W2_A": 0.1157586614,
  "KDImagSurface_D1_0": 23.407535816,
  "KDImagSurface_D1_asymm": 11.6092270954,
  "KDImagSurface_D2_0": 0.0237390845,
  "KDImagSurface_D2_A": 0.0010433661,
  "KDImagSurface_D2_A2": 2.6475059196,
  "KDImagSurface_D2_A3": 282.92049462,
  "KDImagSurface_D3_0": 20.2452388024,
  "KDImagSurface_r_0": 1.1898113785,
  "KDImagSurface_r_A": -0.023848016,
  "KDImagSurface_a_0_n": 0.5202563261,
  "KDImagSurface_a_A_n": -0.0002599992,
  "KDImagSurface_a_0_p": 0.4491621492,
  "KDImagSurface_a_A_p": 0.0019858061
}