{
  "KDHartreeFock_V1_0": 60.9092072998,
  "KDHartreeFock_V1_asymm": 17.4025100669,
  "KDHartreeFock_V1_A": 0.0265197474,
  "KDHartreeFock_V2_0_n": 0.0062610503,
  "KDHartreeFock_V2_A_n": 6.3373e-06,
  "KDHartreeFock_V3_0_n": 1.04855e-05,
  "KDHartreeFock_V3_A_n": -8.548e-07,
  "KDHartreeFock_V2_0_p": 0.0046168353,
  "KDHartreeFock_V2_A_p": 1.43113e-05,
  "KDHartreeFock_V3_0_p": -5.686e-07,
  "KDHartreeFock_V3_A_p": -1.889e-07,
  "KDHartreeFock_V4_0": -5.02e-08,
  "KDHartreeFock_r_0": 1.2444665558,
  "KDHartreeFock_r_A": 0.3630415959,
  "KDHartreeFock_a_0": 0.7065679262,
  "KDHartreeFock_a_A": -0.0001169075,
  "KDCoulomb_r_C_0": 1.1257809668,
  "KDCoulomb_r_C_A": 0.5994887735,
  "KDCoulomb_r_C_A2": 2.8312904518,
  "KDRealSpinOrbit_V1_0": 7.2692579411,
  "KDRealSpinOrbit_V1_A": -0.0097957609,
  "KDRealSpinOrbit_V2_0": 0.0049536424,
  "KDRealSpinOrbit_r_0": 1.1968358321,
  "KDRealSpinOrbit_r_A": 0.8071825001,
  "KDRealSpinOrbit_a_0": 0.6621540975,
  "KDImagSpinOrbit_W1_0": -4.3601481381,
  "KDImagSpinOrbit_W2_0": 215.2601298285,
  "KDImagVolume_W1_0_n": 21.1902679873,
  "KDImagVolume_W1_A_n": 0.0335244027,
  "KDImagVolume_W1_0_p": 24.4503291151,
  "KDImagVolume_W1_A_p": 0.0526289207,
  "KDImagVolume_W2_0": 112.9208763722,
  "KDImagVolume_W2_A": 0.2884135414,
  "KDImagSurface_D1_0": 17.8737731481,
  "KDImagSurface_D1_asymm": 9.4480874512,
  "KDImagSurface_D2_0": 0.043004323,
  "KDImagSurface_D2_A": -0.0205007946,
  "KDImagSurface_D2_A2": 7.2236505938,
  "KDImagSurface_D2_A3": 11.7155028578,
  "KDImagSurface_D3_0": 15.8869361961,
  "KDImagSurface_r_0": 1.3239588093,
  "KDImagSurface_r_A": 0.0182776345,
  "KDImagSurface_a_0_n": 0.5556322537,
  "KDImagSurface_a_A_n": -0.0003506218,
  "KDImagSurface_a_0_p": 0.4837702601,
  "KDImagSurface_a_A_p": 0.0022068495
}