{
  "KDHartreeFock_V1_0": 58.74094626,
  "KDHartreeFock_V1_asymm": 10.4610177881,
  "KDHartreeFock_V1_A": 0.0343282654,
  "KDHartreeFock_V2_0_n": 0.0062744128,
  "KDHartreeFock_V2_A_n": 5.4805e-06,
  "KDHartreeFock_V3_0_n": 9.913e-06,
  "KDHartreeFock_V3_A_n": -1.2722e-06,
  "KDHartreeFock_V2_0_p": 0.0058771687,
  "KDHartreeFock_V2_A_p": 7.0744e-06,
  "KDHartreeFock_V3_0_p": 8.7569e-06,
  "KDHartreeFock_V3_A_p": 1.065e-07,
  "KDHartreeFock_V4_0": 1.3041e-06,
  "KDHartreeFock_r_0": 1.2602035226,
  "KDHartreeFock_r_A": 0.3189212787,
  "KDHartreeFock_a_0": 0.6822253333,
  "KDHartreeFock_a_A": -7.27984e-05,
  "KDCoulomb_r_C_0": 1.1387254513,
  "KDCoulomb_r_C_A": 0.3528097693,
  "KDCoulomb_r_C_A2": 16.2591765958,
  "KDRealSpinOrbit_V1_0": 5.2741434054,
  "KDRealSpinOrbit_V1_A": 0.0088258207,
  "KDRealSpinOrbit_V2_0": 0.0058939149,
  "KDRealSpinOrbit_r_0": 1.2567595851,
  "KDRealSpinOrbit_r_A": 0.9231985173,
  "KDRealSpinOrbit_a_0": 0.6116889094,
  "KDImagSpinOrbit_W1_0": -3.2373149859,
  "KDImagSpinOrbit_W2_0": 80.0794400505,
  "KDImagVolume_W1_0_n": 22.3786483484,
  "KDImagVolume_W1_A_n": -0.0012833929,
  "KDImagVolume_W1_0_p": 19.7997758808,
  "KDImagVolume_W1_A_p": 0.0050729957,
  "KDImagVolume_W2_0": 92.8947919291,
  "KDImagVolume_W2_A": -0.0018683948,
  "KDImagSurface_D1_0": 23.1742663989,
  "KDImagSurface_D1_asymm": 5.0033423376,
  "KDImagSurface_D2_0": 0.0487087761,
  "KDImagSurface_D2_A": -0.0242158991,
  "KDImagSurface_D2_A2": -2.0233013415,
  "KDImagSurface_D2_A3": 249.4950748909,
  "KDImagSurface_D3_0": 18.0862650357,
  "KDImagSurface_r_0": 1.2280952163,
  "KDImagSurface_r_A": -0.0202272991,
  "KDImagSurface_a_0_n": 0.5387145269,
  "KDImagSurface_a_A_n": 0.0005002006,
  "KDImagSurface_a_0_p": 0.5070376971,
  "KDImagSurface_a_A_p": 0.0010939467
}