{
  "KDHartreeFock_V1_0": 59.3127377327,
  "KDHartreeFock_V1_asymm": 16.762326359,
  "KDHartreeFock_V1_A": 0.0280921521,
  "KDHartreeFock_V2_0_n": 0.0054097544,
  "KDHartreeFock_V2_A_n": 2.3591e-06,
  "KDHartreeFock_V3_0_n": 7.4958e-06,
  "KDHartreeFock_V3_A_n": -1.3051e-06,
  "KDHartreeFock_V2_0_p": 0.0044480698,
  "KDHartreeFock_V2_A_p": 8.377e-06,
  "KDHartreeFock_V3_0_p": 2.5122e-06,
  "KDHartreeFock_V3_A_p": 3.5124e-06,
  "KDHartreeFock_V4_0": -1.2611e-06,
  "KDHartreeFock_r_0": 1.2933780837,
  "KDHartreeFock_r_A": 0.5596309848,
  "KDHartreeFock_a_0": 0.6756281368,
  "KDHartreeFock_a_A": -0.0001124797,
  "KDCoulomb_r_C_0": 1.2893615484,
  "KDCoulomb_r_C_A": 1.0232675516,
  "KDCoulomb_r_C_A2": 6.7800978655,
  "KDRealSpinOrbit_V1_0": 7.236632879,
  "KDRealSpinOrbit_V1_A": 0.0021984169,
  "KDRealSpinOrbit_V2_0": 0.0110895956,
  "KDRealSpinOrbit_r_0": 1.1568545181,
  "KDRealSpinOrbit_r_A": 0.6552313408,
  "KDRealSpinOrbit_a_0": 0.5953234772,
  "KDImagSpinOrbit_W1_0": -4.6124287836,
  "KDImagSpinOrbit_W2_0": 236.3301289393,
  "KDImagVolume_W1_0_n": 16.9062713074,
  "KDImagVolume_W1_A_n": 0.0388970151,
  "KDImagVolume_W1_0_p": 27.1039873715,
  "KDImagVolume_W1_A_p": 0.0128315833,
  "KDImagVolume_W2_0": 86.7638132204,
  "KDImagVolume_W2_A": 0.2206177487,
  "KDImagSurface_D1_0": 16.0200765206,
  "KDImagSurface_D1_asymm": 8.6366993801,
  "KDImagSurface_D2_0": -0.0230755921,
  "KDImagSurface_D2_A": 0.049044144,
  "KDImagSurface_D2_A2": 11.7630484824,
  "KDImagSurface_D2_A3": -96.4791908692,
  "KDImagSurface_D3_0": 14.6114087602,
  "KDImagSurface_r_0": 1.3185759169,
  "KDImagSurface_r_A": 0.009869636,
  "KDImagSurface_a_0_n": 0.6091322551,
  "KDImagSurface_a_A_n": -0.0002136537,
  "KDImagSurface_a_0_p": 0.5713337848,
  "KDImagSurface_a_A_p": 0.0008224168
}