{
  "KDHartreeFock_V1_0": 59.7992905827,
  "KDHartreeFock_V1_asymm": 28.4370678878,
  "KDHartreeFock_V1_A": 0.0174012727,
  "KDHartreeFock_V2_0_n": 0.0065830738,
  "KDHartreeFock_V2_A_n": 6.8135e-06,
  "KDHartreeFock_V3_0_n": 1.01265e-05,
  "KDHartreeFock_V3_A_n": 2.7242e-06,
  "KDHartreeFock_V2_0_p": 0.0065750703,
  "KDHartreeFock_V2_A_p": 1.34283e-05,
  "KDHartreeFock_V3_0_p": 1.09407e-05,
  "KDHartreeFock_V3_A_p": -1.9299e-06,
  "KDHartreeFock_V4_0": 6.137e-07,
  "KDHartreeFock_r_0": 1.2769592216,
  "KDHartreeFock_r_A": 0.4563710483,
  "KDHartreeFock_a_0": 0.7138170889,
  "KDHartreeFock_a_A": -2.57802e-05,
  "KDCoulomb_r_C_0": 1.3357515606,
  "KDCoulomb_r_C_A": 1.3327200354,
  "KDCoulomb_r_C_A2": 23.8006663422,
  "KDRealSpinOrbit_V1_0": 6.1669189634,
  "KDRealSpinOrbit_V1_A": -0.0015266806,
  "KDRealSpinOrbit_V2_0": 0.003924638,
  "KDRealSpinOrbit_r_0": 1.2640186438,
  "KDRealSpinOrbit_r_A": 0.9314957699,
  "KDRealSpinOrbit_a_0": 0.623605821,
  "KDImagSpinOrbit_W1_0": -3.6122668926,
  "KDImagSpinOrbit_W2_0": 82.6219200621,
  "KDImagVolume_W1_0_n": 18.6980158523,
  "KDImagVolume_W1_A_n": 0.074478607,
  "KDImagVolume_W1_0_p": 21.5380487191,
  "KDImagVolume_W1_A_p": 0.0873319382,
  "KDImagVolume_W2_0": 119.1562536245,
  "KDImagVolume_W2_A": 0.3929408904,
  "KDImagSurface_D1_0": 11.0934306067,
  "KDImagSurface_D1_asymm": 11.7270736228,
  "KDImagSurface_D2_0": 0.0387691509,
  "KDImagSurface_D2_A": -0.0280098645,
  "KDImagSurface_D2_A2": -9.0000304408,
  "KDImagSurface_D2_A3": 151.6457740621,
  "KDImagSurface_D3_0": 12.420529906,
  "KDImagSurface_r_0": 1.3142777564,
  "KDImagSurface_r_A": 0.0188157791,
  "KDImagSurface_a_0_n": 0.5263715749,
  "KDImagSurface_a_A_n": -0.0011246438,
  "KDImagSurface_a_0_p": 0.5582802103,
  "KDImagSurface_a_A_p": 0.0012578693
}