{
  "KDHartreeFock_V1_0": 56.5789823912,
  "KDHartreeFock_V1_asymm": 7.406227985,
  "KDHartreeFock_V1_A": 0.0408475799,
  "KDHartreeFock_V2_0_n": 0.004771964,
  "KDHartreeFock_V2_A_n": -7.7391e-06,
  "KDHartreeFock_V3_0_n": -4.4809e-06,
  "KDHartreeFock_V3_A_n": -6.101e-07,
  "KDHartreeFock_V2_0_p": 0.0056883429,
  "KDHartreeFock_V2_A_p": 6.4653e-06,
  "KDHartreeFock_V3_0_p": 2.9611e-06,
  "KDHartreeFock_V3_A_p": -1.6252e-06,
  "KDHartreeFock_V4_0": 2.578e-06,
  "KDHartreeFock_r_0": 1.3771791044,
  "KDHartreeFock_r_A": 0.6666994311,
  "KDHartreeFock_a_0": 0.6880473844,
  "KDHartreeFock_a_A": 0.0002042829,
  "KDCoulomb_r_C_0": 1.1520088283,
  "KDCoulomb_r_C_A": 0.6009802188,
  "KDCoulomb_r_C_A2": 14.8061353339,
  "KDRealSpinOrbit_V1_0": 5.0534699555,
  "KDRealSpinOrbit_V1_A": 0.003987175,
  "KDRealSpinOrbit_V2_0": 0.0022769938,
  "KDRealSpinOrbit_r_0": 1.1239148976,
  "KDRealSpinOrbit_r_A": 0.3068383147,
  "KDRealSpinOrbit_a_0": 0.6044939872,
  "KDImagSpinOrbit_W1_0": -7.6431390103,
  "KDImagSpinOrbit_W2_0": 238.1628249276,
  "KDImagVolume_W1_0_n": 25.1848423678,
  "KDImagVolume_W1_A_n": -0.0390764373,
  "KDImagVolume_W1_0_p": 18.2479024051,
  "KDImagVolume_W1_A_p": 0.0244996146,
  "KDImagVolume_W2_0": 122.0787664636,
  "KDImagVolume_W2_A": -0.0742640948,
  "KDImagSurface_D1_0": 15.1022964457,
  "KDImagSurface_D1_asymm": -0.2428252786,
  "KDImagSurface_D2_0": 0.0508801519,
  "KDImagSurface_D2_A": -0.0305680806,
  "KDImagSurface_D2_A2": -7.5153772623,
  "KDImagSurface_D2_A3": 524.255327963,
  "KDImagSurface_D3_0": 9.0605572709,
  "KDImagSurface_r_0": 1.3374670093,
  "KDImagSurface_r_A": 0.0161243381,
  "KDImagSurface_a_0_n": 0.5378055617,
  "KDImagSurface_a_A_n": 0.0002815479,
  "KDImagSurface_a_0_p": 0.4896849988,
  "KDImagSurface_a_A_p": 0.0014520896
}