{
  "KDHartreeFock_V1_0": 58.8201086483,
  "KDHartreeFock_V1_asymm": 11.8036381904,
  "KDHartreeFock_V1_A": 0.0263322519,
  "KDHartreeFock_V2_0_n": 0.0072996435,
  "KDHartreeFock_V2_A_n": -7.717e-07,
  "KDHartreeFock_V3_0_n": 2.16923e-05,
  "KDHartreeFock_V3_A_n": 1.4937e-06,
  "KDHartreeFock_V2_0_p": 0.0055161615,
  "KDHartreeFock_V2_A_p": 1.22063e-05,
  "KDHartreeFock_V3_0_p": 1.10224e-05,
  "KDHartreeFock_V3_A_p": -1.4209e-06,
  "KDHartreeFock_V4_0": 2.552e-07,
  "KDHartreeFock_r_0": 1.2562229514,
  "KDHartreeFock_r_A": 0.2375554837,
  "KDHartreeFock_a_0": 0.6383099209,
  "KDHartreeFock_a_A": -0.0003957001,
  "KDCoulomb_r_C_0": 1.051623212,
  "KDCoulomb_r_C_A": 1.2670751007,
  "KDCoulomb_r_C_A2": 9.6471289745,
  "KDRealSpinOrbit_V1_0": 5.3990224076,
  "KDRealSpinOrbit_V1_A": 0.0070157308,
  "KDRealSpinOrbit_V2_0": 0.0034071189,
  "KDRealSpinOrbit_r_0": 1.2280024272,
  "KDRealSpinOrbit_r_A": 0.862272417,
  "KDRealSpinOrbit_a_0": 0.5941846813,
  "KDImagSpinOrbit_W1_0": -4.5689025578,
  "KDImagSpinOrbit_W2_0": 325.0623186506,
  "KDImagVolume_W1_0_n": 17.2853706737,
  "KDImagVolume_W1_A_n": -0.029743629,
  "KDImagVolume_W1_0_p": 13.1356846266,
  "KDImagVolume_W1_A_p": 0.038290083,
  "KDImagVolume_W2_0": 80.3509019552,
  "KDImagVolume_W2_A": -0.0370184351,
  "KDImagSurface_D1_0": 21.32915416,
  "KDImagSurface_D1_asymm": 1.3208519714,
  "KDImagSurface_D2_0": 0.0259703534,
  "KDImagSurface_D2_A": -0.0045414919,
  "KDImagSurface_D2_A2": 9.7275407603,
  "KDImagSurface_D2_A3": 327.128970763,
  "KDImagSurface_D3_0": 16.5926533053,
  "KDImagSurface_r_0": 1.2125036567,
  "KDImagSurface_r_A": -0.0057229114,
  "KDImagSurface_a_0_n": 0.5540769487,
  "KDImagSurface_a_A_n": 0.0002710334,
  "KDImagSurface_a_0_p": 0.484435248,
  "KDImagSurface_a_A_p": 0.0012151974
}