{
  "KDHartreeFock_V1_0": 56.5588579456,
  "KDHartreeFock_V1_asymm": 14.5421800695,
  "KDHartreeFock_V1_A": 0.0160431905,
  "KDHartreeFock_V2_0_n": 0.0057367914,
  "KDHartreeFock_V2_A_n": 2.5903e-06,
  "KDHartreeFock_V3_0_n": 4.6117e-06,
  "KDHartreeFock_V3_A_n": -6.94e-07,
  "KDHartreeFock_V2_0_p": 0.0058940388,
  "KDHartreeFock_V2_A_p": 6.1662e-06,
  "KDHartreeFock_V3_0_p": -1.3177e-06,
  "KDHartreeFock_V3_A_p": -1.2803e-06,
  "KDHartreeFock_V4_0": -1.4155e-06,
  "KDHartreeFock_r_0": 1.2137199554,
  "KDHartreeFock_r_A": 0.1335486422,
  "KDHartreeFock_a_0": 0.6430971981,
  "KDHartreeFock_a_A": -0.0007564287,
  "KDCoulomb_r_C_0": 1.1562645968,
  "KDCoulomb_r_C_A": 1.0894100479,
  "KDCoulomb_r_C_A2": 16.6709837904,
  "KDRealSpinOrbit_V1_0": 4.9761414891,
  "KDRealSpinOrbit_V1_A": 0.0117566485,
  "KDRealSpinOrbit_V2_0": 0.003473556,
  "KDRealSpinOrbit_r_0": 1.1475815344,
  "KDRealSpinOrbit_r_A": 0.5068258584,
  "KDRealSpinOrbit_a_0": 0.6395279983,
  "KDImagSpinOrbit_W1_0": -4.4679579866,
  "KDImagSpinOrbit_W2_0": 154.8470516689,
  "KDImagVolume_W1_0_n": 19.032605927,
  "KDImagVolume_W1_A_n": 0.021893999,
  "KDImagVolume_W1_0_p": 20.5410088685,
  "KDImagVolume_W1_A_p": 0.0737551607,
  "KDImagVolume_W2_0": 94.7044806079,
  "KDImagVolume_W2_A": 0.1472664715,
  "KDImagSurface_D1_0": 25.8841151133,
  "KDImagSurface_D1_asymm": 10.5864767404,
  "KDImagSurface_D2_0": 0.0232777263,
  "KDImagSurface_D2_A": 0.0121156826,
  "KDImagSurface_D2_A2": 17.9443571751,
  "KDImagSurface_D2_A3": 186.366446241,
  "KDImagSurface_D3_0": 19.5727563289,
  "KDImagSurface_r_0": 1.2687057461,
  "KDImagSurface_r_A": -0.0115692923,
  "KDImagSurface_a_0_n": 0.5071182643,
  "KDImagSurface_a_A_n": -0.0002667077,
  "KDImagSurface_a_0_p": 0.475371101,
  "KDImagSurface_a_A_p": 0.0012001342
}