{
  "KDHartreeFock_V1_0": 57.1763255201,
  "KDHartreeFock_V1_asymm": 12.4800380431,
  "KDHartreeFock_V1_A": 0.0265316747,
  "KDHartreeFock_V2_0_n": 0.0063281446,
  "KDHartreeFock_V2_A_n": 2.1783e-06,
  "KDHartreeFock_V3_0_n": 1.5721e-05,
  "KDHartreeFock_V3_A_n": 1.66e-07,
  "KDHartreeFock_V2_0_p": 0.0078379294,
  "KDHartreeFock_V2_A_p": -7.5317e-06,
  "KDHartreeFock_V3_0_p": 2.2189e-05,
  "KDHartreeFock_V3_A_p": 1.6466e-06,
  "KDHartreeFock_V4_0": 1.1546e-06,
  "KDHartreeFock_r_0": 1.3002141282,
  "KDHartreeFock_r_A": 0.395014655,
  "KDHartreeFock_a_0": 0.6801613878,
  "KDHartreeFock_a_A": 0.0002379705,
  "KDCoulomb_r_C_0": 1.1437293142,
  "KDCoulomb_r_C_A": 0.8811410667,
  "KDCoulomb_r_C_A2": -3.6891529865,
  "KDRealSpinOrbit_V1_0": 5.6869860325,
  "KDRealSpinOrbit_V1_A": 0.0056071857,
  "KDRealSpinOrbit_V2_0": 0.0084329937,
  "KDRealSpinOrbit_r_0": 1.1593497133,
  "KDRealSpinOrbit_r_A": 0.5862286061,
  "KDRealSpinOrbit_a_0": 0.610042561,
  "KDImagSpinOrbit_W1_0": -1.8700817262,
  "KDImagSpinOrbit_W2_0": 216.1103813228,
  "KDImagVolume_W1_0_n": 13.4836038791,
  "KDImagVolume_W1_A_n": 0.0196205084,
  "KDImagVolume_W1_0_p": 16.4867298197,
  "KDImagVolume_W1_A_p": 0.0305900034,
  "KDImagVolume_W2_0": 104.4958448799,
  "KDImagVolume_W2_A": -0.1365508937,
  "KDImagSurface_D1_0": 13.7510273319,
  "KDImagSurface_D1_asymm": 23.7856317002,
  "KDImagSurface_D2_0": 0.0460951163,
  "KDImagSurface_D2_A": -0.0241437242,
  "KDImagSurface_D2_A2": 9.9443633761,
  "KDImagSurface_D2_A3": 224.8372322845,
  "KDImagSurface_D3_0": 10.9415498953,
  "KDImagSurface_r_0": 1.3570869696,
  "KDImagSurface_r_A": 0.0326956221,
  "KDImagSurface_a_0_n": 0.5810288851,
  "KDImagSurface_a_A_n": -0.000635575,
  "KDImagSurface_a_0_p": 0.5577118522,
  "KDImagSurface_a_A_p": 0.0013626035
}