{
  "KDHartreeFock_V1_0": 59.9488184176,
  "KDHartreeFock_V1_asymm": 6.2354414704,
  "KDHartreeFock_V1_A": 0.037656642,
  "KDHartreeFock_V2_0_n": 0.0073066313,
  "KDHartreeFock_V2_A_n": 4.6641e-06,
  "KDHartreeFock_V3_0_n": 2.18876e-05,
  "KDHartreeFock_V3_A_n": -1.9287e-06,
  "KDHartreeFock_V2_0_p": 0.0071841772,
  "KDHartreeFock_V2_A_p": -6.084e-06,
  "KDHartreeFock_V3_0_p": 2.02391e-05,
  "KDHartreeFock_V3_A_p": 1.299e-06,
  "KDHartreeFock_V4_0": -1.2166e-06,
  "KDHartreeFock_r_0": 1.2736562011,
  "KDHartreeFock_r_A": 0.3867782731,
  "KDHartreeFock_a_0": 0.6677861517,
  "KDHartreeFock_a_A": -0.0001105326,
  "KDCoulomb_r_C_0": 1.2800929482,
  "KDCoulomb_r_C_A": 0.584033544,
  "KDCoulomb_r_C_A2": 27.6777789848,
  "KDRealSpinOrbit_V1_0": 8.1402310077,
  "KDRealSpinOrbit_V1_A": -0.0087260924,
  "KDRealSpinOrbit_V2_0": 0.0081887809,
  "KDRealSpinOrbit_r_0": 1.202674059,
  "KDRealSpinOrbit_r_A": 0.7440651272,
  "KDRealSpinOrbit_a_0": 0.6010719956,
  "KDImagSpinOrbit_W1_0": -1.8801610625,
  "KDImagSpinOrbit_W2_0": 63.3706728936,
  "KDImagVolume_W1_0_n": 22.9100071548,
  "KDImagVolume_W1_A_n": -0.0272146393,
  "KDImagVolume_W1_0_p": 25.0587926051,
  "KDImagVolume_W1_A_p": -0.0126748162,
  "KDImagVolume_W2_0": 119.2291321176,
  "KDImagVolume_W2_A": -0.2227661617,
  "KDImagSurface_D1_0": 18.5994984849,
  "KDImagSurface_D1_asymm": -4.0174347721,
  "KDImagSurface_D2_0": 0.0521541674,
  "KDImagSurface_D2_A": -0.0210329845,
  "KDImagSurface_D2_A2": 9.7137296008,
  "KDImagSurface_D2_A3": 232.3629971127,
  "KDImagSurface_D3_0": 15.2901834155,
  "KDImagSurface_r_0": 1.3996018323,
  "KDImagSurface_r_A": 0.0241958566,
  "KDImagSurface_a_0_n": 0.6227112712,
  "KDImagSurface_a_A_n": 0.0002917616,
  "KDImagSurface_a_0_p": 0.4775243428,
  "KDImagSurface_a_A_p": 0.002029793
}