{
  "KDHartreeFock_V1_0": 61.5978665349,
  "KDHartreeFock_V1_asymm": 12.0943676788,
  "KDHartreeFock_V1_A": 0.0422512123,
  "KDHartreeFock_V2_0_n": 0.0063048847,
  "KDHartreeFock_V2_A_n": 9.0944e-06,
  "KDHartreeFock_V3_0_n": 1.00701e-05,
  "KDHartreeFock_V3_A_n": -2.086e-07,
  "KDHartreeFock_V2_0_p": 0.0052192148,
  "KDHartreeFock_V2_A_p": 2.3087e-06,
  "KDHartreeFock_V3_0_p": 7.6449e-06,
  "KDHartreeFock_V3_A_p": -2.3011e-06,
  "KDHartreeFock_V4_0": -1.7347e-06,
  "KDHartreeFock_r_0": 1.2538223468,
  "KDHartreeFock_r_A": 0.3803531048,
  "KDHartreeFock_a_0": 0.6729655988,
  "KDHartreeFock_a_A": -0.0003352789,
  "KDCoulomb_r_C_0": 1.1454569112,
  "KDCoulomb_r_C_A": 0.4483322977,
  "KDCoulomb_r_C_A2": 11.7492419303,
  "KDRealSpinOrbit_V1_0": 6.3387712226,
  "KDRealSpinOrbit_V1_A": -0.0031787445,
  "KDRealSpinOrbit_V2_0": 0.0037645251,
  "KDRealSpinOrbit_r_0": 1.3255702355,
  "KDRealSpinOrbit_r_A": 1.463023963,
  "KDRealSpinOrbit_a_0": 0.6530398713,
  "KDImagSpinOrbit_W1_0": -4.3446231707,
  "KDImagSpinOrbit_W2_0": 77.6577901665,
  "KDImagVolume_W1_0_n": 15.7689242395,
  "KDImagVolume_W1_A_n": 0.0333804631,
  "KDImagVolume_W1_0_p": 15.1847929102,
  "KDImagVolume_W1_A_p": 0.0645870686,
  "KDImagVolume_W2_0": 59.1336087006,
  "KDImagVolume_W2_A": 0.2620262334,
  "KDImagSurface_D1_0": 21.3586751445,
  "KDImagSurface_D1_asymm": 20.5620043302,
  "KDImagSurface_D2_0": -0.0079507187,
  "KDImagSurface_D2_A": 0.0292327462,
  "KDImagSurface_D2_A2": 7.4148058151,
  "KDImagSurface_D2_A3": 221.6159241238,
  "KDImagSurface_D3_0": 14.1960361708,
  "KDImagSurface_r_0": 1.3221448448,
  "KDImagSurface_r_A": 0.0112844051,
  "KDImagSurface_a_0_n": 0.5168761981,
  "KDImagSurface_a_A_n": 1.36593e-05,
  "KDImagSurface_a_0_p": 0.4818436966,
  "KDImagSurface_a_A_p": 0.0012913174
}