{
  "KDHartreeFock_V1_0": 59.1530024231,
  "KDHartreeFock_V1_asymm": 9.3783775391,
  "KDHartreeFock_V1_A": 0.0265661426,
  "KDHartreeFock_V2_0_n": 0.0050784143,
  "KDHartreeFock_V2_A_n": -2.6102e-06,
  "KDHartreeFock_V3_0_n": 5.4463e-06,
  "KDHartreeFock_V3_A_n": -2.1186e-06,
  "KDHartreeFock_V2_0_p": 0.0083996569,
  "KDHartreeFock_V2_A_p": -8.2377e-06,
  "KDHartreeFock_V3_0_p": 2.06362e-05,
  "KDHartreeFock_V3_A_p": 9.91e-07,
  "KDHartreeFock_V4_0": 3.6996e-06,
  "KDHartreeFock_r_0": 1.2179733025,
  "KDHartreeFock_r_A": 0.1613639205,
  "KDHartreeFock_a_0": 0.6135675611,
  "KDHartreeFock_a_A": -0.0006812003,
  "KDCoulomb_r_C_0": 1.3311502994,
  "KDCoulomb_r_C_A": 0.1447998433,
  "KDCoulomb_r_C_A2": 24.6521444459,
  "KDRealSpinOrbit_V1_0": 6.1821014386,
  "KDRealSpinOrbit_V1_A": -0.0089166431,
  "KDRealSpinOrbit_V2_0": 0.0047399052,
  "KDRealSpinOrbit_r_0": 1.3422455606,
  "KDRealSpinOrbit_r_A": 1.2695977402,
  "KDRealSpinOrbit_a_0": 0.5596335429,
  "KDImagSpinOrbit_W1_0": -0.9261936722,
  "KDImagSpinOrbit_W2_0": 329.9515852764,
  "KDImagVolume_W1_0_n": 19.9095229867,
  "KDImagVolume_W1_A_n": 0.0165198926,
  "KDImagVolume_W1_0_p": 21.6190449058,
  "KDImagVolume_W1_A_p": 0.0308312078,
  "KDImagVolume_W2_0": 117.6267530181,
  "KDImagVolume_W2_A": -0.2300059275,
  "KDImagSurface_D1_0": 18.0145199992,
  "KDImagSurface_D1_asymm": 9.7986754412,
  "KDImagSurface_D2_0": 0.0074774149,
  "KDImagSurface_D2_A": 0.0140492676,
  "KDImagSurface_D2_A2": 11.1907466642,
  "KDImagSurface_D2_A3": 239.0347094132,
  "KDImagSurface_D3_0": 12.9190962422,
  "KDImagSurface_r_0": 1.3651648001,
  "KDImagSurface_r_A": 0.01831964,
  "KDImagSurface_a_0_n": 0.569816507,
  "KDImagSurface_a_A_n": 0.0003153207,
  "KDImagSurface_a_0_p": 0.544804339,
  "KDImagSurface_a_A_p": 0.0012778437
}