{
  "KDHartreeFock_V1_0": 57.179708179,
  "KDHartreeFock_V1_asymm": 15.4462072467,
  "KDHartreeFock_V1_A": 0.020240598,
  "KDHartreeFock_V2_0_n": 0.0059938533,
  "KDHartreeFock_V2_A_n": -1.904e-07,
  "KDHartreeFock_V3_0_n": 2.6678e-06,
  "KDHartreeFock_V3_A_n": 2.6679e-06,
  "KDHartreeFock_V2_0_p": 0.0062892396,
  "KDHartreeFock_V2_A_p": 1.00637e-05,
  "KDHartreeFock_V3_0_p": 8.1477e-06,
  "KDHartreeFock_V3_A_p": -3.9555e-06,
  "KDHartreeFock_V4_0": 7.31e-08,
  "KDHartreeFock_r_0": 1.2593663346,
  "KDHartreeFock_r_A": 0.2654290444,
  "KDHartreeFock_a_0": 0.6651945121,
  "KDHartreeFock_a_A": -0.000198926,
  "KDCoulomb_r_C_0": 1.2787134543,
  "KDCoulomb_r_C_A": 1.0797186654,
  "KDCoulomb_r_C_A2": -11.862216216,
  "KDRealSpinOrbit_V1_0": 4.4978721835,
  "KDRealSpinOrbit_V1_A": 0.0151560394,
  "KDRealSpinOrbit_V2_0": 0.0034371941,
  "KDRealSpinOrbit_r_0": 1.1518487945,
  "KDRealSpinOrbit_r_A": 0.5517463211,
  "KDRealSpinOrbit_a_0": 0.5503112622,
  "KDImagSpinOrbit_W1_0": -1.7168028343,
  "KDImagSpinOrbit_W2_0": 110.8989156807,
  "KDImagVolume_W1_0_n": 19.8525897417,
  "KDImagVolume_W1_A_n": -0.0474562156,
  "KDImagVolume_W1_0_p": 16.8565216866,
  "KDImagVolume_W1_A_p": 0.0209834879,
  "KDImagVolume_W2_0": 98.6239673241,
  "KDImagVolume_W2_A": -0.139049074,
  "KDImagSurface_D1_0": 23.0563065851,
  "KDImagSurface_D1_asymm": 8.8231678746,
  "KDImagSurface_D2_0": -0.0140523493,
  "KDImagSurface_D2_A": 0.0453419148,
  "KDImagSurface_D2_A2": 20.5212282716,
  "KDImagSurface_D2_A3": -58.5733544945,
  "KDImagSurface_D3_0": 17.8981806211,
  "KDImagSurface_r_0": 1.3667424751,
  "KDImagSurface_r_A": 0.0233783958,
  "KDImagSurface_a_0_n": 0.5126879696,
  "KDImagSurface_a_A_n": -0.0002095552,
  "KDImagSurface_a_0_p": 0.4899393019,
  "KDImagSurface_a_A_p": 0.0008139448
}