{
  "KDHartreeFock_V1_0": 62.5681345735,
  "KDHartreeFock_V1_asymm": 17.055395434,
  "KDHartreeFock_V1_A": 0.0394125761,
  "KDHartreeFock_V2_0_n": 0.0070325831,
  "KDHartreeFock_V2_A_n": 7.1757e-06,
  "KDHartreeFock_V3_0_n": 2.04599e-05,
  "KDHartreeFock_V3_A_n": 8.4e-09,
  "KDHartreeFock_V2_0_p": 0.0072944389,
  "KDHartreeFock_V2_A_p": -2.5864e-06,
  "KDHartreeFock_V3_0_p": 2.24948e-05,
  "KDHartreeFock_V3_A_p": -1.8445e-06,
  "KDHartreeFock_V4_0": -2.027e-06,
  "KDHartreeFock_r_0": 1.2748756294,
  "KDHartreeFock_r_A": 0.4728355396,
  "KDHartreeFock_a_0": 0.692811875,
  "KDHartreeFock_a_A": 4.78037e-05,
  "KDCoulomb_r_C_0": 1.008796377,
  "KDCoulomb_r_C_A": -0.3708720719,
  "KDCoulomb_r_C_A2": 22.5749405498,
  "KDRealSpinOrbit_V1_0": 7.0206603643,
  "KDRealSpinOrbit_V1_A": 0.0024796311,
  "KDRealSpinOrbit_V2_0": 0.0040089001,
  "KDRealSpinOrbit_r_0": 1.2891765433,
  "KDRealSpinOrbit_r_A": 1.0593056818,
  "KDRealSpinOrbit_a_0": 0.5956484707,
  "KDImagSpinOrbit_W1_0": -5.1160671436,
  "KDImagSpinOrbit_W2_0": 438.4667536173,
  "KDImagVolume_W1_0_n": 29.0170364981,
  "KDImagVolume_W1_A_n": -0.038819139,
  "KDImagVolume_W1_0_p": 27.0041641243,
  "KDImagVolume_W1_A_p": 0.0227252601,
  "KDImagVolume_W2_0": 123.0696150936,
  "KDImagVolume_W2_A": 0.0445711444,
  "KDImagSurface_D1_0": 25.342267462,
  "KDImagSurface_D1_asymm": 15.2394260311,
  "KDImagSurface_D2_0": 0.0362192975,
  "KDImagSurface_D2_A": -0.007385684,
  "KDImagSurface_D2_A2": 11.3885840684,
  "KDImagSurface_D2_A3": -106.4106675009,
  "KDImagSurface_D3_0": 21.793520607,
  "KDImagSurface_r_0": 1.3652569822,
  "KDImagSurface_r_A": 0.0224770505,
  "KDImagSurface_a_0_n": 0.5242466499,
  "KDImagSurface_a_A_n": -0.0011286846,
  "KDImagSurface_a_0_p": 0.5030612065,
  "KDImagSurface_a_A_p": 0.0013973692
}