{
  "KDHartreeFock_V1_0": 57.2813582941,
  "KDHartreeFock_V1_asymm": 14.9453802453,
  "KDHartreeFock_V1_A": 0.0198633737,
  "KDHartreeFock_V2_0_n": 0.0060235412,
  "KDHartreeFock_V2_A_n": -6.7839e-06,
  "KDHartreeFock_V3_0_n": 9.9783e-06,
  "KDHartreeFock_V3_A_n": -1.161e-06,
  "KDHartreeFock_V2_0_p": 0.007778907,
  "KDHartreeFock_V2_A_p": 2.588e-06,
  "KDHartreeFock_V3_0_p": 2.30035e-05,
  "KDHartreeFock_V3_A_p": -2.2969e-06,
  "KDHartreeFock_V4_0": 3.1235e-06,
  "KDHartreeFock_r_0": 1.3049409796,
  "KDHartreeFock_r_A": 0.4079009448,
  "KDHartreeFock_a_0": 0.7107859464,
  "KDHartreeFock_a_A": 0.0004072355,
  "KDCoulomb_r_C_0": 1.3533576246,
  "KDCoulomb_r_C_A": 0.7828998051,
  "KDCoulomb_r_C_A2": 6.5501078184,
  "KDRealSpinOrbit_V1_0": 5.8406055116,
  "KDRealSpinOrbit_V1_A": 0.0083015527,
  "KDRealSpinOrbit_V2_0": 0.0084915722,
  "KDRealSpinOrbit_r_0": 1.1823536757,
  "KDRealSpinOrbit_r_A": 0.4722766732,
  "KDRealSpinOrbit_a_0": 0.529849457,
  "KDImagSpinOrbit_W1_0": -3.9803187356,
  "KDImagSpinOrbit_W2_0": 290.2504005727,
  "KDImagVolume_W1_0_n": 22.0400269291,
  "KDImagVolume_W1_A_n": -0.0133725952,
  "KDImagVolume_W1_0_p": 15.3865693389,
  "KDImagVolume_W1_A_p": 0.037426078,
  "KDImagVolume_W2_0": 113.275685541,
  "KDImagVolume_W2_A": -0.1595097611,
  "KDImagSurface_D1_0": 19.1717132168,
  "KDImagSurface_D1_asymm": 24.6677599802,
  "KDImagSurface_D2_0": 0.0294269805,
  "KDImagSurface_D2_A": -0.0046777122,
  "KDImagSurface_D2_A2": 16.0105322414,
  "KDImagSurface_D2_A3": 135.5449673792,
  "KDImagSurface_D3_0": 10.5605429636,
  "KDImagSurface_r_0": 1.4290775568,
  "KDImagSurface_r_A": 0.0465882719,
  "KDImagSurface_a_0_n": 0.4971443847,
  "KDImagSurface_a_A_n": -0.0004436193,
  "KDImagSurface_a_0_p": 0.5040970143,
  "KDImagSurface_a_A_p": 0.0012483103
}