{
  "KDHartreeFock_V1_0": 56.6179302324,
  "KDHartreeFock_V1_asymm": 11.14457045,
  "KDHartreeFock_V1_A": 0.0312241115,
  "KDHartreeFock_V2_0_n": 0.0055132601,
  "KDHartreeFock_V2_A_n": 6.1395e-06,
  "KDHartreeFock_V3_0_n": -9.8e-08,
  "KDHartreeFock_V3_A_n": -1.581e-07,
  "KDHartreeFock_V2_0_p": 0.0052415278,
  "KDHartreeFock_V2_A_p": 1.24971e-05,
  "KDHartreeFock_V3_0_p": -6.83e-08,
  "KDHartreeFock_V3_A_p": 5.569e-07,
  "KDHartreeFock_V4_0": -1.8997e-06,
  "KDHartreeFock_r_0": 1.3042778501,
  "KDHartreeFock_r_A": 0.4528661618,
  "KDHartreeFock_a_0": 0.694157388,
  "KDHartreeFock_a_A": -2.1652e-05,
  "KDCoulomb_r_C_0": 1.0947890678,
  "KDCoulomb_r_C_A": 1.0812407821,
  "KDCoulomb_r_C_A2": 24.4961791078,
  "KDRealSpinOrbit_V1_0": 4.0683446613,
  "KDRealSpinOrbit_V1_A": 0.0024436708,
  "KDRealSpinOrbit_V2_0": -0.0008778587,
  "KDRealSpinOrbit_r_0": 1.2264480019,
  "KDRealSpinOrbit_r_A": 0.8573265857,
  "KDRealSpinOrbit_a_0": 0.5870316119,
  "KDImagSpinOrbit_W1_0": -3.6155948393,
  "KDImagSpinOrbit_W2_0": 299.9550193225,
  "KDImagVolume_W1_0_n": 13.1661919774,
  "KDImagVolume_W1_A_n": 0.0293559366,
  "KDImagVolume_W1_0_p": 16.9887308157,
  "KDImagVolume_W1_A_p": 0.0286092247,
  "KDImagVolume_W2_0": 37.2296402145,
  "KDImagVolume_W2_A": 0.4386307998,
  "KDImagSurface_D1_0": 17.8456526157,
  "KDImagSurface_D1_asymm": 30.896721115,
  "KDImagSurface_D2_0": -0.0119580006,
  "KDImagSurface_D2_A": 0.0429405898,
  "KDImagSurface_D2_A2": 24.7391762812,
  "KDImagSurface_D2_A3": 391.9806224344,
  "KDImagSurface_D3_0": 12.1669227865,
  "KDImagSurface_r_0": 1.4474667432,
  "KDImagSurface_r_A": 0.0279279046,
  "KDImagSurface_a_0_n": 0.5336299292,
  "KDImagSurface_a_A_n": -0.0001012819,
  "KDImagSurface_a_0_p": 0.4295088284,
  "KDImagSurface_a_A_p": 0.0013075013
}