{
  "KDHartreeFock_V1_0": 60.5264737724,
  "KDHartreeFock_V1_asymm": 17.6699863697,
  "KDHartreeFock_V1_A": 0.0285688408,
  "KDHartreeFock_V2_0_n": 0.0064513263,
  "KDHartreeFock_V2_A_n": 8.4132e-06,
  "KDHartreeFock_V3_0_n": 8.2761e-06,
  "KDHartreeFock_V3_A_n": 3.3628e-06,
  "KDHartreeFock_V2_0_p": 0.0060364137,
  "KDHartreeFock_V2_A_p": 2.4707e-06,
  "KDHartreeFock_V3_0_p": 4.1713e-06,
  "KDHartreeFock_V3_A_p": 7.053e-07,
  "KDHartreeFock_V4_0": -9.826e-07,
  "KDHartreeFock_r_0": 1.265915726,
  "KDHartreeFock_r_A": 0.4223954594,
  "KDHartreeFock_a_0": 0.6935823097,
  "KDHartreeFock_a_A": -0.0001631028,
  "KDCoulomb_r_C_0": 1.2433524546,
  "KDCoulomb_r_C_A": 1.1605372527,
  "KDCoulomb_r_C_A2": 18.4173233384,
  "KDRealSpinOrbit_V1_0": 6.966444294,
  "KDRealSpinOrbit_V1_A": -0.0014527777,
  "KDRealSpinOrbit_V2_0": 0.004973675,
  "KDRealSpinOrbit_r_0": 1.2033127343,
  "KDRealSpinOrbit_r_A": 0.7997323835,
  "KDRealSpinOrbit_a_0": 0.639462668,
  "KDImagSpinOrbit_W1_0": -2.5849146931,
  "KDImagSpinOrbit_W2_0": 222.6423392032,
  "KDImagVolume_W1_0_n": 12.2071481037,
  "KDImagVolume_W1_A_n": 0.0299442809,
  "KDImagVolume_W1_0_p": 10.8023029959,
  "KDImagVolume_W1_A_p": 0.0408454892,
  "KDImagVolume_W2_0": 18.9922594675,
  "KDImagVolume_W2_A": 0.2633800025,
  "KDImagSurface_D1_0": 16.4783890313,
  "KDImagSurface_D1_asymm": 11.1895780554,
  "KDImagSurface_D2_0": 0.0494026607,
  "KDImagSurface_D2_A": -0.0225549154,
  "KDImagSurface_D2_A2": 10.6210520956,
  "KDImagSurface_D2_A3": -79.4437526462,
  "KDImagSurface_D3_0": 13.7300910651,
  "KDImagSurface_r_0": 1.3915003338,
  "KDImagSurface_r_A": 0.0199648429,
  "KDImagSurface_a_0_n": 0.5735323738,
  "KDImagSurface_a_A_n": 0.000205978,
  "KDImagSurface_a_0_p": 0.4735480688,
  "KDImagSurface_a_A_p": 0.0010427589
}