{
  "KDHartreeFock_V1_0": 58.1461103499,
  "KDHartreeFock_V1_asymm": 17.8812649996,
  "KDHartreeFock_V1_A": 0.018491328,
  "KDHartreeFock_V2_0_n": 0.0061977254,
  "KDHartreeFock_V2_A_n": 1.2355e-05,
  "KDHartreeFock_V3_0_n": 1.01011e-05,
  "KDHartreeFock_V3_A_n": 5.486e-07,
  "KDHartreeFock_V2_0_p": 0.0086000532,
  "KDHartreeFock_V2_A_p": -1.04085e-05,
  "KDHartreeFock_V3_0_p": 2.59451e-05,
  "KDHartreeFock_V3_A_p": -1.338e-07,
  "KDHartreeFock_V4_0": 3.375e-07,
  "KDHartreeFock_r_0": 1.1799574174,
  "KDHartreeFock_r_A": -0.0444794234,
  "KDHartreeFock_a_0": 0.703897709,
  "KDHartreeFock_a_A": -0.0001351947,
  "KDCoulomb_r_C_0": 1.2914585621,
  "KDCoulomb_r_C_A": 0.9336655175,
  "KDCoulomb_r_C_A2": 11.1678263573,
  "KDRealSpinOrbit_V1_0": 6.6611520292,
  "KDRealSpinOrbit_V1_A": 0.0002826279,
  "KDRealSpinOrbit_V2_0": 0.0052782718,
  "KDRealSpinOrbit_r_0": 1.2240485335,
  "KDRealSpinOrbit_r_A": 0.8509907295,
  "KDRealSpinOrbit_a_0": 0.595066854,
  "KDImagSpinOrbit_W1_0": -3.1698239949,
  "KDImagSpinOrbit_W2_0": 307.3070739129,
  "KDImagVolume_W1_0_n": 18.5385149452,
  "KDImagVolume_W1_A_n": -0.0300140131,
  "KDImagVolume_W1_0_p": 19.1426010482,
  "KDImagVolume_W1_A_p": -0.0213734891,
  "KDImagVolume_W2_0": 104.4923456191,
  "KDImagVolume_W2_A": -0.4632645708,
  "KDImagSurface_D1_0": 34.9615071666,
  "KDImagSurface_D1_asymm": 25.1068721621,
  "KDImagSurface_D2_0": 0.077980381,
  "KDImagSurface_D2_A": -0.0366897613,
  "KDImagSurface_D2_A2": 5.8362439006,
  "KDImagSurface_D2_A3": 215.7544435378,
  "KDImagSurface_D3_0": 20.3174016189,
  "KDImagSurface_r_0": 1.3042081843,
  "KDImagSurface_r_A": 0.007130579,
  "KDImagSurface_a_0_n": 0.5089906272,
  "KDImagSurface_a_A_n": 0.000253281,
  "KDImagSurface_a_0_p": 0.4910774692,
  "KDImagSurface_a_A_p": 0.0011136898
}