{
  "KDHartreeFock_V1_0": 58.5219658416,
  "KDHartreeFock_V1_asymm": 15.2857797195,
  "KDHartreeFock_V1_A": 0.0329885338,
  "KDHartreeFock_V2_0_n": 0.0061689296,
  "KDHartreeFock_V2_A_n": 9.7957e-06,
  "KDHartreeFock_V3_0_n": 4.0706e-06,
  "KDHartreeFock_V3_A_n": 1.3691e-06,
  "KDHartreeFock_V2_0_p": 0.0072949102,
  "KDHartreeFock_V2_A_p": -7.8812e-06,
  "KDHartreeFock_V3_0_p": 1.07964e-05,
  "KDHartreeFock_V3_A_p": -7.347e-07,
  "KDHartreeFock_V4_0": 6.595e-07,
  "KDHartreeFock_r_0": 1.2788759257,
  "KDHartreeFock_r_A": 0.3598375212,
  "KDHartreeFock_a_0": 0.6531168348,
  "KDHartreeFock_a_A": -0.0002668393,
  "KDCoulomb_r_C_0": 1.2766177515,
  "KDCoulomb_r_C_A": 0.5262214843,
  "KDCoulomb_r_C_A2": 19.3723823736,
  "KDRealSpinOrbit_V1_0": 6.4665898272,
  "KDRealSpinOrbit_V1_A": 0.003025067,
  "KDRealSpinOrbit_V2_0": 0.0071189947,
  "KDRealSpinOrbit_r_0": 1.1673414021,
  "KDRealSpinOrbit_r_A": 0.4405494098,
  "KDRealSpinOrbit_a_0": 0.6149165786,
  "KDImagSpinOrbit_W1_0": -4.8594271608,
  "KDImagSpinOrbit_W2_0": 267.0683885444,
  "KDImagVolume_W1_0_n": 14.9206973003,
  "KDImagVolume_W1_A_n": -0.0104331986,
  "KDImagVolume_W1_0_p": 1.8560933029,
  "KDImagVolume_W1_A_p": 0.058793855,
  "KDImagVolume_W2_0": 57.8273857186,
  "KDImagVolume_W2_A": -0.0451469103,
  "KDImagSurface_D1_0": 14.5495221487,
  "KDImagSurface_D1_asymm": 18.7411777734,
  "KDImagSurface_D2_0": 0.0231858163,
  "KDImagSurface_D2_A": -0.0034097959,
  "KDImagSurface_D2_A2": 21.0748366166,
  "KDImagSurface_D2_A3": 111.4457323062,
  "KDImagSurface_D3_0": 10.6162657922,
  "KDImagSurface_r_0": 1.3891288511,
  "KDImagSurface_r_A": 0.0225812943,
  "KDImagSurface_a_0_n": 0.4647361647,
  "KDImagSurface_a_A_n": -0.0011164134,
  "KDImagSurface_a_0_p": 0.5153615748,
  "KDImagSurface_a_A_p": 0.0005978967
}