{
  "KDHartreeFock_V1_0": 57.700039074,
  "KDHartreeFock_V1_asymm": 15.2144289053,
  "KDHartreeFock_V1_A": 0.0172433816,
  "KDHartreeFock_V2_0_n": 0.0061863674,
  "KDHartreeFock_V2_A_n": -5.4772e-06,
  "KDHartreeFock_V3_0_n": 1.06341e-05,
  "KDHartreeFock_V3_A_n": 5.299e-07,
  "KDHartreeFock_V2_0_p": 0.007257271,
  "KDHartreeFock_V2_A_p": 6.8913e-06,
  "KDHartreeFock_V3_0_p": 2.43622e-05,
  "KDHartreeFock_V3_A_p": 1.2655e-06,
  "KDHartreeFock_V4_0": -4.024e-07,
  "KDHartreeFock_r_0": 1.2854571626,
  "KDHartreeFock_r_A": 0.3987084694,
  "KDHartreeFock_a_0": 0.6855121517,
  "KDHartreeFock_a_A": 0.0003219777,
  "KDCoulomb_r_C_0": 1.1823189482,
  "KDCoulomb_r_C_A": 1.1763974601,
  "KDCoulomb_r_C_A2": 20.3832063208,
  "KDRealSpinOrbit_V1_0": 6.5085881626,
  "KDRealSpinOrbit_V1_A": 0.0085752833,
  "KDRealSpinOrbit_V2_0": 0.0115896195,
  "KDRealSpinOrbit_r_0": 1.1746250875,
  "KDRealSpinOrbit_r_A": 0.5358068604,
  "KDRealSpinOrbit_a_0": 0.5635284069,
  "KDImagSpinOrbit_W1_0": -4.8805069036,
  "KDImagSpinOrbit_W2_0": 226.7979983957,
  "KDImagVolume_W1_0_n": 28.873014117,
  "KDImagVolume_W1_A_n": -0.0240261273,
  "KDImagVolume_W1_0_p": 27.5600188807,
  "KDImagVolume_W1_A_p": -0.0093025082,
  "KDImagVolume_W2_0": 174.9145189163,
  "KDImagVolume_W2_A": -0.2165674097,
  "KDImagSurface_D1_0": 24.5085601611,
  "KDImagSurface_D1_asymm": -5.803505416,
  "KDImagSurface_D2_0": -0.0260819154,
  "KDImagSurface_D2_A": 0.0457745236,
  "KDImagSurface_D2_A2": 12.1526027941,
  "KDImagSurface_D2_A3": 376.0298868707,
  "KDImagSurface_D3_0": 21.5766699905,
  "KDImagSurface_r_0": 1.2784368256,
  "KDImagSurface_r_A": -7.68275e-05,
  "KDImagSurface_a_0_n": 0.5388372965,
  "KDImagSurface_a_A_n": 0.0003418907,
  "KDImagSurface_a_0_p": 0.4979433384,
  "KDImagSurface_a_A_p": 0.0021719478
}