{
  "KDHartreeFock_V1_0": 56.7205355484,
  "KDHartreeFock_V1_asymm": 12.4542043995,
  "KDHartreeFock_V1_A": 0.027553444,
  "KDHartreeFock_V2_0_n": 0.0053057634,
  "KDHartreeFock_V2_A_n": -3.4329e-06,
  "KDHartreeFock_V3_0_n": 6.492e-06,
  "KDHartreeFock_V3_A_n": 5.312e-07,
  "KDHartreeFock_V2_0_p": 0.0058220938,
  "KDHartreeFock_V2_A_p": 1.09647e-05,
  "KDHartreeFock_V3_0_p": 1.01575e-05,
  "KDHartreeFock_V3_A_p": -1.0008e-06,
  "KDHartreeFock_V4_0": 3.773e-07,
  "KDHartreeFock_r_0": 1.2852526113,
  "KDHartreeFock_r_A": 0.3280799868,
  "KDHartreeFock_a_0": 0.6862240971,
  "KDHartreeFock_a_A": 0.0002828617,
  "KDCoulomb_r_C_0": 1.1723275207,
  "KDCoulomb_r_C_A": 1.0766471754,
  "KDCoulomb_r_C_A2": 24.3485152603,
  "KDRealSpinOrbit_V1_0": 6.0291704607,
  "KDRealSpinOrbit_V1_A": 0.0007251324,
  "KDRealSpinOrbit_V2_0": 0.0051427406,
  "KDRealSpinOrbit_r_0": 1.2280414576,
  "KDRealSpinOrbit_r_A": 0.893159655,
  "KDRealSpinOrbit_a_0": 0.6375042964,
  "KDImagSpinOrbit_W1_0": -6.9669141813,
  "KDImagSpinOrbit_W2_0": 394.1845301523,
  "KDImagVolume_W1_0_n": 17.0631558433,
  "KDImagVolume_W1_A_n": 0.0647241936,
  "KDImagVolume_W1_0_p": 14.4275042209,
  "KDImagVolume_W1_A_p": 0.0752257912,
  "KDImagVolume_W2_0": 67.9358117858,
  "KDImagVolume_W2_A": 0.4680271757,
  "KDImagSurface_D1_0": 30.5668813488,
  "KDImagSurface_D1_asymm": 21.7241224802,
  "KDImagSurface_D2_0": 0.056086024,
  "KDImagSurface_D2_A": -0.0268583408,
  "KDImagSurface_D2_A2": 3.5584824239,
  "KDImagSurface_D2_A3": 134.8713694405,
  "KDImagSurface_D3_0": 19.5277807041,
  "KDImagSurface_r_0": 1.3550067857,
  "KDImagSurface_r_A": 0.0173397521,
  "KDImagSurface_a_0_n": 0.5325157509,
  "KDImagSurface_a_A_n": 0.0001310737,
  "KDImagSurface_a_0_p": 0.4450249096,
  "KDImagSurface_a_A_p": 0.001919681
}