{
  "KDHartreeFock_V1_0": 56.5982278653,
  "KDHartreeFock_V1_asymm": 17.7375772144,
  "KDHartreeFock_V1_A": 0.016946381,
  "KDHartreeFock_V2_0_n": 0.0056465837,
  "KDHartreeFock_V2_A_n": 2.8835e-06,
  "KDHartreeFock_V3_0_n": 2.909e-06,
  "KDHartreeFock_V3_A_n": -7.831e-07,
  "KDHartreeFock_V2_0_p": 0.0072452322,
  "KDHartreeFock_V2_A_p": 3.6667e-06,
  "KDHartreeFock_V3_0_p": 1.5023e-05,
  "KDHartreeFock_V3_A_p": -2.806e-07,
  "KDHartreeFock_V4_0": 6.918e-07,
  "KDHartreeFock_r_0": 1.2569272148,
  "KDHartreeFock_r_A": 0.2316136732,
  "KDHartreeFock_a_0": 0.6624864586,
  "KDHartreeFock_a_A": -0.0003609763,
  "KDCoulomb_r_C_0": 1.2866752699,
  "KDCoulomb_r_C_A": 1.1768381812,
  "KDCoulomb_r_C_A2": 10.4331438057,
  "KDRealSpinOrbit_V1_0": 5.339378652,
  "KDRealSpinOrbit_V1_A": 0.0102821026,
  "KDRealSpinOrbit_V2_0": 0.0060705444,
  "KDRealSpinOrbit_r_0": 1.0854306559,
  "KDRealSpinOrbit_r_A": 0.1277034877,
  "KDRealSpinOrbit_a_0": 0.5571422078,
  "KDImagSpinOrbit_W1_0": -3.974111281,
  "KDImagSpinOrbit_W2_0": 317.1094434866,
  "KDImagVolume_W1_0_n": 22.557163487,
  "KDImagVolume_W1_A_n": -0.01433241,
  "KDImagVolume_W1_0_p": 13.2186518702,
  "KDImagVolume_W1_A_p": 0.0949093267,
  "KDImagVolume_W2_0": 87.1080888162,
  "KDImagVolume_W2_A": 0.145746005,
  "KDImagSurface_D1_0": 24.8083592027,
  "KDImagSurface_D1_asymm": 22.1452547744,
  "KDImagSurface_D2_0": 0.0079804882,
  "KDImagSurface_D2_A": 0.0223750488,
  "KDImagSurface_D2_A2": -2.4310482356,
  "KDImagSurface_D2_A3": -260.9240847238,
  "KDImagSurface_D3_0": 18.7932580503,
  "KDImagSurface_r_0": 1.3712475091,
  "KDImagSurface_r_A": 0.0209247658,
  "KDImagSurface_a_0_n": 0.537258759,
  "KDImagSurface_a_A_n": -0.0005448826,
  "KDImagSurface_a_0_p": 0.5794576896,
  "KDImagSurface_a_A_p": -0.000593736
}