{
  "KDHartreeFock_V1_0": 56.0114189715,
  "KDHartreeFock_V1_asymm": 6.946194644,
  "KDHartreeFock_V1_A": 0.021382814,
  "KDHartreeFock_V2_0_n": 0.0065513443,
  "KDHartreeFock_V2_A_n": 2.2468e-06,
  "KDHartreeFock_V3_0_n": 1.54469e-05,
  "KDHartreeFock_V3_A_n": 1.6845e-06,
  "KDHartreeFock_V2_0_p": 0.0088706921,
  "KDHartreeFock_V2_A_p": -9.1177e-06,
  "KDHartreeFock_V3_0_p": 2.92733e-05,
  "KDHartreeFock_V3_A_p": -4.78e-07,
  "KDHartreeFock_V4_0": -5.2504e-06,
  "KDHartreeFock_r_0": 1.2613684066,
  "KDHartreeFock_r_A": 0.1820110681,
  "KDHartreeFock_a_0": 0.6617407034,
  "KDHartreeFock_a_A": 6.64691e-05,
  "KDCoulomb_r_C_0": 1.2768650678,
  "KDCoulomb_r_C_A": -0.0419230848,
  "KDCoulomb_r_C_A2": 5.1571275774,
  "KDRealSpinOrbit_V1_0": 6.2379276207,
  "KDRealSpinOrbit_V1_A": 0.0027040061,
  "KDRealSpinOrbit_V2_0": 0.0083396443,
  "KDRealSpinOrbit_r_0": 1.1163153045,
  "KDRealSpinOrbit_r_A": 0.3212499354,
  "KDRealSpinOrbit_a_0": 0.5454575129,
  "KDImagSpinOrbit_W1_0": -2.0096990772,
  "KDImagSpinOrbit_W2_0": 104.1568452055,
  "KDImagVolume_W1_0_n": 27.2184637406,
  "KDImagVolume_W1_A_n": -0.0298007007,
  "KDImagVolume_W1_0_p": 24.6567572665,
  "KDImagVolume_W1_A_p": 0.0480012261,
  "KDImagVolume_W2_0": 165.0203563105,
  "KDImagVolume_W2_A": -0.344043579,
  "KDImagSurface_D1_0": 25.3207340861,
  "KDImagSurface_D1_asymm": 3.2876697232,
  "KDImagSurface_D2_0": 0.0731158754,
  "KDImagSurface_D2_A": -0.0365245574,
  "KDImagSurface_D2_A2": 14.9733589344,
  "KDImagSurface_D2_A3": 201.6213821273,
  "KDImagSurface_D3_0": 19.7338480135,
  "KDImagSurface_r_0": 1.3551121457,
  "KDImagSurface_r_A": 0.0154159834,
  "KDImagSurface_a_0_n": 0.4713750244,
  "KDImagSurface_a_A_n": -0.0001156703,
  "KDImagSurface_a_0_p": 0.477023331,
  "KDImagSurface_a_A_p": 0.0015582566
}