{
  "KDHartreeFock_V1_0": 58.8871045797,
  "KDHartreeFock_V1_asymm": 4.5629571257,
  "KDHartreeFock_V1_A": 0.0390646561,
  "KDHartreeFock_V2_0_n": 0.0069254444,
  "KDHartreeFock_V2_A_n": 7.4267e-06,
  "KDHartreeFock_V3_0_n": 1.68321e-05,
  "KDHartreeFock_V3_A_n": -4.728e-07,
  "KDHartreeFock_V2_0_p": 0.0046131897,
  "KDHartreeFock_V2_A_p": 1.8353e-06,
  "KDHartreeFock_V3_0_p": 4.8216e-06,
  "KDHartreeFock_V3_A_p": 7.637e-07,
  "KDHartreeFock_V4_0": -2.1891e-06,
  "KDHartreeFock_r_0": 1.2960385318,
  "KDHartreeFock_r_A": 0.4549870791,
  "KDHartreeFock_a_0": 0.731859273,
  "KDHartreeFock_a_A": 0.0004734899,
  "KDCoulomb_r_C_0": 1.1580457688,
  "KDCoulomb_r_C_A": 1.3463720577,
  "KDCoulomb_r_C_A2": -8.0865519012,
  "KDRealSpinOrbit_V1_0": 6.6312578908,
  "KDRealSpinOrbit_V1_A": -0.0023391607,
  "KDRealSpinOrbit_V2_0": 0.0081734079,
  "KDRealSpinOrbit_r_0": 1.1595984128,
  "KDRealSpinOrbit_r_A": 0.4225747985,
  "KDRealSpinOrbit_a_0": 0.6230706488,
  "KDImagSpinOrbit_W1_0": -3.163753147,
  "KDImagSpinOrbit_W2_0": 138.7466733565,
  "KDImagVolume_W1_0_n": 18.6983122277,
  "KDImagVolume_W1_A_n": 0.0496897821,
  "KDImagVolume_W1_0_p": 16.9058524358,
  "KDImagVolume_W1_A_p": 0.072429877,
  "KDImagVolume_W2_0": 120.6863241589,
  "KDImagVolume_W2_A": 0.3268683336,
  "KDImagSurface_D1_0": 16.4279172092,
  "KDImagSurface_D1_asymm": 11.7928296761,
  "KDImagSurface_D2_0": 0.0777962683,
  "KDImagSurface_D2_A": -0.0613921662,
  "KDImagSurface_D2_A2": 9.8673171961,
  "KDImagSurface_D2_A3": -76.151292293,
  "KDImagSurface_D3_0": 14.8230046193,
  "KDImagSurface_r_0": 1.3053888843,
  "KDImagSurface_r_A": 0.0173931771,
  "KDImagSurface_a_0_n": 0.5251442396,
  "KDImagSurface_a_A_n": -0.0004771959,
  "KDImagSurface_a_0_p": 0.4466611457,
  "KDImagSurface_a_A_p": 0.0019761358
}