{
  "KDHartreeFock_V1_0": 61.4424013853,
  "KDHartreeFock_V1_asymm": 19.9062190093,
  "KDHartreeFock_V1_A": 0.0213716252,
  "KDHartreeFock_V2_0_n": 0.0057547268,
  "KDHartreeFock_V2_A_n": 1.2249e-06,
  "KDHartreeFock_V3_0_n": 8.9289e-06,
  "KDHartreeFock_V3_A_n": 2.941e-07,
  "KDHartreeFock_V2_0_p": 0.0052996445,
  "KDHartreeFock_V2_A_p": 7.4318e-06,
  "KDHartreeFock_V3_0_p": 9.783e-06,
  "KDHartreeFock_V3_A_p": -1.1473e-06,
  "KDHartreeFock_V4_0": 1.7341e-06,
  "KDHartreeFock_r_0": 1.2479431937,
  "KDHartreeFock_r_A": 0.4543865124,
  "KDHartreeFock_a_0": 0.6795222482,
  "KDHartreeFock_a_A": -0.0004828303,
  "KDCoulomb_r_C_0": 1.0953408614,
  "KDCoulomb_r_C_A": -0.5612592518,
  "KDCoulomb_r_C_A2": -11.8548407966,
  "KDRealSpinOrbit_V1_0": 6.4784720517,
  "KDRealSpinOrbit_V1_A": 0.0001245398,
  "KDRealSpinOrbit_V2_0": 0.0110710316,
  "KDRealSpinOrbit_r_0": 1.2412866962,
  "KDRealSpinOrbit_r_A": 0.933491356,
  "KDRealSpinOrbit_a_0": 0.5329880319,
  "KDImagSpinOrbit_W1_0": -3.4708520444,
  "KDImagSpinOrbit_W2_0": 168.7075590427,
  "KDImagVolume_W1_0_n": 26.5821287396,
  "KDImagVolume_W1_A_n": 0.0216639451,
  "KDImagVolume_W1_0_p": 31.4056609222,
  "KDImagVolume_W1_A_p": 0.0931496939,
  "KDImagVolume_W2_0": 166.438980915,
  "KDImagVolume_W2_A": 0.1122554732,
  "KDImagSurface_D1_0": 16.8681229656,
  "KDImagSurface_D1_asymm": 5.0506624151,
  "KDImagSurface_D2_0": 0.0459763883,
  "KDImagSurface_D2_A": -0.0271047726,
  "KDImagSurface_D2_A2": 6.4586444516,
  "KDImagSurface_D2_A3": 431.0589445283,
  "KDImagSurface_D3_0": 14.0288117775,
  "KDImagSurface_r_0": 1.2177231058,
  "KDImagSurface_r_A": -0.0055660323,
  "KDImagSurface_a_0_n": 0.5669739658,
  "KDImagSurface_a_A_n": -0.000520822,
  "KDImagSurface_a_0_p": 0.5834142978,
  "KDImagSurface_a_A_p": 0.0007331965
}