{
  "KDHartreeFock_V1_0": 58.4610361029,
  "KDHartreeFock_V1_asymm": 16.7790428795,
  "KDHartreeFock_V1_A": 0.0235328151,
  "KDHartreeFock_V2_0_n": 0.0048013826,
  "KDHartreeFock_V2_A_n": -5.2121e-06,
  "KDHartreeFock_V3_0_n": -1.9709e-06,
  "KDHartreeFock_V3_A_n": 2.989e-06,
  "KDHartreeFock_V2_0_p": 0.0063109681,
  "KDHartreeFock_V2_A_p": 3.0045e-06,
  "KDHartreeFock_V3_0_p": 6.3199e-06,
  "KDHartreeFock_V3_A_p": 2.9874e-06,
  "KDHartreeFock_V4_0": 3.0517e-06,
  "KDHartreeFock_r_0": 1.2555601612,
  "KDHartreeFock_r_A": 0.3000712696,
  "KDHartreeFock_a_0": 0.6641684606,
  "KDHartreeFock_a_A": -0.0001997764,
  "KDCoulomb_r_C_0": 1.1253803106,
  "KDCoulomb_r_C_A": 1.4925811396,
  "KDCoulomb_r_C_A2": 13.0840161353,
  "KDRealSpinOrbit_V1_0": 4.4437638398,
  "KDRealSpinOrbit_V1_A": 0.0088607317,
  "KDRealSpinOrbit_V2_0": -0.0017762122,
  "KDRealSpinOrbit_r_0": 1.2116486672,
  "KDRealSpinOrbit_r_A": 1.0144318011,
  "KDRealSpinOrbit_a_0": 0.6442211403,
  "KDImagSpinOrbit_W1_0": -3.5351431907,
  "KDImagSpinOrbit_W2_0": 263.6737878038,
  "KDImagVolume_W1_0_n": 17.2239023604,
  "KDImagVolume_W1_A_n": -0.0048886068,
  "KDImagVolume_W1_0_p": 18.7561174886,
  "KDImagVolume_W1_A_p": 0.0291527219,
  "KDImagVolume_W2_0": 61.4051244869,
  "KDImagVolume_W2_A": -0.089680817,
  "KDImagSurface_D1_0": 24.1826129496,
  "KDImagSurface_D1_asymm": 31.744758659,
  "KDImagSurface_D2_0": 0.0342763649,
  "KDImagSurface_D2_A": 0.0046038492,
  "KDImagSurface_D2_A2": 9.4111714054,
  "KDImagSurface_D2_A3": 155.5927550157,
  "KDImagSurface_D3_0": 15.9721392195,
  "KDImagSurface_r_0": 1.3921145236,
  "KDImagSurface_r_A": 0.0211775374,
  "KDImagSurface_a_0_n": 0.5039934122,
  "KDImagSurface_a_A_n": -0.0004687858,
  "KDImagSurface_a_0_p": 0.4767221764,
  "KDImagSurface_a_A_p": 0.000294172
}