{
  "KDHartreeFock_V1_0": 60.476037347,
  "KDHartreeFock_V1_asymm": 10.6442030152,
  "KDHartreeFock_V1_A": 0.0401953355,
  "KDHartreeFock_V2_0_n": 0.0071765516,
  "KDHartreeFock_V2_A_n": -1.1586e-06,
  "KDHartreeFock_V3_0_n": 1.9801e-05,
  "KDHartreeFock_V3_A_n": -1.3144e-06,
  "KDHartreeFock_V2_0_p": 0.0075521656,
  "KDHartreeFock_V2_A_p": 3.374e-07,
  "KDHartreeFock_V3_0_p": 2.58238e-05,
  "KDHartreeFock_V3_A_p": 1.8426e-06,
  "KDHartreeFock_V4_0": 6.069e-07,
  "KDHartreeFock_r_0": 1.2952785301,
  "KDHartreeFock_r_A": 0.4040759916,
  "KDHartreeFock_a_0": 0.6997350708,
  "KDHartreeFock_a_A": 0.0001240871,
  "KDCoulomb_r_C_0": 1.1395675689,
  "KDCoulomb_r_C_A": 1.462480476,
  "KDCoulomb_r_C_A2": -24.4311079456,
  "KDRealSpinOrbit_V1_0": 5.0497740129,
  "KDRealSpinOrbit_V1_A": 0.01207135,
  "KDRealSpinOrbit_V2_0": 0.0031603999,
  "KDRealSpinOrbit_r_0": 1.2607647071,
  "KDRealSpinOrbit_r_A": 0.8960161556,
  "KDRealSpinOrbit_a_0": 0.6285379051,
  "KDImagSpinOrbit_W1_0": -4.1103015224,
  "KDImagSpinOrbit_W2_0": 314.7812669043,
  "KDImagVolume_W1_0_n": 19.0681936441,
  "KDImagVolume_W1_A_n": -0.0279741009,
  "KDImagVolume_W1_0_p": 19.3047776937,
  "KDImagVolume_W1_A_p": -0.0064318973,
  "KDImagVolume_W2_0": 84.743302864,
  "KDImagVolume_W2_A": 0.040014915,
  "KDImagSurface_D1_0": 25.0229347362,
  "KDImagSurface_D1_asymm": 15.879327044,
  "KDImagSurface_D2_0": 0.0558330918,
  "KDImagSurface_D2_A": -0.0171554095,
  "KDImagSurface_D2_A2": -8.2951055537,
  "KDImagSurface_D2_A3": 312.6918698175,
  "KDImagSurface_D3_0": 15.9232890089,
  "KDImagSurface_r_0": 1.2289744316,
  "KDImagSurface_r_A": -0.003864268,
  "KDImagSurface_a_0_n": 0.5122887349,
  "KDImagSurface_a_A_n": -0.0005254106,
  "KDImagSurface_a_0_p": 0.5363804094,
  "KDImagSurface_a_A_p": 0.0007623111
}