{
  "KDHartreeFock_V1_0": 59.3295886018,
  "KDHartreeFock_V1_asymm": 15.611808496,
  "KDHartreeFock_V1_A": 0.0244113557,
  "KDHartreeFock_V2_0_n": 0.0068501247,
  "KDHartreeFock_V2_A_n": 7.6489e-06,
  "KDHartreeFock_V3_0_n": 1.53542e-05,
  "KDHartreeFock_V3_A_n": 2.1206e-06,
  "KDHartreeFock_V2_0_p": 0.0067858634,
  "KDHartreeFock_V2_A_p": -4.0967e-06,
  "KDHartreeFock_V3_0_p": 1.38435e-05,
  "KDHartreeFock_V3_A_p": 2.4219e-06,
  "KDHartreeFock_V4_0": -1.8472e-06,
  "KDHartreeFock_r_0": 1.2196127776,
  "KDHartreeFock_r_A": 0.2169562531,
  "KDHartreeFock_a_0": 0.6584337235,
  "KDHartreeFock_a_A": -0.0004850605,
  "KDCoulomb_r_C_0": 1.2005973163,
  "KDCoulomb_r_C_A": 1.5712379365,
  "KDCoulomb_r_C_A2": 17.8335527307,
  "KDRealSpinOrbit_V1_0": 8.5360969358,
  "KDRealSpinOrbit_V1_A": -0.0104062443,
  "KDRealSpinOrbit_V2_0": 0.0111210159,
  "KDRealSpinOrbit_r_0": 1.119697461,
  "KDRealSpinOrbit_r_A": 0.3500557061,
  "KDRealSpinOrbit_a_0": 0.6294312563,
  "KDImagSpinOrbit_W1_0": -5.4651394644,
  "KDImagSpinOrbit_W2_0": 257.2474262265,
  "KDImagVolume_W1_0_n": 19.7825433792,
  "KDImagVolume_W1_A_n": 0.0570514652,
  "KDImagVolume_W1_0_p": 18.2613402182,
  "KDImagVolume_W1_A_p": 0.1411092413,
  "KDImagVolume_W2_0": 112.7706556109,
  "KDImagVolume_W2_A": 0.5085617754,
  "KDImagSurface_D1_0": 21.5617968741,
  "KDImagSurface_D1_asymm": 20.3527202634,
  "KDImagSurface_D2_0": -0.0112244064,
  "KDImagSurface_D2_A": 0.0396597814,
  "KDImagSurface_D2_A2": 21.9479584564,
  "KDImagSurface_D2_A3": 504.5824978874,
  "KDImagSurface_D3_0": 15.6670412275,
  "KDImagSurface_r_0": 1.3681701724,
  "KDImagSurface_r_A": 0.0281735302,
  "KDImagSurface_a_0_n": 0.5603914138,
  "KDImagSurface_a_A_n": -0.0007484887,
  "KDImagSurface_a_0_p": 0.513641386,
  "KDImagSurface_a_A_p": 0.0015519073
}