{
  "KDHartreeFock_V1_0": 60.2875265322,
  "KDHartreeFock_V1_asymm": 10.8822911449,
  "KDHartreeFock_V1_A": 0.0321455138,
  "KDHartreeFock_V2_0_n": 0.0065407647,
  "KDHartreeFock_V2_A_n": -3.6352e-06,
  "KDHartreeFock_V3_0_n": 1.71144e-05,
  "KDHartreeFock_V3_A_n": 1.3356e-06,
  "KDHartreeFock_V2_0_p": 0.0094587404,
  "KDHartreeFock_V2_A_p": -1.25299e-05,
  "KDHartreeFock_V3_0_p": 3.49684e-05,
  "KDHartreeFock_V3_A_p": 3.015e-07,
  "KDHartreeFock_V4_0": 7.91e-08,
  "KDHartreeFock_r_0": 1.281819512,
  "KDHartreeFock_r_A": 0.4173908745,
  "KDHartreeFock_a_0": 0.6794106423,
  "KDHartreeFock_a_A": 0.0001727994,
  "KDCoulomb_r_C_0": 1.3477817373,
  "KDCoulomb_r_C_A": 0.9132252808,
  "KDCoulomb_r_C_A2": 3.8437876613,
  "KDRealSpinOrbit_V1_0": 5.6799336122,
  "KDRealSpinOrbit_V1_A": -0.0087972705,
  "KDRealSpinOrbit_V2_0": 0.0016536622,
  "KDRealSpinOrbit_r_0": 1.3323860161,
  "KDRealSpinOrbit_r_A": 1.2141061665,
  "KDRealSpinOrbit_a_0": 0.5635222085,
  "KDImagSpinOrbit_W1_0": 1.3844528086,
  "KDImagSpinOrbit_W2_0": 143.2775424673,
  "KDImagVolume_W1_0_n": 21.029643251,
  "KDImagVolume_W1_A_n": 0.0299722622,
  "KDImagVolume_W1_0_p": 25.7779706693,
  "KDImagVolume_W1_A_p": 0.0676388653,
  "KDImagVolume_W2_0": 136.5859234765,
  "KDImagVolume_W2_A": 0.2224893519,
  "KDImagSurface_D1_0": 13.452530568,
  "KDImagSurface_D1_asymm": 1.5387958612,
  "KDImagSurface_D2_0": -0.0150895763,
  "KDImagSurface_D2_A": 0.038875216,
  "KDImagSurface_D2_A2": 17.501249928,
  "KDImagSurface_D2_A3": 265.181314684,
  "KDImagSurface_D3_0": 14.5296077279,
  "KDImagSurface_r_0": 1.3924552655,
  "KDImagSurface_r_A": 0.0324849877,
  "KDImagSurface_a_0_n": 0.607210503,
  "KDImagSurface_a_A_n": -0.0002262249,
  "KDImagSurface_a_0_p": 0.501310186,
  "KDImagSurface_a_A_p": 0.0025614411
}