{
  "KDHartreeFock_V1_0": 58.7850580083,
  "KDHartreeFock_V1_asymm": 10.1137837339,
  "KDHartreeFock_V1_A": 0.0340836499,
  "KDHartreeFock_V2_0_n": 0.0061341037,
  "KDHartreeFock_V2_A_n": -6.3208e-06,
  "KDHartreeFock_V3_0_n": 1.28967e-05,
  "KDHartreeFock_V3_A_n": 1.478e-07,
  "KDHartreeFock_V2_0_p": 0.0078011533,
  "KDHartreeFock_V2_A_p": 1.9814e-06,
  "KDHartreeFock_V3_0_p": 1.9792e-05,
  "KDHartreeFock_V3_A_p": -1.605e-07,
  "KDHartreeFock_V4_0": -2.799e-06,
  "KDHartreeFock_r_0": 1.3107637961,
  "KDHartreeFock_r_A": 0.489566916,
  "KDHartreeFock_a_0": 0.6948601989,
  "KDHartreeFock_a_A": 0.0001157159,
  "KDCoulomb_r_C_0": 1.1664897653,
  "KDCoulomb_r_C_A": 1.348878024,
  "KDCoulomb_r_C_A2": 9.8373413702,
  "KDRealSpinOrbit_V1_0": 5.4665709742,
  "KDRealSpinOrbit_V1_A": 0.0074708155,
  "KDRealSpinOrbit_V2_0": 0.0054175286,
  "KDRealSpinOrbit_r_0": 1.1484387307,
  "KDRealSpinOrbit_r_A": 0.444463036,
  "KDRealSpinOrbit_a_0": 0.5874146714,
  "KDImagSpinOrbit_W1_0": -3.4048318255,
  "KDImagSpinOrbit_W2_0": 251.7248934516,
  "KDImagVolume_W1_0_n": 18.46089266,
  "KDImagVolume_W1_A_n": 0.0270808008,
  "KDImagVolume_W1_0_p": 18.3608492234,
  "KDImagVolume_W1_A_p": -0.0315368652,
  "KDImagVolume_W2_0": 85.8840753188,
  "KDImagVolume_W2_A": -0.0309445164,
  "KDImagSurface_D1_0": 12.7615538233,
  "KDImagSurface_D1_asymm": -7.567055874,
  "KDImagSurface_D2_0": 0.0301381779,
  "KDImagSurface_D2_A": -0.0023695893,
  "KDImagSurface_D2_A2": 3.5337164581,
  "KDImagSurface_D2_A3": -162.1630750164,
  "KDImagSurface_D3_0": 12.5281807067,
  "KDImagSurface_r_0": 1.3624908399,
  "KDImagSurface_r_A": 0.0111167513,
  "KDImagSurface_a_0_n": 0.5535354552,
  "KDImagSurface_a_A_n": 0.0002243451,
  "KDImagSurface_a_0_p": 0.5197857599,
  "KDImagSurface_a_A_p": 0.0009273153
}