{
  "KDHartreeFock_V1_0": 62.175827015,
  "KDHartreeFock_V1_asymm": 9.9523688039,
  "KDHartreeFock_V1_A": 0.0460822597,
  "KDHartreeFock_V2_0_n": 0.0072846959,
  "KDHartreeFock_V2_A_n": 2.652e-06,
  "KDHartreeFock_V3_0_n": 2.22727e-05,
  "KDHartreeFock_V3_A_n": -1.6843e-06,
  "KDHartreeFock_V2_0_p": 0.0066523471,
  "KDHartreeFock_V2_A_p": 1.969e-06,
  "KDHartreeFock_V3_0_p": 2.03032e-05,
  "KDHartreeFock_V3_A_p": 1.7618e-06,
  "KDHartreeFock_V4_0": 2.4504e-06,
  "KDHartreeFock_r_0": 1.2809782423,
  "KDHartreeFock_r_A": 0.4242323006,
  "KDHartreeFock_a_0": 0.7037036887,
  "KDHartreeFock_a_A": 4.4917e-05,
  "KDCoulomb_r_C_0": 1.2443793806,
  "KDCoulomb_r_C_A": 0.2868759985,
  "KDCoulomb_r_C_A2": 12.6033280431,
  "KDRealSpinOrbit_V1_0": 4.436699174,
  "KDRealSpinOrbit_V1_A": 0.0153296406,
  "KDRealSpinOrbit_V2_0": 0.0047713573,
  "KDRealSpinOrbit_r_0": 1.1856653843,
  "KDRealSpinOrbit_r_A": 0.6379456344,
  "KDRealSpinOrbit_a_0": 0.5802313979,
  "KDImagSpinOrbit_W1_0": -4.0311775914,
  "KDImagSpinOrbit_W2_0": 237.0217936341,
  "KDImagVolume_W1_0_n": 24.3125901567,
  "KDImagVolume_W1_A_n": 0.0133985862,
  "KDImagVolume_W1_0_p": 23.1697403773,
  "KDImagVolume_W1_A_p": 0.0745755611,
  "KDImagVolume_W2_0": 138.2457507511,
  "KDImagVolume_W2_A": 0.1341811041,
  "KDImagSurface_D1_0": 20.415834747,
  "KDImagSurface_D1_asymm": 12.1820412808,
  "KDImagSurface_D2_0": -0.0021280756,
  "KDImagSurface_D2_A": 0.0339835955,
  "KDImagSurface_D2_A2": 1.572829562,
  "KDImagSurface_D2_A3": -9.0661918796,
  "KDImagSurface_D3_0": 15.2049604266,
  "KDImagSurface_r_0": 1.2047689214,
  "KDImagSurface_r_A": -0.0127723218,
  "KDImagSurface_a_0_n": 0.5911537063,
  "KDImagSurface_a_A_n": 0.0001764871,
  "KDImagSurface_a_0_p": 0.4881904729,
  "KDImagSurface_a_A_p": 0.0013997187
}