{
  "KDHartreeFock_V1_0": 58.4805501475,
  "KDHartreeFock_V1_asymm": 0.4401136682,
  "KDHartreeFock_V1_A": 0.0316553251,
  "KDHartreeFock_V2_0_n": 0.0063968701,
  "KDHartreeFock_V2_A_n": -1.13007e-05,
  "KDHartreeFock_V3_0_n": 1.72531e-05,
  "KDHartreeFock_V3_A_n": 2.2788e-06,
  "KDHartreeFock_V2_0_p": 0.0081636626,
  "KDHartreeFock_V2_A_p": -9.4034e-06,
  "KDHartreeFock_V3_0_p": 2.70281e-05,
  "KDHartreeFock_V3_A_p": -2.3846e-06,
  "KDHartreeFock_V4_0": 1.4883e-06,
  "KDHartreeFock_r_0": 1.3213199144,
  "KDHartreeFock_r_A": 0.542472921,
  "KDHartreeFock_a_0": 0.7315907462,
  "KDHartreeFock_a_A": 0.0004860739,
  "KDCoulomb_r_C_0": 1.3717998184,
  "KDCoulomb_r_C_A": 0.8107075983,
  "KDCoulomb_r_C_A2": 11.7117427652,
  "KDRealSpinOrbit_V1_0": 4.8060821092,
  "KDRealSpinOrbit_V1_A": 0.0142506981,
  "KDRealSpinOrbit_V2_0": 0.003846105,
  "KDRealSpinOrbit_r_0": 1.1183405918,
  "KDRealSpinOrbit_r_A": 0.2227945793,
  "KDRealSpinOrbit_a_0": 0.6385495807,
  "KDImagSpinOrbit_W1_0": -5.293694206,
  "KDImagSpinOrbit_W2_0": 411.9086262508,
  "KDImagVolume_W1_0_n": 26.9627889747,
  "KDImagVolume_W1_A_n": -0.0483451031,
  "KDImagVolume_W1_0_p": 21.5875816764,
  "KDImagVolume_W1_A_p": 0.0228020717,
  "KDImagVolume_W2_0": 145.0293575733,
  "KDImagVolume_W2_A": -0.2028356306,
  "KDImagSurface_D1_0": 18.4505118157,
  "KDImagSurface_D1_asymm": -2.6375146997,
  "KDImagSurface_D2_0": -0.0109263074,
  "KDImagSurface_D2_A": 0.029185236,
  "KDImagSurface_D2_A2": 12.6235101341,
  "KDImagSurface_D2_A3": 283.050340785,
  "KDImagSurface_D3_0": 16.6298452091,
  "KDImagSurface_r_0": 1.4561421864,
  "KDImagSurface_r_A": 0.0446102663,
  "KDImagSurface_a_0_n": 0.5164828019,
  "KDImagSurface_a_A_n": -0.00088957,
  "KDImagSurface_a_0_p": 0.5173292103,
  "KDImagSurface_a_A_p": 0.0018684743
}