{
  "KDHartreeFock_V1_0": 60.8065290072,
  "KDHartreeFock_V1_asymm": 14.7877416438,
  "KDHartreeFock_V1_A": 0.040950352,
  "KDHartreeFock_V2_0_n": 0.0063921702,
  "KDHartreeFock_V2_A_n": 4.2959e-06,
  "KDHartreeFock_V3_0_n": 1.02273e-05,
  "KDHartreeFock_V3_A_n": -2.9056e-06,
  "KDHartreeFock_V2_0_p": 0.0059322766,
  "KDHartreeFock_V2_A_p": 4.4803e-06,
  "KDHartreeFock_V3_0_p": 9.7323e-06,
  "KDHartreeFock_V3_A_p": 1.4481e-06,
  "KDHartreeFock_V4_0": -1.4471e-06,
  "KDHartreeFock_r_0": 1.2972416154,
  "KDHartreeFock_r_A": 0.4851936497,
  "KDHartreeFock_a_0": 0.6755716062,
  "KDHartreeFock_a_A": 0.0001861783,
  "KDCoulomb_r_C_0": 1.2479382413,
  "KDCoulomb_r_C_A": 0.3942179965,
  "KDCoulomb_r_C_A2": 8.8326868812,
  "KDRealSpinOrbit_V1_0": 6.037123038,
  "KDRealSpinOrbit_V1_A": 0.0041676045,
  "KDRealSpinOrbit_V2_0": 0.0047660155,
  "KDRealSpinOrbit_r_0": 1.1253500341,
  "KDRealSpinOrbit_r_A": 0.3421503549,
  "KDRealSpinOrbit_a_0": 0.6357003095,
  "KDImagSpinOrbit_W1_0": -1.8586827286,
  "KDImagSpinOrbit_W2_0": 121.2438611327,
  "KDImagVolume_W1_0_n": 21.0231563161,
  "KDImagVolume_W1_A_n": 0.0091391185,
  "KDImagVolume_W1_0_p": 17.517621555,
  "KDImagVolume_W1_A_p": 0.0589295355,
  "KDImagVolume_W2_0": 81.75359136,
  "KDImagVolume_W2_A": 0.2735911566,
  "KDImagSurface_D1_0": 14.916710417,
  "KDImagSurface_D1_asymm": 10.5493389418,
  "KDImagSurface_D2_0": 0.0066138583,
  "KDImagSurface_D2_A": 0.0123453477,
  "KDImagSurface_D2_A2": 1.1760687919,
  "KDImagSurface_D2_A3": -105.7132117142,
  "KDImagSurface_D3_0": 13.3411311449,
  "KDImagSurface_r_0": 1.3101780943,
  "KDImagSurface_r_A": 0.0128995053,
  "KDImagSurface_a_0_n": 0.5413451889,
  "KDImagSurface_a_A_n": -0.0006734966,
  "KDImagSurface_a_0_p": 0.4744335104,
  "KDImagSurface_a_A_p": 0.0017017663
}