{
  "KDHartreeFock_V1_0": 57.443764197,
  "KDHartreeFock_V1_asymm": 11.4348176052,
  "KDHartreeFock_V1_A": 0.0259197581,
  "KDHartreeFock_V2_0_n": 0.0040007695,
  "KDHartreeFock_V2_A_n": -3.5401e-06,
  "KDHartreeFock_V3_0_n": -1.20961e-05,
  "KDHartreeFock_V3_A_n": -1.6125e-06,
  "KDHartreeFock_V2_0_p": 0.0053452656,
  "KDHartreeFock_V2_A_p": 4.5643e-06,
  "KDHartreeFock_V3_0_p": -6.9412e-06,
  "KDHartreeFock_V3_A_p": 8.237e-07,
  "KDHartreeFock_V4_0": -2.7095e-06,
  "KDHartreeFock_r_0": 1.2273589188,
  "KDHartreeFock_r_A": 0.2253740848,
  "KDHartreeFock_a_0": 0.665309669,
  "KDHartreeFock_a_A": -0.000554013,
  "KDCoulomb_r_C_0": 1.2568394823,
  "KDCoulomb_r_C_A": 1.2169832863,
  "KDCoulomb_r_C_A2": 3.5279165186,
  "KDRealSpinOrbit_V1_0": 5.1377986337,
  "KDRealSpinOrbit_V1_A": 0.0187571311,
  "KDRealSpinOrbit_V2_0": 0.0052171331,
  "KDRealSpinOrbit_r_0": 1.2174948807,
  "KDRealSpinOrbit_r_A": 0.9575542419,
  "KDRealSpinOrbit_a_0": 0.6644296077,
  "KDImagSpinOrbit_W1_0": -3.8477554124,
  "KDImagSpinOrbit_W2_0": 19.7251460058,
  "KDImagVolume_W1_0_n": 20.0189609756,
  "KDImagVolume_W1_A_n": 0.0366536728,
  "KDImagVolume_W1_0_p": 20.3935508112,
  "KDImagVolume_W1_A_p": 0.0630687972,
  "KDImagVolume_W2_0": 119.4449798628,
  "KDImagVolume_W2_A": 0.0295684584,
  "KDImagSurface_D1_0": 16.8759743379,
  "KDImagSurface_D1_asymm": 20.8213900171,
  "KDImagSurface_D2_0": -0.0181689939,
  "KDImagSurface_D2_A": 0.0360374457,
  "KDImagSurface_D2_A2": 7.1502637425,
  "KDImagSurface_D2_A3": 470.7550681074,
  "KDImagSurface_D3_0": 13.7091488058,
  "KDImagSurface_r_0": 1.3999633111,
  "KDImagSurface_r_A": 0.0211681441,
  "KDImagSurface_a_0_n": 0.5467345959,
  "KDImagSurface_a_A_n": -0.0004601899,
  "KDImagSurface_a_0_p": 0.4906382282,
  "KDImagSurface_a_A_p": 0.0013198391
}