{
  "KDHartreeFock_V1_0": 60.3737758693,
  "KDHartreeFock_V1_asymm": 17.8328895604,
  "KDHartreeFock_V1_A": 0.0265246413,
  "KDHartreeFock_V2_0_n": 0.0067784043,
  "KDHartreeFock_V2_A_n": 1.2782e-06,
  "KDHartreeFock_V3_0_n": 1.65215e-05,
  "KDHartreeFock_V3_A_n": -1.8371e-06,
  "KDHartreeFock_V2_0_p": 0.0073800853,
  "KDHartreeFock_V2_A_p": 8.453e-07,
  "KDHartreeFock_V3_0_p": 2.10794e-05,
  "KDHartreeFock_V3_A_p": 2.9387e-06,
  "KDHartreeFock_V4_0": -5.415e-07,
  "KDHartreeFock_r_0": 1.2476746757,
  "KDHartreeFock_r_A": 0.339265021,
  "KDHartreeFock_a_0": 0.6988254022,
  "KDHartreeFock_a_A": -9.37015e-05,
  "KDCoulomb_r_C_0": 1.2313994761,
  "KDCoulomb_r_C_A": 2.2685744489,
  "KDCoulomb_r_C_A2": 16.0231202862,
  "KDRealSpinOrbit_V1_0": 5.4384721984,
  "KDRealSpinOrbit_V1_A": 0.0093078465,
  "KDRealSpinOrbit_V2_0": 0.0046381948,
  "KDRealSpinOrbit_r_0": 1.2269385559,
  "KDRealSpinOrbit_r_A": 0.7807567049,
  "KDRealSpinOrbit_a_0": 0.5482572183,
  "KDImagSpinOrbit_W1_0": -2.6257117331,
  "KDImagSpinOrbit_W2_0": 270.204823063,
  "KDImagVolume_W1_0_n": 17.860180736,
  "KDImagVolume_W1_A_n": -0.0048768138,
  "KDImagVolume_W1_0_p": 19.4701531104,
  "KDImagVolume_W1_A_p": 0.027362095,
  "KDImagVolume_W2_0": 98.368526609,
  "KDImagVolume_W2_A": -0.0725402687,
  "KDImagSurface_D1_0": 23.5262141076,
  "KDImagSurface_D1_asymm": 15.0979761805,
  "KDImagSurface_D2_0": 0.0887607572,
  "KDImagSurface_D2_A": -0.0605929647,
  "KDImagSurface_D2_A2": 0.7067113113,
  "KDImagSurface_D2_A3": 220.8186174702,
  "KDImagSurface_D3_0": 21.2380532552,
  "KDImagSurface_r_0": 1.2464832655,
  "KDImagSurface_r_A": -0.0058116835,
  "KDImagSurface_a_0_n": 0.5618388308,
  "KDImagSurface_a_A_n": -0.0002279187,
  "KDImagSurface_a_0_p": 0.5108283206,
  "KDImagSurface_a_A_p": 0.0015986068
}