{
  "KDHartreeFock_V1_0": 56.252294747,
  "KDHartreeFock_V1_asymm": 13.6115299707,
  "KDHartreeFock_V1_A": 0.0187760766,
  "KDHartreeFock_V2_0_n": 0.004539934,
  "KDHartreeFock_V2_A_n": -9.196e-07,
  "KDHartreeFock_V3_0_n": -3.536e-06,
  "KDHartreeFock_V3_A_n": 2.213e-07,
  "KDHartreeFock_V2_0_p": 0.0050749468,
  "KDHartreeFock_V2_A_p": 1.06549e-05,
  "KDHartreeFock_V3_0_p": -6.8011e-06,
  "KDHartreeFock_V3_A_p": 5.28e-08,
  "KDHartreeFock_V4_0": 8.94e-08,
  "KDHartreeFock_r_0": 1.2522111534,
  "KDHartreeFock_r_A": 0.2881297461,
  "KDHartreeFock_a_0": 0.6337587061,
  "KDHartreeFock_a_A": -0.000518229,
  "KDCoulomb_r_C_0": 1.2560824846,
  "KDCoulomb_r_C_A": 1.0117539908,
  "KDCoulomb_r_C_A2": 11.3524507795,
  "KDRealSpinOrbit_V1_0": 3.4713396798,
  "KDRealSpinOrbit_V1_A": 0.0060861793,
  "KDRealSpinOrbit_V2_0": 0.0006808078,
  "KDRealSpinOrbit_r_0": 1.2324610803,
  "KDRealSpinOrbit_r_A": 0.7189232859,
  "KDRealSpinOrbit_a_0": 0.5266613705,
  "KDImagSpinOrbit_W1_0": -3.210670582,
  "KDImagSpinOrbit_W2_0": 252.1682844733,
  "KDImagVolume_W1_0_n": 16.9762092283,
  "KDImagVolume_W1_A_n": 0.0498668764,
  "KDImagVolume_W1_0_p": 19.4175978346,
  "KDImagVolume_W1_A_p": 0.0502582161,
  "KDImagVolume_W2_0": 103.7075638908,
  "KDImagVolume_W2_A": 0.329537798,
  "KDImagSurface_D1_0": 14.6181072169,
  "KDImagSurface_D1_asymm": 28.6899824702,
  "KDImagSurface_D2_0": 0.0296147048,
  "KDImagSurface_D2_A": 0.0001011004,
  "KDImagSurface_D2_A2": 11.7057785386,
  "KDImagSurface_D2_A3": 44.0222799864,
  "KDImagSurface_D3_0": 13.089453356,
  "KDImagSurface_r_0": 1.2330580704,
  "KDImagSurface_r_A": -0.0089827262,
  "KDImagSurface_a_0_n": 0.5900981156,
  "KDImagSurface_a_A_n": -0.0008058619,
  "KDImagSurface_a_0_p": 0.5187751633,
  "KDImagSurface_a_A_p": 0.0013390949
}