{
  "KDHartreeFock_V1_0": 55.1308905402,
  "KDHartreeFock_V1_asymm": 8.7618395114,
  "KDHartreeFock_V1_A": 0.0070640802,
  "KDHartreeFock_V2_0_n": 0.0068705391,
  "KDHartreeFock_V2_A_n": 3.6263e-06,
  "KDHartreeFock_V3_0_n": 1.59994e-05,
  "KDHartreeFock_V3_A_n": 2.92e-08,
  "KDHartreeFock_V2_0_p": 0.0062827667,
  "KDHartreeFock_V2_A_p": 8.9403e-06,
  "KDHartreeFock_V3_0_p": 1.24496e-05,
  "KDHartreeFock_V3_A_p": 8.343e-07,
  "KDHartreeFock_V4_0": 1.2155e-06,
  "KDHartreeFock_r_0": 1.2422611364,
  "KDHartreeFock_r_A": 0.174234261,
  "KDHartreeFock_a_0": 0.6728162297,
  "KDHartreeFock_a_A": -0.0001318767,
  "KDCoulomb_r_C_0": 1.4090135325,
  "KDCoulomb_r_C_A": 0.132569969,
  "KDCoulomb_r_C_A2": -6.2141307189,
  "KDRealSpinOrbit_V1_0": 7.2846544848,
  "KDRealSpinOrbit_V1_A": -0.0006195681,
  "KDRealSpinOrbit_V2_0": 0.0097055619,
  "KDRealSpinOrbit_r_0": 1.1963027518,
  "KDRealSpinOrbit_r_A": 0.616942977,
  "KDRealSpinOrbit_a_0": 0.5683766206,
  "KDImagSpinOrbit_W1_0": -5.7830586749,
  "KDImagSpinOrbit_W2_0": 53.1326712537,
  "KDImagVolume_W1_0_n": 14.0082914992,
  "KDImagVolume_W1_A_n": 0.0833796993,
  "KDImagVolume_W1_0_p": 22.6338015347,
  "KDImagVolume_W1_A_p": -0.0324299845,
  "KDImagVolume_W2_0": 90.1232857942,
  "KDImagVolume_W2_A": 0.2375876359,
  "KDImagSurface_D1_0": 16.8939831338,
  "KDImagSurface_D1_asymm": 15.0120094331,
  "KDImagSurface_D2_0": -0.0213979553,
  "KDImagSurface_D2_A": 0.0485659632,
  "KDImagSurface_D2_A2": 15.7473977806,
  "KDImagSurface_D2_A3": 3.6892630389,
  "KDImagSurface_D3_0": 13.0399546365,
  "KDImagSurface_r_0": 1.3915074462,
  "KDImagSurface_r_A": 0.0279178563,
  "KDImagSurface_a_0_n": 0.5567868877,
  "KDImagSurface_a_A_n": -0.0004871496,
  "KDImagSurface_a_0_p": 0.4833139935,
  "KDImagSurface_a_A_p": 0.002058683
}