{
  "KDHartreeFock_V1_0": 58.3287322032,
  "KDHartreeFock_V1_asymm": 18.6291496505,
  "KDHartreeFock_V1_A": 0.0183850884,
  "KDHartreeFock_V2_0_n": 0.0062783921,
  "KDHartreeFock_V2_A_n": 1.55747e-05,
  "KDHartreeFock_V3_0_n": 8.1762e-06,
  "KDHartreeFock_V3_A_n": 3.216e-06,
  "KDHartreeFock_V2_0_p": 0.0058254649,
  "KDHartreeFock_V2_A_p": 9.818e-07,
  "KDHartreeFock_V3_0_p": 1.25579e-05,
  "KDHartreeFock_V3_A_p": 1.865e-07,
  "KDHartreeFock_V4_0": -1.9495e-06,
  "KDHartreeFock_r_0": 1.2458339801,
  "KDHartreeFock_r_A": 0.3400500559,
  "KDHartreeFock_a_0": 0.7046932451,
  "KDHartreeFock_a_A": -5.80166e-05,
  "KDCoulomb_r_C_0": 1.2743221228,
  "KDCoulomb_r_C_A": 1.3542485045,
  "KDCoulomb_r_C_A2": 0.4912126787,
  "KDRealSpinOrbit_V1_0": 5.9228161926,
  "KDRealSpinOrbit_V1_A": -0.0062310045,
  "KDRealSpinOrbit_V2_0": 0.0059915877,
  "KDRealSpinOrbit_r_0": 1.1860419034,
  "KDRealSpinOrbit_r_A": 0.7991310468,
  "KDRealSpinOrbit_a_0": 0.602314531,
  "KDImagSpinOrbit_W1_0": -7.3141896159,
  "KDImagSpinOrbit_W2_0": 241.1789203142,
  "KDImagVolume_W1_0_n": 26.7757846566,
  "KDImagVolume_W1_A_n": 0.0387584198,
  "KDImagVolume_W1_0_p": 23.7629274073,
  "KDImagVolume_W1_A_p": 0.0693779108,
  "KDImagVolume_W2_0": 172.9307865092,
  "KDImagVolume_W2_A": -0.1093856077,
  "KDImagSurface_D1_0": 5.9154683365,
  "KDImagSurface_D1_asymm": 24.2668836577,
  "KDImagSurface_D2_0": 0.0001152384,
  "KDImagSurface_D2_A": 0.0122064613,
  "KDImagSurface_D2_A2": 6.6983605926,
  "KDImagSurface_D2_A3": 285.2112204488,
  "KDImagSurface_D3_0": 6.1420184739,
  "KDImagSurface_r_0": 1.3865912423,
  "KDImagSurface_r_A": 0.0286135704,
  "KDImagSurface_a_0_n": 0.5754940378,
  "KDImagSurface_a_A_n": -0.0003690762,
  "KDImagSurface_a_0_p": 0.5798403837,
  "KDImagSurface_a_A_p": 0.0001407637
}