{
  "KDHartreeFock_V1_0": 54.9779562438,
  "KDHartreeFock_V1_asymm": 6.4904543009,
  "KDHartreeFock_V1_A": 0.0218590889,
  "KDHartreeFock_V2_0_n": 0.0052794135,
  "KDHartreeFock_V2_A_n": 1.8726e-06,
  "KDHartreeFock_V3_0_n": 1.8163e-06,
  "KDHartreeFock_V3_A_n": -7.3e-09,
  "KDHartreeFock_V2_0_p": 0.0045891441,
  "KDHartreeFock_V2_A_p": 1.4009e-05,
  "KDHartreeFock_V3_0_p": -2.1036e-06,
  "KDHartreeFock_V3_A_p": 2.398e-07,
  "KDHartreeFock_V4_0": -7.366e-07,
  "KDHartreeFock_r_0": 1.3185230483,
  "KDHartreeFock_r_A": 0.4465269664,
  "KDHartreeFock_a_0": 0.6661079912,
  "KDHartreeFock_a_A": 4.24081e-05,
  "KDCoulomb_r_C_0": 1.377452171,
  "KDCoulomb_r_C_A": 0.676401003,
  "KDCoulomb_r_C_A2": 31.5959849661,
  "KDRealSpinOrbit_V1_0": 4.1549793504,
  "KDRealSpinOrbit_V1_A": 0.0111912702,
  "KDRealSpinOrbit_V2_0": 0.0007440123,
  "KDRealSpinOrbit_r_0": 1.223711914,
  "KDRealSpinOrbit_r_A": 1.0536146089,
  "KDRealSpinOrbit_a_0": 0.6459344982,
  "KDImagSpinOrbit_W1_0": -7.6940281115,
  "KDImagSpinOrbit_W2_0": 103.2681686138,
  "KDImagVolume_W1_0_n": 22.2567038899,
  "KDImagVolume_W1_A_n": -0.0161066086,
  "KDImagVolume_W1_0_p": 19.3795761354,
  "KDImagVolume_W1_A_p": 0.0549540586,
  "KDImagVolume_W2_0": 94.3603682362,
  "KDImagVolume_W2_A": 0.1691532791,
  "KDImagSurface_D1_0": 26.529927923,
  "KDImagSurface_D1_asymm": -2.6524614498,
  "KDImagSurface_D2_0": 0.0367252438,
  "KDImagSurface_D2_A": -0.0083750109,
  "KDImagSurface_D2_A2": 17.4894932249,
  "KDImagSurface_D2_A3": 195.1331666351,
  "KDImagSurface_D3_0": 19.4143297223,
  "KDImagSurface_r_0": 1.2855150128,
  "KDImagSurface_r_A": 0.0030736128,
  "KDImagSurface_a_0_n": 0.4959001776,
  "KDImagSurface_a_A_n": 0.0004176141,
  "KDImagSurface_a_0_p": 0.483753332,
  "KDImagSurface_a_A_p": 0.0016333423
}