{
  "KDHartreeFock_V1_0": 54.8553951356,
  "KDHartreeFock_V1_asymm": 4.7441480092,
  "KDHartreeFock_V1_A": 0.0250673291,
  "KDHartreeFock_V2_0_n": 0.0060095153,
  "KDHartreeFock_V2_A_n": -2.7337e-06,
  "KDHartreeFock_V3_0_n": 6.0932e-06,
  "KDHartreeFock_V3_A_n": 2.2244e-06,
  "KDHartreeFock_V2_0_p": 0.0065598059,
  "KDHartreeFock_V2_A_p": 3.3052e-06,
  "KDHartreeFock_V3_0_p": 1.32952e-05,
  "KDHartreeFock_V3_A_p": -1.7161e-06,
  "KDHartreeFock_V4_0": -2.913e-07,
  "KDHartreeFock_r_0": 1.2955412193,
  "KDHartreeFock_r_A": 0.342674478,
  "KDHartreeFock_a_0": 0.7062163359,
  "KDHartreeFock_a_A": 0.0006020991,
  "KDCoulomb_r_C_0": 1.3001718751,
  "KDCoulomb_r_C_A": 0.8233386397,
  "KDCoulomb_r_C_A2": 24.7382152395,
  "KDRealSpinOrbit_V1_0": 6.8887123267,
  "KDRealSpinOrbit_V1_A": -0.015564277,
  "KDRealSpinOrbit_V2_0": 0.0061908986,
  "KDRealSpinOrbit_r_0": 1.1406013565,
  "KDRealSpinOrbit_r_A": 0.4718103223,
  "KDRealSpinOrbit_a_0": 0.6121971359,
  "KDImagSpinOrbit_W1_0": -3.0882845896,
  "KDImagSpinOrbit_W2_0": 275.6558730583,
  "KDImagVolume_W1_0_n": 18.3527952019,
  "KDImagVolume_W1_A_n": 0.0304872306,
  "KDImagVolume_W1_0_p": 12.7424091066,
  "KDImagVolume_W1_A_p": 0.0886057179,
  "KDImagVolume_W2_0": 116.6829812,
  "KDImagVolume_W2_A": 0.2171254553,
  "KDImagSurface_D1_0": 8.198183013,
  "KDImagSurface_D1_asymm": 1.128577346,
  "KDImagSurface_D2_0": 0.0328979031,
  "KDImagSurface_D2_A": -0.0113480314,
  "KDImagSurface_D2_A2": 3.2481837204,
  "KDImagSurface_D2_A3": 111.5462406296,
  "KDImagSurface_D3_0": 6.4957180495,
  "KDImagSurface_r_0": 1.3296791904,
  "KDImagSurface_r_A": 0.0134304366,
  "KDImagSurface_a_0_n": 0.5352712608,
  "KDImagSurface_a_A_n": -0.0002035513,
  "KDImagSurface_a_0_p": 0.4933590955,
  "KDImagSurface_a_A_p": 0.0025540802
}