{
  "KDHartreeFock_V1_0": 57.1650390711,
  "KDHartreeFock_V1_asymm": 4.928112833,
  "KDHartreeFock_V1_A": 0.0356598463,
  "KDHartreeFock_V2_0_n": 0.0046727146,
  "KDHartreeFock_V2_A_n": -5.8874e-06,
  "KDHartreeFock_V3_0_n": -6.7375e-06,
  "KDHartreeFock_V3_A_n": -1.0181e-06,
  "KDHartreeFock_V2_0_p": 0.0079306786,
  "KDHartreeFock_V2_A_p": -7.5717e-06,
  "KDHartreeFock_V3_0_p": 1.44249e-05,
  "KDHartreeFock_V3_A_p": -1.8167e-06,
  "KDHartreeFock_V4_0": 3.199e-07,
  "KDHartreeFock_r_0": 1.3487306659,
  "KDHartreeFock_r_A": 0.6129207207,
  "KDHartreeFock_a_0": 0.7114475849,
  "KDHartreeFock_a_A": 0.0004697208,
  "KDCoulomb_r_C_0": 1.3267335202,
  "KDCoulomb_r_C_A": -1.2248858889,
  "KDCoulomb_r_C_A2": 7.1622604288,
  "KDRealSpinOrbit_V1_0": 6.4288593658,
  "KDRealSpinOrbit_V1_A": 0.0145400229,
  "KDRealSpinOrbit_V2_0": 0.0078168657,
  "KDRealSpinOrbit_r_0": 1.1826389166,
  "KDRealSpinOrbit_r_A": 0.4786897429,
  "KDRealSpinOrbit_a_0": 0.6563463116,
  "KDImagSpinOrbit_W1_0": -1.4493794973,
  "KDImagSpinOrbit_W2_0": 276.0912543934,
  "KDImagVolume_W1_0_n": 26.1255123973,
  "KDImagVolume_W1_A_n": -0.0498917279,
  "KDImagVolume_W1_0_p": 6.8229966887,
  "KDImagVolume_W1_A_p": 0.0939821651,
  "KDImagVolume_W2_0": 91.1140403549,
  "KDImagVolume_W2_A": 0.0578128573,
  "KDImagSurface_D1_0": 22.925130514,
  "KDImagSurface_D1_asymm": 10.3325021084,
  "KDImagSurface_D2_0": -0.020870865,
  "KDImagSurface_D2_A": 0.0649599238,
  "KDImagSurface_D2_A2": 16.4313601158,
  "KDImagSurface_D2_A3": 94.7378189241,
  "KDImagSurface_D3_0": 15.5135737614,
  "KDImagSurface_r_0": 1.4564478279,
  "KDImagSurface_r_A": 0.0335443354,
  "KDImagSurface_a_0_n": 0.4127123447,
  "KDImagSurface_a_A_n": -0.0004784904,
  "KDImagSurface_a_0_p": 0.5494536972,
  "KDImagSurface_a_A_p": 0.0012670171
}