{
  "KDHartreeFock_V1_0": 55.1942687821,
  "KDHartreeFock_V1_asymm": 10.9205180425,
  "KDHartreeFock_V1_A": 0.0178154436,
  "KDHartreeFock_V2_0_n": 0.0061985903,
  "KDHartreeFock_V2_A_n": 2.057e-06,
  "KDHartreeFock_V3_0_n": 1.08134e-05,
  "KDHartreeFock_V3_A_n": 3.36e-08,
  "KDHartreeFock_V2_0_p": 0.0063100464,
  "KDHartreeFock_V2_A_p": 7.8556e-06,
  "KDHartreeFock_V3_0_p": 1.08282e-05,
  "KDHartreeFock_V3_A_p": -6.092e-07,
  "KDHartreeFock_V4_0": -8.733e-07,
  "KDHartreeFock_r_0": 1.2205110243,
  "KDHartreeFock_r_A": 0.0193513234,
  "KDHartreeFock_a_0": 0.6925025004,
  "KDHartreeFock_a_A": -6.34447e-05,
  "KDCoulomb_r_C_0": 1.2186348265,
  "KDCoulomb_r_C_A": 0.0395449459,
  "KDCoulomb_r_C_A2": 17.0249348506,
  "KDRealSpinOrbit_V1_0": 4.7518522775,
  "KDRealSpinOrbit_V1_A": 0.0137074132,
  "KDRealSpinOrbit_V2_0": 0.0046165481,
  "KDRealSpinOrbit_r_0": 1.1940435379,
  "KDRealSpinOrbit_r_A": 0.6410082244,
  "KDRealSpinOrbit_a_0": 0.5951611151,
  "KDImagSpinOrbit_W1_0": -2.7719727256,
  "KDImagSpinOrbit_W2_0": 292.7445089808,
  "KDImagVolume_W1_0_n": 20.7149796021,
  "KDImagVolume_W1_A_n": -0.0119305534,
  "KDImagVolume_W1_0_p": 11.701363191,
  "KDImagVolume_W1_A_p": 0.0846412448,
  "KDImagVolume_W2_0": 103.7866102924,
  "KDImagVolume_W2_A": -0.0319221009,
  "KDImagSurface_D1_0": 19.6306172123,
  "KDImagSurface_D1_asymm": 10.3028052819,
  "KDImagSurface_D2_0": 0.0594144248,
  "KDImagSurface_D2_A": -0.0181011162,
  "KDImagSurface_D2_A2": 1.3940113492,
  "KDImagSurface_D2_A3": 148.4038131128,
  "KDImagSurface_D3_0": 15.4856741985,
  "KDImagSurface_r_0": 1.2020037204,
  "KDImagSurface_r_A": -0.0146752316,
  "KDImagSurface_a_0_n": 0.5211163559,
  "KDImagSurface_a_A_n": -2.40502e-05,
  "KDImagSurface_a_0_p": 0.5026605798,
  "KDImagSurface_a_A_p": 0.0014834816
}