{
  "KDHartreeFock_V1_0": 58.4462393089,
  "KDHartreeFock_V1_asymm": 11.7535936091,
  "KDHartreeFock_V1_A": 0.008316003,
  "KDHartreeFock_V2_0_n": 0.0063987847,
  "KDHartreeFock_V2_A_n": 1.6935e-06,
  "KDHartreeFock_V3_0_n": 1.71008e-05,
  "KDHartreeFock_V3_A_n": 5.485e-07,
  "KDHartreeFock_V2_0_p": 0.0070848,
  "KDHartreeFock_V2_A_p": 4.7006e-06,
  "KDHartreeFock_V3_0_p": 2.58356e-05,
  "KDHartreeFock_V3_A_p": 5.424e-07,
  "KDHartreeFock_V4_0": -1.8887e-06,
  "KDHartreeFock_r_0": 1.2444270414,
  "KDHartreeFock_r_A": 0.2968085731,
  "KDHartreeFock_a_0": 0.7415699925,
  "KDHartreeFock_a_A": 0.000137183,
  "KDCoulomb_r_C_0": 1.2114579732,
  "KDCoulomb_r_C_A": 0.2117183432,
  "KDCoulomb_r_C_A2": 20.6844890028,
  "KDRealSpinOrbit_V1_0": 5.9270141751,
  "KDRealSpinOrbit_V1_A": 0.0047372638,
  "KDRealSpinOrbit_V2_0": 0.0086716532,
  "KDRealSpinOrbit_r_0": 1.2295181792,
  "KDRealSpinOrbit_r_A": 0.9687938872,
  "KDRealSpinOrbit_a_0": 0.4950980853,
  "KDImagSpinOrbit_W1_0": -5.6258161196,
  "KDImagSpinOrbit_W2_0": 172.5978286996,
  "KDImagVolume_W1_0_n": 20.6874496632,
  "KDImagVolume_W1_A_n": 0.0851528718,
  "KDImagVolume_W1_0_p": 31.9478545477,
  "KDImagVolume_W1_A_p": 0.069798171,
  "KDImagVolume_W2_0": 152.0439618536,
  "KDImagVolume_W2_A": 0.0749221725,
  "KDImagSurface_D1_0": 26.5313215083,
  "KDImagSurface_D1_asymm": 12.4932780185,
  "KDImagSurface_D2_0": 0.0487895295,
  "KDImagSurface_D2_A": -0.0231798843,
  "KDImagSurface_D2_A2": -3.0742067563,
  "KDImagSurface_D2_A3": 322.4748942277,
  "KDImagSurface_D3_0": 15.6170836694,
  "KDImagSurface_r_0": 1.3115979012,
  "KDImagSurface_r_A": 0.0115315755,
  "KDImagSurface_a_0_n": 0.6223820908,
  "KDImagSurface_a_A_n": 0.0011925678,
  "KDImagSurface_a_0_p": 0.4704897738,
  "KDImagSurface_a_A_p": 0.001851808
}