{
  "KDHartreeFock_V1_0": 60.7306961874,
  "KDHartreeFock_V1_asymm": 15.6935015587,
  "KDHartreeFock_V1_A": 0.0280008433,
  "KDHartreeFock_V2_0_n": 0.0074793134,
  "KDHartreeFock_V2_A_n": 8.3322e-06,
  "KDHartreeFock_V3_0_n": 1.72669e-05,
  "KDHartreeFock_V3_A_n": -1.9211e-06,
  "KDHartreeFock_V2_0_p": 0.0060886635,
  "KDHartreeFock_V2_A_p": 2.6405e-06,
  "KDHartreeFock_V3_0_p": 1.37028e-05,
  "KDHartreeFock_V3_A_p": 1.511e-07,
  "KDHartreeFock_V4_0": 1.6626e-06,
  "KDHartreeFock_r_0": 1.2326705336,
  "KDHartreeFock_r_A": 0.2098867254,
  "KDHartreeFock_a_0": 0.6652030015,
  "KDHartreeFock_a_A": -0.0003849047,
  "KDCoulomb_r_C_0": 1.2425796125,
  "KDCoulomb_r_C_A": 0.9507235387,
  "KDCoulomb_r_C_A2": -17.2208119274,
  "KDRealSpinOrbit_V1_0": 5.7351694085,
  "KDRealSpinOrbit_V1_A": 0.0125296522,
  "KDRealSpinOrbit_V2_0": 0.0063233846,
  "KDRealSpinOrbit_r_0": 1.2166458054,
  "KDRealSpinOrbit_r_A": 0.7965966459,
  "KDRealSpinOrbit_a_0": 0.6249384603,
  "KDImagSpinOrbit_W1_0": -6.2064512325,
  "KDImagSpinOrbit_W2_0": 273.6548256794,
  "KDImagVolume_W1_0_n": 19.755358066,
  "KDImagVolume_W1_A_n": 0.0024010597,
  "KDImagVolume_W1_0_p": 16.6149790195,
  "KDImagVolume_W1_A_p": 0.0382635428,
  "KDImagVolume_W2_0": 85.7356505302,
  "KDImagVolume_W2_A": 0.0539885742,
  "KDImagSurface_D1_0": 11.1482650265,
  "KDImagSurface_D1_asymm": 10.1992135644,
  "KDImagSurface_D2_0": -0.012463554,
  "KDImagSurface_D2_A": 0.0304678712,
  "KDImagSurface_D2_A2": 14.9867219089,
  "KDImagSurface_D2_A3": 126.9935144312,
  "KDImagSurface_D3_0": 9.4604809848,
  "KDImagSurface_r_0": 1.209823791,
  "KDImagSurface_r_A": -0.0067478521,
  "KDImagSurface_a_0_n": 0.4873282833,
  "KDImagSurface_a_A_n": -0.0004977543,
  "KDImagSurface_a_0_p": 0.4655791682,
  "KDImagSurface_a_A_p": 0.0004522604
}