{
  "KDHartreeFock_V1_0": 58.2022136442,
  "KDHartreeFock_V1_asymm": 13.5079925673,
  "KDHartreeFock_V1_A": 0.0229097188,
  "KDHartreeFock_V2_0_n": 0.0049862534,
  "KDHartreeFock_V2_A_n": -4.7667e-06,
  "KDHartreeFock_V3_0_n": -2.1279e-06,
  "KDHartreeFock_V3_A_n": 3.989e-07,
  "KDHartreeFock_V2_0_p": 0.0059077479,
  "KDHartreeFock_V2_A_p": 4.526e-07,
  "KDHartreeFock_V3_0_p": 1.7966e-06,
  "KDHartreeFock_V3_A_p": 1.7106e-06,
  "KDHartreeFock_V4_0": -2.1564e-06,
  "KDHartreeFock_r_0": 1.2941844122,
  "KDHartreeFock_r_A": 0.4703957503,
  "KDHartreeFock_a_0": 0.6999575371,
  "KDHartreeFock_a_A": -4.32458e-05,
  "KDCoulomb_r_C_0": 1.1212787821,
  "KDCoulomb_r_C_A": 0.7715806524,
  "KDCoulomb_r_C_A2": -13.8622432803,
  "KDRealSpinOrbit_V1_0": 6.0931521365,
  "KDRealSpinOrbit_V1_A": 0.0044890856,
  "KDRealSpinOrbit_V2_0": 0.0043628495,
  "KDRealSpinOrbit_r_0": 1.2124168039,
  "KDRealSpinOrbit_r_A": 0.8125868886,
  "KDRealSpinOrbit_a_0": 0.6492663396,
  "KDImagSpinOrbit_W1_0": -5.1980212505,
  "KDImagSpinOrbit_W2_0": 99.2833282425,
  "KDImagVolume_W1_0_n": 23.2862998461,
  "KDImagVolume_W1_A_n": 0.0069956841,
  "KDImagVolume_W1_0_p": 23.8665950583,
  "KDImagVolume_W1_A_p": 0.0116394899,
  "KDImagVolume_W2_0": 103.5480613513,
  "KDImagVolume_W2_A": 0.2121699516,
  "KDImagSurface_D1_0": 26.2256633199,
  "KDImagSurface_D1_asymm": 33.1105469283,
  "KDImagSurface_D2_0": 0.0179746522,
  "KDImagSurface_D2_A": 0.0164265846,
  "KDImagSurface_D2_A2": 18.1221924242,
  "KDImagSurface_D2_A3": 280.2524887654,
  "KDImagSurface_D3_0": 16.7244620005,
  "KDImagSurface_r_0": 1.4347466498,
  "KDImagSurface_r_A": 0.0376517016,
  "KDImagSurface_a_0_n": 0.4905470308,
  "KDImagSurface_a_A_n": -0.0006217589,
  "KDImagSurface_a_0_p": 0.4643958679,
  "KDImagSurface_a_A_p": 0.0004858359
}