{
  "KDHartreeFock_V1_0": 54.4092777005,
  "KDHartreeFock_V1_asymm": 14.7557191306,
  "KDHartreeFock_V1_A": 0.0087095539,
  "KDHartreeFock_V2_0_n": 0.0056315113,
  "KDHartreeFock_V2_A_n": -3.7115e-06,
  "KDHartreeFock_V3_0_n": 5.1251e-06,
  "KDHartreeFock_V3_A_n": -5.226e-07,
  "KDHartreeFock_V2_0_p": 0.0070064074,
  "KDHartreeFock_V2_A_p": 3.1312e-06,
  "KDHartreeFock_V3_0_p": 1.7591e-05,
  "KDHartreeFock_V3_A_p": 1.4921e-06,
  "KDHartreeFock_V4_0": 2.55e-07,
  "KDHartreeFock_r_0": 1.2664670434,
  "KDHartreeFock_r_A": 0.1776978605,
  "KDHartreeFock_a_0": 0.6542188169,
  "KDHartreeFock_a_A": -0.0001028444,
  "KDCoulomb_r_C_0": 1.2308181523,
  "KDCoulomb_r_C_A": 0.2056636811,
  "KDCoulomb_r_C_A2": -6.2364868659,
  "KDRealSpinOrbit_V1_0": 5.736120505,
  "KDRealSpinOrbit_V1_A": 0.0118943822,
  "KDRealSpinOrbit_V2_0": 0.0090658198,
  "KDRealSpinOrbit_r_0": 1.1683963049,
  "KDRealSpinOrbit_r_A": 0.4709059241,
  "KDRealSpinOrbit_a_0": 0.5748858266,
  "KDImagSpinOrbit_W1_0": -1.3225248345,
  "KDImagSpinOrbit_W2_0": 126.413852419,
  "KDImagVolume_W1_0_n": 20.1004281284,
  "KDImagVolume_W1_A_n": -0.0178732674,
  "KDImagVolume_W1_0_p": 15.1115791356,
  "KDImagVolume_W1_A_p": 0.0004295186,
  "KDImagVolume_W2_0": 117.931012998,
  "KDImagVolume_W2_A": -0.2770181984,
  "KDImagSurface_D1_0": 14.5948213939,
  "KDImagSurface_D1_asymm": 17.1890965948,
  "KDImagSurface_D2_0": 0.0415466428,
  "KDImagSurface_D2_A": -0.0167652792,
  "KDImagSurface_D2_A2": 11.3410372748,
  "KDImagSurface_D2_A3": 82.171526909,
  "KDImagSurface_D3_0": 13.5365730159,
  "KDImagSurface_r_0": 1.2273639079,
  "KDImagSurface_r_A": -0.0103795774,
  "KDImagSurface_a_0_n": 0.6068389974,
  "KDImagSurface_a_A_n": 0.0003664614,
  "KDImagSurface_a_0_p": 0.5503862277,
  "KDImagSurface_a_A_p": 0.0001590097
}