{
  "KDHartreeFock_V1_0": 59.0557123826,
  "KDHartreeFock_V1_asymm": 13.3400802869,
  "KDHartreeFock_V1_A": 0.0259681615,
  "KDHartreeFock_V2_0_n": 0.0069461633,
  "KDHartreeFock_V2_A_n": 5.1333e-06,
  "KDHartreeFock_V3_0_n": 2.20796e-05,
  "KDHartreeFock_V3_A_n": 1.6015e-06,
  "KDHartreeFock_V2_0_p": 0.0082512932,
  "KDHartreeFock_V2_A_p": -2.8032e-06,
  "KDHartreeFock_V3_0_p": 2.65709e-05,
  "KDHartreeFock_V3_A_p": 2.4155e-06,
  "KDHartreeFock_V4_0": 2.4235e-06,
  "KDHartreeFock_r_0": 1.2806805701,
  "KDHartreeFock_r_A": 0.4065088767,
  "KDHartreeFock_a_0": 0.6809355644,
  "KDHartreeFock_a_A": -0.0001857788,
  "KDCoulomb_r_C_0": 1.2681625837,
  "KDCoulomb_r_C_A": -0.0321380231,
  "KDCoulomb_r_C_A2": 15.1204157953,
  "KDRealSpinOrbit_V1_0": 5.9837910278,
  "KDRealSpinOrbit_V1_A": -0.0001534395,
  "KDRealSpinOrbit_V2_0": 0.0039737028,
  "KDRealSpinOrbit_r_0": 1.1723241426,
  "KDRealSpinOrbit_r_A": 0.6195379767,
  "KDRealSpinOrbit_a_0": 0.6046604487,
  "KDImagSpinOrbit_W1_0": -4.9207081755,
  "KDImagSpinOrbit_W2_0": 217.1243221082,
  "KDImagVolume_W1_0_n": 18.7096705578,
  "KDImagVolume_W1_A_n": 0.0059592824,
  "KDImagVolume_W1_0_p": 16.8362916747,
  "KDImagVolume_W1_A_p": 0.03524727,
  "KDImagVolume_W2_0": 87.0455320718,
  "KDImagVolume_W2_A": 0.1443381356,
  "KDImagSurface_D1_0": 23.9738419389,
  "KDImagSurface_D1_asymm": 24.0572498109,
  "KDImagSurface_D2_0": 0.0222165773,
  "KDImagSurface_D2_A": 0.0124636213,
  "KDImagSurface_D2_A2": 7.5131699195,
  "KDImagSurface_D2_A3": 190.1718874067,
  "KDImagSurface_D3_0": 15.5917679907,
  "KDImagSurface_r_0": 1.4237831504,
  "KDImagSurface_r_A": 0.030696421,
  "KDImagSurface_a_0_n": 0.5364250572,
  "KDImagSurface_a_A_n": -0.0002656944,
  "KDImagSurface_a_0_p": 0.4373264971,
  "KDImagSurface_a_A_p": 0.001813439
}