{
  "KDHartreeFock_V1_0": 59.2352794464,
  "KDHartreeFock_V1_asymm": 16.8432655594,
  "KDHartreeFock_V1_A": 0.0216626542,
  "KDHartreeFock_V2_0_n": 0.008426542,
  "KDHartreeFock_V2_A_n": 1.31325e-05,
  "KDHartreeFock_V3_0_n": 3.70137e-05,
  "KDHartreeFock_V3_A_n": -8.411e-07,
  "KDHartreeFock_V2_0_p": 0.0100574999,
  "KDHartreeFock_V2_A_p": -1.11386e-05,
  "KDHartreeFock_V3_0_p": 5.09067e-05,
  "KDHartreeFock_V3_A_p": 7.58e-07,
  "KDHartreeFock_V4_0": -1.8835e-06,
  "KDHartreeFock_r_0": 1.2461981777,
  "KDHartreeFock_r_A": 0.1895581099,
  "KDHartreeFock_a_0": 0.6643120271,
  "KDHartreeFock_a_A": 0.0001012189,
  "KDCoulomb_r_C_0": 1.1323957931,
  "KDCoulomb_r_C_A": 0.5724636607,
  "KDCoulomb_r_C_A2": 6.2997628027,
  "KDRealSpinOrbit_V1_0": 7.4089575093,
  "KDRealSpinOrbit_V1_A": -0.0046851097,
  "KDRealSpinOrbit_V2_0": 0.0113821557,
  "KDRealSpinOrbit_r_0": 1.1471324849,
  "KDRealSpinOrbit_r_A": 0.4999963808,
  "KDRealSpinOrbit_a_0": 0.5688572369,
  "KDImagSpinOrbit_W1_0": -2.1596225966,
  "KDImagSpinOrbit_W2_0": 33.7061179356,
  "KDImagVolume_W1_0_n": 25.080694641,
  "KDImagVolume_W1_A_n": 0.0491370055,
  "KDImagVolume_W1_0_p": 25.8994131531,
  "KDImagVolume_W1_A_p": 0.0152605319,
  "KDImagVolume_W2_0": 185.5022847621,
  "KDImagVolume_W2_A": -0.1395577243,
  "KDImagSurface_D1_0": 16.2121567647,
  "KDImagSurface_D1_asymm": 8.4787540744,
  "KDImagSurface_D2_0": 0.0116753975,
  "KDImagSurface_D2_A": -0.0002388924,
  "KDImagSurface_D2_A2": 13.8824734325,
  "KDImagSurface_D2_A3": 494.1501263038,
  "KDImagSurface_D3_0": 14.4501711958,
  "KDImagSurface_r_0": 1.4048684956,
  "KDImagSurface_r_A": 0.0382505444,
  "KDImagSurface_a_0_n": 0.5209948743,
  "KDImagSurface_a_A_n": -0.0007740864,
  "KDImagSurface_a_0_p": 0.4515373152,
  "KDImagSurface_a_A_p": 0.0025422566
}