{
  "KDHartreeFock_V1_0": 56.3674767692,
  "KDHartreeFock_V1_asymm": 10.1439311405,
  "KDHartreeFock_V1_A": 0.0242866954,
  "KDHartreeFock_V2_0_n": 0.0047696054,
  "KDHartreeFock_V2_A_n": -6.3648e-06,
  "KDHartreeFock_V3_0_n": -7.971e-07,
  "KDHartreeFock_V3_A_n": -1.607e-07,
  "KDHartreeFock_V2_0_p": 0.0062876363,
  "KDHartreeFock_V2_A_p": -1.3051e-06,
  "KDHartreeFock_V3_0_p": 9.6804e-06,
  "KDHartreeFock_V3_A_p": 7.242e-07,
  "KDHartreeFock_V4_0": -1.8168e-06,
  "KDHartreeFock_r_0": 1.3146618053,
  "KDHartreeFock_r_A": 0.4853105405,
  "KDHartreeFock_a_0": 0.7130506688,
  "KDHartreeFock_a_A": -2.3667e-05,
  "KDCoulomb_r_C_0": 1.2427493378,
  "KDCoulomb_r_C_A": 2.4244841805,
  "KDCoulomb_r_C_A2": 27.3252088453,
  "KDRealSpinOrbit_V1_0": 5.0905509736,
  "KDRealSpinOrbit_V1_A": 0.0123601614,
  "KDRealSpinOrbit_V2_0": 0.0057811083,
  "KDRealSpinOrbit_r_0": 1.3009925634,
  "KDRealSpinOrbit_r_A": 1.0055686308,
  "KDRealSpinOrbit_a_0": 0.5787340897,
  "KDImagSpinOrbit_W1_0": -1.8629912725,
  "KDImagSpinOrbit_W2_0": 352.8128848245,
  "KDImagVolume_W1_0_n": 14.8034885692,
  "KDImagVolume_W1_A_n": -0.0148959605,
  "KDImagVolume_W1_0_p": 15.9618162567,
  "KDImagVolume_W1_A_p": -0.0227843502,
  "KDImagVolume_W2_0": 77.7709441296,
  "KDImagVolume_W2_A": -0.0768423132,
  "KDImagSurface_D1_0": 18.9340107566,
  "KDImagSurface_D1_asymm": 21.3633328701,
  "KDImagSurface_D2_0": 0.0667634126,
  "KDImagSurface_D2_A": -0.0341497631,
  "KDImagSurface_D2_A2": 4.1946697357,
  "KDImagSurface_D2_A3": 128.8831188197,
  "KDImagSurface_D3_0": 10.4802785542,
  "KDImagSurface_r_0": 1.2963025613,
  "KDImagSurface_r_A": 0.0114656335,
  "KDImagSurface_a_0_n": 0.553925906,
  "KDImagSurface_a_A_n": 0.0005575318,
  "KDImagSurface_a_0_p": 0.5660305128,
  "KDImagSurface_a_A_p": 0.0004792102
}