{
  "KDHartreeFock_V1_0": 60.0516852984,
  "KDHartreeFock_V1_asymm": 12.1865319025,
  "KDHartreeFock_V1_A": 0.0320504266,
  "KDHartreeFock_V2_0_n": 0.0062024941,
  "KDHartreeFock_V2_A_n": -3.1738e-06,
  "KDHartreeFock_V3_0_n": 1.53957e-05,
  "KDHartreeFock_V3_A_n": 6.182e-07,
  "KDHartreeFock_V2_0_p": 0.0077728692,
  "KDHartreeFock_V2_A_p": -3.2496e-06,
  "KDHartreeFock_V3_0_p": 2.4585e-05,
  "KDHartreeFock_V3_A_p": 1.8054e-06,
  "KDHartreeFock_V4_0": 6.14e-08,
  "KDHartreeFock_r_0": 1.3201396686,
  "KDHartreeFock_r_A": 0.644985609,
  "KDHartreeFock_a_0": 0.6861778633,
  "KDHartreeFock_a_A": -0.0002057906,
  "KDCoulomb_r_C_0": 1.2407496451,
  "KDCoulomb_r_C_A": 1.16500253,
  "KDCoulomb_r_C_A2": 32.8409455313,
  "KDRealSpinOrbit_V1_0": 6.1035966092,
  "KDRealSpinOrbit_V1_A": -0.0014628099,
  "KDRealSpinOrbit_V2_0": 0.0067588808,
  "KDRealSpinOrbit_r_0": 1.3026901986,
  "KDRealSpinOrbit_r_A": 1.0929286823,
  "KDRealSpinOrbit_a_0": 0.5600902934,
  "KDImagSpinOrbit_W1_0": -4.5130826703,
  "KDImagSpinOrbit_W2_0": 185.3418193643,
  "KDImagVolume_W1_0_n": 20.5255899339,
  "KDImagVolume_W1_A_n": 0.0287266788,
  "KDImagVolume_W1_0_p": 21.198341418,
  "KDImagVolume_W1_A_p": 0.0213964545,
  "KDImagVolume_W2_0": 113.539542487,
  "KDImagVolume_W2_A": 0.0864534425,
  "KDImagSurface_D1_0": 11.4030864237,
  "KDImagSurface_D1_asymm": 4.69203448,
  "KDImagSurface_D2_0": 0.0143550796,
  "KDImagSurface_D2_A": 0.0020758447,
  "KDImagSurface_D2_A2": 18.3275018618,
  "KDImagSurface_D2_A3": 487.2432825704,
  "KDImagSurface_D3_0": 9.7319589701,
  "KDImagSurface_r_0": 1.4019904609,
  "KDImagSurface_r_A": 0.0259054715,
  "KDImagSurface_a_0_n": 0.5581458784,
  "KDImagSurface_a_A_n": -0.0001279587,
  "KDImagSurface_a_0_p": 0.5711704329,
  "KDImagSurface_a_A_p": 0.0015631789
}