{
  "KDHartreeFock_V1_0": 59.3221829497,
  "KDHartreeFock_V1_asymm": 16.8455176319,
  "KDHartreeFock_V1_A": 0.0311298726,
  "KDHartreeFock_V2_0_n": 0.0055775227,
  "KDHartreeFock_V2_A_n": 3.4564e-06,
  "KDHartreeFock_V3_0_n": -1.5526e-06,
  "KDHartreeFock_V3_A_n": 1.2827e-06,
  "KDHartreeFock_V2_0_p": 0.0073766438,
  "KDHartreeFock_V2_A_p": -5.3807e-06,
  "KDHartreeFock_V3_0_p": 1.02993e-05,
  "KDHartreeFock_V3_A_p": 3.0648e-06,
  "KDHartreeFock_V4_0": 7.35e-07,
  "KDHartreeFock_r_0": 1.2651827636,
  "KDHartreeFock_r_A": 0.3517892993,
  "KDHartreeFock_a_0": 0.6415722146,
  "KDHartreeFock_a_A": -0.000413649,
  "KDCoulomb_r_C_0": 0.9955368269,
  "KDCoulomb_r_C_A": 0.3359566123,
  "KDCoulomb_r_C_A2": 41.8410858393,
  "KDRealSpinOrbit_V1_0": 7.5215601669,
  "KDRealSpinOrbit_V1_A": -0.0131243377,
  "KDRealSpinOrbit_V2_0": 0.0057278974,
  "KDRealSpinOrbit_r_0": 1.2294441451,
  "KDRealSpinOrbit_r_A": 0.668083412,
  "KDRealSpinOrbit_a_0": 0.6369729986,
  "KDImagSpinOrbit_W1_0": -2.0396828731,
  "KDImagSpinOrbit_W2_0": 218.7599635409,
  "KDImagVolume_W1_0_n": 23.3294071571,
  "KDImagVolume_W1_A_n": 0.0017863081,
  "KDImagVolume_W1_0_p": 13.289922679,
  "KDImagVolume_W1_A_p": 0.0829810347,
  "KDImagVolume_W2_0": 96.6500017176,
  "KDImagVolume_W2_A": 0.2727485093,
  "KDImagSurface_D1_0": 11.1292374523,
  "KDImagSurface_D1_asymm": -8.1516193243,
  "KDImagSurface_D2_0": -0.024148208,
  "KDImagSurface_D2_A": 0.0476689835,
  "KDImagSurface_D2_A2": 8.0679429632,
  "KDImagSurface_D2_A3": -160.788235055,
  "KDImagSurface_D3_0": 8.4253640819,
  "KDImagSurface_r_0": 1.6194458135,
  "KDImagSurface_r_A": 0.0746177253,
  "KDImagSurface_a_0_n": 0.4393587307,
  "KDImagSurface_a_A_n": -0.0008786031,
  "KDImagSurface_a_0_p": 0.437022079,
  "KDImagSurface_a_A_p": 0.0025097816
}