{
  "KDHartreeFock_V1_0": 57.0011113209,
  "KDHartreeFock_V1_asymm": 3.1875608295,
  "KDHartreeFock_V1_A": 0.0453543472,
  "KDHartreeFock_V2_0_n": 0.004847983,
  "KDHartreeFock_V2_A_n": 2.4029e-06,
  "KDHartreeFock_V3_0_n": -2.686e-06,
  "KDHartreeFock_V3_A_n": 1.0208e-06,
  "KDHartreeFock_V2_0_p": 0.0045743462,
  "KDHartreeFock_V2_A_p": 1.35113e-05,
  "KDHartreeFock_V3_0_p": -1.523e-07,
  "KDHartreeFock_V3_A_p": 1.2626e-06,
  "KDHartreeFock_V4_0": -7.003e-07,
  "KDHartreeFock_r_0": 1.3526363594,
  "KDHartreeFock_r_A": 0.6515746861,
  "KDHartreeFock_a_0": 0.6955472671,
  "KDHartreeFock_a_A": 0.0001700076,
  "KDCoulomb_r_C_0": 1.282527227,
  "KDCoulomb_r_C_A": 1.6523309654,
  "KDCoulomb_r_C_A2": 33.5093423307,
  "KDRealSpinOrbit_V1_0": 6.2109923178,
  "KDRealSpinOrbit_V1_A": 0.0076105951,
  "KDRealSpinOrbit_V2_0": 0.0072923947,
  "KDRealSpinOrbit_r_0": 1.2265547781,
  "KDRealSpinOrbit_r_A": 0.6503022155,
  "KDRealSpinOrbit_a_0": 0.5870053612,
  "KDImagSpinOrbit_W1_0": -6.519436489,
  "KDImagSpinOrbit_W2_0": 455.9640365952,
  "KDImagVolume_W1_0_n": 29.2124472808,
  "KDImagVolume_W1_A_n": -0.0706365605,
  "KDImagVolume_W1_0_p": 22.4548793165,
  "KDImagVolume_W1_A_p": -0.0755443232,
  "KDImagVolume_W2_0": 110.1340074177,
  "KDImagVolume_W2_A": -0.2758056489,
  "KDImagSurface_D1_0": 14.1325298539,
  "KDImagSurface_D1_asymm": -12.1228314556,
  "KDImagSurface_D2_0": -0.0420167476,
  "KDImagSurface_D2_A": 0.0712886265,
  "KDImagSurface_D2_A2": 11.302680898,
  "KDImagSurface_D2_A3": 398.7809127166,
  "KDImagSurface_D3_0": 12.3979636198,
  "KDImagSurface_r_0": 1.3842602738,
  "KDImagSurface_r_A": 0.0282144635,
  "KDImagSurface_a_0_n": 0.569865948,
  "KDImagSurface_a_A_n": 0.0001690405,
  "KDImagSurface_a_0_p": 0.4544734307,
  "KDImagSurface_a_A_p": 0.0033657217
}