{
  "KDHartreeFock_V1_0": 55.4869789411,
  "KDHartreeFock_V1_asymm": 12.9443943163,
  "KDHartreeFock_V1_A": 0.0239741139,
  "KDHartreeFock_V2_0_n": 0.0061569798,
  "KDHartreeFock_V2_A_n": 1.08324e-05,
  "KDHartreeFock_V3_0_n": 1.02834e-05,
  "KDHartreeFock_V3_A_n": -8.387e-07,
  "KDHartreeFock_V2_0_p": 0.0073108422,
  "KDHartreeFock_V2_A_p": 3.2525e-06,
  "KDHartreeFock_V3_0_p": 1.52645e-05,
  "KDHartreeFock_V3_A_p": 7.032e-07,
  "KDHartreeFock_V4_0": -1.338e-07,
  "KDHartreeFock_r_0": 1.2806198871,
  "KDHartreeFock_r_A": 0.2993043083,
  "KDHartreeFock_a_0": 0.6424995422,
  "KDHartreeFock_a_A": -0.0002869192,
  "KDCoulomb_r_C_0": 1.1974394466,
  "KDCoulomb_r_C_A": 2.2007729313,
  "KDCoulomb_r_C_A2": 4.0526444113,
  "KDRealSpinOrbit_V1_0": 3.8885753308,
  "KDRealSpinOrbit_V1_A": 0.0231499847,
  "KDRealSpinOrbit_V2_0": 0.0055382356,
  "KDRealSpinOrbit_r_0": 1.3975086503,
  "KDRealSpinOrbit_r_A": 1.3246756777,
  "KDRealSpinOrbit_a_0": 0.5490453345,
  "KDImagSpinOrbit_W1_0": -2.1539777446,
  "KDImagSpinOrbit_W2_0": 127.907184309,
  "KDImagVolume_W1_0_n": 14.9869971264,
  "KDImagVolume_W1_A_n": 0.0512404643,
  "KDImagVolume_W1_0_p": 9.1074424619,
  "KDImagVolume_W1_A_p": 0.1088724402,
  "KDImagVolume_W2_0": 77.2354091243,
  "KDImagVolume_W2_A": 0.3886479559,
  "KDImagSurface_D1_0": 16.8883253508,
  "KDImagSurface_D1_asymm": 20.7488332379,
  "KDImagSurface_D2_0": 0.0329808804,
  "KDImagSurface_D2_A": -0.0090080096,
  "KDImagSurface_D2_A2": 10.5531362855,
  "KDImagSurface_D2_A3": 207.0031264544,
  "KDImagSurface_D3_0": 13.2700167707,
  "KDImagSurface_r_0": 1.3866758562,
  "KDImagSurface_r_A": 0.0174950294,
  "KDImagSurface_a_0_n": 0.5199091751,
  "KDImagSurface_a_A_n": -0.0004260734,
  "KDImagSurface_a_0_p": 0.4747487531,
  "KDImagSurface_a_A_p": 0.0012125082
}