{
  "KDHartreeFock_V1_0": 57.2757300015,
  "KDHartreeFock_V1_asymm": 7.4102970612,
  "KDHartreeFock_V1_A": 0.0233880189,
  "KDHartreeFock_V2_0_n": 0.0073932641,
  "KDHartreeFock_V2_A_n": 4.2391e-06,
  "KDHartreeFock_V3_0_n": 2.02649e-05,
  "KDHartreeFock_V3_A_n": -2.6243e-06,
  "KDHartreeFock_V2_0_p": 0.0078870666,
  "KDHartreeFock_V2_A_p": -2.7583e-06,
  "KDHartreeFock_V3_0_p": 2.57426e-05,
  "KDHartreeFock_V3_A_p": 4.533e-07,
  "KDHartreeFock_V4_0": 4.534e-07,
  "KDHartreeFock_r_0": 1.2464585973,
  "KDHartreeFock_r_A": 0.2428984072,
  "KDHartreeFock_a_0": 0.6583323919,
  "KDHartreeFock_a_A": -0.0004229733,
  "KDCoulomb_r_C_0": 1.1581030725,
  "KDCoulomb_r_C_A": 0.6634561544,
  "KDCoulomb_r_C_A2": 32.2526815468,
  "KDRealSpinOrbit_V1_0": 5.1393405325,
  "KDRealSpinOrbit_V1_A": -0.001476825,
  "KDRealSpinOrbit_V2_0": -0.0020668083,
  "KDRealSpinOrbit_r_0": 1.1739234607,
  "KDRealSpinOrbit_r_A": 0.6720744007,
  "KDRealSpinOrbit_a_0": 0.6378889115,
  "KDImagSpinOrbit_W1_0": -1.0387650518,
  "KDImagSpinOrbit_W2_0": 114.9953998122,
  "KDImagVolume_W1_0_n": 22.2726708166,
  "KDImagVolume_W1_A_n": -0.0293438137,
  "KDImagVolume_W1_0_p": 23.418111956,
  "KDImagVolume_W1_A_p": -0.0289096213,
  "KDImagVolume_W2_0": 118.9907854965,
  "KDImagVolume_W2_A": -0.0940624525,
  "KDImagSurface_D1_0": 19.0970371508,
  "KDImagSurface_D1_asymm": 7.5919679065,
  "KDImagSurface_D2_0": 0.0218806609,
  "KDImagSurface_D2_A": 0.0059479545,
  "KDImagSurface_D2_A2": 18.9962343118,
  "KDImagSurface_D2_A3": 240.5343576801,
  "KDImagSurface_D3_0": 15.1818007006,
  "KDImagSurface_r_0": 1.3261483716,
  "KDImagSurface_r_A": 0.0134094972,
  "KDImagSurface_a_0_n": 0.5615644228,
  "KDImagSurface_a_A_n": -0.0003509337,
  "KDImagSurface_a_0_p": 0.486862645,
  "KDImagSurface_a_A_p": 0.0024623651
}