{
  "KDHartreeFock_V1_0": 58.2422359799,
  "KDHartreeFock_V1_asymm": 5.6004930772,
  "KDHartreeFock_V1_A": 0.0403921756,
  "KDHartreeFock_V2_0_n": 0.0065049273,
  "KDHartreeFock_V2_A_n": 2.2816e-06,
  "KDHartreeFock_V3_0_n": 9.3411e-06,
  "KDHartreeFock_V3_A_n": 9.209e-07,
  "KDHartreeFock_V2_0_p": 0.0063890729,
  "KDHartreeFock_V2_A_p": 4.8997e-06,
  "KDHartreeFock_V3_0_p": 1.24624e-05,
  "KDHartreeFock_V3_A_p": 1.2394e-06,
  "KDHartreeFock_V4_0": 5.914e-07,
  "KDHartreeFock_r_0": 1.3669342484,
  "KDHartreeFock_r_A": 0.7085753253,
  "KDHartreeFock_a_0": 0.7221582445,
  "KDHartreeFock_a_A": 0.0003615771,
  "KDCoulomb_r_C_0": 1.187584365,
  "KDCoulomb_r_C_A": 0.3798353504,
  "KDCoulomb_r_C_A2": -4.4228672068,
  "KDRealSpinOrbit_V1_0": 5.503982864,
  "KDRealSpinOrbit_V1_A": 0.0010211219,
  "KDRealSpinOrbit_V2_0": 0.0025037892,
  "KDRealSpinOrbit_r_0": 1.2386534987,
  "KDRealSpinOrbit_r_A": 0.9599984533,
  "KDRealSpinOrbit_a_0": 0.633699058,
  "KDImagSpinOrbit_W1_0": -3.2979834109,
  "KDImagSpinOrbit_W2_0": 423.5235099913,
  "KDImagVolume_W1_0_n": 17.5054069758,
  "KDImagVolume_W1_A_n": -0.0181837393,
  "KDImagVolume_W1_0_p": 13.6701369446,
  "KDImagVolume_W1_A_p": -0.0510139862,
  "KDImagVolume_W2_0": 22.0778503126,
  "KDImagVolume_W2_A": 0.1304634554,
  "KDImagSurface_D1_0": 19.0017695114,
  "KDImagSurface_D1_asymm": 10.625926372,
  "KDImagSurface_D2_0": 0.0176841929,
  "KDImagSurface_D2_A": 0.0104189189,
  "KDImagSurface_D2_A2": 8.3847012262,
  "KDImagSurface_D2_A3": 144.7742057579,
  "KDImagSurface_D3_0": 14.0649319625,
  "KDImagSurface_r_0": 1.300136895,
  "KDImagSurface_r_A": 0.008894955,
  "KDImagSurface_a_0_n": 0.5308761584,
  "KDImagSurface_a_A_n": -0.0003240269,
  "KDImagSurface_a_0_p": 0.4718372809,
  "KDImagSurface_a_A_p": 0.0029466842
}