{
  "KDHartreeFock_V1_0": 60.8539736703,
  "KDHartreeFock_V1_asymm": 17.0708441068,
  "KDHartreeFock_V1_A": 0.0303468659,
  "KDHartreeFock_V2_0_n": 0.0065138716,
  "KDHartreeFock_V2_A_n": 6.5543e-06,
  "KDHartreeFock_V3_0_n": 1.87524e-05,
  "KDHartreeFock_V3_A_n": -1.156e-06,
  "KDHartreeFock_V2_0_p": 0.0072111854,
  "KDHartreeFock_V2_A_p": -3.736e-07,
  "KDHartreeFock_V3_0_p": 1.88805e-05,
  "KDHartreeFock_V3_A_p": -1.353e-06,
  "KDHartreeFock_V4_0": -6.388e-07,
  "KDHartreeFock_r_0": 1.2448210606,
  "KDHartreeFock_r_A": 0.3399659508,
  "KDHartreeFock_a_0": 0.6898808339,
  "KDHartreeFock_a_A": -0.0002927886,
  "KDCoulomb_r_C_0": 1.2234387254,
  "KDCoulomb_r_C_A": 1.0090152413,
  "KDCoulomb_r_C_A2": 21.7889120925,
  "KDRealSpinOrbit_V1_0": 7.603861483,
  "KDRealSpinOrbit_V1_A": 0.0057415848,
  "KDRealSpinOrbit_V2_0": 0.0148556082,
  "KDRealSpinOrbit_r_0": 1.2627664062,
  "KDRealSpinOrbit_r_A": 0.8551355016,
  "KDRealSpinOrbit_a_0": 0.5658378736,
  "KDImagSpinOrbit_W1_0": -2.2940687029,
  "KDImagSpinOrbit_W2_0": 213.6716609423,
  "KDImagVolume_W1_0_n": 18.544736702,
  "KDImagVolume_W1_A_n": 0.0109204588,
  "KDImagVolume_W1_0_p": 18.8454836213,
  "KDImagVolume_W1_A_p": 0.0314487856,
  "KDImagVolume_W2_0": 99.7199382334,
  "KDImagVolume_W2_A": -0.0722663079,
  "KDImagSurface_D1_0": 22.4101058594,
  "KDImagSurface_D1_asymm": 13.1920116257,
  "KDImagSurface_D2_0": 0.0009542619,
  "KDImagSurface_D2_A": 0.0266531544,
  "KDImagSurface_D2_A2": 5.784931126,
  "KDImagSurface_D2_A3": 360.5218945578,
  "KDImagSurface_D3_0": 16.6539832151,
  "KDImagSurface_r_0": 1.4612550847,
  "KDImagSurface_r_A": 0.0439648443,
  "KDImagSurface_a_0_n": 0.53597556,
  "KDImagSurface_a_A_n": -0.0006316497,
  "KDImagSurface_a_0_p": 0.490294601,
  "KDImagSurface_a_A_p": 0.0017026301
}