{
  "KDHartreeFock_V1_0": 58.2613135311,
  "KDHartreeFock_V1_asymm": 18.5897110005,
  "KDHartreeFock_V1_A": 0.0183357308,
  "KDHartreeFock_V2_0_n": 0.0064637833,
  "KDHartreeFock_V2_A_n": 3.6528e-06,
  "KDHartreeFock_V3_0_n": 4.4349e-06,
  "KDHartreeFock_V3_A_n": 2.5523e-06,
  "KDHartreeFock_V2_0_p": 0.0056695402,
  "KDHartreeFock_V2_A_p": 4.9688e-06,
  "KDHartreeFock_V3_0_p": -4.636e-07,
  "KDHartreeFock_V3_A_p": 1.9117e-06,
  "KDHartreeFock_V4_0": -1.3001e-06,
  "KDHartreeFock_r_0": 1.2371531261,
  "KDHartreeFock_r_A": 0.2277745982,
  "KDHartreeFock_a_0": 0.668584232,
  "KDHartreeFock_a_A": -0.0002503861,
  "KDCoulomb_r_C_0": 1.1206490583,
  "KDCoulomb_r_C_A": 1.5728119284,
  "KDCoulomb_r_C_A2": 15.409502901,
  "KDRealSpinOrbit_V1_0": 7.6945638563,
  "KDRealSpinOrbit_V1_A": -0.0090992221,
  "KDRealSpinOrbit_V2_0": 0.0043502488,
  "KDRealSpinOrbit_r_0": 1.2201458336,
  "KDRealSpinOrbit_r_A": 0.6492717276,
  "KDRealSpinOrbit_a_0": 0.6039601718,
  "KDImagSpinOrbit_W1_0": -2.3741539363,
  "KDImagSpinOrbit_W2_0": 188.5995839179,
  "KDImagVolume_W1_0_n": 19.1553955929,
  "KDImagVolume_W1_A_n": -0.017565744,
  "KDImagVolume_W1_0_p": 10.5391536429,
  "KDImagVolume_W1_A_p": 0.0468451305,
  "KDImagVolume_W2_0": 70.8504311952,
  "KDImagVolume_W2_A": 0.0229184987,
  "KDImagSurface_D1_0": 15.5807248354,
  "KDImagSurface_D1_asymm": 10.4389757912,
  "KDImagSurface_D2_0": 0.0709304824,
  "KDImagSurface_D2_A": -0.0466008219,
  "KDImagSurface_D2_A2": 4.7065235887,
  "KDImagSurface_D2_A3": -21.3097327648,
  "KDImagSurface_D3_0": 14.7532599227,
  "KDImagSurface_r_0": 1.4682226088,
  "KDImagSurface_r_A": 0.0402995296,
  "KDImagSurface_a_0_n": 0.5473681704,
  "KDImagSurface_a_A_n": -0.0001822651,
  "KDImagSurface_a_0_p": 0.4815929537,
  "KDImagSurface_a_A_p": 0.0009888314
}