{
  "KDHartreeFock_V1_0": 60.671007823,
  "KDHartreeFock_V1_asymm": 23.423054426,
  "KDHartreeFock_V1_A": 0.0200136151,
  "KDHartreeFock_V2_0_n": 0.0076721884,
  "KDHartreeFock_V2_A_n": 9.375e-06,
  "KDHartreeFock_V3_0_n": 2.10348e-05,
  "KDHartreeFock_V3_A_n": -2.9506e-06,
  "KDHartreeFock_V2_0_p": 0.007181132,
  "KDHartreeFock_V2_A_p": 2.8163e-06,
  "KDHartreeFock_V3_0_p": 2.16502e-05,
  "KDHartreeFock_V3_A_p": -1.7288e-06,
  "KDHartreeFock_V4_0": 4.556e-07,
  "KDHartreeFock_r_0": 1.2672572934,
  "KDHartreeFock_r_A": 0.3812569039,
  "KDHartreeFock_a_0": 0.7489103353,
  "KDHartreeFock_a_A": 0.0002417108,
  "KDCoulomb_r_C_0": 1.1462667923,
  "KDCoulomb_r_C_A": -0.4972880004,
  "KDCoulomb_r_C_A2": 8.8742323128,
  "KDRealSpinOrbit_V1_0": 8.0662995998,
  "KDRealSpinOrbit_V1_A": -0.0158280104,
  "KDRealSpinOrbit_V2_0": 0.0075729621,
  "KDRealSpinOrbit_r_0": 1.1911504267,
  "KDRealSpinOrbit_r_A": 0.8307883801,
  "KDRealSpinOrbit_a_0": 0.5930079998,
  "KDImagSpinOrbit_W1_0": -4.5345537252,
  "KDImagSpinOrbit_W2_0": 134.6160874372,
  "KDImagVolume_W1_0_n": 22.5107821265,
  "KDImagVolume_W1_A_n": -0.0040326165,
  "KDImagVolume_W1_0_p": 22.7349754856,
  "KDImagVolume_W1_A_p": 0.0845311706,
  "KDImagVolume_W2_0": 138.0933660624,
  "KDImagVolume_W2_A": -0.1162547697,
  "KDImagSurface_D1_0": 20.0027976416,
  "KDImagSurface_D1_asymm": 8.3611206993,
  "KDImagSurface_D2_0": 0.0713458546,
  "KDImagSurface_D2_A": -0.0400796251,
  "KDImagSurface_D2_A2": -0.4069547851,
  "KDImagSurface_D2_A3": 54.2777238828,
  "KDImagSurface_D3_0": 12.940386134,
  "KDImagSurface_r_0": 1.4646390597,
  "KDImagSurface_r_A": 0.0589026537,
  "KDImagSurface_a_0_n": 0.5539923671,
  "KDImagSurface_a_A_n": -0.0003030682,
  "KDImagSurface_a_0_p": 0.5078165648,
  "KDImagSurface_a_A_p": 0.0016224853
}