{
  "KDHartreeFock_V1_0": 58.5070670953,
  "KDHartreeFock_V1_asymm": 12.7348352086,
  "KDHartreeFock_V1_A": 0.0333248369,
  "KDHartreeFock_V2_0_n": 0.0052222006,
  "KDHartreeFock_V2_A_n": 2.1277e-06,
  "KDHartreeFock_V3_0_n": 2.2865e-06,
  "KDHartreeFock_V3_A_n": -4.646e-07,
  "KDHartreeFock_V2_0_p": 0.005124331,
  "KDHartreeFock_V2_A_p": 8.828e-06,
  "KDHartreeFock_V3_0_p": 5.951e-06,
  "KDHartreeFock_V3_A_p": 7.285e-07,
  "KDHartreeFock_V4_0": 2.0645e-06,
  "KDHartreeFock_r_0": 1.3172547729,
  "KDHartreeFock_r_A": 0.560725659,
  "KDHartreeFock_a_0": 0.697653674,
  "KDHartreeFock_a_A": 5.83327e-05,
  "KDCoulomb_r_C_0": 1.184841168,
  "KDCoulomb_r_C_A": 1.0756748393,
  "KDCoulomb_r_C_A2": 13.7632904245,
  "KDRealSpinOrbit_V1_0": 4.8105164123,
  "KDRealSpinOrbit_V1_A": 0.0202862062,
  "KDRealSpinOrbit_V2_0": 0.009301916,
  "KDRealSpinOrbit_r_0": 1.1820808508,
  "KDRealSpinOrbit_r_A": 0.533282855,
  "KDRealSpinOrbit_a_0": 0.6032998922,
  "KDImagSpinOrbit_W1_0": -4.3376234607,
  "KDImagSpinOrbit_W2_0": 209.6086328105,
  "KDImagVolume_W1_0_n": 23.9630857266,
  "KDImagVolume_W1_A_n": -0.0005247616,
  "KDImagVolume_W1_0_p": 17.7705944996,
  "KDImagVolume_W1_A_p": 0.0479378265,
  "KDImagVolume_W2_0": 123.4449190404,
  "KDImagVolume_W2_A": -0.2504561777,
  "KDImagSurface_D1_0": 20.3039056874,
  "KDImagSurface_D1_asymm": 22.0940024515,
  "KDImagSurface_D2_0": 0.0764168489,
  "KDImagSurface_D2_A": -0.0518798648,
  "KDImagSurface_D2_A2": 5.9230389771,
  "KDImagSurface_D2_A3": 334.0026033652,
  "KDImagSurface_D3_0": 13.7650961169,
  "KDImagSurface_r_0": 1.4185796045,
  "KDImagSurface_r_A": 0.0286515046,
  "KDImagSurface_a_0_n": 0.5163649989,
  "KDImagSurface_a_A_n": -0.0004876018,
  "KDImagSurface_a_0_p": 0.5185060364,
  "KDImagSurface_a_A_p": 0.0008123351
}