{
  "KDHartreeFock_V1_0": 58.8458434226,
  "KDHartreeFock_V1_asymm": 17.3489125248,
  "KDHartreeFock_V1_A": 0.0275013981,
  "KDHartreeFock_V2_0_n": 0.0046982911,
  "KDHartreeFock_V2_A_n": -3.5131e-06,
  "KDHartreeFock_V3_0_n": -5.022e-06,
  "KDHartreeFock_V3_A_n": 1.5082e-06,
  "KDHartreeFock_V2_0_p": 0.0057768477,
  "KDHartreeFock_V2_A_p": 9.8248e-06,
  "KDHartreeFock_V3_0_p": 8.111e-07,
  "KDHartreeFock_V3_A_p": -5.854e-07,
  "KDHartreeFock_V4_0": -2.531e-07,
  "KDHartreeFock_r_0": 1.271676139,
  "KDHartreeFock_r_A": 0.4353298283,
  "KDHartreeFock_a_0": 0.6928602878,
  "KDHartreeFock_a_A": -0.0001821991,
  "KDCoulomb_r_C_0": 1.2038813998,
  "KDCoulomb_r_C_A": 0.2724003295,
  "KDCoulomb_r_C_A2": -1.7673991106,
  "KDRealSpinOrbit_V1_0": 5.9319331745,
  "KDRealSpinOrbit_V1_A": -0.0116171469,
  "KDRealSpinOrbit_V2_0": 0.0009209811,
  "KDRealSpinOrbit_r_0": 1.3419893523,
  "KDRealSpinOrbit_r_A": 1.3804724181,
  "KDRealSpinOrbit_a_0": 0.613024863,
  "KDImagSpinOrbit_W1_0": -5.2151134847,
  "KDImagSpinOrbit_W2_0": 235.430131129,
  "KDImagVolume_W1_0_n": 22.1829763012,
  "KDImagVolume_W1_A_n": 0.0225980681,
  "KDImagVolume_W1_0_p": 21.5461804945,
  "KDImagVolume_W1_A_p": 0.0560364968,
  "KDImagVolume_W2_0": 97.7446775776,
  "KDImagVolume_W2_A": 0.2268541226,
  "KDImagSurface_D1_0": 6.7273037692,
  "KDImagSurface_D1_asymm": 8.8774073808,
  "KDImagSurface_D2_0": 0.0126292199,
  "KDImagSurface_D2_A": 0.0115773363,
  "KDImagSurface_D2_A2": 15.3751938773,
  "KDImagSurface_D2_A3": 100.9623585995,
  "KDImagSurface_D3_0": 7.8819985433,
  "KDImagSurface_r_0": 1.3937107727,
  "KDImagSurface_r_A": 0.0260189953,
  "KDImagSurface_a_0_n": 0.5223638905,
  "KDImagSurface_a_A_n": -0.0007388561,
  "KDImagSurface_a_0_p": 0.5091058617,
  "KDImagSurface_a_A_p": 0.0015244381
}