{
  "KDHartreeFock_V1_0": 56.5980731065,
  "KDHartreeFock_V1_asymm": 14.8868433135,
  "KDHartreeFock_V1_A": 0.0172353885,
  "KDHartreeFock_V2_0_n": 0.004998592,
  "KDHartreeFock_V2_A_n": 9.804e-07,
  "KDHartreeFock_V3_0_n": -2.12e-08,
  "KDHartreeFock_V3_A_n": -2.548e-07,
  "KDHartreeFock_V2_0_p": 0.0055374285,
  "KDHartreeFock_V2_A_p": 8.1957e-06,
  "KDHartreeFock_V3_0_p": 2.8698e-06,
  "KDHartreeFock_V3_A_p": 1.9339e-06,
  "KDHartreeFock_V4_0": -6.757e-07,
  "KDHartreeFock_r_0": 1.27494081,
  "KDHartreeFock_r_A": 0.4168758634,
  "KDHartreeFock_a_0": 0.7185395412,
  "KDHartreeFock_a_A": -7.16251e-05,
  "KDCoulomb_r_C_0": 1.0734081045,
  "KDCoulomb_r_C_A": 0.7345764748,
  "KDCoulomb_r_C_A2": 0.9566511401,
  "KDRealSpinOrbit_V1_0": 5.7594916247,
  "KDRealSpinOrbit_V1_A": -0.0004613867,
  "KDRealSpinOrbit_V2_0": 0.003267359,
  "KDRealSpinOrbit_r_0": 1.2177260952,
  "KDRealSpinOrbit_r_A": 0.6709552622,
  "KDRealSpinOrbit_a_0": 0.6543804456,
  "KDImagSpinOrbit_W1_0": -5.0849595898,
  "KDImagSpinOrbit_W2_0": 419.6484686585,
  "KDImagVolume_W1_0_n": 25.8255458445,
  "KDImagVolume_W1_A_n": -0.0049592227,
  "KDImagVolume_W1_0_p": 23.483036192,
  "KDImagVolume_W1_A_p": 0.0185118141,
  "KDImagVolume_W2_0": 128.3849016256,
  "KDImagVolume_W2_A": -0.1219507473,
  "KDImagSurface_D1_0": 23.7084798793,
  "KDImagSurface_D1_asymm": 8.5047414541,
  "KDImagSurface_D2_0": 0.0091459938,
  "KDImagSurface_D2_A": 0.0273754633,
  "KDImagSurface_D2_A2": 15.6910057326,
  "KDImagSurface_D2_A3": 539.6279664826,
  "KDImagSurface_D3_0": 17.2707561243,
  "KDImagSurface_r_0": 1.4322400957,
  "KDImagSurface_r_A": 0.0297715675,
  "KDImagSurface_a_0_n": 0.5239838932,
  "KDImagSurface_a_A_n": -0.000114967,
  "KDImagSurface_a_0_p": 0.5374758865,
  "KDImagSurface_a_A_p": 0.0011127102
}