{
  "KDHartreeFock_V1_0": 59.3727135096,
  "KDHartreeFock_V1_asymm": 17.5594799192,
  "KDHartreeFock_V1_A": 0.0196947418,
  "KDHartreeFock_V2_0_n": 0.0065184395,
  "KDHartreeFock_V2_A_n": 5.503e-06,
  "KDHartreeFock_V3_0_n": 1.13646e-05,
  "KDHartreeFock_V3_A_n": -1.5691e-06,
  "KDHartreeFock_V2_0_p": 0.0079368302,
  "KDHartreeFock_V2_A_p": -2.6426e-06,
  "KDHartreeFock_V3_0_p": 2.22545e-05,
  "KDHartreeFock_V3_A_p": 1.696e-07,
  "KDHartreeFock_V4_0": 1.239e-07,
  "KDHartreeFock_r_0": 1.2223263977,
  "KDHartreeFock_r_A": 0.179055014,
  "KDHartreeFock_a_0": 0.6641674503,
  "KDHartreeFock_a_A": -0.0005345595,
  "KDCoulomb_r_C_0": 1.1494981554,
  "KDCoulomb_r_C_A": 1.6821722417,
  "KDCoulomb_r_C_A2": 31.1382074552,
  "KDRealSpinOrbit_V1_0": 7.3078431661,
  "KDRealSpinOrbit_V1_A": -0.0103057632,
  "KDRealSpinOrbit_V2_0": 0.0063457739,
  "KDRealSpinOrbit_r_0": 1.2393173873,
  "KDRealSpinOrbit_r_A": 0.7975749343,
  "KDRealSpinOrbit_a_0": 0.5937334425,
  "KDImagSpinOrbit_W1_0": -4.4225629938,
  "KDImagSpinOrbit_W2_0": 340.7623405077,
  "KDImagVolume_W1_0_n": 21.5648495828,
  "KDImagVolume_W1_A_n": -0.0104779186,
  "KDImagVolume_W1_0_p": 13.5186959541,
  "KDImagVolume_W1_A_p": 0.0415756416,
  "KDImagVolume_W2_0": 78.7413711886,
  "KDImagVolume_W2_A": 0.0540934271,
  "KDImagSurface_D1_0": 21.407618139,
  "KDImagSurface_D1_asymm": 9.1316030867,
  "KDImagSurface_D2_0": 0.053230698,
  "KDImagSurface_D2_A": -0.0283413157,
  "KDImagSurface_D2_A2": 6.8654581217,
  "KDImagSurface_D2_A3": 386.7071206323,
  "KDImagSurface_D3_0": 15.6931900402,
  "KDImagSurface_r_0": 1.3389789793,
  "KDImagSurface_r_A": 0.0104413005,
  "KDImagSurface_a_0_n": 0.5370045595,
  "KDImagSurface_a_A_n": 0.0002246361,
  "KDImagSurface_a_0_p": 0.4992550983,
  "KDImagSurface_a_A_p": 0.000892183
}