{
  "KDHartreeFock_V1_0": 61.1121792326,
  "KDHartreeFock_V1_asymm": 20.007947555,
  "KDHartreeFock_V1_A": 0.0315291823,
  "KDHartreeFock_V2_0_n": 0.0063672766,
  "KDHartreeFock_V2_A_n": -2.0933e-06,
  "KDHartreeFock_V3_0_n": 1.54007e-05,
  "KDHartreeFock_V3_A_n": -7.134e-07,
  "KDHartreeFock_V2_0_p": 0.0070893211,
  "KDHartreeFock_V2_A_p": 4.269e-06,
  "KDHartreeFock_V3_0_p": 2.49614e-05,
  "KDHartreeFock_V3_A_p": -1.0968e-06,
  "KDHartreeFock_V4_0": -1.1884e-06,
  "KDHartreeFock_r_0": 1.3411798466,
  "KDHartreeFock_r_A": 0.6944006896,
  "KDHartreeFock_a_0": 0.7265470068,
  "KDHartreeFock_a_A": 0.0007102283,
  "KDCoulomb_r_C_0": 1.1234287379,
  "KDCoulomb_r_C_A": 0.5733357623,
  "KDCoulomb_r_C_A2": 21.2028524187,
  "KDRealSpinOrbit_V1_0": 7.9093381927,
  "KDRealSpinOrbit_V1_A": 0.0045846708,
  "KDRealSpinOrbit_V2_0": 0.0088061497,
  "KDRealSpinOrbit_r_0": 1.1201075089,
  "KDRealSpinOrbit_r_A": 0.5302573136,
  "KDRealSpinOrbit_a_0": 0.6382078562,
  "KDImagSpinOrbit_W1_0": -4.7601643519,
  "KDImagSpinOrbit_W2_0": 161.0004626366,
  "KDImagVolume_W1_0_n": 26.4883825387,
  "KDImagVolume_W1_A_n": -0.0449280168,
  "KDImagVolume_W1_0_p": 25.9453274386,
  "KDImagVolume_W1_A_p": 0.0087749705,
  "KDImagVolume_W2_0": 147.1654906307,
  "KDImagVolume_W2_A": -0.297360854,
  "KDImagSurface_D1_0": 18.295338767,
  "KDImagSurface_D1_asymm": 17.9356204254,
  "KDImagSurface_D2_0": 0.0057628202,
  "KDImagSurface_D2_A": 0.0165765818,
  "KDImagSurface_D2_A2": 6.8549396192,
  "KDImagSurface_D2_A3": 287.2237772715,
  "KDImagSurface_D3_0": 15.2639863861,
  "KDImagSurface_r_0": 1.3452488553,
  "KDImagSurface_r_A": 0.0239422426,
  "KDImagSurface_a_0_n": 0.5797150646,
  "KDImagSurface_a_A_n": -0.0003138599,
  "KDImagSurface_a_0_p": 0.5353168362,
  "KDImagSurface_a_A_p": 0.0017178876
}