{
  "KDHartreeFock_V1_0": 62.5460890818,
  "KDHartreeFock_V1_asymm": 14.0845187346,
  "KDHartreeFock_V1_A": 0.040786885,
  "KDHartreeFock_V2_0_n": 0.0071328049,
  "KDHartreeFock_V2_A_n": 7.7928e-06,
  "KDHartreeFock_V3_0_n": 1.80661e-05,
  "KDHartreeFock_V3_A_n": -2.438e-07,
  "KDHartreeFock_V2_0_p": 0.0061770816,
  "KDHartreeFock_V2_A_p": 7.3464e-06,
  "KDHartreeFock_V3_0_p": 1.49137e-05,
  "KDHartreeFock_V3_A_p": 3.1307e-06,
  "KDHartreeFock_V4_0": -2.1329e-06,
  "KDHartreeFock_r_0": 1.2694776184,
  "KDHartreeFock_r_A": 0.4901028456,
  "KDHartreeFock_a_0": 0.6959652958,
  "KDHartreeFock_a_A": -0.000286137,
  "KDCoulomb_r_C_0": 1.2280460075,
  "KDCoulomb_r_C_A": -0.0163860651,
  "KDCoulomb_r_C_A2": 20.5997102655,
  "KDRealSpinOrbit_V1_0": 6.8010733725,
  "KDRealSpinOrbit_V1_A": -0.0036645401,
  "KDRealSpinOrbit_V2_0": 0.0055630798,
  "KDRealSpinOrbit_r_0": 1.1971159833,
  "KDRealSpinOrbit_r_A": 0.7338707893,
  "KDRealSpinOrbit_a_0": 0.6061322319,
  "KDImagSpinOrbit_W1_0": -3.2980646598,
  "KDImagSpinOrbit_W2_0": 228.4891157037,
  "KDImagVolume_W1_0_n": 26.8556358948,
  "KDImagVolume_W1_A_n": -0.013487457,
  "KDImagVolume_W1_0_p": 26.6722149374,
  "KDImagVolume_W1_A_p": 0.0126257903,
  "KDImagVolume_W2_0": 135.9511474995,
  "KDImagVolume_W2_A": -0.1410057117,
  "KDImagSurface_D1_0": 17.9877461309,
  "KDImagSurface_D1_asymm": -2.9938830855,
  "KDImagSurface_D2_0": 0.0384246742,
  "KDImagSurface_D2_A": -0.0191075168,
  "KDImagSurface_D2_A2": 15.6401939215,
  "KDImagSurface_D2_A3": 572.6493981769,
  "KDImagSurface_D3_0": 15.8828618917,
  "KDImagSurface_r_0": 1.3137075492,
  "KDImagSurface_r_A": 0.0092161885,
  "KDImagSurface_a_0_n": 0.5688146999,
  "KDImagSurface_a_A_n": -0.0002116962,
  "KDImagSurface_a_0_p": 0.5700064728,
  "KDImagSurface_a_A_p": 0.0011885299
}