{
  "KDHartreeFock_V1_0": 55.0717064619,
  "KDHartreeFock_V1_asymm": 0.8550149323,
  "KDHartreeFock_V1_A": 0.0385876514,
  "KDHartreeFock_V2_0_n": 0.0062073328,
  "KDHartreeFock_V2_A_n": 3.6358e-06,
  "KDHartreeFock_V3_0_n": 4.2432e-06,
  "KDHartreeFock_V3_A_n": -6.922e-07,
  "KDHartreeFock_V2_0_p": 0.0049361689,
  "KDHartreeFock_V2_A_p": 1.37722e-05,
  "KDHartreeFock_V3_0_p": 2.2883e-06,
  "KDHartreeFock_V3_A_p": -9.543e-07,
  "KDHartreeFock_V4_0": 3.0601e-06,
  "KDHartreeFock_r_0": 1.331945429,
  "KDHartreeFock_r_A": 0.4313941235,
  "KDHartreeFock_a_0": 0.6642697537,
  "KDHartreeFock_a_A": 0.0001548121,
  "KDCoulomb_r_C_0": 1.2436524175,
  "KDCoulomb_r_C_A": -0.682806667,
  "KDCoulomb_r_C_A2": -5.3159115512,
  "KDRealSpinOrbit_V1_0": 5.2422092612,
  "KDRealSpinOrbit_V1_A": 0.0114769639,
  "KDRealSpinOrbit_V2_0": 0.0017516101,
  "KDRealSpinOrbit_r_0": 1.2494767337,
  "KDRealSpinOrbit_r_A": 0.7840068302,
  "KDRealSpinOrbit_a_0": 0.6105686105,
  "KDImagSpinOrbit_W1_0": -2.8754037026,
  "KDImagSpinOrbit_W2_0": 283.5609191461,
  "KDImagVolume_W1_0_n": 25.0341200605,
  "KDImagVolume_W1_A_n": -0.0264290199,
  "KDImagVolume_W1_0_p": 13.1166162213,
  "KDImagVolume_W1_A_p": -0.0399481718,
  "KDImagVolume_W2_0": 79.6106893568,
  "KDImagVolume_W2_A": 0.0704739555,
  "KDImagSurface_D1_0": 3.1056341914,
  "KDImagSurface_D1_asymm": 7.5887059825,
  "KDImagSurface_D2_0": 0.0232874231,
  "KDImagSurface_D2_A": -0.0097850883,
  "KDImagSurface_D2_A2": 12.182771776,
  "KDImagSurface_D2_A3": 35.2913300608,
  "KDImagSurface_D3_0": 7.1400079668,
  "KDImagSurface_r_0": 1.2957723698,
  "KDImagSurface_r_A": 0.0038797938,
  "KDImagSurface_a_0_n": 0.6074880231,
  "KDImagSurface_a_A_n": 4.30382e-05,
  "KDImagSurface_a_0_p": 0.4713072456,
  "KDImagSurface_a_A_p": 0.0019571937
}