{
  "KDHartreeFock_V1_0": 58.09931451,
  "KDHartreeFock_V1_asymm": 17.6428638811,
  "KDHartreeFock_V1_A": 0.0290750261,
  "KDHartreeFock_V2_0_n": 0.0057907451,
  "KDHartreeFock_V2_A_n": 5.1308e-06,
  "KDHartreeFock_V3_0_n": 1.14091e-05,
  "KDHartreeFock_V3_A_n": -3.779e-07,
  "KDHartreeFock_V2_0_p": 0.0063952962,
  "KDHartreeFock_V2_A_p": 2.5178e-06,
  "KDHartreeFock_V3_0_p": 1.86918e-05,
  "KDHartreeFock_V3_A_p": -1.7877e-06,
  "KDHartreeFock_V4_0": 1.0078e-06,
  "KDHartreeFock_r_0": 1.283027907,
  "KDHartreeFock_r_A": 0.3668489265,
  "KDHartreeFock_a_0": 0.6853486276,
  "KDHartreeFock_a_A": 5.9568e-05,
  "KDCoulomb_r_C_0": 0.9126722331,
  "KDCoulomb_r_C_A": 0.0395520283,
  "KDCoulomb_r_C_A2": -0.8553651168,
  "KDRealSpinOrbit_V1_0": 6.585961023,
  "KDRealSpinOrbit_V1_A": 0.0060815335,
  "KDRealSpinOrbit_V2_0": 0.0107952504,
  "KDRealSpinOrbit_r_0": 1.1914020623,
  "KDRealSpinOrbit_r_A": 0.7789830873,
  "KDRealSpinOrbit_a_0": 0.6060933231,
  "KDImagSpinOrbit_W1_0": -5.7835864046,
  "KDImagSpinOrbit_W2_0": 276.2733660632,
  "KDImagVolume_W1_0_n": 23.0164484393,
  "KDImagVolume_W1_A_n": -0.033097678,
  "KDImagVolume_W1_0_p": 19.722019428,
  "KDImagVolume_W1_A_p": 0.0309164051,
  "KDImagVolume_W2_0": 146.4533509679,
  "KDImagVolume_W2_A": -0.4032561329,
  "KDImagSurface_D1_0": 27.5483079807,
  "KDImagSurface_D1_asymm": 24.6725587928,
  "KDImagSurface_D2_0": 0.0437428177,
  "KDImagSurface_D2_A": -0.006336003,
  "KDImagSurface_D2_A2": -1.3020219917,
  "KDImagSurface_D2_A3": 318.2023563544,
  "KDImagSurface_D3_0": 19.0900236538,
  "KDImagSurface_r_0": 1.2822400757,
  "KDImagSurface_r_A": 0.0074377584,
  "KDImagSurface_a_0_n": 0.5985739184,
  "KDImagSurface_a_A_n": 6.23969e-05,
  "KDImagSurface_a_0_p": 0.5654334122,
  "KDImagSurface_a_A_p": 0.000435181
}