{
  "KDHartreeFock_V1_0": 56.5758774719,
  "KDHartreeFock_V1_asymm": 9.1269233242,
  "KDHartreeFock_V1_A": 0.0190835685,
  "KDHartreeFock_V2_0_n": 0.0054634831,
  "KDHartreeFock_V2_A_n": -3.4069e-06,
  "KDHartreeFock_V3_0_n": 1.6429e-06,
  "KDHartreeFock_V3_A_n": 6.547e-07,
  "KDHartreeFock_V2_0_p": 0.0060258226,
  "KDHartreeFock_V2_A_p": 5.9423e-06,
  "KDHartreeFock_V3_0_p": 1.23198e-05,
  "KDHartreeFock_V3_A_p": -2.2734e-06,
  "KDHartreeFock_V4_0": -7.793e-07,
  "KDHartreeFock_r_0": 1.3424399696,
  "KDHartreeFock_r_A": 0.609044591,
  "KDHartreeFock_a_0": 0.7271426411,
  "KDHartreeFock_a_A": 0.0006271462,
  "KDCoulomb_r_C_0": 1.3057230964,
  "KDCoulomb_r_C_A": 0.7654022404,
  "KDCoulomb_r_C_A2": 7.3097407642,
  "KDRealSpinOrbit_V1_0": 6.9187220619,
  "KDRealSpinOrbit_V1_A": 0.004696009,
  "KDRealSpinOrbit_V2_0": 0.0059045407,
  "KDRealSpinOrbit_r_0": 1.1617212782,
  "KDRealSpinOrbit_r_A": 0.603291752,
  "KDRealSpinOrbit_a_0": 0.6181434691,
  "KDImagSpinOrbit_W1_0": -3.2466485345,
  "KDImagSpinOrbit_W2_0": 97.7551906094,
  "KDImagVolume_W1_0_n": 28.2637638463,
  "KDImagVolume_W1_A_n": -0.0041412696,
  "KDImagVolume_W1_0_p": 21.1448227973,
  "KDImagVolume_W1_A_p": 0.0794213132,
  "KDImagVolume_W2_0": 139.9953101243,
  "KDImagVolume_W2_A": 0.0324677639,
  "KDImagSurface_D1_0": 17.0139955276,
  "KDImagSurface_D1_asymm": 5.4823360578,
  "KDImagSurface_D2_0": 0.0583466377,
  "KDImagSurface_D2_A": -0.0331449225,
  "KDImagSurface_D2_A2": 23.5455503759,
  "KDImagSurface_D2_A3": 170.4727422973,
  "KDImagSurface_D3_0": 14.1740419043,
  "KDImagSurface_r_0": 1.3470318769,
  "KDImagSurface_r_A": 0.0168054512,
  "KDImagSurface_a_0_n": 0.5537034342,
  "KDImagSurface_a_A_n": -0.000265184,
  "KDImagSurface_a_0_p": 0.5644876074,
  "KDImagSurface_a_A_p": 0.0006896613
}