{
  "KDHartreeFock_V1_0": 63.1768282842,
  "KDHartreeFock_V1_asymm": 11.4831539745,
  "KDHartreeFock_V1_A": 0.0428986448,
  "KDHartreeFock_V2_0_n": 0.0066642993,
  "KDHartreeFock_V2_A_n": -1.5285e-06,
  "KDHartreeFock_V3_0_n": 1.31615e-05,
  "KDHartreeFock_V3_A_n": -1.362e-07,
  "KDHartreeFock_V2_0_p": 0.0069547734,
  "KDHartreeFock_V2_A_p": -1.3279e-06,
  "KDHartreeFock_V3_0_p": 2.29449e-05,
  "KDHartreeFock_V3_A_p": 2.962e-07,
  "KDHartreeFock_V4_0": -2.9706e-06,
  "KDHartreeFock_r_0": 1.2167014447,
  "KDHartreeFock_r_A": 0.2775547124,
  "KDHartreeFock_a_0": 0.7154457894,
  "KDHartreeFock_a_A": -0.0002540862,
  "KDCoulomb_r_C_0": 1.4480771493,
  "KDCoulomb_r_C_A": 0.3643524496,
  "KDCoulomb_r_C_A2": 7.8843361545,
  "KDRealSpinOrbit_V1_0": 6.0357311839,
  "KDRealSpinOrbit_V1_A": 0.0020218677,
  "KDRealSpinOrbit_V2_0": 0.0062926671,
  "KDRealSpinOrbit_r_0": 1.3864672491,
  "KDRealSpinOrbit_r_A": 1.5206662561,
  "KDRealSpinOrbit_a_0": 0.5825365185,
  "KDImagSpinOrbit_W1_0": -4.9486073153,
  "KDImagSpinOrbit_W2_0": 335.6383521527,
  "KDImagVolume_W1_0_n": 31.4843322739,
  "KDImagVolume_W1_A_n": -0.0183378121,
  "KDImagVolume_W1_0_p": 29.1029225813,
  "KDImagVolume_W1_A_p": 0.020668413,
  "KDImagVolume_W2_0": 140.5891259923,
  "KDImagVolume_W2_A": 0.1262401646,
  "KDImagSurface_D1_0": 20.0704404853,
  "KDImagSurface_D1_asymm": 6.0328569163,
  "KDImagSurface_D2_0": 0.0258696701,
  "KDImagSurface_D2_A": 0.0022301424,
  "KDImagSurface_D2_A2": 7.8506743237,
  "KDImagSurface_D2_A3": 98.6632496075,
  "KDImagSurface_D3_0": 18.5798740287,
  "KDImagSurface_r_0": 1.2958899942,
  "KDImagSurface_r_A": 0.0074362746,
  "KDImagSurface_a_0_n": 0.568089277,
  "KDImagSurface_a_A_n": 6.79046e-05,
  "KDImagSurface_a_0_p": 0.4519010888,
  "KDImagSurface_a_A_p": 0.0021412574
}