{
  "KDHartreeFock_V1_0": 58.7687434631,
  "KDHartreeFock_V1_asymm": 14.3900710289,
  "KDHartreeFock_V1_A": 0.0261616755,
  "KDHartreeFock_V2_0_n": 0.0077840608,
  "KDHartreeFock_V2_A_n": 5.3166e-06,
  "KDHartreeFock_V3_0_n": 2.3705e-05,
  "KDHartreeFock_V3_A_n": -7.877e-07,
  "KDHartreeFock_V2_0_p": 0.0077786722,
  "KDHartreeFock_V2_A_p": 1.8665e-06,
  "KDHartreeFock_V3_0_p": 2.79491e-05,
  "KDHartreeFock_V3_A_p": 1.1529e-06,
  "KDHartreeFock_V4_0": -1.1017e-06,
  "KDHartreeFock_r_0": 1.2688946582,
  "KDHartreeFock_r_A": 0.2775845065,
  "KDHartreeFock_a_0": 0.6830637144,
  "KDHartreeFock_a_A": 9.40357e-05,
  "KDCoulomb_r_C_0": 1.0548853539,
  "KDCoulomb_r_C_A": 2.0810962606,
  "KDCoulomb_r_C_A2": 46.4891875257,
  "KDRealSpinOrbit_V1_0": 5.6644201287,
  "KDRealSpinOrbit_V1_A": 0.0063812357,
  "KDRealSpinOrbit_V2_0": 0.0053669215,
  "KDRealSpinOrbit_r_0": 1.2386610678,
  "KDRealSpinOrbit_r_A": 0.7687462236,
  "KDRealSpinOrbit_a_0": 0.5848924085,
  "KDImagSpinOrbit_W1_0": -2.1059094154,
  "KDImagSpinOrbit_W2_0": 149.1645717047,
  "KDImagVolume_W1_0_n": 18.2893294015,
  "KDImagVolume_W1_A_n": -0.0339152427,
  "KDImagVolume_W1_0_p": 15.9383623799,
  "KDImagVolume_W1_A_p": 0.0429894785,
  "KDImagVolume_W2_0": 91.070119336,
  "KDImagVolume_W2_A": -0.0335058509,
  "KDImagSurface_D1_0": 15.1801078663,
  "KDImagSurface_D1_asymm": 28.1555968535,
  "KDImagSurface_D2_0": -0.027170345,
  "KDImagSurface_D2_A": 0.0521733005,
  "KDImagSurface_D2_A2": 7.7544159815,
  "KDImagSurface_D2_A3": -36.4930737652,
  "KDImagSurface_D3_0": 13.6859410104,
  "KDImagSurface_r_0": 1.3463064163,
  "KDImagSurface_r_A": 0.0231966539,
  "KDImagSurface_a_0_n": 0.5744687919,
  "KDImagSurface_a_A_n": -0.0008128342,
  "KDImagSurface_a_0_p": 0.4747562186,
  "KDImagSurface_a_A_p": 0.0017446891
}