{
  "KDHartreeFock_V1_0": 60.8837767011,
  "KDHartreeFock_V1_asymm": 15.4602558237,
  "KDHartreeFock_V1_A": 0.0338859043,
  "KDHartreeFock_V2_0_n": 0.0074115479,
  "KDHartreeFock_V2_A_n": 4.484e-06,
  "KDHartreeFock_V3_0_n": 2.39948e-05,
  "KDHartreeFock_V3_A_n": 9.176e-07,
  "KDHartreeFock_V2_0_p": 0.0094019557,
  "KDHartreeFock_V2_A_p": -1.03255e-05,
  "KDHartreeFock_V3_0_p": 3.2904e-05,
  "KDHartreeFock_V3_A_p": -1.4304e-06,
  "KDHartreeFock_V4_0": 4.049e-07,
  "KDHartreeFock_r_0": 1.242590826,
  "KDHartreeFock_r_A": 0.2709461204,
  "KDHartreeFock_a_0": 0.6532900515,
  "KDHartreeFock_a_A": -0.0002528262,
  "KDCoulomb_r_C_0": 1.2395299394,
  "KDCoulomb_r_C_A": 0.5863223512,
  "KDCoulomb_r_C_A2": -25.885474481,
  "KDRealSpinOrbit_V1_0": 4.7884252049,
  "KDRealSpinOrbit_V1_A": 0.0127591688,
  "KDRealSpinOrbit_V2_0": 0.0043452421,
  "KDRealSpinOrbit_r_0": 1.2227675754,
  "KDRealSpinOrbit_r_A": 0.9030434255,
  "KDRealSpinOrbit_a_0": 0.6378382017,
  "KDImagSpinOrbit_W1_0": -5.280927209,
  "KDImagSpinOrbit_W2_0": 337.3670501655,
  "KDImagVolume_W1_0_n": 17.3610423594,
  "KDImagVolume_W1_A_n": 0.0097349199,
  "KDImagVolume_W1_0_p": 21.3864169556,
  "KDImagVolume_W1_A_p": 0.0106006119,
  "KDImagVolume_W2_0": 110.752077342,
  "KDImagVolume_W2_A": -0.1753698268,
  "KDImagSurface_D1_0": 18.4690479552,
  "KDImagSurface_D1_asymm": 7.8301062383,
  "KDImagSurface_D2_0": 0.0369005285,
  "KDImagSurface_D2_A": -0.0047494783,
  "KDImagSurface_D2_A2": 3.7642746299,
  "KDImagSurface_D2_A3": 229.143202413,
  "KDImagSurface_D3_0": 15.6424444057,
  "KDImagSurface_r_0": 1.3125110022,
  "KDImagSurface_r_A": 0.0125000517,
  "KDImagSurface_a_0_n": 0.5775179124,
  "KDImagSurface_a_A_n": -0.0005957527,
  "KDImagSurface_a_0_p": 0.5008385706,
  "KDImagSurface_a_A_p": 0.0024565135
}