{
  "KDHartreeFock_V1_0": 59.74166845,
  "KDHartreeFock_V1_asymm": 9.0971483447,
  "KDHartreeFock_V1_A": 0.0279100671,
  "KDHartreeFock_V2_0_n": 0.0060934172,
  "KDHartreeFock_V2_A_n": -6.3653e-06,
  "KDHartreeFock_V3_0_n": 1.76295e-05,
  "KDHartreeFock_V3_A_n": -1.3992e-06,
  "KDHartreeFock_V2_0_p": 0.0069514744,
  "KDHartreeFock_V2_A_p": 2.4581e-06,
  "KDHartreeFock_V3_0_p": 1.83036e-05,
  "KDHartreeFock_V3_A_p": 2.5462e-06,
  "KDHartreeFock_V4_0": -1.2218e-06,
  "KDHartreeFock_r_0": 1.2928711379,
  "KDHartreeFock_r_A": 0.4770302769,
  "KDHartreeFock_a_0": 0.7131506567,
  "KDHartreeFock_a_A": 7.21869e-05,
  "KDCoulomb_r_C_0": 0.9537150373,
  "KDCoulomb_r_C_A": 1.2655022363,
  "KDCoulomb_r_C_A2": 2.5059074947,
  "KDRealSpinOrbit_V1_0": 4.6171274259,
  "KDRealSpinOrbit_V1_A": 0.0126778091,
  "KDRealSpinOrbit_V2_0": 0.0020190107,
  "KDRealSpinOrbit_r_0": 1.2430764262,
  "KDRealSpinOrbit_r_A": 0.7481899993,
  "KDRealSpinOrbit_a_0": 0.5928321395,
  "KDImagSpinOrbit_W1_0": -1.672863355,
  "KDImagSpinOrbit_W2_0": 114.4918185483,
  "KDImagVolume_W1_0_n": 18.8886850259,
  "KDImagVolume_W1_A_n": -0.0134431083,
  "KDImagVolume_W1_0_p": 20.1428783223,
  "KDImagVolume_W1_A_p": -0.0042380287,
  "KDImagVolume_W2_0": 126.2514686676,
  "KDImagVolume_W2_A": -0.2926116391,
  "KDImagSurface_D1_0": 22.1312561917,
  "KDImagSurface_D1_asymm": 14.2705524211,
  "KDImagSurface_D2_0": 0.0852629999,
  "KDImagSurface_D2_A": -0.0597616314,
  "KDImagSurface_D2_A2": 1.5033248538,
  "KDImagSurface_D2_A3": 374.0625435694,
  "KDImagSurface_D3_0": 15.3875363856,
  "KDImagSurface_r_0": 1.4089404619,
  "KDImagSurface_r_A": 0.0312559964,
  "KDImagSurface_a_0_n": 0.5689886447,
  "KDImagSurface_a_A_n": 0.0003821879,
  "KDImagSurface_a_0_p": 0.4376099813,
  "KDImagSurface_a_A_p": 0.0025632238
}