{
  "KDHartreeFock_V1_0": 61.0809312065,
  "KDHartreeFock_V1_asymm": 17.1258216378,
  "KDHartreeFock_V1_A": 0.0329723554,
  "KDHartreeFock_V2_0_n": 0.0070097201,
  "KDHartreeFock_V2_A_n": 7.0097e-06,
  "KDHartreeFock_V3_0_n": 1.94903e-05,
  "KDHartreeFock_V3_A_n": -4.344e-07,
  "KDHartreeFock_V2_0_p": 0.0071871344,
  "KDHartreeFock_V2_A_p": 4.7205e-06,
  "KDHartreeFock_V3_0_p": 2.703e-05,
  "KDHartreeFock_V3_A_p": 1.9643e-06,
  "KDHartreeFock_V4_0": -7.803e-07,
  "KDHartreeFock_r_0": 1.2725214787,
  "KDHartreeFock_r_A": 0.4113326614,
  "KDHartreeFock_a_0": 0.6719631787,
  "KDHartreeFock_a_A": -2.55566e-05,
  "KDCoulomb_r_C_0": 1.1841838181,
  "KDCoulomb_r_C_A": 0.3424167551,
  "KDCoulomb_r_C_A2": -7.6215905442,
  "KDRealSpinOrbit_V1_0": 7.5312433117,
  "KDRealSpinOrbit_V1_A": -0.0110063905,
  "KDRealSpinOrbit_V2_0": 0.0081841737,
  "KDRealSpinOrbit_r_0": 1.1114350966,
  "KDRealSpinOrbit_r_A": 0.4788937661,
  "KDRealSpinOrbit_a_0": 0.6264463845,
  "KDImagSpinOrbit_W1_0": -3.9593913277,
  "KDImagSpinOrbit_W2_0": 167.8398294697,
  "KDImagVolume_W1_0_n": 31.1052758618,
  "KDImagVolume_W1_A_n": -0.0167502977,
  "KDImagVolume_W1_0_p": 26.3807550371,
  "KDImagVolume_W1_A_p": 0.0930463725,
  "KDImagVolume_W2_0": 148.9260062864,
  "KDImagVolume_W2_A": 0.1759598256,
  "KDImagSurface_D1_0": 17.4598664211,
  "KDImagSurface_D1_asymm": 5.9806065686,
  "KDImagSurface_D2_0": 0.042205978,
  "KDImagSurface_D2_A": -0.0199390729,
  "KDImagSurface_D2_A2": 0.5551441421,
  "KDImagSurface_D2_A3": 454.8709378299,
  "KDImagSurface_D3_0": 15.2793560787,
  "KDImagSurface_r_0": 1.4472128321,
  "KDImagSurface_r_A": 0.0455898568,
  "KDImagSurface_a_0_n": 0.547584838,
  "KDImagSurface_a_A_n": -0.0006434252,
  "KDImagSurface_a_0_p": 0.4760220088,
  "KDImagSurface_a_A_p": 0.0018822459
}