{
  "KDHartreeFock_V1_0": 58.0522412567,
  "KDHartreeFock_V1_asymm": 16.8105453175,
  "KDHartreeFock_V1_A": 0.0150194229,
  "KDHartreeFock_V2_0_n": 0.0060007396,
  "KDHartreeFock_V2_A_n": -1.4743e-06,
  "KDHartreeFock_V3_0_n": 5.8331e-06,
  "KDHartreeFock_V3_A_n": -3.075e-07,
  "KDHartreeFock_V2_0_p": 0.0064334232,
  "KDHartreeFock_V2_A_p": 1.06291e-05,
  "KDHartreeFock_V3_0_p": 1.33028e-05,
  "KDHartreeFock_V3_A_p": -1.2558e-06,
  "KDHartreeFock_V4_0": -1.3206e-06,
  "KDHartreeFock_r_0": 1.2908055698,
  "KDHartreeFock_r_A": 0.4151043177,
  "KDHartreeFock_a_0": 0.6706219653,
  "KDHartreeFock_a_A": 0.0001215993,
  "KDCoulomb_r_C_0": 1.3050012785,
  "KDCoulomb_r_C_A": 1.6191713892,
  "KDCoulomb_r_C_A2": 4.289757921,
  "KDRealSpinOrbit_V1_0": 5.0353344364,
  "KDRealSpinOrbit_V1_A": 0.0067869424,
  "KDRealSpinOrbit_V2_0": 0.0032357217,
  "KDRealSpinOrbit_r_0": 1.3549797475,
  "KDRealSpinOrbit_r_A": 1.4268372212,
  "KDRealSpinOrbit_a_0": 0.5888067851,
  "KDImagSpinOrbit_W1_0": -3.5217269415,
  "KDImagSpinOrbit_W2_0": 134.6088489081,
  "KDImagVolume_W1_0_n": 19.7576198856,
  "KDImagVolume_W1_A_n": 0.0217211637,
  "KDImagVolume_W1_0_p": 17.3116596533,
  "KDImagVolume_W1_A_p": 0.058500044,
  "KDImagVolume_W2_0": 100.9950752754,
  "KDImagVolume_W2_A": 0.1383825343,
  "KDImagSurface_D1_0": 9.7914739728,
  "KDImagSurface_D1_asymm": 11.9508784456,
  "KDImagSurface_D2_0": 0.0122754176,
  "KDImagSurface_D2_A": 0.0015346562,
  "KDImagSurface_D2_A2": -1.7422988367,
  "KDImagSurface_D2_A3": 436.6799481307,
  "KDImagSurface_D3_0": 10.2367402148,
  "KDImagSurface_r_0": 1.383663466,
  "KDImagSurface_r_A": 0.0315199775,
  "KDImagSurface_a_0_n": 0.5818158218,
  "KDImagSurface_a_A_n": 0.0001149729,
  "KDImagSurface_a_0_p": 0.4949161504,
  "KDImagSurface_a_A_p": 0.0014836487
}