{
  "KDHartreeFock_V1_0": 60.4569052024,
  "KDHartreeFock_V1_asymm": 7.767807589,
  "KDHartreeFock_V1_A": 0.0417831492,
  "KDHartreeFock_V2_0_n": 0.0047300662,
  "KDHartreeFock_V2_A_n": -2.4876e-06,
  "KDHartreeFock_V3_0_n": -3.3055e-06,
  "KDHartreeFock_V3_A_n": 1.4261e-06,
  "KDHartreeFock_V2_0_p": 0.0058673151,
  "KDHartreeFock_V2_A_p": -4.294e-06,
  "KDHartreeFock_V3_0_p": 8.5149e-06,
  "KDHartreeFock_V3_A_p": -1.173e-06,
  "KDHartreeFock_V4_0": 3.618e-07,
  "KDHartreeFock_r_0": 1.3473056744,
  "KDHartreeFock_r_A": 0.7725851102,
  "KDHartreeFock_a_0": 0.7135070629,
  "KDHartreeFock_a_A": 0.0003384859,
  "KDCoulomb_r_C_0": 1.2046657943,
  "KDCoulomb_r_C_A": 0.8740480832,
  "KDCoulomb_r_C_A2": 22.0599397637,
  "KDRealSpinOrbit_V1_0": 8.2049488302,
  "KDRealSpinOrbit_V1_A": 0.0054805424,
  "KDRealSpinOrbit_V2_0": 0.0132579581,
  "KDRealSpinOrbit_r_0": 1.2007264367,
  "KDRealSpinOrbit_r_A": 0.6989004219,
  "KDRealSpinOrbit_a_0": 0.6013191597,
  "KDImagSpinOrbit_W1_0": -3.6023544119,
  "KDImagSpinOrbit_W2_0": 279.2074136684,
  "KDImagVolume_W1_0_n": 24.5234959239,
  "KDImagVolume_W1_A_n": 0.0442411829,
  "KDImagVolume_W1_0_p": 30.8625096004,
  "KDImagVolume_W1_A_p": 0.0494849848,
  "KDImagVolume_W2_0": 138.5105911265,
  "KDImagVolume_W2_A": 0.0641309026,
  "KDImagSurface_D1_0": 15.987819233,
  "KDImagSurface_D1_asymm": 6.3491006871,
  "KDImagSurface_D2_0": 0.0095568923,
  "KDImagSurface_D2_A": 0.0079907785,
  "KDImagSurface_D2_A2": 18.6046089226,
  "KDImagSurface_D2_A3": 78.9065013409,
  "KDImagSurface_D3_0": 12.3847268361,
  "KDImagSurface_r_0": 1.4744394876,
  "KDImagSurface_r_A": 0.0431189041,
  "KDImagSurface_a_0_n": 0.563851013,
  "KDImagSurface_a_A_n": -0.0005043197,
  "KDImagSurface_a_0_p": 0.5188211736,
  "KDImagSurface_a_A_p": 0.0019807422
}