{
  "KDHartreeFock_V1_0": 56.0372089391,
  "KDHartreeFock_V1_asymm": 16.6502861688,
  "KDHartreeFock_V1_A": 0.0009261346,
  "KDHartreeFock_V2_0_n": 0.0074974949,
  "KDHartreeFock_V2_A_n": 2.9628e-06,
  "KDHartreeFock_V3_0_n": 2.28718e-05,
  "KDHartreeFock_V3_A_n": 2.496e-07,
  "KDHartreeFock_V2_0_p": 0.0089045359,
  "KDHartreeFock_V2_A_p": -9.272e-07,
  "KDHartreeFock_V3_0_p": 3.1504e-05,
  "KDHartreeFock_V3_A_p": 1.031e-07,
  "KDHartreeFock_V4_0": -1.9897e-06,
  "KDHartreeFock_r_0": 1.2234329572,
  "KDHartreeFock_r_A": 0.0499139408,
  "KDHartreeFock_a_0": 0.6778059775,
  "KDHartreeFock_a_A": -7.69871e-05,
  "KDCoulomb_r_C_0": 1.2073296697,
  "KDCoulomb_r_C_A": 1.1344960089,
  "KDCoulomb_r_C_A2": 28.943025193,
  "KDRealSpinOrbit_V1_0": 5.5582382253,
  "KDRealSpinOrbit_V1_A": -0.0110864365,
  "KDRealSpinOrbit_V2_0": 0.0038439204,
  "KDRealSpinOrbit_r_0": 1.2379092517,
  "KDRealSpinOrbit_r_A": 0.7978378955,
  "KDRealSpinOrbit_a_0": 0.5624913312,
  "KDImagSpinOrbit_W1_0": -2.7526125045,
  "KDImagSpinOrbit_W2_0": 261.7352199489,
  "KDImagVolume_W1_0_n": 18.0307441886,
  "KDImagVolume_W1_A_n": 0.0069996151,
  "KDImagVolume_W1_0_p": 13.4331125201,
  "KDImagVolume_W1_A_p": 0.0076204917,
  "KDImagVolume_W2_0": 119.0668732042,
  "KDImagVolume_W2_A": -0.1608423886,
  "KDImagSurface_D1_0": 12.0396264466,
  "KDImagSurface_D1_asymm": 17.8560107083,
  "KDImagSurface_D2_0": 0.0637716855,
  "KDImagSurface_D2_A": -0.038145775,
  "KDImagSurface_D2_A2": 0.8303700842,
  "KDImagSurface_D2_A3": 154.8937046917,
  "KDImagSurface_D3_0": 7.9527515947,
  "KDImagSurface_r_0": 1.467905279,
  "KDImagSurface_r_A": 0.0502932839,
  "KDImagSurface_a_0_n": 0.4940617119,
  "KDImagSurface_a_A_n": -0.000646451,
  "KDImagSurface_a_0_p": 0.4717550396,
  "KDImagSurface_a_A_p": 0.0016716239
}