{
  "KDHartreeFock_V1_0": 58.8945116053,
  "KDHartreeFock_V1_asymm": 26.8790446059,
  "KDHartreeFock_V1_A": 0.0117141578,
  "KDHartreeFock_V2_0_n": 0.0041881749,
  "KDHartreeFock_V2_A_n": -4.0585e-06,
  "KDHartreeFock_V3_0_n": -9.6733e-06,
  "KDHartreeFock_V3_A_n": -6.086e-07,
  "KDHartreeFock_V2_0_p": 0.0073923332,
  "KDHartreeFock_V2_A_p": 1.9926e-06,
  "KDHartreeFock_V3_0_p": 1.46475e-05,
  "KDHartreeFock_V3_A_p": 1.0452e-06,
  "KDHartreeFock_V4_0": 3.842e-07,
  "KDHartreeFock_r_0": 1.2961215012,
  "KDHartreeFock_r_A": 0.5002291814,
  "KDHartreeFock_a_0": 0.7435762296,
  "KDHartreeFock_a_A": 0.0001879974,
  "KDCoulomb_r_C_0": 1.007231558,
  "KDCoulomb_r_C_A": 0.3965855368,
  "KDCoulomb_r_C_A2": 6.1476137567,
  "KDRealSpinOrbit_V1_0": 6.7022625613,
  "KDRealSpinOrbit_V1_A": 0.0021752227,
  "KDRealSpinOrbit_V2_0": 0.0052932766,
  "KDRealSpinOrbit_r_0": 1.2008276213,
  "KDRealSpinOrbit_r_A": 0.6753313451,
  "KDRealSpinOrbit_a_0": 0.5681317754,
  "KDImagSpinOrbit_W1_0": -3.4506364521,
  "KDImagSpinOrbit_W2_0": 165.3747275292,
  "KDImagVolume_W1_0_n": 24.7906278289,
  "KDImagVolume_W1_A_n": -0.0241811387,
  "KDImagVolume_W1_0_p": 12.7065326156,
  "KDImagVolume_W1_A_p": 0.0946477785,
  "KDImagVolume_W2_0": 65.9803606124,
  "KDImagVolume_W2_A": 0.1295058219,
  "KDImagSurface_D1_0": 22.4705722892,
  "KDImagSurface_D1_asymm": 3.154738357,
  "KDImagSurface_D2_0": 0.0679391192,
  "KDImagSurface_D2_A": -0.0326486062,
  "KDImagSurface_D2_A2": 10.8296540209,
  "KDImagSurface_D2_A3": 145.0728373966,
  "KDImagSurface_D3_0": 14.3455049264,
  "KDImagSurface_r_0": 1.4827720264,
  "KDImagSurface_r_A": 0.0480657651,
  "KDImagSurface_a_0_n": 0.4916261114,
  "KDImagSurface_a_A_n": 0.0001914446,
  "KDImagSurface_a_0_p": 0.5493950984,
  "KDImagSurface_a_A_p": 0.0009799636
}