{
  "KDHartreeFock_V1_0": 60.2608260033,
  "KDHartreeFock_V1_asymm": 12.2039416526,
  "KDHartreeFock_V1_A": 0.0406501806,
  "KDHartreeFock_V2_0_n": 0.0064083782,
  "KDHartreeFock_V2_A_n": 1.08552e-05,
  "KDHartreeFock_V3_0_n": 1.09619e-05,
  "KDHartreeFock_V3_A_n": -2.196e-07,
  "KDHartreeFock_V2_0_p": 0.0052086303,
  "KDHartreeFock_V2_A_p": 8.2483e-06,
  "KDHartreeFock_V3_0_p": 5.6204e-06,
  "KDHartreeFock_V3_A_p": -3.7145e-06,
  "KDHartreeFock_V4_0": 1.8281e-06,
  "KDHartreeFock_r_0": 1.2894656198,
  "KDHartreeFock_r_A": 0.5260009591,
  "KDHartreeFock_a_0": 0.6805433961,
  "KDHartreeFock_a_A": -0.0001579639,
  "KDCoulomb_r_C_0": 1.3500871724,
  "KDCoulomb_r_C_A": 1.874143706,
  "KDCoulomb_r_C_A2": 11.1684111706,
  "KDRealSpinOrbit_V1_0": 6.0437909331,
  "KDRealSpinOrbit_V1_A": -0.0118073936,
  "KDRealSpinOrbit_V2_0": 0.0009427302,
  "KDRealSpinOrbit_r_0": 1.2193503282,
  "KDRealSpinOrbit_r_A": 0.8638631251,
  "KDRealSpinOrbit_a_0": 0.6331998693,
  "KDImagSpinOrbit_W1_0": -2.2867991432,
  "KDImagSpinOrbit_W2_0": 232.1474516134,
  "KDImagVolume_W1_0_n": 23.2227843485,
  "KDImagVolume_W1_A_n": -0.0230507683,
  "KDImagVolume_W1_0_p": 22.6637296826,
  "KDImagVolume_W1_A_p": 0.0361804328,
  "KDImagVolume_W2_0": 129.9153140436,
  "KDImagVolume_W2_A": -0.0347695242,
  "KDImagSurface_D1_0": 15.4481071935,
  "KDImagSurface_D1_asymm": 8.2456851931,
  "KDImagSurface_D2_0": -0.0183404563,
  "KDImagSurface_D2_A": 0.0346676614,
  "KDImagSurface_D2_A2": 4.037451184,
  "KDImagSurface_D2_A3": 85.5646578574,
  "KDImagSurface_D3_0": 14.8823235446,
  "KDImagSurface_r_0": 1.4112595856,
  "KDImagSurface_r_A": 0.025853573,
  "KDImagSurface_a_0_n": 0.4627341377,
  "KDImagSurface_a_A_n": -0.0012228258,
  "KDImagSurface_a_0_p": 0.4438004171,
  "KDImagSurface_a_A_p": 0.0015517377
}