{
  "KDHartreeFock_V1_0": 57.0838673008,
  "KDHartreeFock_V1_asymm": 10.0059625979,
  "KDHartreeFock_V1_A": 0.0250806309,
  "KDHartreeFock_V2_0_n": 0.0069565354,
  "KDHartreeFock_V2_A_n": 3.9275e-06,
  "KDHartreeFock_V3_0_n": 1.77576e-05,
  "KDHartreeFock_V3_A_n": 1.0827e-06,
  "KDHartreeFock_V2_0_p": 0.0086599439,
  "KDHartreeFock_V2_A_p": -1.00305e-05,
  "KDHartreeFock_V3_0_p": 3.10341e-05,
  "KDHartreeFock_V3_A_p": -1.6851e-06,
  "KDHartreeFock_V4_0": 1.6811e-06,
  "KDHartreeFock_r_0": 1.2071971646,
  "KDHartreeFock_r_A": 0.0403579556,
  "KDHartreeFock_a_0": 0.6910659145,
  "KDHartreeFock_a_A": -9.83146e-05,
  "KDCoulomb_r_C_0": 1.2093810949,
  "KDCoulomb_r_C_A": 2.2039477354,
  "KDCoulomb_r_C_A2": 24.530420411,
  "KDRealSpinOrbit_V1_0": 6.1195537959,
  "KDRealSpinOrbit_V1_A": 0.0098464857,
  "KDRealSpinOrbit_V2_0": 0.0081740609,
  "KDRealSpinOrbit_r_0": 1.2905421369,
  "KDRealSpinOrbit_r_A": 0.9930037192,
  "KDRealSpinOrbit_a_0": 0.6262775089,
  "KDImagSpinOrbit_W1_0": -2.49790369,
  "KDImagSpinOrbit_W2_0": 172.5949295043,
  "KDImagVolume_W1_0_n": 9.9624383329,
  "KDImagVolume_W1_A_n": 0.0380231456,
  "KDImagVolume_W1_0_p": 6.6570152937,
  "KDImagVolume_W1_A_p": 0.0364358856,
  "KDImagVolume_W2_0": 31.878287782,
  "KDImagVolume_W2_A": 0.3906166077,
  "KDImagSurface_D1_0": 16.6215008278,
  "KDImagSurface_D1_asymm": 7.6395864529,
  "KDImagSurface_D2_0": 0.0036187444,
  "KDImagSurface_D2_A": 0.0307122751,
  "KDImagSurface_D2_A2": 12.1122900169,
  "KDImagSurface_D2_A3": -54.4129856044,
  "KDImagSurface_D3_0": 13.7154099475,
  "KDImagSurface_r_0": 1.2399943282,
  "KDImagSurface_r_A": -0.0111394416,
  "KDImagSurface_a_0_n": 0.5902167615,
  "KDImagSurface_a_A_n": 0.0006621148,
  "KDImagSurface_a_0_p": 0.5658332489,
  "KDImagSurface_a_A_p": 0.0014251077
}