{
  "KDHartreeFock_V1_0": 57.5412986195,
  "KDHartreeFock_V1_asymm": 10.351338144,
  "KDHartreeFock_V1_A": 0.0119629815,
  "KDHartreeFock_V2_0_n": 0.0066733095,
  "KDHartreeFock_V2_A_n": -2.2851e-06,
  "KDHartreeFock_V3_0_n": 1.33643e-05,
  "KDHartreeFock_V3_A_n": -3.691e-07,
  "KDHartreeFock_V2_0_p": 0.0060541553,
  "KDHartreeFock_V2_A_p": 9.2145e-06,
  "KDHartreeFock_V3_0_p": 1.09785e-05,
  "KDHartreeFock_V3_A_p": 1.1123e-06,
  "KDHartreeFock_V4_0": 1.5444e-06,
  "KDHartreeFock_r_0": 1.260220216,
  "KDHartreeFock_r_A": 0.3283101043,
  "KDHartreeFock_a_0": 0.6662761948,
  "KDHartreeFock_a_A": -0.0003594284,
  "KDCoulomb_r_C_0": 1.2419439246,
  "KDCoulomb_r_C_A": 0.6964766207,
  "KDCoulomb_r_C_A2": 20.320963354,
  "KDRealSpinOrbit_V1_0": 5.7023573727,
  "KDRealSpinOrbit_V1_A": -0.0019743437,
  "KDRealSpinOrbit_V2_0": 0.002136931,
  "KDRealSpinOrbit_r_0": 1.1516331842,
  "KDRealSpinOrbit_r_A": 0.5671344226,
  "KDRealSpinOrbit_a_0": 0.6701951797,
  "KDImagSpinOrbit_W1_0": -5.5543448466,
  "KDImagSpinOrbit_W2_0": 250.0942446466,
  "KDImagVolume_W1_0_n": 20.4548437544,
  "KDImagVolume_W1_A_n": 0.0282975136,
  "KDImagVolume_W1_0_p": 14.413444536,
  "KDImagVolume_W1_A_p": 0.0666278919,
  "KDImagVolume_W2_0": 74.740844356,
  "KDImagVolume_W2_A": 0.3189003747,
  "KDImagSurface_D1_0": 10.1750675449,
  "KDImagSurface_D1_asymm": 4.5980310912,
  "KDImagSurface_D2_0": -0.0236453818,
  "KDImagSurface_D2_A": 0.0443364725,
  "KDImagSurface_D2_A2": 19.5858353791,
  "KDImagSurface_D2_A3": 277.832503092,
  "KDImagSurface_D3_0": 8.6186448797,
  "KDImagSurface_r_0": 1.3608704761,
  "KDImagSurface_r_A": 0.0112896199,
  "KDImagSurface_a_0_n": 0.5944040186,
  "KDImagSurface_a_A_n": 0.0009754198,
  "KDImagSurface_a_0_p": 0.4837908448,
  "KDImagSurface_a_A_p": 0.0017772323
}