{
  "KDHartreeFock_V1_0": 58.041496145,
  "KDHartreeFock_V1_asymm": 15.3616503295,
  "KDHartreeFock_V1_A": 0.0173034946,
  "KDHartreeFock_V2_0_n": 0.0042770421,
  "KDHartreeFock_V2_A_n": -4.305e-06,
  "KDHartreeFock_V3_0_n": -5.1207e-06,
  "KDHartreeFock_V3_A_n": 1.1712e-06,
  "KDHartreeFock_V2_0_p": 0.0060628034,
  "KDHartreeFock_V2_A_p": 3.9705e-06,
  "KDHartreeFock_V3_0_p": 8.2536e-06,
  "KDHartreeFock_V3_A_p": 1.77e-06,
  "KDHartreeFock_V4_0": -1.7412e-06,
  "KDHartreeFock_r_0": 1.2950808482,
  "KDHartreeFock_r_A": 0.5329212661,
  "KDHartreeFock_a_0": 0.6732843486,
  "KDHartreeFock_a_A": 0.0001369832,
  "KDCoulomb_r_C_0": 1.1343547151,
  "KDCoulomb_r_C_A": 1.2150367008,
  "KDCoulomb_r_C_A2": 12.6030937312,
  "KDRealSpinOrbit_V1_0": 6.1449601558,
  "KDRealSpinOrbit_V1_A": 0.0087521362,
  "KDRealSpinOrbit_V2_0": 0.009052497,
  "KDRealSpinOrbit_r_0": 1.1675148553,
  "KDRealSpinOrbit_r_A": 0.614845484,
  "KDRealSpinOrbit_a_0": 0.5905630708,
  "KDImagSpinOrbit_W1_0": -3.1117281293,
  "KDImagSpinOrbit_W2_0": 201.3485123029,
  "KDImagVolume_W1_0_n": 24.2629181889,
  "KDImagVolume_W1_A_n": -0.000365669,
  "KDImagVolume_W1_0_p": 25.213989366,
  "KDImagVolume_W1_A_p": 0.0082369821,
  "KDImagVolume_W2_0": 115.3087901134,
  "KDImagVolume_W2_A": -0.1951788467,
  "KDImagSurface_D1_0": 14.0694723329,
  "KDImagSurface_D1_asymm": -0.7524902636,
  "KDImagSurface_D2_0": 0.0293080704,
  "KDImagSurface_D2_A": -0.01153571,
  "KDImagSurface_D2_A2": 2.2919204147,
  "KDImagSurface_D2_A3": 256.7253836381,
  "KDImagSurface_D3_0": 13.0057539054,
  "KDImagSurface_r_0": 1.3782869374,
  "KDImagSurface_r_A": 0.0287096248,
  "KDImagSurface_a_0_n": 0.5959539551,
  "KDImagSurface_a_A_n": 0.0001685446,
  "KDImagSurface_a_0_p": 0.5464784434,
  "KDImagSurface_a_A_p": 0.0023939037
}