{
  "KDHartreeFock_V1_0": 56.6910354622,
  "KDHartreeFock_V1_asymm": 13.6501741102,
  "KDHartreeFock_V1_A": 0.0139049129,
  "KDHartreeFock_V2_0_n": 0.0060436248,
  "KDHartreeFock_V2_A_n": 6.1742e-06,
  "KDHartreeFock_V3_0_n": 6.5267e-06,
  "KDHartreeFock_V3_A_n": 4.15e-08,
  "KDHartreeFock_V2_0_p": 0.0061773747,
  "KDHartreeFock_V2_A_p": 3.1207e-06,
  "KDHartreeFock_V3_0_p": 5.5664e-06,
  "KDHartreeFock_V3_A_p": 2.813e-07,
  "KDHartreeFock_V4_0": 7.808e-07,
  "KDHartreeFock_r_0": 1.2066997308,
  "KDHartreeFock_r_A": 0.0731344003,
  "KDHartreeFock_a_0": 0.6357556824,
  "KDHartreeFock_a_A": -0.0004940245,
  "KDCoulomb_r_C_0": 1.2457804675,
  "KDCoulomb_r_C_A": -0.7086659053,
  "KDCoulomb_r_C_A2": 17.3715126167,
  "KDRealSpinOrbit_V1_0": 4.3423854976,
  "KDRealSpinOrbit_V1_A": 0.0113925667,
  "KDRealSpinOrbit_V2_0": 0.0001543895,
  "KDRealSpinOrbit_r_0": 1.1975393532,
  "KDRealSpinOrbit_r_A": 0.7870250664,
  "KDRealSpinOrbit_a_0": 0.6545535977,
  "KDImagSpinOrbit_W1_0": -3.8114419096,
  "KDImagSpinOrbit_W2_0": -35.5501160522,
  "KDImagVolume_W1_0_n": 20.479236637,
  "KDImagVolume_W1_A_n": 0.039310306,
  "KDImagVolume_W1_0_p": 8.9458402712,
  "KDImagVolume_W1_A_p": 0.1326449784,
  "KDImagVolume_W2_0": 101.105477866,
  "KDImagVolume_W2_A": 0.041440867,
  "KDImagSurface_D1_0": 19.7788146051,
  "KDImagSurface_D1_asymm": 10.3783322828,
  "KDImagSurface_D2_0": 0.0877009772,
  "KDImagSurface_D2_A": -0.0613354455,
  "KDImagSurface_D2_A2": 10.7752365276,
  "KDImagSurface_D2_A3": 414.3947610073,
  "KDImagSurface_D3_0": 17.7412527418,
  "KDImagSurface_r_0": 1.2210591467,
  "KDImagSurface_r_A": -0.0164190978,
  "KDImagSurface_a_0_n": 0.5268278426,
  "KDImagSurface_a_A_n": -0.0001944504,
  "KDImagSurface_a_0_p": 0.5616138821,
  "KDImagSurface_a_A_p": 0.0005010153
}