{
  "KDHartreeFock_V1_0": 60.0081699531,
  "KDHartreeFock_V1_asymm": 11.8392896691,
  "KDHartreeFock_V1_A": 0.0312832566,
  "KDHartreeFock_V2_0_n": 0.0065389827,
  "KDHartreeFock_V2_A_n": -6.1454e-06,
  "KDHartreeFock_V3_0_n": 1.69016e-05,
  "KDHartreeFock_V3_A_n": -4.114e-07,
  "KDHartreeFock_V2_0_p": 0.0075726959,
  "KDHartreeFock_V2_A_p": 4.0237e-06,
  "KDHartreeFock_V3_0_p": 2.32354e-05,
  "KDHartreeFock_V3_A_p": 3.513e-06,
  "KDHartreeFock_V4_0": -1.81e-07,
  "KDHartreeFock_r_0": 1.3136083515,
  "KDHartreeFock_r_A": 0.5542143924,
  "KDHartreeFock_a_0": 0.7314933766,
  "KDHartreeFock_a_A": 0.0001710333,
  "KDCoulomb_r_C_0": 1.1880924535,
  "KDCoulomb_r_C_A": -0.5392087692,
  "KDCoulomb_r_C_A2": 1.9240259404,
  "KDRealSpinOrbit_V1_0": 6.9595058176,
  "KDRealSpinOrbit_V1_A": 0.0100661694,
  "KDRealSpinOrbit_V2_0": 0.0080258621,
  "KDRealSpinOrbit_r_0": 1.2155952323,
  "KDRealSpinOrbit_r_A": 0.7519039758,
  "KDRealSpinOrbit_a_0": 0.5959486699,
  "KDImagSpinOrbit_W1_0": -5.0997649713,
  "KDImagSpinOrbit_W2_0": 380.5607666182,
  "KDImagVolume_W1_0_n": 26.4223123732,
  "KDImagVolume_W1_A_n": -0.0017961078,
  "KDImagVolume_W1_0_p": 24.8824884686,
  "KDImagVolume_W1_A_p": 0.0063226517,
  "KDImagVolume_W2_0": 150.4672871554,
  "KDImagVolume_W2_A": -0.0721646689,
  "KDImagSurface_D1_0": 25.8109899196,
  "KDImagSurface_D1_asymm": 8.3788637895,
  "KDImagSurface_D2_0": -0.002042405,
  "KDImagSurface_D2_A": 0.033455349,
  "KDImagSurface_D2_A2": -1.4840749205,
  "KDImagSurface_D2_A3": 213.7042923438,
  "KDImagSurface_D3_0": 18.9094193005,
  "KDImagSurface_r_0": 1.4170613649,
  "KDImagSurface_r_A": 0.0322037113,
  "KDImagSurface_a_0_n": 0.5512921264,
  "KDImagSurface_a_A_n": -4.20319e-05,
  "KDImagSurface_a_0_p": 0.4657180051,
  "KDImagSurface_a_A_p": 0.0018520677
}