{
  "KDHartreeFock_V1_0": 57.5357652741,
  "KDHartreeFock_V1_asymm": 11.1364553362,
  "KDHartreeFock_V1_A": 0.0290919546,
  "KDHartreeFock_V2_0_n": 0.0065983086,
  "KDHartreeFock_V2_A_n": -3.8446e-06,
  "KDHartreeFock_V3_0_n": 1.25555e-05,
  "KDHartreeFock_V3_A_n": -4.118e-07,
  "KDHartreeFock_V2_0_p": 0.0071242052,
  "KDHartreeFock_V2_A_p": 1.19189e-05,
  "KDHartreeFock_V3_0_p": 1.71141e-05,
  "KDHartreeFock_V3_A_p": -1.2994e-06,
  "KDHartreeFock_V4_0": -6.76e-08,
  "KDHartreeFock_r_0": 1.3175103433,
  "KDHartreeFock_r_A": 0.4861410163,
  "KDHartreeFock_a_0": 0.6741434743,
  "KDHartreeFock_a_A": -3.9975e-06,
  "KDCoulomb_r_C_0": 1.4234600075,
  "KDCoulomb_r_C_A": 1.7117425273,
  "KDCoulomb_r_C_A2": 28.764352495,
  "KDRealSpinOrbit_V1_0": 4.4640989466,
  "KDRealSpinOrbit_V1_A": 0.0131820422,
  "KDRealSpinOrbit_V2_0": 0.0014415551,
  "KDRealSpinOrbit_r_0": 1.1892994065,
  "KDRealSpinOrbit_r_A": 0.7703283621,
  "KDRealSpinOrbit_a_0": 0.6667211098,
  "KDImagSpinOrbit_W1_0": -5.4864528153,
  "KDImagSpinOrbit_W2_0": 219.6477457363,
  "KDImagVolume_W1_0_n": 25.4750153416,
  "KDImagVolume_W1_A_n": 0.0024556947,
  "KDImagVolume_W1_0_p": 22.2201538231,
  "KDImagVolume_W1_A_p": 0.0192265391,
  "KDImagVolume_W2_0": 157.7643343329,
  "KDImagVolume_W2_A": 0.1046630365,
  "KDImagSurface_D1_0": 15.676246593,
  "KDImagSurface_D1_asymm": 6.191114342,
  "KDImagSurface_D2_0": 0.0581769681,
  "KDImagSurface_D2_A": -0.0382467642,
  "KDImagSurface_D2_A2": 1.0221813034,
  "KDImagSurface_D2_A3": 272.2272405189,
  "KDImagSurface_D3_0": 12.2558479394,
  "KDImagSurface_r_0": 1.3376282511,
  "KDImagSurface_r_A": 0.0169809822,
  "KDImagSurface_a_0_n": 0.5351156333,
  "KDImagSurface_a_A_n": -0.000384405,
  "KDImagSurface_a_0_p": 0.4740812642,
  "KDImagSurface_a_A_p": 0.002498234
}