{
  "KDHartreeFock_V1_0": 58.074283986,
  "KDHartreeFock_V1_asymm": 5.3464020284,
  "KDHartreeFock_V1_A": 0.034004535,
  "KDHartreeFock_V2_0_n": 0.0063261411,
  "KDHartreeFock_V2_A_n": -6.4064e-06,
  "KDHartreeFock_V3_0_n": 1.41536e-05,
  "KDHartreeFock_V3_A_n": 1.3364e-06,
  "KDHartreeFock_V2_0_p": 0.0063318507,
  "KDHartreeFock_V2_A_p": 8.4224e-06,
  "KDHartreeFock_V3_0_p": 1.65367e-05,
  "KDHartreeFock_V3_A_p": -9.235e-07,
  "KDHartreeFock_V4_0": 8.852e-07,
  "KDHartreeFock_r_0": 1.3294942033,
  "KDHartreeFock_r_A": 0.5674012076,
  "KDHartreeFock_a_0": 0.7238681565,
  "KDHartreeFock_a_A": 0.0003265038,
  "KDCoulomb_r_C_0": 0.9525513476,
  "KDCoulomb_r_C_A": 1.3017608657,
  "KDCoulomb_r_C_A2": 9.8756085354,
  "KDRealSpinOrbit_V1_0": 6.0267745702,
  "KDRealSpinOrbit_V1_A": 0.0042108414,
  "KDRealSpinOrbit_V2_0": 0.009699352,
  "KDRealSpinOrbit_r_0": 1.2773628129,
  "KDRealSpinOrbit_r_A": 0.77268991,
  "KDRealSpinOrbit_a_0": 0.518307243,
  "KDImagSpinOrbit_W1_0": -4.7357087108,
  "KDImagSpinOrbit_W2_0": 283.7922991516,
  "KDImagVolume_W1_0_n": 19.9010601305,
  "KDImagVolume_W1_A_n": 0.0281905582,
  "KDImagVolume_W1_0_p": 16.286549307,
  "KDImagVolume_W1_A_p": -0.0236191817,
  "KDImagVolume_W2_0": 108.8644035628,
  "KDImagVolume_W2_A": 0.0566862891,
  "KDImagSurface_D1_0": 17.6658661491,
  "KDImagSurface_D1_asymm": 3.9981180106,
  "KDImagSurface_D2_0": 0.0313113188,
  "KDImagSurface_D2_A": -0.013596672,
  "KDImagSurface_D2_A2": -1.8283959971,
  "KDImagSurface_D2_A3": -21.7316143786,
  "KDImagSurface_D3_0": 11.9230126194,
  "KDImagSurface_r_0": 1.308040916,
  "KDImagSurface_r_A": 0.0148343813,
  "KDImagSurface_a_0_n": 0.5615712693,
  "KDImagSurface_a_A_n": 0.000289853,
  "KDImagSurface_a_0_p": 0.4904532281,
  "KDImagSurface_a_A_p": 0.0021584031
}