{
  "KDHartreeFock_V1_0": 58.6925668109,
  "KDHartreeFock_V1_asymm": 14.9708895719,
  "KDHartreeFock_V1_A": 0.0174288612,
  "KDHartreeFock_V2_0_n": 0.006937378,
  "KDHartreeFock_V2_A_n": 1.53e-08,
  "KDHartreeFock_V3_0_n": 1.6063e-05,
  "KDHartreeFock_V3_A_n": 2.3432e-06,
  "KDHartreeFock_V2_0_p": 0.0065321078,
  "KDHartreeFock_V2_A_p": 4.1456e-06,
  "KDHartreeFock_V3_0_p": 9.3278e-06,
  "KDHartreeFock_V3_A_p": -2.0233e-06,
  "KDHartreeFock_V4_0": 1.1297e-06,
  "KDHartreeFock_r_0": 1.2112837264,
  "KDHartreeFock_r_A": 0.1107629872,
  "KDHartreeFock_a_0": 0.6815428821,
  "KDHartreeFock_a_A": -0.0001867003,
  "KDCoulomb_r_C_0": 1.0552228428,
  "KDCoulomb_r_C_A": -0.5846942704,
  "KDCoulomb_r_C_A2": -1.916752551,
  "KDRealSpinOrbit_V1_0": 6.0496274405,
  "KDRealSpinOrbit_V1_A": -0.0027717753,
  "KDRealSpinOrbit_V2_0": 0.0035075118,
  "KDRealSpinOrbit_r_0": 1.1581240677,
  "KDRealSpinOrbit_r_A": 0.415622359,
  "KDRealSpinOrbit_a_0": 0.5639423649,
  "KDImagSpinOrbit_W1_0": -3.8279101616,
  "KDImagSpinOrbit_W2_0": 350.3408253596,
  "KDImagVolume_W1_0_n": 15.7296562954,
  "KDImagVolume_W1_A_n": 0.0684965611,
  "KDImagVolume_W1_0_p": 13.8599512792,
  "KDImagVolume_W1_A_p": 0.0962612484,
  "KDImagVolume_W2_0": 100.3323744633,
  "KDImagVolume_W2_A": 0.3264423057,
  "KDImagSurface_D1_0": 16.7120286806,
  "KDImagSurface_D1_asymm": 6.1039711427,
  "KDImagSurface_D2_0": 0.0596274407,
  "KDImagSurface_D2_A": -0.025194951,
  "KDImagSurface_D2_A2": 14.9241139059,
  "KDImagSurface_D2_A3": -85.692402947,
  "KDImagSurface_D3_0": 13.6499333405,
  "KDImagSurface_r_0": 1.3158393062,
  "KDImagSurface_r_A": 0.0126656871,
  "KDImagSurface_a_0_n": 0.539358697,
  "KDImagSurface_a_A_n": 3.56259e-05,
  "KDImagSurface_a_0_p": 0.4620127974,
  "KDImagSurface_a_A_p": 0.0020088205
}