{
  "KDHartreeFock_V1_0": 57.4615611317,
  "KDHartreeFock_V1_asymm": 16.0761803912,
  "KDHartreeFock_V1_A": 0.0156199581,
  "KDHartreeFock_V2_0_n": 0.0052805903,
  "KDHartreeFock_V2_A_n": -8.4352e-06,
  "KDHartreeFock_V3_0_n": 1.00529e-05,
  "KDHartreeFock_V3_A_n": -8.648e-07,
  "KDHartreeFock_V2_0_p": 0.0059768614,
  "KDHartreeFock_V2_A_p": 1.47089e-05,
  "KDHartreeFock_V3_0_p": 1.1529e-05,
  "KDHartreeFock_V3_A_p": -5.0968e-06,
  "KDHartreeFock_V4_0": -6.413e-07,
  "KDHartreeFock_r_0": 1.3278156055,
  "KDHartreeFock_r_A": 0.5947735688,
  "KDHartreeFock_a_0": 0.6891434115,
  "KDHartreeFock_a_A": 0.0002040609,
  "KDCoulomb_r_C_0": 1.1189524544,
  "KDCoulomb_r_C_A": 1.249700785,
  "KDCoulomb_r_C_A2": 20.4661732866,
  "KDRealSpinOrbit_V1_0": 2.8237182557,
  "KDRealSpinOrbit_V1_A": 0.0310268096,
  "KDRealSpinOrbit_V2_0": 0.0058948568,
  "KDRealSpinOrbit_r_0": 1.192311072,
  "KDRealSpinOrbit_r_A": 0.5495228458,
  "KDRealSpinOrbit_a_0": 0.5793343762,
  "KDImagSpinOrbit_W1_0": -3.2052227889,
  "KDImagSpinOrbit_W2_0": 267.7560449635,
  "KDImagVolume_W1_0_n": 21.2935011895,
  "KDImagVolume_W1_A_n": -0.0330602707,
  "KDImagVolume_W1_0_p": 15.6989209965,
  "KDImagVolume_W1_A_p": 0.0160115208,
  "KDImagVolume_W2_0": 125.4280960103,
  "KDImagVolume_W2_A": -0.286465415,
  "KDImagSurface_D1_0": 17.7392056805,
  "KDImagSurface_D1_asymm": 10.9866211221,
  "KDImagSurface_D2_0": 0.0288995629,
  "KDImagSurface_D2_A": -0.0056403765,
  "KDImagSurface_D2_A2": 11.381250725,
  "KDImagSurface_D2_A3": 58.0344231004,
  "KDImagSurface_D3_0": 14.3576469526,
  "KDImagSurface_r_0": 1.3414316099,
  "KDImagSurface_r_A": 0.0166234935,
  "KDImagSurface_a_0_n": 0.5565989034,
  "KDImagSurface_a_A_n": -0.0001714103,
  "KDImagSurface_a_0_p": 0.5642110937,
  "KDImagSurface_a_A_p": 0.0016814974
}