{
  "KDHartreeFock_V1_0": 59.5742346804,
  "KDHartreeFock_V1_asymm": 9.478455742,
  "KDHartreeFock_V1_A": 0.036359583,
  "KDHartreeFock_V2_0_n": 0.0072761591,
  "KDHartreeFock_V2_A_n": 8.1717e-06,
  "KDHartreeFock_V3_0_n": 1.78507e-05,
  "KDHartreeFock_V3_A_n": -1.5899e-06,
  "KDHartreeFock_V2_0_p": 0.0055916676,
  "KDHartreeFock_V2_A_p": -1.2514e-06,
  "KDHartreeFock_V3_0_p": 1.11061e-05,
  "KDHartreeFock_V3_A_p": 1.7697e-06,
  "KDHartreeFock_V4_0": 1.1719e-06,
  "KDHartreeFock_r_0": 1.3048171581,
  "KDHartreeFock_r_A": 0.5368552979,
  "KDHartreeFock_a_0": 0.6653397494,
  "KDHartreeFock_a_A": 0.000273187,
  "KDCoulomb_r_C_0": 1.0787843733,
  "KDCoulomb_r_C_A": 1.1953854743,
  "KDCoulomb_r_C_A2": 20.0220828471,
  "KDRealSpinOrbit_V1_0": 8.2054080524,
  "KDRealSpinOrbit_V1_A": -0.0080987044,
  "KDRealSpinOrbit_V2_0": 0.0116600417,
  "KDRealSpinOrbit_r_0": 1.194281268,
  "KDRealSpinOrbit_r_A": 0.5387513211,
  "KDRealSpinOrbit_a_0": 0.6170559029,
  "KDImagSpinOrbit_W1_0": -7.0620071346,
  "KDImagSpinOrbit_W2_0": 167.5072594314,
  "KDImagVolume_W1_0_n": 21.1710061333,
  "KDImagVolume_W1_A_n": 0.0652209827,
  "KDImagVolume_W1_0_p": 21.4015056179,
  "KDImagVolume_W1_A_p": 0.0473799222,
  "KDImagVolume_W2_0": 132.8369712427,
  "KDImagVolume_W2_A": 0.3010727378,
  "KDImagSurface_D1_0": 7.3275252041,
  "KDImagSurface_D1_asymm": 2.1983794859,
  "KDImagSurface_D2_0": -0.0216681134,
  "KDImagSurface_D2_A": 0.0291041023,
  "KDImagSurface_D2_A2": 3.0014823635,
  "KDImagSurface_D2_A3": 200.0574393358,
  "KDImagSurface_D3_0": 10.7845792458,
  "KDImagSurface_r_0": 1.2486574069,
  "KDImagSurface_r_A": 0.002099141,
  "KDImagSurface_a_0_n": 0.5873479607,
  "KDImagSurface_a_A_n": -0.0005589822,
  "KDImagSurface_a_0_p": 0.5766125416,
  "KDImagSurface_a_A_p": 0.0022819699
}