{
  "KDHartreeFock_V1_0": 62.0354167192,
  "KDHartreeFock_V1_asymm": 20.2206207895,
  "KDHartreeFock_V1_A": 0.0159041593,
  "KDHartreeFock_V2_0_n": 0.0065247111,
  "KDHartreeFock_V2_A_n": -7.2538e-06,
  "KDHartreeFock_V3_0_n": 2.05078e-05,
  "KDHartreeFock_V3_A_n": 1.832e-07,
  "KDHartreeFock_V2_0_p": 0.0092180215,
  "KDHartreeFock_V2_A_p": -8.4454e-06,
  "KDHartreeFock_V3_0_p": 3.35888e-05,
  "KDHartreeFock_V3_A_p": 3.925e-07,
  "KDHartreeFock_V4_0": 1.1354e-06,
  "KDHartreeFock_r_0": 1.1914197734,
  "KDHartreeFock_r_A": 0.1807642263,
  "KDHartreeFock_a_0": 0.7056160207,
  "KDHartreeFock_a_A": -0.0002733575,
  "KDCoulomb_r_C_0": 1.2582765533,
  "KDCoulomb_r_C_A": -0.2213576342,
  "KDCoulomb_r_C_A2": 26.0956533304,
  "KDRealSpinOrbit_V1_0": 4.7786505983,
  "KDRealSpinOrbit_V1_A": 0.0032797764,
  "KDRealSpinOrbit_V2_0": 0.0023365621,
  "KDRealSpinOrbit_r_0": 1.2349315656,
  "KDRealSpinOrbit_r_A": 0.898851588,
  "KDRealSpinOrbit_a_0": 0.6099739606,
  "KDImagSpinOrbit_W1_0": -6.5849890926,
  "KDImagSpinOrbit_W2_0": 270.5973394715,
  "KDImagVolume_W1_0_n": 20.7398905608,
  "KDImagVolume_W1_A_n": 0.0151723723,
  "KDImagVolume_W1_0_p": 23.5138376413,
  "KDImagVolume_W1_A_p": 0.0808025351,
  "KDImagVolume_W2_0": 111.8721539659,
  "KDImagVolume_W2_A": 0.0979135284,
  "KDImagSurface_D1_0": 15.4031238423,
  "KDImagSurface_D1_asymm": 19.2119850965,
  "KDImagSurface_D2_0": 0.0050172485,
  "KDImagSurface_D2_A": 0.0194375976,
  "KDImagSurface_D2_A2": 9.5306444626,
  "KDImagSurface_D2_A3": 158.3246315852,
  "KDImagSurface_D3_0": 13.2925393764,
  "KDImagSurface_r_0": 1.3703025087,
  "KDImagSurface_r_A": 0.0238246409,
  "KDImagSurface_a_0_n": 0.5316614587,
  "KDImagSurface_a_A_n": -0.0009909648,
  "KDImagSurface_a_0_p": 0.5544858239,
  "KDImagSurface_a_A_p": 0.001170257
}