{
  "KDHartreeFock_V1_0": 57.9948582582,
  "KDHartreeFock_V1_asymm": 18.9968896556,
  "KDHartreeFock_V1_A": 0.0171047355,
  "KDHartreeFock_V2_0_n": 0.0070221808,
  "KDHartreeFock_V2_A_n": 5.921e-06,
  "KDHartreeFock_V3_0_n": 1.64775e-05,
  "KDHartreeFock_V3_A_n": 3.47e-08,
  "KDHartreeFock_V2_0_p": 0.0071491399,
  "KDHartreeFock_V2_A_p": 5.0153e-06,
  "KDHartreeFock_V3_0_p": 2.3128e-05,
  "KDHartreeFock_V3_A_p": 5.791e-07,
  "KDHartreeFock_V4_0": 9.138e-07,
  "KDHartreeFock_r_0": 1.2210502541,
  "KDHartreeFock_r_A": 0.0711856247,
  "KDHartreeFock_a_0": 0.6391832444,
  "KDHartreeFock_a_A": -0.0002301616,
  "KDCoulomb_r_C_0": 0.9174532683,
  "KDCoulomb_r_C_A": 1.425571962,
  "KDCoulomb_r_C_A2": 4.362905322,
  "KDRealSpinOrbit_V1_0": 3.655142883,
  "KDRealSpinOrbit_V1_A": 0.019438016,
  "KDRealSpinOrbit_V2_0": 0.0028209776,
  "KDRealSpinOrbit_r_0": 1.2223078703,
  "KDRealSpinOrbit_r_A": 0.8443780259,
  "KDRealSpinOrbit_a_0": 0.5911659259,
  "KDImagSpinOrbit_W1_0": -5.8980791274,
  "KDImagSpinOrbit_W2_0": 346.4565373546,
  "KDImagVolume_W1_0_n": 15.5826576276,
  "KDImagVolume_W1_A_n": -0.0174724078,
  "KDImagVolume_W1_0_p": 4.4642645158,
  "KDImagVolume_W1_A_p": 0.0756408317,
  "KDImagVolume_W2_0": 45.4673357258,
  "KDImagVolume_W2_A": 0.171166037,
  "KDImagSurface_D1_0": 20.816334066,
  "KDImagSurface_D1_asymm": 23.0111375332,
  "KDImagSurface_D2_0": 0.0020353095,
  "KDImagSurface_D2_A": 0.0212105196,
  "KDImagSurface_D2_A2": 4.2335368891,
  "KDImagSurface_D2_A3": 184.5708907916,
  "KDImagSurface_D3_0": 15.2884610063,
  "KDImagSurface_r_0": 1.3140004728,
  "KDImagSurface_r_A": 0.0151410103,
  "KDImagSurface_a_0_n": 0.5548478707,
  "KDImagSurface_a_A_n": -0.0005583383,
  "KDImagSurface_a_0_p": 0.5339546011,
  "KDImagSurface_a_A_p": 0.0002955262
}