{
  "KDHartreeFock_V1_0": 55.7674669402,
  "KDHartreeFock_V1_asymm": 16.6210518153,
  "KDHartreeFock_V1_A": 0.0177752846,
  "KDHartreeFock_V2_0_n": 0.0051480487,
  "KDHartreeFock_V2_A_n": 2.6527e-06,
  "KDHartreeFock_V3_0_n": 1.0437e-06,
  "KDHartreeFock_V3_A_n": 1.0153e-06,
  "KDHartreeFock_V2_0_p": 0.0063655498,
  "KDHartreeFock_V2_A_p": 9.6996e-06,
  "KDHartreeFock_V3_0_p": 7.8149e-06,
  "KDHartreeFock_V3_A_p": -1.4329e-06,
  "KDHartreeFock_V4_0": -4.923e-07,
  "KDHartreeFock_r_0": 1.3100451305,
  "KDHartreeFock_r_A": 0.5026615886,
  "KDHartreeFock_a_0": 0.6524260853,
  "KDHartreeFock_a_A": -0.0001881591,
  "KDCoulomb_r_C_0": 1.3297814362,
  "KDCoulomb_r_C_A": 2.185706388,
  "KDCoulomb_r_C_A2": 20.0699345165,
  "KDRealSpinOrbit_V1_0": 4.3283080622,
  "KDRealSpinOrbit_V1_A": 0.0102641432,
  "KDRealSpinOrbit_V2_0": 0.002589798,
  "KDRealSpinOrbit_r_0": 1.1749395091,
  "KDRealSpinOrbit_r_A": 0.6230997406,
  "KDRealSpinOrbit_a_0": 0.5552755591,
  "KDImagSpinOrbit_W1_0": -4.9313022971,
  "KDImagSpinOrbit_W2_0": 337.8462084406,
  "KDImagVolume_W1_0_n": 19.6299544618,
  "KDImagVolume_W1_A_n": 0.0299892084,
  "KDImagVolume_W1_0_p": 19.9791120679,
  "KDImagVolume_W1_A_p": 0.0685374449,
  "KDImagVolume_W2_0": 118.5362812804,
  "KDImagVolume_W2_A": 0.2125801532,
  "KDImagSurface_D1_0": 15.1833362326,
  "KDImagSurface_D1_asymm": 12.7458249347,
  "KDImagSurface_D2_0": 0.0153513415,
  "KDImagSurface_D2_A": 0.0049359095,
  "KDImagSurface_D2_A2": 7.9126609782,
  "KDImagSurface_D2_A3": 12.4103945815,
  "KDImagSurface_D3_0": 11.7322543669,
  "KDImagSurface_r_0": 1.4500391826,
  "KDImagSurface_r_A": 0.0458313251,
  "KDImagSurface_a_0_n": 0.58606788,
  "KDImagSurface_a_A_n": -0.0005819202,
  "KDImagSurface_a_0_p": 0.5552989108,
  "KDImagSurface_a_A_p": 0.0015541073
}