{
  "KDHartreeFock_V1_0": 58.1938718888,
  "KDHartreeFock_V1_asymm": 11.3017137555,
  "KDHartreeFock_V1_A": 0.0236376053,
  "KDHartreeFock_V2_0_n": 0.0067123323,
  "KDHartreeFock_V2_A_n": 9.4017e-06,
  "KDHartreeFock_V3_0_n": 1.53831e-05,
  "KDHartreeFock_V3_A_n": 2.2672e-06,
  "KDHartreeFock_V2_0_p": 0.0071798569,
  "KDHartreeFock_V2_A_p": -4.5848e-06,
  "KDHartreeFock_V3_0_p": 1.887e-05,
  "KDHartreeFock_V3_A_p": -2.8848e-06,
  "KDHartreeFock_V4_0": -1.32e-08,
  "KDHartreeFock_r_0": 1.22056187,
  "KDHartreeFock_r_A": 0.139086473,
  "KDHartreeFock_a_0": 0.6951369835,
  "KDHartreeFock_a_A": -0.0001248557,
  "KDCoulomb_r_C_0": 1.4119049662,
  "KDCoulomb_r_C_A": -0.3027104217,
  "KDCoulomb_r_C_A2": 4.8283371751,
  "KDRealSpinOrbit_V1_0": 6.1230474994,
  "KDRealSpinOrbit_V1_A": 0.0016087987,
  "KDRealSpinOrbit_V2_0": 0.0061135058,
  "KDRealSpinOrbit_r_0": 1.2093829965,
  "KDRealSpinOrbit_r_A": 0.9447352535,
  "KDRealSpinOrbit_a_0": 0.6331055105,
  "KDImagSpinOrbit_W1_0": -5.0401290788,
  "KDImagSpinOrbit_W2_0": 203.3412446729,
  "KDImagVolume_W1_0_n": 25.5680414473,
  "KDImagVolume_W1_A_n": 0.0335765606,
  "KDImagVolume_W1_0_p": 18.8787660137,
  "KDImagVolume_W1_A_p": 0.1458798133,
  "KDImagVolume_W2_0": 144.1821055358,
  "KDImagVolume_W2_A": 0.4249272211,
  "KDImagSurface_D1_0": 32.0882806658,
  "KDImagSurface_D1_asymm": 20.7620021016,
  "KDImagSurface_D2_0": 0.0533725887,
  "KDImagSurface_D2_A": -0.0229802334,
  "KDImagSurface_D2_A2": -1.5221437895,
  "KDImagSurface_D2_A3": -40.8645167736,
  "KDImagSurface_D3_0": 23.3786038249,
  "KDImagSurface_r_0": 1.2778748811,
  "KDImagSurface_r_A": 0.0117599688,
  "KDImagSurface_a_0_n": 0.4774983451,
  "KDImagSurface_a_A_n": -0.0012342938,
  "KDImagSurface_a_0_p": 0.469470077,
  "KDImagSurface_a_A_p": 0.0020460017
}