{
  "KDHartreeFock_V1_0": 61.5752282583,
  "KDHartreeFock_V1_asymm": 13.7076486391,
  "KDHartreeFock_V1_A": 0.0354840574,
  "KDHartreeFock_V2_0_n": 0.0050078809,
  "KDHartreeFock_V2_A_n": -1.8154e-06,
  "KDHartreeFock_V3_0_n": -6.0421e-06,
  "KDHartreeFock_V3_A_n": 1.9718e-06,
  "KDHartreeFock_V2_0_p": 0.0055106236,
  "KDHartreeFock_V2_A_p": 1.1802e-06,
  "KDHartreeFock_V3_0_p": 1.617e-06,
  "KDHartreeFock_V3_A_p": -2.3189e-06,
  "KDHartreeFock_V4_0": 1.41e-07,
  "KDHartreeFock_r_0": 1.2528609804,
  "KDHartreeFock_r_A": 0.3793713947,
  "KDHartreeFock_a_0": 0.6826861685,
  "KDHartreeFock_a_A": -0.0001970723,
  "KDCoulomb_r_C_0": 1.2585405268,
  "KDCoulomb_r_C_A": 0.6329707799,
  "KDCoulomb_r_C_A2": 3.9020503843,
  "KDRealSpinOrbit_V1_0": 6.2947805967,
  "KDRealSpinOrbit_V1_A": 0.0060997671,
  "KDRealSpinOrbit_V2_0": 0.0059805851,
  "KDRealSpinOrbit_r_0": 1.1772210198,
  "KDRealSpinOrbit_r_A": 0.5941329021,
  "KDRealSpinOrbit_a_0": 0.6303969344,
  "KDImagSpinOrbit_W1_0": -8.6283339696,
  "KDImagSpinOrbit_W2_0": 410.468493743,
  "KDImagVolume_W1_0_n": 22.1389683521,
  "KDImagVolume_W1_A_n": 0.011578777,
  "KDImagVolume_W1_0_p": 20.0171587669,
  "KDImagVolume_W1_A_p": 0.0942766899,
  "KDImagVolume_W2_0": 89.6368401057,
  "KDImagVolume_W2_A": 0.374166355,
  "KDImagSurface_D1_0": 16.8063798701,
  "KDImagSurface_D1_asymm": 8.5471600523,
  "KDImagSurface_D2_0": 0.0303341181,
  "KDImagSurface_D2_A": -0.0085127441,
  "KDImagSurface_D2_A2": 14.8897600414,
  "KDImagSurface_D2_A3": -65.0571481414,
  "KDImagSurface_D3_0": 14.019746707,
  "KDImagSurface_r_0": 1.3136480514,
  "KDImagSurface_r_A": 0.0149470184,
  "KDImagSurface_a_0_n": 0.570968889,
  "KDImagSurface_a_A_n": -0.0002942996,
  "KDImagSurface_a_0_p": 0.4619925427,
  "KDImagSurface_a_A_p": 0.0022467216
}