{
  "KDHartreeFock_V1_0": 58.9971436004,
  "KDHartreeFock_V1_asymm": 13.6551415479,
  "KDHartreeFock_V1_A": 0.0339104361,
  "KDHartreeFock_V2_0_n": 0.0055982796,
  "KDHartreeFock_V2_A_n": 7.5107e-06,
  "KDHartreeFock_V3_0_n": 1.1733e-06,
  "KDHartreeFock_V3_A_n": -3.8198e-06,
  "KDHartreeFock_V2_0_p": 0.0055357979,
  "KDHartreeFock_V2_A_p": -1.2214e-06,
  "KDHartreeFock_V3_0_p": -1.7928e-06,
  "KDHartreeFock_V3_A_p": -6.79e-08,
  "KDHartreeFock_V4_0": 1.6215e-06,
  "KDHartreeFock_r_0": 1.2560871114,
  "KDHartreeFock_r_A": 0.3507210012,
  "KDHartreeFock_a_0": 0.6606312397,
  "KDHartreeFock_a_A": -0.0003825516,
  "KDCoulomb_r_C_0": 1.0222765578,
  "KDCoulomb_r_C_A": 0.6461216254,
  "KDCoulomb_r_C_A2": 37.2200604593,
  "KDRealSpinOrbit_V1_0": 7.2992882414,
  "KDRealSpinOrbit_V1_A": -0.01049349,
  "KDRealSpinOrbit_V2_0": 0.0020610583,
  "KDRealSpinOrbit_r_0": 1.2011011445,
  "KDRealSpinOrbit_r_A": 0.8184406699,
  "KDRealSpinOrbit_a_0": 0.6457976871,
  "KDImagSpinOrbit_W1_0": -5.6085380448,
  "KDImagSpinOrbit_W2_0": 288.0867570835,
  "KDImagVolume_W1_0_n": 20.2549556399,
  "KDImagVolume_W1_A_n": 0.0067503149,
  "KDImagVolume_W1_0_p": 28.7020545444,
  "KDImagVolume_W1_A_p": -0.0053933937,
  "KDImagVolume_W2_0": 87.5770767582,
  "KDImagVolume_W2_A": 0.0923890685,
  "KDImagSurface_D1_0": 16.7330655224,
  "KDImagSurface_D1_asymm": 2.1798085971,
  "KDImagSurface_D2_0": -0.0143367164,
  "KDImagSurface_D2_A": 0.0324312326,
  "KDImagSurface_D2_A2": 34.5102461584,
  "KDImagSurface_D2_A3": 600.7884057257,
  "KDImagSurface_D3_0": 15.9402569603,
  "KDImagSurface_r_0": 1.2999968948,
  "KDImagSurface_r_A": 0.0045680487,
  "KDImagSurface_a_0_n": 0.6105970636,
  "KDImagSurface_a_A_n": -0.0002604966,
  "KDImagSurface_a_0_p": 0.4794901119,
  "KDImagSurface_a_A_p": 0.0019139281
}