{
  "KDHartreeFock_V1_0": 61.9191402787,
  "KDHartreeFock_V1_asymm": 18.4759084274,
  "KDHartreeFock_V1_A": 0.0325307787,
  "KDHartreeFock_V2_0_n": 0.0064035147,
  "KDHartreeFock_V2_A_n": 8.423e-07,
  "KDHartreeFock_V3_0_n": 1.20134e-05,
  "KDHartreeFock_V3_A_n": -1.5265e-06,
  "KDHartreeFock_V2_0_p": 0.0065343976,
  "KDHartreeFock_V2_A_p": 4.6124e-06,
  "KDHartreeFock_V3_0_p": 7.887e-06,
  "KDHartreeFock_V3_A_p": -5.948e-07,
  "KDHartreeFock_V4_0": 1.9315e-06,
  "KDHartreeFock_r_0": 1.2602634994,
  "KDHartreeFock_r_A": 0.4268799503,
  "KDHartreeFock_a_0": 0.705710228,
  "KDHartreeFock_a_A": -1.79312e-05,
  "KDCoulomb_r_C_0": 1.2455002494,
  "KDCoulomb_r_C_A": 2.5330851926,
  "KDCoulomb_r_C_A2": 10.1971146775,
  "KDRealSpinOrbit_V1_0": 6.5869104758,
  "KDRealSpinOrbit_V1_A": 0.0064384971,
  "KDRealSpinOrbit_V2_0": 0.005019038,
  "KDRealSpinOrbit_r_0": 1.2673995795,
  "KDRealSpinOrbit_r_A": 0.8352995772,
  "KDRealSpinOrbit_a_0": 0.6440133404,
  "KDImagSpinOrbit_W1_0": -3.0877714228,
  "KDImagSpinOrbit_W2_0": 118.4131080707,
  "KDImagVolume_W1_0_n": 15.0147405294,
  "KDImagVolume_W1_A_n": 0.0050832267,
  "KDImagVolume_W1_0_p": 16.544330522,
  "KDImagVolume_W1_A_p": -0.0098259064,
  "KDImagVolume_W2_0": 67.8209644596,
  "KDImagVolume_W2_A": -0.0855961878,
  "KDImagSurface_D1_0": 15.7197495133,
  "KDImagSurface_D1_asymm": 17.2338068287,
  "KDImagSurface_D2_0": 0.0467393161,
  "KDImagSurface_D2_A": -0.0176594606,
  "KDImagSurface_D2_A2": 11.200841303,
  "KDImagSurface_D2_A3": 206.3996816076,
  "KDImagSurface_D3_0": 12.3095727331,
  "KDImagSurface_r_0": 1.4361853546,
  "KDImagSurface_r_A": 0.0334206915,
  "KDImagSurface_a_0_n": 0.5511166397,
  "KDImagSurface_a_A_n": -0.0002465689,
  "KDImagSurface_a_0_p": 0.4759719191,
  "KDImagSurface_a_A_p": 0.0014791363
}