{
  "KDHartreeFock_V1_0": 59.1081739509,
  "KDHartreeFock_V1_asymm": 12.4166485659,
  "KDHartreeFock_V1_A": 0.0228495282,
  "KDHartreeFock_V2_0_n": 0.0060051615,
  "KDHartreeFock_V2_A_n": 1.6139e-06,
  "KDHartreeFock_V3_0_n": 1.39885e-05,
  "KDHartreeFock_V3_A_n": 4.4628e-06,
  "KDHartreeFock_V2_0_p": 0.006563942,
  "KDHartreeFock_V2_A_p": 1.036e-07,
  "KDHartreeFock_V3_0_p": 1.81201e-05,
  "KDHartreeFock_V3_A_p": 2.9e-09,
  "KDHartreeFock_V4_0": -1.3481e-06,
  "KDHartreeFock_r_0": 1.2364749786,
  "KDHartreeFock_r_A": 0.2808728467,
  "KDHartreeFock_a_0": 0.6926957394,
  "KDHartreeFock_a_A": -6.91758e-05,
  "KDCoulomb_r_C_0": 1.2342223765,
  "KDCoulomb_r_C_A": 0.3310267825,
  "KDCoulomb_r_C_A2": -13.8813941761,
  "KDRealSpinOrbit_V1_0": 7.4491451942,
  "KDRealSpinOrbit_V1_A": -0.0086388763,
  "KDRealSpinOrbit_V2_0": 0.009654674,
  "KDRealSpinOrbit_r_0": 1.1686151977,
  "KDRealSpinOrbit_r_A": 0.5980705731,
  "KDRealSpinOrbit_a_0": 0.581357085,
  "KDImagSpinOrbit_W1_0": -4.2174244155,
  "KDImagSpinOrbit_W2_0": 267.8552515387,
  "KDImagVolume_W1_0_n": 16.7182846835,
  "KDImagVolume_W1_A_n": 0.056814469,
  "KDImagVolume_W1_0_p": 23.8381638206,
  "KDImagVolume_W1_A_p": 0.0289285021,
  "KDImagVolume_W2_0": 111.1188385513,
  "KDImagVolume_W2_A": 0.059203973,
  "KDImagSurface_D1_0": 17.1104109183,
  "KDImagSurface_D1_asymm": 11.3926205224,
  "KDImagSurface_D2_0": -0.0061911446,
  "KDImagSurface_D2_A": 0.0274070945,
  "KDImagSurface_D2_A2": 14.4332240478,
  "KDImagSurface_D2_A3": 284.4600147018,
  "KDImagSurface_D3_0": 14.3287694307,
  "KDImagSurface_r_0": 1.3329470954,
  "KDImagSurface_r_A": 0.0145940149,
  "KDImagSurface_a_0_n": 0.5832113341,
  "KDImagSurface_a_A_n": -6.00652e-05,
  "KDImagSurface_a_0_p": 0.4690814952,
  "KDImagSurface_a_A_p": 0.0019044329
}