{
  "KDHartreeFock_V1_0": 57.6779364844,
  "KDHartreeFock_V1_asymm": 16.5221516593,
  "KDHartreeFock_V1_A": 0.0196995289,
  "KDHartreeFock_V2_0_n": 0.0049224925,
  "KDHartreeFock_V2_A_n": -1.6045e-06,
  "KDHartreeFock_V3_0_n": -9.576e-07,
  "KDHartreeFock_V3_A_n": 3.7991e-06,
  "KDHartreeFock_V2_0_p": 0.0069419965,
  "KDHartreeFock_V2_A_p": 3.7837e-06,
  "KDHartreeFock_V3_0_p": 1.80114e-05,
  "KDHartreeFock_V3_A_p": 2.564e-07,
  "KDHartreeFock_V4_0": 1.9046e-06,
  "KDHartreeFock_r_0": 1.311941533,
  "KDHartreeFock_r_A": 0.5320740654,
  "KDHartreeFock_a_0": 0.6931807876,
  "KDHartreeFock_a_A": 0.0001815466,
  "KDCoulomb_r_C_0": 1.3442883059,
  "KDCoulomb_r_C_A": 1.0372152065,
  "KDCoulomb_r_C_A2": -1.5681440043,
  "KDRealSpinOrbit_V1_0": 5.9314375029,
  "KDRealSpinOrbit_V1_A": -0.0031033782,
  "KDRealSpinOrbit_V2_0": 0.0041988914,
  "KDRealSpinOrbit_r_0": 1.258385401,
  "KDRealSpinOrbit_r_A": 0.9096701154,
  "KDRealSpinOrbit_a_0": 0.5950895675,
  "KDImagSpinOrbit_W1_0": -3.6293010798,
  "KDImagSpinOrbit_W2_0": 298.5761776923,
  "KDImagVolume_W1_0_n": 26.2223619677,
  "KDImagVolume_W1_A_n": 0.0138234939,
  "KDImagVolume_W1_0_p": 22.7810403632,
  "KDImagVolume_W1_A_p": 0.021593628,
  "KDImagVolume_W2_0": 101.2469635547,
  "KDImagVolume_W2_A": 0.1510839904,
  "KDImagSurface_D1_0": 21.8453365222,
  "KDImagSurface_D1_asymm": 18.6698123581,
  "KDImagSurface_D2_0": 0.0484599019,
  "KDImagSurface_D2_A": -0.011825371,
  "KDImagSurface_D2_A2": 24.0295582312,
  "KDImagSurface_D2_A3": 173.0369383064,
  "KDImagSurface_D3_0": 15.5753133568,
  "KDImagSurface_r_0": 1.4625914375,
  "KDImagSurface_r_A": 0.0338534014,
  "KDImagSurface_a_0_n": 0.5139468068,
  "KDImagSurface_a_A_n": -0.0007329153,
  "KDImagSurface_a_0_p": 0.5244908609,
  "KDImagSurface_a_A_p": 0.0010248575
}