{
  "KDHartreeFock_V1_0": 62.7002612479,
  "KDHartreeFock_V1_asymm": 16.2723622089,
  "KDHartreeFock_V1_A": 0.0236113764,
  "KDHartreeFock_V2_0_n": 0.0079179213,
  "KDHartreeFock_V2_A_n": 7.4064e-06,
  "KDHartreeFock_V3_0_n": 2.91188e-05,
  "KDHartreeFock_V3_A_n": 1.3672e-06,
  "KDHartreeFock_V2_0_p": 0.0093828872,
  "KDHartreeFock_V2_A_p": -1.33511e-05,
  "KDHartreeFock_V3_0_p": 4.18501e-05,
  "KDHartreeFock_V3_A_p": -5.0367e-06,
  "KDHartreeFock_V4_0": -1.138e-07,
  "KDHartreeFock_r_0": 1.2295386343,
  "KDHartreeFock_r_A": 0.3506289589,
  "KDHartreeFock_a_0": 0.7213264529,
  "KDHartreeFock_a_A": 9.53863e-05,
  "KDCoulomb_r_C_0": 0.9685680696,
  "KDCoulomb_r_C_A": 1.3482006759,
  "KDCoulomb_r_C_A2": 32.7256284929,
  "KDRealSpinOrbit_V1_0": 8.2227424684,
  "KDRealSpinOrbit_V1_A": -0.0073969888,
  "KDRealSpinOrbit_V2_0": 0.0117523716,
  "KDRealSpinOrbit_r_0": 1.1318074745,
  "KDRealSpinOrbit_r_A": 0.4772440698,
  "KDRealSpinOrbit_a_0": 0.6019794698,
  "KDImagSpinOrbit_W1_0": -2.8840817544,
  "KDImagSpinOrbit_W2_0": 276.8472602081,
  "KDImagVolume_W1_0_n": 31.1131350983,
  "KDImagVolume_W1_A_n": 0.0016252663,
  "KDImagVolume_W1_0_p": 28.1448130048,
  "KDImagVolume_W1_A_p": 0.0475760009,
  "KDImagVolume_W2_0": 185.6112605248,
  "KDImagVolume_W2_A": -0.029373583,
  "KDImagSurface_D1_0": 7.1766522275,
  "KDImagSurface_D1_asymm": 1.3857994126,
  "KDImagSurface_D2_0": -0.0103494912,
  "KDImagSurface_D2_A": 0.0281756656,
  "KDImagSurface_D2_A2": 7.7886269739,
  "KDImagSurface_D2_A3": -36.9719260717,
  "KDImagSurface_D3_0": 9.2449484455,
  "KDImagSurface_r_0": 1.4800859716,
  "KDImagSurface_r_A": 0.0455360491,
  "KDImagSurface_a_0_n": 0.5304843198,
  "KDImagSurface_a_A_n": -0.0003529719,
  "KDImagSurface_a_0_p": 0.5048548156,
  "KDImagSurface_a_A_p": 0.0014995741
}