{
  "KDHartreeFock_V1_0": 59.707259221,
  "KDHartreeFock_V1_asymm": 13.0446609643,
  "KDHartreeFock_V1_A": 0.0339658424,
  "KDHartreeFock_V2_0_n": 0.007115973,
  "KDHartreeFock_V2_A_n": 3.2171e-06,
  "KDHartreeFock_V3_0_n": 1.33428e-05,
  "KDHartreeFock_V3_A_n": 3.585e-07,
  "KDHartreeFock_V2_0_p": 0.0074172212,
  "KDHartreeFock_V2_A_p": 4.4704e-06,
  "KDHartreeFock_V3_0_p": 1.57841e-05,
  "KDHartreeFock_V3_A_p": -2.1607e-06,
  "KDHartreeFock_V4_0": 9.66e-08,
  "KDHartreeFock_r_0": 1.3140021209,
  "KDHartreeFock_r_A": 0.4999583195,
  "KDHartreeFock_a_0": 0.7409431828,
  "KDHartreeFock_a_A": 0.000253302,
  "KDCoulomb_r_C_0": 1.1200204363,
  "KDCoulomb_r_C_A": 0.7434080498,
  "KDCoulomb_r_C_A2": -15.4680802101,
  "KDRealSpinOrbit_V1_0": 2.919834779,
  "KDRealSpinOrbit_V1_A": 0.0185792281,
  "KDRealSpinOrbit_V2_0": -0.001943678,
  "KDRealSpinOrbit_r_0": 1.0967355088,
  "KDRealSpinOrbit_r_A": 0.2749608001,
  "KDRealSpinOrbit_a_0": 0.6383014571,
  "KDImagSpinOrbit_W1_0": -5.227254794,
  "KDImagSpinOrbit_W2_0": 471.6458002723,
  "KDImagVolume_W1_0_n": 15.7513972614,
  "KDImagVolume_W1_A_n": -0.0243059805,
  "KDImagVolume_W1_0_p": 5.2401263838,
  "KDImagVolume_W1_A_p": 0.0321427177,
  "KDImagVolume_W2_0": 47.7345208561,
  "KDImagVolume_W2_A": 0.2050307538,
  "KDImagSurface_D1_0": 27.752746932,
  "KDImagSurface_D1_asymm": 25.8533603571,
  "KDImagSurface_D2_0": -0.0014250506,
  "KDImagSurface_D2_A": 0.0448592048,
  "KDImagSurface_D2_A2": 7.7313679019,
  "KDImagSurface_D2_A3": 62.0298957684,
  "KDImagSurface_D3_0": 20.3121632804,
  "KDImagSurface_r_0": 1.4106660876,
  "KDImagSurface_r_A": 0.0241535591,
  "KDImagSurface_a_0_n": 0.5017901946,
  "KDImagSurface_a_A_n": -0.0007449822,
  "KDImagSurface_a_0_p": 0.5371997168,
  "KDImagSurface_a_A_p": 0.0002115736
}