{
  "KDHartreeFock_V1_0": 61.1862692272,
  "KDHartreeFock_V1_asymm": 10.6790156973,
  "KDHartreeFock_V1_A": 0.0317708875,
  "KDHartreeFock_V2_0_n": 0.0068139823,
  "KDHartreeFock_V2_A_n": 5.3426e-06,
  "KDHartreeFock_V3_0_n": 1.86954e-05,
  "KDHartreeFock_V3_A_n": -1.3085e-06,
  "KDHartreeFock_V2_0_p": 0.0075203643,
  "KDHartreeFock_V2_A_p": -3.1833e-06,
  "KDHartreeFock_V3_0_p": 2.61207e-05,
  "KDHartreeFock_V3_A_p": 6.264e-07,
  "KDHartreeFock_V4_0": -4.7347e-06,
  "KDHartreeFock_r_0": 1.1863725029,
  "KDHartreeFock_r_A": 0.0749357509,
  "KDHartreeFock_a_0": 0.6409339023,
  "KDHartreeFock_a_A": -0.0009205505,
  "KDCoulomb_r_C_0": 1.3599075723,
  "KDCoulomb_r_C_A": -0.0483224101,
  "KDCoulomb_r_C_A2": 3.3538953989,
  "KDRealSpinOrbit_V1_0": 5.7380369745,
  "KDRealSpinOrbit_V1_A": -0.0055675904,
  "KDRealSpinOrbit_V2_0": 0.0028780239,
  "KDRealSpinOrbit_r_0": 1.2190567615,
  "KDRealSpinOrbit_r_A": 0.8739904538,
  "KDRealSpinOrbit_a_0": 0.6005274258,
  "KDImagSpinOrbit_W1_0": 0.2896501012,
  "KDImagSpinOrbit_W2_0": 117.4441318932,
  "KDImagVolume_W1_0_n": 24.3659556802,
  "KDImagVolume_W1_A_n": 0.0263185174,
  "KDImagVolume_W1_0_p": 23.5473038382,
  "KDImagVolume_W1_A_p": 0.0392324801,
  "KDImagVolume_W2_0": 157.9774249055,
  "KDImagVolume_W2_A": 0.0511849211,
  "KDImagSurface_D1_0": 13.2381847959,
  "KDImagSurface_D1_asymm": 19.0321429885,
  "KDImagSurface_D2_0": -0.0030586468,
  "KDImagSurface_D2_A": 0.0247707266,
  "KDImagSurface_D2_A2": 2.9058225914,
  "KDImagSurface_D2_A3": -15.7013542264,
  "KDImagSurface_D3_0": 10.7141405293,
  "KDImagSurface_r_0": 1.2663121327,
  "KDImagSurface_r_A": -0.0062271956,
  "KDImagSurface_a_0_n": 0.5459409673,
  "KDImagSurface_a_A_n": -0.0004323745,
  "KDImagSurface_a_0_p": 0.5051480387,
  "KDImagSurface_a_A_p": 0.0011781585
}