{
  "KDHartreeFock_V1_0": 56.6213807161,
  "KDHartreeFock_V1_asymm": 9.0266339638,
  "KDHartreeFock_V1_A": 0.0168870259,
  "KDHartreeFock_V2_0_n": 0.0052314892,
  "KDHartreeFock_V2_A_n": -9.1193e-06,
  "KDHartreeFock_V3_0_n": -2.334e-07,
  "KDHartreeFock_V3_A_n": -1.0271e-06,
  "KDHartreeFock_V2_0_p": 0.0062386045,
  "KDHartreeFock_V2_A_p": 6.8527e-06,
  "KDHartreeFock_V3_0_p": 2.1525e-06,
  "KDHartreeFock_V3_A_p": 1.2212e-06,
  "KDHartreeFock_V4_0": 1.402e-07,
  "KDHartreeFock_r_0": 1.2840104449,
  "KDHartreeFock_r_A": 0.3932776794,
  "KDHartreeFock_a_0": 0.7179951511,
  "KDHartreeFock_a_A": -0.0001587114,
  "KDCoulomb_r_C_0": 1.1615177151,
  "KDCoulomb_r_C_A": 1.9968606299,
  "KDCoulomb_r_C_A2": 42.8464717156,
  "KDRealSpinOrbit_V1_0": 3.5322597996,
  "KDRealSpinOrbit_V1_A": 0.0111098367,
  "KDRealSpinOrbit_V2_0": -0.0032497526,
  "KDRealSpinOrbit_r_0": 1.2127985031,
  "KDRealSpinOrbit_r_A": 0.6447371937,
  "KDRealSpinOrbit_a_0": 0.5856461478,
  "KDImagSpinOrbit_W1_0": -3.3235005794,
  "KDImagSpinOrbit_W2_0": 254.9704872242,
  "KDImagVolume_W1_0_n": 16.2667573981,
  "KDImagVolume_W1_A_n": -0.0222786736,
  "KDImagVolume_W1_0_p": 7.155826849,
  "KDImagVolume_W1_A_p": 0.0197529757,
  "KDImagVolume_W2_0": 100.0315543004,
  "KDImagVolume_W2_A": -0.1623601436,
  "KDImagSurface_D1_0": 15.3372987721,
  "KDImagSurface_D1_asymm": 19.6118438734,
  "KDImagSurface_D2_0": 0.0309557364,
  "KDImagSurface_D2_A": -0.0037672096,
  "KDImagSurface_D2_A2": -0.7882442999,
  "KDImagSurface_D2_A3": 16.8610434585,
  "KDImagSurface_D3_0": 10.7988936301,
  "KDImagSurface_r_0": 1.3501286545,
  "KDImagSurface_r_A": 0.0162416083,
  "KDImagSurface_a_0_n": 0.513665791,
  "KDImagSurface_a_A_n": -0.000276987,
  "KDImagSurface_a_0_p": 0.4957081779,
  "KDImagSurface_a_A_p": 0.0009204174
}