{
  "KDHartreeFock_V1_0": 56.9035082354,
  "KDHartreeFock_V1_asymm": 5.5541838484,
  "KDHartreeFock_V1_A": 0.0266388768,
  "KDHartreeFock_V2_0_n": 0.0076866831,
  "KDHartreeFock_V2_A_n": 2.042e-07,
  "KDHartreeFock_V3_0_n": 2.01639e-05,
  "KDHartreeFock_V3_A_n": -2.467e-07,
  "KDHartreeFock_V2_0_p": 0.0092733459,
  "KDHartreeFock_V2_A_p": -7.9647e-06,
  "KDHartreeFock_V3_0_p": 3.65039e-05,
  "KDHartreeFock_V3_A_p": -6.296e-07,
  "KDHartreeFock_V4_0": -2.3795e-06,
  "KDHartreeFock_r_0": 1.2633988398,
  "KDHartreeFock_r_A": 0.2027994664,
  "KDHartreeFock_a_0": 0.696875546,
  "KDHartreeFock_a_A": 8.86328e-05,
  "KDCoulomb_r_C_0": 1.187537293,
  "KDCoulomb_r_C_A": 0.8082081388,
  "KDCoulomb_r_C_A2": -10.8206815898,
  "KDRealSpinOrbit_V1_0": 5.1093957967,
  "KDRealSpinOrbit_V1_A": 0.0097465792,
  "KDRealSpinOrbit_V2_0": 0.0063409125,
  "KDRealSpinOrbit_r_0": 1.2967177417,
  "KDRealSpinOrbit_r_A": 0.9304151489,
  "KDRealSpinOrbit_a_0": 0.564838921,
  "KDImagSpinOrbit_W1_0": -1.9503030296,
  "KDImagSpinOrbit_W2_0": 237.8423081546,
  "KDImagVolume_W1_0_n": 23.5164346383,
  "KDImagVolume_W1_A_n": -0.0285046693,
  "KDImagVolume_W1_0_p": 11.6644165363,
  "KDImagVolume_W1_A_p": -0.0153924436,
  "KDImagVolume_W2_0": 114.8424944184,
  "KDImagVolume_W2_A": -0.142069552,
  "KDImagSurface_D1_0": 11.9237600135,
  "KDImagSurface_D1_asymm": 13.8183892883,
  "KDImagSurface_D2_0": 0.006616148,
  "KDImagSurface_D2_A": 0.017181768,
  "KDImagSurface_D2_A2": 13.3572394501,
  "KDImagSurface_D2_A3": 344.6598621736,
  "KDImagSurface_D3_0": 10.0203401939,
  "KDImagSurface_r_0": 1.3144256271,
  "KDImagSurface_r_A": 0.0179374662,
  "KDImagSurface_a_0_n": 0.5722864021,
  "KDImagSurface_a_A_n": -0.0004677185,
  "KDImagSurface_a_0_p": 0.5408555687,
  "KDImagSurface_a_A_p": 0.0024485025
}