{
  "KDHartreeFock_V1_0": 61.8812967789,
  "KDHartreeFock_V1_asymm": 16.8925328935,
  "KDHartreeFock_V1_A": 0.0396954687,
  "KDHartreeFock_V2_0_n": 0.0069279996,
  "KDHartreeFock_V2_A_n": 4.7813e-06,
  "KDHartreeFock_V3_0_n": 1.83371e-05,
  "KDHartreeFock_V3_A_n": -2.5143e-06,
  "KDHartreeFock_V2_0_p": 0.008153825,
  "KDHartreeFock_V2_A_p": -1.2741e-06,
  "KDHartreeFock_V3_0_p": 1.73557e-05,
  "KDHartreeFock_V3_A_p": 2.8939e-06,
  "KDHartreeFock_V4_0": 4.9072e-06,
  "KDHartreeFock_r_0": 1.2520495104,
  "KDHartreeFock_r_A": 0.3400379237,
  "KDHartreeFock_a_0": 0.6687323222,
  "KDHartreeFock_a_A": -0.0006360731,
  "KDCoulomb_r_C_0": 1.3754457369,
  "KDCoulomb_r_C_A": 0.3800019764,
  "KDCoulomb_r_C_A2": 23.0214143109,
  "KDRealSpinOrbit_V1_0": 5.5579299228,
  "KDRealSpinOrbit_V1_A": -0.0090168352,
  "KDRealSpinOrbit_V2_0": -0.0002021728,
  "KDRealSpinOrbit_r_0": 1.1615503958,
  "KDRealSpinOrbit_r_A": 0.5923188619,
  "KDRealSpinOrbit_a_0": 0.6181006059,
  "KDImagSpinOrbit_W1_0": -1.7062955588,
  "KDImagSpinOrbit_W2_0": 259.3062557983,
  "KDImagVolume_W1_0_n": 16.8766315526,
  "KDImagVolume_W1_A_n": 0.0314461173,
  "KDImagVolume_W1_0_p": 20.2038939224,
  "KDImagVolume_W1_A_p": 0.0712327286,
  "KDImagVolume_W2_0": 126.8890919199,
  "KDImagVolume_W2_A": 0.0975994926,
  "KDImagSurface_D1_0": 26.7824573643,
  "KDImagSurface_D1_asymm": 8.5323665916,
  "KDImagSurface_D2_0": -0.0189792438,
  "KDImagSurface_D2_A": 0.0530489144,
  "KDImagSurface_D2_A2": 18.109777859,
  "KDImagSurface_D2_A3": -79.8539914684,
  "KDImagSurface_D3_0": 20.1333793663,
  "KDImagSurface_r_0": 1.3151160547,
  "KDImagSurface_r_A": 0.0062293025,
  "KDImagSurface_a_0_n": 0.5727915763,
  "KDImagSurface_a_A_n": 0.0001839845,
  "KDImagSurface_a_0_p": 0.5163063292,
  "KDImagSurface_a_A_p": 0.0008044941
}