{
  "KDHartreeFock_V1_0": 60.2353353657,
  "KDHartreeFock_V1_asymm": 14.0372006937,
  "KDHartreeFock_V1_A": 0.0254207686,
  "KDHartreeFock_V2_0_n": 0.0067125503,
  "KDHartreeFock_V2_A_n": -2.428e-07,
  "KDHartreeFock_V3_0_n": 1.36618e-05,
  "KDHartreeFock_V3_A_n": -1.05e-06,
  "KDHartreeFock_V2_0_p": 0.006682372,
  "KDHartreeFock_V2_A_p": -1.1772e-06,
  "KDHartreeFock_V3_0_p": 1.39671e-05,
  "KDHartreeFock_V3_A_p": -1.1716e-06,
  "KDHartreeFock_V4_0": -4.0995e-06,
  "KDHartreeFock_r_0": 1.273012534,
  "KDHartreeFock_r_A": 0.3466126874,
  "KDHartreeFock_a_0": 0.6492199434,
  "KDHartreeFock_a_A": -0.0004030584,
  "KDCoulomb_r_C_0": 1.1300705729,
  "KDCoulomb_r_C_A": 0.2576794202,
  "KDCoulomb_r_C_A2": 16.923812978,
  "KDRealSpinOrbit_V1_0": 6.0090467055,
  "KDRealSpinOrbit_V1_A": -0.0018517522,
  "KDRealSpinOrbit_V2_0": 0.0028007202,
  "KDRealSpinOrbit_r_0": 1.2267059344,
  "KDRealSpinOrbit_r_A": 0.9013514934,
  "KDRealSpinOrbit_a_0": 0.5855437962,
  "KDImagSpinOrbit_W1_0": -5.5705798344,
  "KDImagSpinOrbit_W2_0": 305.8935924063,
  "KDImagVolume_W1_0_n": 24.4974775194,
  "KDImagVolume_W1_A_n": -0.0422234064,
  "KDImagVolume_W1_0_p": 24.346416206,
  "KDImagVolume_W1_A_p": 0.0618706338,
  "KDImagVolume_W2_0": 130.1996146246,
  "KDImagVolume_W2_A": -0.0979459375,
  "KDImagSurface_D1_0": 17.9495796303,
  "KDImagSurface_D1_asymm": 7.6157789166,
  "KDImagSurface_D2_0": 0.02844975,
  "KDImagSurface_D2_A": -0.0034023155,
  "KDImagSurface_D2_A2": 23.1788347931,
  "KDImagSurface_D2_A3": 316.186612226,
  "KDImagSurface_D3_0": 13.602458391,
  "KDImagSurface_r_0": 1.4085280968,
  "KDImagSurface_r_A": 0.0286041231,
  "KDImagSurface_a_0_n": 0.4755680074,
  "KDImagSurface_a_A_n": -9.7738e-05,
  "KDImagSurface_a_0_p": 0.4620135267,
  "KDImagSurface_a_A_p": 0.0006949204
}