{
  "KDHartreeFock_V1_0": 62.3994985883,
  "KDHartreeFock_V1_asymm": 8.0690767851,
  "KDHartreeFock_V1_A": 0.0407227861,
  "KDHartreeFock_V2_0_n": 0.0064161263,
  "KDHartreeFock_V2_A_n": -5.5888e-06,
  "KDHartreeFock_V3_0_n": 1.68977e-05,
  "KDHartreeFock_V3_A_n": -2.892e-06,
  "KDHartreeFock_V2_0_p": 0.0069983165,
  "KDHartreeFock_V2_A_p": -5.7909e-06,
  "KDHartreeFock_V3_0_p": 1.2593e-05,
  "KDHartreeFock_V3_A_p": 3.5027e-06,
  "KDHartreeFock_V4_0": -1.8185e-06,
  "KDHartreeFock_r_0": 1.2762394448,
  "KDHartreeFock_r_A": 0.5179864964,
  "KDHartreeFock_a_0": 0.6994519537,
  "KDHartreeFock_a_A": -0.0002403833,
  "KDCoulomb_r_C_0": 1.2252354425,
  "KDCoulomb_r_C_A": 0.5046067885,
  "KDCoulomb_r_C_A2": 19.9840620144,
  "KDRealSpinOrbit_V1_0": 7.1199893508,
  "KDRealSpinOrbit_V1_A": -0.0071837291,
  "KDRealSpinOrbit_V2_0": 0.0011035035,
  "KDRealSpinOrbit_r_0": 1.2355359713,
  "KDRealSpinOrbit_r_A": 0.8002483937,
  "KDRealSpinOrbit_a_0": 0.581835122,
  "KDImagSpinOrbit_W1_0": -4.3363105365,
  "KDImagSpinOrbit_W2_0": 256.7719245952,
  "KDImagVolume_W1_0_n": 21.0000178384,
  "KDImagVolume_W1_A_n": 0.023291944,
  "KDImagVolume_W1_0_p": 22.5932818243,
  "KDImagVolume_W1_A_p": 0.0892839951,
  "KDImagVolume_W2_0": 123.15537544,
  "KDImagVolume_W2_A": 0.2522722581,
  "KDImagSurface_D1_0": 21.6106313452,
  "KDImagSurface_D1_asymm": 13.0490632585,
  "KDImagSurface_D2_0": 0.0441807537,
  "KDImagSurface_D2_A": -0.0168826481,
  "KDImagSurface_D2_A2": 23.8325426007,
  "KDImagSurface_D2_A3": 312.2171080446,
  "KDImagSurface_D3_0": 18.9054881342,
  "KDImagSurface_r_0": 1.4532441057,
  "KDImagSurface_r_A": 0.0280640527,
  "KDImagSurface_a_0_n": 0.5462678485,
  "KDImagSurface_a_A_n": -0.0004028048,
  "KDImagSurface_a_0_p": 0.4544085567,
  "KDImagSurface_a_A_p": 0.0013493016
}