{
  "KDHartreeFock_V1_0": 59.1460697923,
  "KDHartreeFock_V1_asymm": 13.2569571396,
  "KDHartreeFock_V1_A": 0.0200437114,
  "KDHartreeFock_V2_0_n": 0.0063236765,
  "KDHartreeFock_V2_A_n": -8.6e-09,
  "KDHartreeFock_V3_0_n": 9.5955e-06,
  "KDHartreeFock_V3_A_n": 1.5566e-06,
  "KDHartreeFock_V2_0_p": 0.0069815007,
  "KDHartreeFock_V2_A_p": 1.6339e-06,
  "KDHartreeFock_V3_0_p": 1.48737e-05,
  "KDHartreeFock_V3_A_p": -4.859e-07,
  "KDHartreeFock_V4_0": -3.0428e-06,
  "KDHartreeFock_r_0": 1.2807574352,
  "KDHartreeFock_r_A": 0.4302723513,
  "KDHartreeFock_a_0": 0.6871906305,
  "KDHartreeFock_a_A": 1.6568e-05,
  "KDCoulomb_r_C_0": 1.2028763912,
  "KDCoulomb_r_C_A": 0.6749039097,
  "KDCoulomb_r_C_A2": 13.9540869432,
  "KDRealSpinOrbit_V1_0": 4.1564742309,
  "KDRealSpinOrbit_V1_A": 0.0135949403,
  "KDRealSpinOrbit_V2_0": 0.005282826,
  "KDRealSpinOrbit_r_0": 1.1732399215,
  "KDRealSpinOrbit_r_A": 0.4287397665,
  "KDRealSpinOrbit_a_0": 0.5130397844,
  "KDImagSpinOrbit_W1_0": -3.450773455,
  "KDImagSpinOrbit_W2_0": 306.0274185885,
  "KDImagVolume_W1_0_n": 20.144748635,
  "KDImagVolume_W1_A_n": -0.003731617,
  "KDImagVolume_W1_0_p": 20.6448047355,
  "KDImagVolume_W1_A_p": 0.0242675255,
  "KDImagVolume_W2_0": 114.2224272637,
  "KDImagVolume_W2_A": -0.0775576585,
  "KDImagSurface_D1_0": 9.953023785,
  "KDImagSurface_D1_asymm": -9.953587129,
  "KDImagSurface_D2_0": 0.0128305221,
  "KDImagSurface_D2_A": 0.001989753,
  "KDImagSurface_D2_A2": 5.4993852296,
  "KDImagSurface_D2_A3": -126.0939875515,
  "KDImagSurface_D3_0": 6.7498673337,
  "KDImagSurface_r_0": 1.3515749961,
  "KDImagSurface_r_A": 0.0227475577,
  "KDImagSurface_a_0_n": 0.5153947074,
  "KDImagSurface_a_A_n": 0.0001814844,
  "KDImagSurface_a_0_p": 0.500670886,
  "KDImagSurface_a_A_p": 0.0015577984
}