{
  "KDHartreeFock_V1_0": 55.7660170008,
  "KDHartreeFock_V1_asymm": 22.2250798181,
  "KDHartreeFock_V1_A": 0.0089080244,
  "KDHartreeFock_V2_0_n": 0.0061357677,
  "KDHartreeFock_V2_A_n": 2.8005e-06,
  "KDHartreeFock_V3_0_n": 6.321e-06,
  "KDHartreeFock_V3_A_n": 4.626e-07,
  "KDHartreeFock_V2_0_p": 0.0072753828,
  "KDHartreeFock_V2_A_p": 9.2656e-06,
  "KDHartreeFock_V3_0_p": 1.95154e-05,
  "KDHartreeFock_V3_A_p": -1.76e-08,
  "KDHartreeFock_V4_0": 2.4071e-06,
  "KDHartreeFock_r_0": 1.2498003534,
  "KDHartreeFock_r_A": 0.1938939986,
  "KDHartreeFock_a_0": 0.6413431659,
  "KDHartreeFock_a_A": -0.0003539574,
  "KDCoulomb_r_C_0": 1.4747875801,
  "KDCoulomb_r_C_A": 0.3762475196,
  "KDCoulomb_r_C_A2": 26.025827171,
  "KDRealSpinOrbit_V1_0": 5.4690089404,
  "KDRealSpinOrbit_V1_A": 0.0128779991,
  "KDRealSpinOrbit_V2_0": 0.0097059282,
  "KDRealSpinOrbit_r_0": 1.1990135029,
  "KDRealSpinOrbit_r_A": 0.5619498973,
  "KDRealSpinOrbit_a_0": 0.5443684762,
  "KDImagSpinOrbit_W1_0": -4.5619525433,
  "KDImagSpinOrbit_W2_0": 32.8140333138,
  "KDImagVolume_W1_0_n": 22.5182834668,
  "KDImagVolume_W1_A_n": -0.0077949485,
  "KDImagVolume_W1_0_p": 18.0536301223,
  "KDImagVolume_W1_A_p": -0.0079143169,
  "KDImagVolume_W2_0": 126.7983005121,
  "KDImagVolume_W2_A": -0.0964909311,
  "KDImagSurface_D1_0": 21.7751588477,
  "KDImagSurface_D1_asymm": 7.8862040077,
  "KDImagSurface_D2_0": 0.0105629767,
  "KDImagSurface_D2_A": 0.013402915,
  "KDImagSurface_D2_A2": 4.2511061296,
  "KDImagSurface_D2_A3": 512.6103417924,
  "KDImagSurface_D3_0": 16.1092071925,
  "KDImagSurface_r_0": 1.2584993364,
  "KDImagSurface_r_A": -0.0027310794,
  "KDImagSurface_a_0_n": 0.566880918,
  "KDImagSurface_a_A_n": 0.0001961459,
  "KDImagSurface_a_0_p": 0.5540488333,
  "KDImagSurface_a_A_p": 0.0008659801
}