{
  "KDHartreeFock_V1_0": 57.7565852586,
  "KDHartreeFock_V1_asymm": 12.2257614014,
  "KDHartreeFock_V1_A": 0.0198379352,
  "KDHartreeFock_V2_0_n": 0.0063873699,
  "KDHartreeFock_V2_A_n": 2.4664e-06,
  "KDHartreeFock_V3_0_n": 1.35871e-05,
  "KDHartreeFock_V3_A_n": 4.385e-07,
  "KDHartreeFock_V2_0_p": 0.0080509449,
  "KDHartreeFock_V2_A_p": -2.3608e-06,
  "KDHartreeFock_V3_0_p": 2.12895e-05,
  "KDHartreeFock_V3_A_p": 1.5649e-06,
  "KDHartreeFock_V4_0": 7.611e-07,
  "KDHartreeFock_r_0": 1.234538379,
  "KDHartreeFock_r_A": 0.238044439,
  "KDHartreeFock_a_0": 0.6855408072,
  "KDHartreeFock_a_A": 5.18133e-05,
  "KDCoulomb_r_C_0": 1.0212527128,
  "KDCoulomb_r_C_A": 1.6745211846,
  "KDCoulomb_r_C_A2": 4.6204013963,
  "KDRealSpinOrbit_V1_0": 6.1846613262,
  "KDRealSpinOrbit_V1_A": -0.0026754077,
  "KDRealSpinOrbit_V2_0": 0.0052800702,
  "KDRealSpinOrbit_r_0": 1.1539297289,
  "KDRealSpinOrbit_r_A": 0.4586466202,
  "KDRealSpinOrbit_a_0": 0.5873473789,
  "KDImagSpinOrbit_W1_0": -2.0566332158,
  "KDImagSpinOrbit_W2_0": 179.5033894997,
  "KDImagVolume_W1_0_n": 22.3650290737,
  "KDImagVolume_W1_A_n": 0.0190416486,
  "KDImagVolume_W1_0_p": 24.1356935098,
  "KDImagVolume_W1_A_p": 0.0079763068,
  "KDImagVolume_W2_0": 128.6366968573,
  "KDImagVolume_W2_A": 0.0002939794,
  "KDImagSurface_D1_0": 18.5458583266,
  "KDImagSurface_D1_asymm": 6.8970515629,
  "KDImagSurface_D2_0": -0.0159584164,
  "KDImagSurface_D2_A": 0.0482762795,
  "KDImagSurface_D2_A2": -1.1339795486,
  "KDImagSurface_D2_A3": 5.2488660262,
  "KDImagSurface_D3_0": 17.0861418628,
  "KDImagSurface_r_0": 1.4468497168,
  "KDImagSurface_r_A": 0.03056543,
  "KDImagSurface_a_0_n": 0.4884488117,
  "KDImagSurface_a_A_n": -0.0006340125,
  "KDImagSurface_a_0_p": 0.4582215892,
  "KDImagSurface_a_A_p": 0.0021186435
}