{
  "KDHartreeFock_V1_0": 60.3918902613,
  "KDHartreeFock_V1_asymm": 12.603153758,
  "KDHartreeFock_V1_A": 0.0360635883,
  "KDHartreeFock_V2_0_n": 0.0076171236,
  "KDHartreeFock_V2_A_n": 1.16936e-05,
  "KDHartreeFock_V3_0_n": 2.61038e-05,
  "KDHartreeFock_V3_A_n": 4.038e-07,
  "KDHartreeFock_V2_0_p": 0.0058868198,
  "KDHartreeFock_V2_A_p": 7.8727e-06,
  "KDHartreeFock_V3_0_p": 1.0648e-05,
  "KDHartreeFock_V3_A_p": 6.688e-07,
  "KDHartreeFock_V4_0": -2.0756e-06,
  "KDHartreeFock_r_0": 1.2324222386,
  "KDHartreeFock_r_A": 0.2493697337,
  "KDHartreeFock_a_0": 0.6705572633,
  "KDHartreeFock_a_A": -0.0003884255,
  "KDCoulomb_r_C_0": 1.1699810446,
  "KDCoulomb_r_C_A": 0.5463721011,
  "KDCoulomb_r_C_A2": 23.6399313106,
  "KDRealSpinOrbit_V1_0": 6.2774986622,
  "KDRealSpinOrbit_V1_A": -0.0083003987,
  "KDRealSpinOrbit_V2_0": 0.005797666,
  "KDRealSpinOrbit_r_0": 1.1983281979,
  "KDRealSpinOrbit_r_A": 0.5343726687,
  "KDRealSpinOrbit_a_0": 0.6032905335,
  "KDImagSpinOrbit_W1_0": -5.9229832825,
  "KDImagSpinOrbit_W2_0": 314.391689229,
  "KDImagVolume_W1_0_n": 20.2672905816,
  "KDImagVolume_W1_A_n": 0.0640037121,
  "KDImagVolume_W1_0_p": 18.2085882021,
  "KDImagVolume_W1_A_p": 0.0606726014,
  "KDImagVolume_W2_0": 119.4481628016,
  "KDImagVolume_W2_A": 0.424096764,
  "KDImagSurface_D1_0": 15.8937001372,
  "KDImagSurface_D1_asymm": 19.9295331126,
  "KDImagSurface_D2_0": 0.0014722218,
  "KDImagSurface_D2_A": 0.0169212788,
  "KDImagSurface_D2_A2": 11.3413889034,
  "KDImagSurface_D2_A3": 541.3338189164,
  "KDImagSurface_D3_0": 17.1644302847,
  "KDImagSurface_r_0": 1.1850731772,
  "KDImagSurface_r_A": -0.0185214007,
  "KDImagSurface_a_0_n": 0.5101008581,
  "KDImagSurface_a_A_n": -0.0008631777,
  "KDImagSurface_a_0_p": 0.4874899212,
  "KDImagSurface_a_A_p": 0.0015516721
}