{
  "KDHartreeFock_V1_0": 59.4368541987,
  "KDHartreeFock_V1_asymm": 15.4268589435,
  "KDHartreeFock_V1_A": 0.0229797705,
  "KDHartreeFock_V2_0_n": 0.0061256655,
  "KDHartreeFock_V2_A_n": 5.111e-07,
  "KDHartreeFock_V3_0_n": 1.2764e-05,
  "KDHartreeFock_V3_A_n": -1.6249e-06,
  "KDHartreeFock_V2_0_p": 0.0083114235,
  "KDHartreeFock_V2_A_p": -4.3808e-06,
  "KDHartreeFock_V3_0_p": 2.20293e-05,
  "KDHartreeFock_V3_A_p": 1.7632e-06,
  "KDHartreeFock_V4_0": 1.759e-06,
  "KDHartreeFock_r_0": 1.2577817053,
  "KDHartreeFock_r_A": 0.3029279107,
  "KDHartreeFock_a_0": 0.6358953304,
  "KDHartreeFock_a_A": -0.000403865,
  "KDCoulomb_r_C_0": 1.1197210666,
  "KDCoulomb_r_C_A": -1.2938005581,
  "KDCoulomb_r_C_A2": 5.3574045506,
  "KDRealSpinOrbit_V1_0": 7.885398164,
  "KDRealSpinOrbit_V1_A": -0.0069175737,
  "KDRealSpinOrbit_V2_0": 0.0087393179,
  "KDRealSpinOrbit_r_0": 1.1962507557,
  "KDRealSpinOrbit_r_A": 0.6194735479,
  "KDRealSpinOrbit_a_0": 0.588216299,
  "KDImagSpinOrbit_W1_0": -0.4247438458,
  "KDImagSpinOrbit_W2_0": 178.3580913963,
  "KDImagVolume_W1_0_n": 18.8580989615,
  "KDImagVolume_W1_A_n": 0.0410046076,
  "KDImagVolume_W1_0_p": 23.0108195707,
  "KDImagVolume_W1_A_p": -0.030035243,
  "KDImagVolume_W2_0": 114.0779034049,
  "KDImagVolume_W2_A": -0.0780069029,
  "KDImagSurface_D1_0": 13.9651991461,
  "KDImagSurface_D1_asymm": 9.4205171565,
  "KDImagSurface_D2_0": 0.0462700741,
  "KDImagSurface_D2_A": -0.0215410589,
  "KDImagSurface_D2_A2": 5.7183024142,
  "KDImagSurface_D2_A3": 368.3139497497,
  "KDImagSurface_D3_0": 12.854104847,
  "KDImagSurface_r_0": 1.3955975627,
  "KDImagSurface_r_A": 0.0203273741,
  "KDImagSurface_a_0_n": 0.5238895429,
  "KDImagSurface_a_A_n": 0.0002459578,
  "KDImagSurface_a_0_p": 0.5204065612,
  "KDImagSurface_a_A_p": 0.001246093
}