{
  "KDHartreeFock_V1_0": 57.2996784675,
  "KDHartreeFock_V1_asymm": 19.9790533075,
  "KDHartreeFock_V1_A": 0.0097791704,
  "KDHartreeFock_V2_0_n": 0.0054813035,
  "KDHartreeFock_V2_A_n": 1.2713e-06,
  "KDHartreeFock_V3_0_n": -1.1498e-06,
  "KDHartreeFock_V3_A_n": 1.4202e-06,
  "KDHartreeFock_V2_0_p": 0.005437022,
  "KDHartreeFock_V2_A_p": 9.6676e-06,
  "KDHartreeFock_V3_0_p": 7.368e-07,
  "KDHartreeFock_V3_A_p": 1.1893e-06,
  "KDHartreeFock_V4_0": -2.4844e-06,
  "KDHartreeFock_r_0": 1.2192403887,
  "KDHartreeFock_r_A": 0.1442885388,
  "KDHartreeFock_a_0": 0.6648939704,
  "KDHartreeFock_a_A": -0.000439082,
  "KDCoulomb_r_C_0": 1.1413975452,
  "KDCoulomb_r_C_A": 2.1216749084,
  "KDCoulomb_r_C_A2": 20.9530867508,
  "KDRealSpinOrbit_V1_0": 6.3765991288,
  "KDRealSpinOrbit_V1_A": -0.0034151257,
  "KDRealSpinOrbit_V2_0": 0.0054092846,
  "KDRealSpinOrbit_r_0": 1.1748891823,
  "KDRealSpinOrbit_r_A": 0.6690310166,
  "KDRealSpinOrbit_a_0": 0.6276854727,
  "KDImagSpinOrbit_W1_0": -4.9870389485,
  "KDImagSpinOrbit_W2_0": 215.122480088,
  "KDImagVolume_W1_0_n": 25.0183693066,
  "KDImagVolume_W1_A_n": -0.019273364,
  "KDImagVolume_W1_0_p": 19.2612185998,
  "KDImagVolume_W1_A_p": 0.0522092187,
  "KDImagVolume_W2_0": 110.9081068515,
  "KDImagVolume_W2_A": -0.1068485118,
  "KDImagSurface_D1_0": 5.8747011613,
  "KDImagSurface_D1_asymm": -4.5443643073,
  "KDImagSurface_D2_0": 0.0429815223,
  "KDImagSurface_D2_A": -0.0315743682,
  "KDImagSurface_D2_A2": -3.4376617648,
  "KDImagSurface_D2_A3": 382.825597816,
  "KDImagSurface_D3_0": 7.1000150103,
  "KDImagSurface_r_0": 1.2511548278,
  "KDImagSurface_r_A": -0.005127262,
  "KDImagSurface_a_0_n": 0.5688511549,
  "KDImagSurface_a_A_n": 0.0004378875,
  "KDImagSurface_a_0_p": 0.5882364165,
  "KDImagSurface_a_A_p": -0.0002985672
}