{
  "KDHartreeFock_V1_0": 58.9815775821,
  "KDHartreeFock_V1_asymm": 1.6306770282,
  "KDHartreeFock_V1_A": 0.0344327005,
  "KDHartreeFock_V2_0_n": 0.0065910071,
  "KDHartreeFock_V2_A_n": 3.336e-06,
  "KDHartreeFock_V3_0_n": 1.31311e-05,
  "KDHartreeFock_V3_A_n": 2.5871e-06,
  "KDHartreeFock_V2_0_p": 0.0056426936,
  "KDHartreeFock_V2_A_p": -3.5643e-06,
  "KDHartreeFock_V3_0_p": 1.00934e-05,
  "KDHartreeFock_V3_A_p": -9.968e-07,
  "KDHartreeFock_V4_0": -1.1407e-06,
  "KDHartreeFock_r_0": 1.2666210874,
  "KDHartreeFock_r_A": 0.3912296901,
  "KDHartreeFock_a_0": 0.6727057454,
  "KDHartreeFock_a_A": -0.000178873,
  "KDCoulomb_r_C_0": 1.343680145,
  "KDCoulomb_r_C_A": 0.4464242384,
  "KDCoulomb_r_C_A2": 3.0768285211,
  "KDRealSpinOrbit_V1_0": 6.3388969774,
  "KDRealSpinOrbit_V1_A": 0.0003458638,
  "KDRealSpinOrbit_V2_0": 0.0043058113,
  "KDRealSpinOrbit_r_0": 1.1938590101,
  "KDRealSpinOrbit_r_A": 0.7614020275,
  "KDRealSpinOrbit_a_0": 0.6633533901,
  "KDImagSpinOrbit_W1_0": -2.7100753524,
  "KDImagSpinOrbit_W2_0": 163.2243033549,
  "KDImagVolume_W1_0_n": 25.4015526361,
  "KDImagVolume_W1_A_n": 0.0069750736,
  "KDImagVolume_W1_0_p": 24.717080379,
  "KDImagVolume_W1_A_p": 0.0751261973,
  "KDImagVolume_W2_0": 128.9138582422,
  "KDImagVolume_W2_A": 0.2993666839,
  "KDImagSurface_D1_0": 9.3557606971,
  "KDImagSurface_D1_asymm": -0.5014840689,
  "KDImagSurface_D2_0": 0.0657231682,
  "KDImagSurface_D2_A": -0.0421614782,
  "KDImagSurface_D2_A2": 8.6331991328,
  "KDImagSurface_D2_A3": -26.7030836011,
  "KDImagSurface_D3_0": 9.8280783133,
  "KDImagSurface_r_0": 1.396842571,
  "KDImagSurface_r_A": 0.0289987481,
  "KDImagSurface_a_0_n": 0.5747134764,
  "KDImagSurface_a_A_n": -0.0003882002,
  "KDImagSurface_a_0_p": 0.5418463351,
  "KDImagSurface_a_A_p": 0.0021157932
}