{
  "KDHartreeFock_V1_0": 56.6759467914,
  "KDHartreeFock_V1_asymm": 12.5131328406,
  "KDHartreeFock_V1_A": 0.0095441355,
  "KDHartreeFock_V2_0_n": 0.0053524662,
  "KDHartreeFock_V2_A_n": -1.5312e-06,
  "KDHartreeFock_V3_0_n": 4.1392e-06,
  "KDHartreeFock_V3_A_n": 1.667e-06,
  "KDHartreeFock_V2_0_p": 0.0074006016,
  "KDHartreeFock_V2_A_p": -5.1443e-06,
  "KDHartreeFock_V3_0_p": 1.55603e-05,
  "KDHartreeFock_V3_A_p": 4.611e-07,
  "KDHartreeFock_V4_0": -2.9012e-06,
  "KDHartreeFock_r_0": 1.2358263959,
  "KDHartreeFock_r_A": 0.2069004555,
  "KDHartreeFock_a_0": 0.641570128,
  "KDHartreeFock_a_A": -0.0006060518,
  "KDCoulomb_r_C_0": 1.2449106201,
  "KDCoulomb_r_C_A": 0.6477195307,
  "KDCoulomb_r_C_A2": 16.5042992986,
  "KDRealSpinOrbit_V1_0": 5.1415935829,
  "KDRealSpinOrbit_V1_A": 0.0104020437,
  "KDRealSpinOrbit_V2_0": 0.0057732371,
  "KDRealSpinOrbit_r_0": 1.353140006,
  "KDRealSpinOrbit_r_A": 1.3020645195,
  "KDRealSpinOrbit_a_0": 0.5853967625,
  "KDImagSpinOrbit_W1_0": -3.5418725387,
  "KDImagSpinOrbit_W2_0": 222.6910273877,
  "KDImagVolume_W1_0_n": 15.123244805,
  "KDImagVolume_W1_A_n": 0.0089370227,
  "KDImagVolume_W1_0_p": 22.4811162962,
  "KDImagVolume_W1_A_p": -0.0305596871,
  "KDImagVolume_W2_0": 85.4919395235,
  "KDImagVolume_W2_A": -0.2958130629,
  "KDImagSurface_D1_0": 21.0222245711,
  "KDImagSurface_D1_asymm": 15.5940016791,
  "KDImagSurface_D2_0": -0.0259161307,
  "KDImagSurface_D2_A": 0.0521262421,
  "KDImagSurface_D2_A2": 8.5744291608,
  "KDImagSurface_D2_A3": 325.6370651775,
  "KDImagSurface_D3_0": 15.1460707544,
  "KDImagSurface_r_0": 1.3231806442,
  "KDImagSurface_r_A": 0.0006064804,
  "KDImagSurface_a_0_n": 0.5768489803,
  "KDImagSurface_a_A_n": 0.0005366907,
  "KDImagSurface_a_0_p": 0.5548970011,
  "KDImagSurface_a_A_p": 0.0001065762
}