{
  "KDHartreeFock_V1_0": 62.3808980758,
  "KDHartreeFock_V1_asymm": 6.5081799747,
  "KDHartreeFock_V1_A": 0.0430958502,
  "KDHartreeFock_V2_0_n": 0.0078095577,
  "KDHartreeFock_V2_A_n": 8.7921e-06,
  "KDHartreeFock_V3_0_n": 2.34912e-05,
  "KDHartreeFock_V3_A_n": 1.39e-06,
  "KDHartreeFock_V2_0_p": 0.0051708024,
  "KDHartreeFock_V2_A_p": 3.6805e-06,
  "KDHartreeFock_V3_0_p": 9.9384e-06,
  "KDHartreeFock_V3_A_p": 3.011e-07,
  "KDHartreeFock_V4_0": 1.2647e-06,
  "KDHartreeFock_r_0": 1.2886758619,
  "KDHartreeFock_r_A": 0.5837508036,
  "KDHartreeFock_a_0": 0.7334906664,
  "KDHartreeFock_a_A": 4.20627e-05,
  "KDCoulomb_r_C_0": 1.1976842817,
  "KDCoulomb_r_C_A": 0.2214513339,
  "KDCoulomb_r_C_A2": -12.9617426631,
  "KDRealSpinOrbit_V1_0": 6.5152125679,
  "KDRealSpinOrbit_V1_A": -0.008638767,
  "KDRealSpinOrbit_V2_0": -0.000140583,
  "KDRealSpinOrbit_r_0": 1.2128881283,
  "KDRealSpinOrbit_r_A": 0.86899357,
  "KDRealSpinOrbit_a_0": 0.6289706367,
  "KDImagSpinOrbit_W1_0": -3.5779939037,
  "KDImagSpinOrbit_W2_0": 267.1151068067,
  "KDImagVolume_W1_0_n": 21.6005550973,
  "KDImagVolume_W1_A_n": 0.0042803307,
  "KDImagVolume_W1_0_p": 25.7140009579,
  "KDImagVolume_W1_A_p": -0.0123261107,
  "KDImagVolume_W2_0": 85.5961926969,
  "KDImagVolume_W2_A": 0.2378929182,
  "KDImagSurface_D1_0": 16.1730783675,
  "KDImagSurface_D1_asymm": 14.4251486223,
  "KDImagSurface_D2_0": 0.0172491382,
  "KDImagSurface_D2_A": 0.0073448466,
  "KDImagSurface_D2_A2": 25.3947764987,
  "KDImagSurface_D2_A3": 216.2941902335,
  "KDImagSurface_D3_0": 11.595575,
  "KDImagSurface_r_0": 1.367029528,
  "KDImagSurface_r_A": 0.0267347711,
  "KDImagSurface_a_0_n": 0.5813123118,
  "KDImagSurface_a_A_n": -0.000463773,
  "KDImagSurface_a_0_p": 0.573538858,
  "KDImagSurface_a_A_p": 0.001614491
}