{
  "KDHartreeFock_V1_0": 56.5495318345,
  "KDHartreeFock_V1_asymm": 2.7201835738,
  "KDHartreeFock_V1_A": 0.0297357411,
  "KDHartreeFock_V2_0_n": 0.0046653188,
  "KDHartreeFock_V2_A_n": -1.21483e-05,
  "KDHartreeFock_V3_0_n": 3.816e-07,
  "KDHartreeFock_V3_A_n": -3.863e-07,
  "KDHartreeFock_V2_0_p": 0.0061934318,
  "KDHartreeFock_V2_A_p": -1.675e-07,
  "KDHartreeFock_V3_0_p": 1.59184e-05,
  "KDHartreeFock_V3_A_p": -2.2523e-06,
  "KDHartreeFock_V4_0": -1.5657e-06,
  "KDHartreeFock_r_0": 1.3306672707,
  "KDHartreeFock_r_A": 0.5261249423,
  "KDHartreeFock_a_0": 0.6966460373,
  "KDHartreeFock_a_A": 0.0001494493,
  "KDCoulomb_r_C_0": 1.0914138792,
  "KDCoulomb_r_C_A": 0.284544016,
  "KDCoulomb_r_C_A2": 16.5879405362,
  "KDRealSpinOrbit_V1_0": 5.5779346242,
  "KDRealSpinOrbit_V1_A": 0.0093487197,
  "KDRealSpinOrbit_V2_0": 0.0085645515,
  "KDRealSpinOrbit_r_0": 1.2364973,
  "KDRealSpinOrbit_r_A": 0.7426571553,
  "KDRealSpinOrbit_a_0": 0.5728317373,
  "KDImagSpinOrbit_W1_0": -1.9328629092,
  "KDImagSpinOrbit_W2_0": 10.0052516095,
  "KDImagVolume_W1_0_n": 29.2310013773,
  "KDImagVolume_W1_A_n": -0.0419772778,
  "KDImagVolume_W1_0_p": 21.2361391684,
  "KDImagVolume_W1_A_p": 0.0067155076,
  "KDImagVolume_W2_0": 141.2601670553,
  "KDImagVolume_W2_A": -0.1562425338,
  "KDImagSurface_D1_0": 20.9282579159,
  "KDImagSurface_D1_asymm": 10.5492405419,
  "KDImagSurface_D2_0": 0.0655558045,
  "KDImagSurface_D2_A": -0.0506601609,
  "KDImagSurface_D2_A2": 11.3379317424,
  "KDImagSurface_D2_A3": 135.4166131399,
  "KDImagSurface_D3_0": 13.216205991,
  "KDImagSurface_r_0": 1.4717989538,
  "KDImagSurface_r_A": 0.0427166952,
  "KDImagSurface_a_0_n": 0.4808666037,
  "KDImagSurface_a_A_n": -6.44709e-05,
  "KDImagSurface_a_0_p": 0.4604117994,
  "KDImagSurface_a_A_p": 0.0014944468
}