{
  "KDHartreeFock_V1_0": 59.5734988876,
  "KDHartreeFock_V1_asymm": 15.1220656978,
  "KDHartreeFock_V1_A": 0.0178930461,
  "KDHartreeFock_V2_0_n": 0.0071098688,
  "KDHartreeFock_V2_A_n": -1.5842e-06,
  "KDHartreeFock_V3_0_n": 1.75661e-05,
  "KDHartreeFock_V3_A_n": -1.7616e-06,
  "KDHartreeFock_V2_0_p": 0.0043977678,
  "KDHartreeFock_V2_A_p": 2.01058e-05,
  "KDHartreeFock_V3_0_p": 6.9654e-06,
  "KDHartreeFock_V3_A_p": -8.467e-07,
  "KDHartreeFock_V4_0": -1.0477e-06,
  "KDHartreeFock_r_0": 1.2567892957,
  "KDHartreeFock_r_A": 0.3786783794,
  "KDHartreeFock_a_0": 0.7296638152,
  "KDHartreeFock_a_A": 0.0001437797,
  "KDCoulomb_r_C_0": 1.0515325184,
  "KDCoulomb_r_C_A": 0.0764556988,
  "KDCoulomb_r_C_A2": 4.5100933976,
  "KDRealSpinOrbit_V1_0": 5.694139697,
  "KDRealSpinOrbit_V1_A": 0.0144721821,
  "KDRealSpinOrbit_V2_0": 0.0101678305,
  "KDRealSpinOrbit_r_0": 1.251105406,
  "KDRealSpinOrbit_r_A": 0.7417632279,
  "KDRealSpinOrbit_a_0": 0.5553202768,
  "KDImagSpinOrbit_W1_0": -6.0744066355,
  "KDImagSpinOrbit_W2_0": 91.499260938,
  "KDImagVolume_W1_0_n": 26.3255527593,
  "KDImagVolume_W1_A_n": 0.0307943044,
  "KDImagVolume_W1_0_p": 18.9141238335,
  "KDImagVolume_W1_A_p": 0.0668347063,
  "KDImagVolume_W2_0": 123.7720659419,
  "KDImagVolume_W2_A": 0.1239592674,
  "KDImagSurface_D1_0": 16.6310287799,
  "KDImagSurface_D1_asymm": 3.3157200205,
  "KDImagSurface_D2_0": 0.0397581512,
  "KDImagSurface_D2_A": -0.0193756847,
  "KDImagSurface_D2_A2": 1.8735142081,
  "KDImagSurface_D2_A3": 335.3231582084,
  "KDImagSurface_D3_0": 15.8752364988,
  "KDImagSurface_r_0": 1.2702258819,
  "KDImagSurface_r_A": 0.0001540314,
  "KDImagSurface_a_0_n": 0.5521835925,
  "KDImagSurface_a_A_n": -0.0005980313,
  "KDImagSurface_a_0_p": 0.5041219683,
  "KDImagSurface_a_A_p": 0.0018801261
}