{
  "KDHartreeFock_V1_0": 58.7928385573,
  "KDHartreeFock_V1_asymm": 16.8570825407,
  "KDHartreeFock_V1_A": 0.0273643339,
  "KDHartreeFock_V2_0_n": 0.0050242224,
  "KDHartreeFock_V2_A_n": -4.7143e-06,
  "KDHartreeFock_V3_0_n": -2.9089e-06,
  "KDHartreeFock_V3_A_n": 2.9176e-06,
  "KDHartreeFock_V2_0_p": 0.0054200497,
  "KDHartreeFock_V2_A_p": 1.07683e-05,
  "KDHartreeFock_V3_0_p": 2.973e-06,
  "KDHartreeFock_V3_A_p": 1.5329e-06,
  "KDHartreeFock_V4_0": 4.249e-06,
  "KDHartreeFock_r_0": 1.2818306292,
  "KDHartreeFock_r_A": 0.4207636113,
  "KDHartreeFock_a_0": 0.7097667487,
  "KDHartreeFock_a_A": -0.0002128029,
  "KDCoulomb_r_C_0": 1.2913674493,
  "KDCoulomb_r_C_A": 1.236813912,
  "KDCoulomb_r_C_A2": 28.6620986383,
  "KDRealSpinOrbit_V1_0": 4.957615182,
  "KDRealSpinOrbit_V1_A": 0.0083024498,
  "KDRealSpinOrbit_V2_0": 0.0025843404,
  "KDRealSpinOrbit_r_0": 1.2327013321,
  "KDRealSpinOrbit_r_A": 0.8484387861,
  "KDRealSpinOrbit_a_0": 0.6166076486,
  "KDImagSpinOrbit_W1_0": -2.2953814208,
  "KDImagSpinOrbit_W2_0": 139.1170777761,
  "KDImagVolume_W1_0_n": 22.1648661755,
  "KDImagVolume_W1_A_n": -0.0021415443,
  "KDImagVolume_W1_0_p": 21.3979216524,
  "KDImagVolume_W1_A_p": 0.0532059309,
  "KDImagVolume_W2_0": 101.4065531481,
  "KDImagVolume_W2_A": 0.2359499007,
  "KDImagSurface_D1_0": 26.6423448512,
  "KDImagSurface_D1_asymm": 14.0192796516,
  "KDImagSurface_D2_0": 0.0551423427,
  "KDImagSurface_D2_A": -0.0166900316,
  "KDImagSurface_D2_A2": -4.5754558387,
  "KDImagSurface_D2_A3": 38.1680914029,
  "KDImagSurface_D3_0": 18.9716582541,
  "KDImagSurface_r_0": 1.2518526213,
  "KDImagSurface_r_A": -0.0018696875,
  "KDImagSurface_a_0_n": 0.5747458384,
  "KDImagSurface_a_A_n": 0.0002559541,
  "KDImagSurface_a_0_p": 0.528951227,
  "KDImagSurface_a_A_p": 0.0010354227
}