{
  "KDHartreeFock_V1_0": 56.2006086244,
  "KDHartreeFock_V1_asymm": 17.4034226742,
  "KDHartreeFock_V1_A": 0.0196136912,
  "KDHartreeFock_V2_0_n": 0.0068619613,
  "KDHartreeFock_V2_A_n": 3.4488e-06,
  "KDHartreeFock_V3_0_n": 1.75696e-05,
  "KDHartreeFock_V3_A_n": -1.176e-07,
  "KDHartreeFock_V2_0_p": 0.0085042804,
  "KDHartreeFock_V2_A_p": -8.167e-07,
  "KDHartreeFock_V3_0_p": 2.87754e-05,
  "KDHartreeFock_V3_A_p": -1.6545e-06,
  "KDHartreeFock_V4_0": -1.5798e-06,
  "KDHartreeFock_r_0": 1.3158200002,
  "KDHartreeFock_r_A": 0.4037377874,
  "KDHartreeFock_a_0": 0.6794476606,
  "KDHartreeFock_a_A": 9.63972e-05,
  "KDCoulomb_r_C_0": 1.1825724224,
  "KDCoulomb_r_C_A": 1.415278974,
  "KDCoulomb_r_C_A2": 5.3900068366,
  "KDRealSpinOrbit_V1_0": 5.4438534359,
  "KDRealSpinOrbit_V1_A": 0.0146870856,
  "KDRealSpinOrbit_V2_0": 0.0091409977,
  "KDRealSpinOrbit_r_0": 1.3624708348,
  "KDRealSpinOrbit_r_A": 1.1673945455,
  "KDRealSpinOrbit_a_0": 0.5728935153,
  "KDImagSpinOrbit_W1_0": 2.5606027705,
  "KDImagSpinOrbit_W2_0": 88.5247508294,
  "KDImagVolume_W1_0_n": 14.7042833256,
  "KDImagVolume_W1_A_n": -0.0160061522,
  "KDImagVolume_W1_0_p": 18.405875126,
  "KDImagVolume_W1_A_p": -0.0794025524,
  "KDImagVolume_W2_0": 72.6251744417,
  "KDImagVolume_W2_A": -0.3335180749,
  "KDImagSurface_D1_0": 25.5533525417,
  "KDImagSurface_D1_asymm": 14.6599747882,
  "KDImagSurface_D2_0": 0.0468376386,
  "KDImagSurface_D2_A": -0.0060616941,
  "KDImagSurface_D2_A2": 12.5239463981,
  "KDImagSurface_D2_A3": 203.9069735497,
  "KDImagSurface_D3_0": 16.4424955196,
  "KDImagSurface_r_0": 1.3339228693,
  "KDImagSurface_r_A": 0.0094527161,
  "KDImagSurface_a_0_n": 0.532833994,
  "KDImagSurface_a_A_n": 0.0001115932,
  "KDImagSurface_a_0_p": 0.4563031455,
  "KDImagSurface_a_A_p": 0.001369674
}