{
  "KDHartreeFock_V1_0": 56.1689496507,
  "KDHartreeFock_V1_asymm": 9.9154085166,
  "KDHartreeFock_V1_A": 0.0316729426,
  "KDHartreeFock_V2_0_n": 0.0059349372,
  "KDHartreeFock_V2_A_n": 8.0476e-06,
  "KDHartreeFock_V3_0_n": -8.756e-07,
  "KDHartreeFock_V3_A_n": -2.227e-07,
  "KDHartreeFock_V2_0_p": 0.0071164828,
  "KDHartreeFock_V2_A_p": -2.841e-07,
  "KDHartreeFock_V3_0_p": 4.5411e-06,
  "KDHartreeFock_V3_A_p": -1.031e-06,
  "KDHartreeFock_V4_0": -1.837e-07,
  "KDHartreeFock_r_0": 1.3164393878,
  "KDHartreeFock_r_A": 0.4189201454,
  "KDHartreeFock_a_0": 0.6586202675,
  "KDHartreeFock_a_A": 0.000146928,
  "KDCoulomb_r_C_0": 1.4268544502,
  "KDCoulomb_r_C_A": -0.1503446168,
  "KDCoulomb_r_C_A2": 16.501967652,
  "KDRealSpinOrbit_V1_0": 5.4385220286,
  "KDRealSpinOrbit_V1_A": 0.0025174551,
  "KDRealSpinOrbit_V2_0": 0.0020208825,
  "KDRealSpinOrbit_r_0": 1.1979737532,
  "KDRealSpinOrbit_r_A": 0.5508808699,
  "KDRealSpinOrbit_a_0": 0.6049962585,
  "KDImagSpinOrbit_W1_0": -5.5245443771,
  "KDImagSpinOrbit_W2_0": 294.1720757028,
  "KDImagVolume_W1_0_n": 23.0190639654,
  "KDImagVolume_W1_A_n": -0.0323685007,
  "KDImagVolume_W1_0_p": 9.0927180773,
  "KDImagVolume_W1_A_p": 0.0441050427,
  "KDImagVolume_W2_0": 96.7102845445,
  "KDImagVolume_W2_A": 0.1182955461,
  "KDImagSurface_D1_0": 9.1621498082,
  "KDImagSurface_D1_asymm": 7.5218324316,
  "KDImagSurface_D2_0": -0.0334267661,
  "KDImagSurface_D2_A": 0.0466923781,
  "KDImagSurface_D2_A2": 16.275621264,
  "KDImagSurface_D2_A3": 297.9389524571,
  "KDImagSurface_D3_0": 11.372199698,
  "KDImagSurface_r_0": 1.409954207,
  "KDImagSurface_r_A": 0.0400659993,
  "KDImagSurface_a_0_n": 0.5898117876,
  "KDImagSurface_a_A_n": -0.0008449143,
  "KDImagSurface_a_0_p": 0.4970634831,
  "KDImagSurface_a_A_p": 0.0032756159
}