{
  "KDHartreeFock_V1_0": 59.3226807998,
  "KDHartreeFock_V1_asymm": 13.8636754155,
  "KDHartreeFock_V1_A": 0.0274501675,
  "KDHartreeFock_V2_0_n": 0.0080458678,
  "KDHartreeFock_V2_A_n": 7.4031e-06,
  "KDHartreeFock_V3_0_n": 3.48054e-05,
  "KDHartreeFock_V3_A_n": -3.22e-07,
  "KDHartreeFock_V2_0_p": 0.0075788889,
  "KDHartreeFock_V2_A_p": 1.3134e-06,
  "KDHartreeFock_V3_0_p": 3.43793e-05,
  "KDHartreeFock_V3_A_p": -2.1741e-06,
  "KDHartreeFock_V4_0": 1.3603e-06,
  "KDHartreeFock_r_0": 1.2969766543,
  "KDHartreeFock_r_A": 0.4711422479,
  "KDHartreeFock_a_0": 0.7279959049,
  "KDHartreeFock_a_A": 0.0003149802,
  "KDCoulomb_r_C_0": 1.0498477571,
  "KDCoulomb_r_C_A": 1.7025899171,
  "KDCoulomb_r_C_A2": 21.5866117768,
  "KDRealSpinOrbit_V1_0": 6.112432475,
  "KDRealSpinOrbit_V1_A": 0.0041036198,
  "KDRealSpinOrbit_V2_0": 0.0058847161,
  "KDRealSpinOrbit_r_0": 1.2238008016,
  "KDRealSpinOrbit_r_A": 0.8798605353,
  "KDRealSpinOrbit_a_0": 0.5881233787,
  "KDImagSpinOrbit_W1_0": -3.6466939186,
  "KDImagSpinOrbit_W2_0": 267.4920039338,
  "KDImagVolume_W1_0_n": 21.6530978009,
  "KDImagVolume_W1_A_n": -0.0045101628,
  "KDImagVolume_W1_0_p": 24.0492281862,
  "KDImagVolume_W1_A_p": -0.0133443583,
  "KDImagVolume_W2_0": 135.4944451875,
  "KDImagVolume_W2_A": -0.0814602651,
  "KDImagSurface_D1_0": 17.4727587241,
  "KDImagSurface_D1_asymm": 16.8292378073,
  "KDImagSurface_D2_0": 0.0884592589,
  "KDImagSurface_D2_A": -0.0627033727,
  "KDImagSurface_D2_A2": 9.9028932593,
  "KDImagSurface_D2_A3": 231.3936216575,
  "KDImagSurface_D3_0": 13.0625084238,
  "KDImagSurface_r_0": 1.3698077384,
  "KDImagSurface_r_A": 0.0163408173,
  "KDImagSurface_a_0_n": 0.5366129223,
  "KDImagSurface_a_A_n": 0.0002030038,
  "KDImagSurface_a_0_p": 0.4995099012,
  "KDImagSurface_a_A_p": 0.0008471061
}