{
  "KDHartreeFock_V1_0": 59.929335329,
  "KDHartreeFock_V1_asymm": 18.6985492085,
  "KDHartreeFock_V1_A": 0.0260346485,
  "KDHartreeFock_V2_0_n": 0.0060915238,
  "KDHartreeFock_V2_A_n": -2.9387e-06,
  "KDHartreeFock_V3_0_n": 4.322e-06,
  "KDHartreeFock_V3_A_n": 5.541e-07,
  "KDHartreeFock_V2_0_p": 0.006355194,
  "KDHartreeFock_V2_A_p": 9.9905e-06,
  "KDHartreeFock_V3_0_p": 1.24751e-05,
  "KDHartreeFock_V3_A_p": -7.513e-07,
  "KDHartreeFock_V4_0": 2.103e-07,
  "KDHartreeFock_r_0": 1.238572437,
  "KDHartreeFock_r_A": 0.2596878715,
  "KDHartreeFock_a_0": 0.7138390244,
  "KDHartreeFock_a_A": -5.635e-07,
  "KDCoulomb_r_C_0": 1.2352261918,
  "KDCoulomb_r_C_A": 0.1366860824,
  "KDCoulomb_r_C_A2": 29.5408408819,
  "KDRealSpinOrbit_V1_0": 6.5747700462,
  "KDRealSpinOrbit_V1_A": 0.0074514205,
  "KDRealSpinOrbit_V2_0": 0.0100569348,
  "KDRealSpinOrbit_r_0": 1.1976309204,
  "KDRealSpinOrbit_r_A": 0.5616221648,
  "KDRealSpinOrbit_a_0": 0.6158131314,
  "KDImagSpinOrbit_W1_0": -2.5274364919,
  "KDImagSpinOrbit_W2_0": 223.4977640363,
  "KDImagVolume_W1_0_n": 26.8390763109,
  "KDImagVolume_W1_A_n": -0.0254965199,
  "KDImagVolume_W1_0_p": 21.6364089972,
  "KDImagVolume_W1_A_p": 0.0082619246,
  "KDImagVolume_W2_0": 102.9236491486,
  "KDImagVolume_W2_A": 0.0484295166,
  "KDImagSurface_D1_0": 17.3241932023,
  "KDImagSurface_D1_asymm": 13.1296520285,
  "KDImagSurface_D2_0": -0.0005544348,
  "KDImagSurface_D2_A": 0.0241602934,
  "KDImagSurface_D2_A2": 1.7615621947,
  "KDImagSurface_D2_A3": 227.5919074903,
  "KDImagSurface_D3_0": 12.9997581237,
  "KDImagSurface_r_0": 1.3500787604,
  "KDImagSurface_r_A": 0.0233595237,
  "KDImagSurface_a_0_n": 0.5246373242,
  "KDImagSurface_a_A_n": -0.0004408186,
  "KDImagSurface_a_0_p": 0.4937143031,
  "KDImagSurface_a_A_p": 0.0019581245
}