{
  "KDHartreeFock_V1_0": 58.8976698878,
  "KDHartreeFock_V1_asymm": 2.5720298242,
  "KDHartreeFock_V1_A": 0.0347955339,
  "KDHartreeFock_V2_0_n": 0.0061521428,
  "KDHartreeFock_V2_A_n": 2.4663e-06,
  "KDHartreeFock_V3_0_n": 1.37998e-05,
  "KDHartreeFock_V3_A_n": 2.5741e-06,
  "KDHartreeFock_V2_0_p": 0.0069747737,
  "KDHartreeFock_V2_A_p": -5.6242e-06,
  "KDHartreeFock_V3_0_p": 1.6435e-05,
  "KDHartreeFock_V3_A_p": 1.5278e-06,
  "KDHartreeFock_V4_0": 1.6141e-06,
  "KDHartreeFock_r_0": 1.2559446259,
  "KDHartreeFock_r_A": 0.3435386838,
  "KDHartreeFock_a_0": 0.6857026899,
  "KDHartreeFock_a_A": -0.0002378258,
  "KDCoulomb_r_C_0": 1.1672155159,
  "KDCoulomb_r_C_A": 0.7650934813,
  "KDCoulomb_r_C_A2": 21.3676571484,
  "KDRealSpinOrbit_V1_0": 6.186957272,
  "KDRealSpinOrbit_V1_A": 0.015683917,
  "KDRealSpinOrbit_V2_0": 0.0106378958,
  "KDRealSpinOrbit_r_0": 1.2252148796,
  "KDRealSpinOrbit_r_A": 0.7634670982,
  "KDRealSpinOrbit_a_0": 0.6079641922,
  "KDImagSpinOrbit_W1_0": -3.416329403,
  "KDImagSpinOrbit_W2_0": 177.3537029806,
  "KDImagVolume_W1_0_n": 24.0496745417,
  "KDImagVolume_W1_A_n": 0.044643989,
  "KDImagVolume_W1_0_p": 16.8495998394,
  "KDImagVolume_W1_A_p": 0.0829095355,
  "KDImagVolume_W2_0": 112.7130633753,
  "KDImagVolume_W2_A": 0.3300556796,
  "KDImagSurface_D1_0": 11.1184648142,
  "KDImagSurface_D1_asymm": 7.5529060983,
  "KDImagSurface_D2_0": 0.0331107571,
  "KDImagSurface_D2_A": -0.0121173735,
  "KDImagSurface_D2_A2": 8.4690608759,
  "KDImagSurface_D2_A3": 259.7332934822,
  "KDImagSurface_D3_0": 9.7585267257,
  "KDImagSurface_r_0": 1.4048924395,
  "KDImagSurface_r_A": 0.0270840985,
  "KDImagSurface_a_0_n": 0.5233300765,
  "KDImagSurface_a_A_n": -0.0007186881,
  "KDImagSurface_a_0_p": 0.5130664952,
  "KDImagSurface_a_A_p": 0.0021019859
}