{
  "KDHartreeFock_V1_0": 57.5482655845,
  "KDHartreeFock_V1_asymm": 12.6716745157,
  "KDHartreeFock_V1_A": 0.0144904523,
  "KDHartreeFock_V2_0_n": 0.0056689735,
  "KDHartreeFock_V2_A_n": 2.6758e-06,
  "KDHartreeFock_V3_0_n": 1.17e-06,
  "KDHartreeFock_V3_A_n": -3.742e-07,
  "KDHartreeFock_V2_0_p": 0.0061255151,
  "KDHartreeFock_V2_A_p": 3.02e-06,
  "KDHartreeFock_V3_0_p": 4.0593e-06,
  "KDHartreeFock_V3_A_p": 3.5318e-06,
  "KDHartreeFock_V4_0": 1.296e-07,
  "KDHartreeFock_r_0": 1.218011876,
  "KDHartreeFock_r_A": 0.1614183633,
  "KDHartreeFock_a_0": 0.6587174693,
  "KDHartreeFock_a_A": -0.0003084609,
  "KDCoulomb_r_C_0": 1.4985630454,
  "KDCoulomb_r_C_A": 1.2239116616,
  "KDCoulomb_r_C_A2": 24.6599380783,
  "KDRealSpinOrbit_V1_0": 7.1003246541,
  "KDRealSpinOrbit_V1_A": -0.0004472178,
  "KDRealSpinOrbit_V2_0": 0.0038444252,
  "KDRealSpinOrbit_r_0": 1.2512844606,
  "KDRealSpinOrbit_r_A": 0.8482013904,
  "KDRealSpinOrbit_a_0": 0.6316692345,
  "KDImagSpinOrbit_W1_0": -3.9190523593,
  "KDImagSpinOrbit_W2_0": 134.6589044463,
  "KDImagVolume_W1_0_n": 19.4850420166,
  "KDImagVolume_W1_A_n": 0.0716810077,
  "KDImagVolume_W1_0_p": 21.4202951139,
  "KDImagVolume_W1_A_p": 0.0925689683,
  "KDImagVolume_W2_0": 103.3246255546,
  "KDImagVolume_W2_A": 0.3851881658,
  "KDImagSurface_D1_0": 22.1701102892,
  "KDImagSurface_D1_asymm": -0.5575865069,
  "KDImagSurface_D2_0": -0.0344338964,
  "KDImagSurface_D2_A": 0.0620800281,
  "KDImagSurface_D2_A2": 16.7514232606,
  "KDImagSurface_D2_A3": 333.9091074583,
  "KDImagSurface_D3_0": 16.8471896581,
  "KDImagSurface_r_0": 1.2656987931,
  "KDImagSurface_r_A": 0.0096286613,
  "KDImagSurface_a_0_n": 0.5064665274,
  "KDImagSurface_a_A_n": -0.0004274059,
  "KDImagSurface_a_0_p": 0.5185333065,
  "KDImagSurface_a_A_p": 0.0018340093
}