{
  "KDHartreeFock_V1_0": 57.8878931657,
  "KDHartreeFock_V1_asymm": 15.9066138346,
  "KDHartreeFock_V1_A": 0.0272334864,
  "KDHartreeFock_V2_0_n": 0.005288546,
  "KDHartreeFock_V2_A_n": -2.2154e-06,
  "KDHartreeFock_V3_0_n": 2.1247e-06,
  "KDHartreeFock_V3_A_n": 2.1536e-06,
  "KDHartreeFock_V2_0_p": 0.0080895196,
  "KDHartreeFock_V2_A_p": 1.5119e-06,
  "KDHartreeFock_V3_0_p": 1.90156e-05,
  "KDHartreeFock_V3_A_p": -1.412e-07,
  "KDHartreeFock_V4_0": 4.2827e-06,
  "KDHartreeFock_r_0": 1.2940050986,
  "KDHartreeFock_r_A": 0.4036111957,
  "KDHartreeFock_a_0": 0.719804292,
  "KDHartreeFock_a_A": 0.0001256472,
  "KDCoulomb_r_C_0": 1.2088661142,
  "KDCoulomb_r_C_A": 0.3597299017,
  "KDCoulomb_r_C_A2": 7.0231905253,
  "KDRealSpinOrbit_V1_0": 7.9794068185,
  "KDRealSpinOrbit_V1_A": -0.0102158584,
  "KDRealSpinOrbit_V2_0": 0.0099148036,
  "KDRealSpinOrbit_r_0": 1.1855064501,
  "KDRealSpinOrbit_r_A": 0.5236034052,
  "KDRealSpinOrbit_a_0": 0.5322081189,
  "KDImagSpinOrbit_W1_0": -5.6063265788,
  "KDImagSpinOrbit_W2_0": 318.4739612911,
  "KDImagVolume_W1_0_n": 20.2722641431,
  "KDImagVolume_W1_A_n": -0.0158696122,
  "KDImagVolume_W1_0_p": 15.5905301032,
  "KDImagVolume_W1_A_p": -0.0050372175,
  "KDImagVolume_W2_0": 63.7971241454,
  "KDImagVolume_W2_A": 0.0691408233,
  "KDImagSurface_D1_0": 26.1219546744,
  "KDImagSurface_D1_asymm": 15.071123197,
  "KDImagSurface_D2_0": 0.0655126576,
  "KDImagSurface_D2_A": -0.0308227165,
  "KDImagSurface_D2_A2": 0.5731026916,
  "KDImagSurface_D2_A3": 54.6040427193,
  "KDImagSurface_D3_0": 15.0499841748,
  "KDImagSurface_r_0": 1.4491169647,
  "KDImagSurface_r_A": 0.032904802,
  "KDImagSurface_a_0_n": 0.4807893911,
  "KDImagSurface_a_A_n": 0.0003806073,
  "KDImagSurface_a_0_p": 0.4898117938,
  "KDImagSurface_a_A_p": 0.0012572522
}