{
  "KDHartreeFock_V1_0": 59.7074102971,
  "KDHartreeFock_V1_asymm": 15.7372576297,
  "KDHartreeFock_V1_A": 0.0275154246,
  "KDHartreeFock_V2_0_n": 0.0069255952,
  "KDHartreeFock_V2_A_n": 8.2387e-06,
  "KDHartreeFock_V3_0_n": 1.12908e-05,
  "KDHartreeFock_V3_A_n": -3.155e-07,
  "KDHartreeFock_V2_0_p": 0.0074815118,
  "KDHartreeFock_V2_A_p": -4.8721e-06,
  "KDHartreeFock_V3_0_p": 1.22169e-05,
  "KDHartreeFock_V3_A_p": -3.3101e-06,
  "KDHartreeFock_V4_0": 1.8158e-06,
  "KDHartreeFock_r_0": 1.2664526021,
  "KDHartreeFock_r_A": 0.3608473656,
  "KDHartreeFock_a_0": 0.7004543904,
  "KDHartreeFock_a_A": -0.0002859319,
  "KDCoulomb_r_C_0": 1.196472424,
  "KDCoulomb_r_C_A": 1.3542336522,
  "KDCoulomb_r_C_A2": 24.8156193151,
  "KDRealSpinOrbit_V1_0": 5.6947255652,
  "KDRealSpinOrbit_V1_A": -0.0036185142,
  "KDRealSpinOrbit_V2_0": -0.0006103799,
  "KDRealSpinOrbit_r_0": 1.1589774359,
  "KDRealSpinOrbit_r_A": 0.4598307228,
  "KDRealSpinOrbit_a_0": 0.6490071751,
  "KDImagSpinOrbit_W1_0": -6.3260601046,
  "KDImagSpinOrbit_W2_0": 315.1201202668,
  "KDImagVolume_W1_0_n": 14.3604858659,
  "KDImagVolume_W1_A_n": 0.034060325,
  "KDImagVolume_W1_0_p": 15.0878108988,
  "KDImagVolume_W1_A_p": 0.0510594383,
  "KDImagVolume_W2_0": 71.9128397938,
  "KDImagVolume_W2_A": 0.2343908652,
  "KDImagSurface_D1_0": 13.6008117623,
  "KDImagSurface_D1_asymm": 17.5807991121,
  "KDImagSurface_D2_0": 0.0322765485,
  "KDImagSurface_D2_A": -0.0075196049,
  "KDImagSurface_D2_A2": 13.0756786469,
  "KDImagSurface_D2_A3": 219.9112720826,
  "KDImagSurface_D3_0": 9.8236609519,
  "KDImagSurface_r_0": 1.3974869944,
  "KDImagSurface_r_A": 0.0255567281,
  "KDImagSurface_a_0_n": 0.5024230861,
  "KDImagSurface_a_A_n": -0.0009255805,
  "KDImagSurface_a_0_p": 0.4559699802,
  "KDImagSurface_a_A_p": 0.0009060307
}