{
  "KDHartreeFock_V1_0": 57.6063973263,
  "KDHartreeFock_V1_asymm": 8.0679494532,
  "KDHartreeFock_V1_A": 0.0370144108,
  "KDHartreeFock_V2_0_n": 0.0054030248,
  "KDHartreeFock_V2_A_n": 3.7385e-06,
  "KDHartreeFock_V3_0_n": 2.6317e-06,
  "KDHartreeFock_V3_A_n": 1.2727e-06,
  "KDHartreeFock_V2_0_p": 0.0066923131,
  "KDHartreeFock_V2_A_p": -3.8539e-06,
  "KDHartreeFock_V3_0_p": 1.31702e-05,
  "KDHartreeFock_V3_A_p": -5.554e-07,
  "KDHartreeFock_V4_0": -3.57e-07,
  "KDHartreeFock_r_0": 1.3093355115,
  "KDHartreeFock_r_A": 0.4563192974,
  "KDHartreeFock_a_0": 0.6686674831,
  "KDHartreeFock_a_A": -0.0001561175,
  "KDCoulomb_r_C_0": 1.1793596118,
  "KDCoulomb_r_C_A": -0.4627415093,
  "KDCoulomb_r_C_A2": 19.3585263219,
  "KDRealSpinOrbit_V1_0": 4.8006219988,
  "KDRealSpinOrbit_V1_A": 0.0110075265,
  "KDRealSpinOrbit_V2_0": 0.0018656732,
  "KDRealSpinOrbit_r_0": 1.2140196745,
  "KDRealSpinOrbit_r_A": 0.8654267247,
  "KDRealSpinOrbit_a_0": 0.6072102729,
  "KDImagSpinOrbit_W1_0": -0.8225305859,
  "KDImagSpinOrbit_W2_0": 215.258208391,
  "KDImagVolume_W1_0_n": 23.1575064281,
  "KDImagVolume_W1_A_n": -0.0405815896,
  "KDImagVolume_W1_0_p": 22.3828175511,
  "KDImagVolume_W1_A_p": 0.0108094943,
  "KDImagVolume_W2_0": 95.8662219889,
  "KDImagVolume_W2_A": 0.1269021222,
  "KDImagSurface_D1_0": 17.9372083009,
  "KDImagSurface_D1_asymm": 12.5899749916,
  "KDImagSurface_D2_0": -0.0063320154,
  "KDImagSurface_D2_A": 0.0316467327,
  "KDImagSurface_D2_A2": 0.5687727616,
  "KDImagSurface_D2_A3": 408.0669934276,
  "KDImagSurface_D3_0": 14.0366225384,
  "KDImagSurface_r_0": 1.2007802488,
  "KDImagSurface_r_A": -0.0124385458,
  "KDImagSurface_a_0_n": 0.5710614784,
  "KDImagSurface_a_A_n": -4.6478e-05,
  "KDImagSurface_a_0_p": 0.5343941345,
  "KDImagSurface_a_A_p": 0.0011429536
}