{
  "KDHartreeFock_V1_0": 56.9827132809,
  "KDHartreeFock_V1_asymm": 10.1031178096,
  "KDHartreeFock_V1_A": 0.0186040625,
  "KDHartreeFock_V2_0_n": 0.0060041847,
  "KDHartreeFock_V2_A_n": -4.6503e-06,
  "KDHartreeFock_V3_0_n": 4.3042e-06,
  "KDHartreeFock_V3_A_n": 3.546e-07,
  "KDHartreeFock_V2_0_p": 0.0060991074,
  "KDHartreeFock_V2_A_p": 6.4649e-06,
  "KDHartreeFock_V3_0_p": 8.9322e-06,
  "KDHartreeFock_V3_A_p": 5.195e-07,
  "KDHartreeFock_V4_0": 3.739e-07,
  "KDHartreeFock_r_0": 1.2660731344,
  "KDHartreeFock_r_A": 0.3026293745,
  "KDHartreeFock_a_0": 0.6973605505,
  "KDHartreeFock_a_A": 0.0002233414,
  "KDCoulomb_r_C_0": 1.2845483909,
  "KDCoulomb_r_C_A": 1.220451123,
  "KDCoulomb_r_C_A2": 18.8777373805,
  "KDRealSpinOrbit_V1_0": 5.7175068931,
  "KDRealSpinOrbit_V1_A": 0.0210613055,
  "KDRealSpinOrbit_V2_0": 0.0071332138,
  "KDRealSpinOrbit_r_0": 1.2173568659,
  "KDRealSpinOrbit_r_A": 0.6955337061,
  "KDRealSpinOrbit_a_0": 0.6032004817,
  "KDImagSpinOrbit_W1_0": -4.4838811837,
  "KDImagSpinOrbit_W2_0": 322.40051746,
  "KDImagVolume_W1_0_n": 21.2257913744,
  "KDImagVolume_W1_A_n": -0.0090905599,
  "KDImagVolume_W1_0_p": 12.6542919425,
  "KDImagVolume_W1_A_p": 0.032219956,
  "KDImagVolume_W2_0": 88.374649968,
  "KDImagVolume_W2_A": 0.0931289788,
  "KDImagSurface_D1_0": 19.7522967366,
  "KDImagSurface_D1_asymm": 16.4157439366,
  "KDImagSurface_D2_0": -0.0140892973,
  "KDImagSurface_D2_A": 0.0445715741,
  "KDImagSurface_D2_A2": 5.6034272389,
  "KDImagSurface_D2_A3": 134.3979845698,
  "KDImagSurface_D3_0": 13.4953651166,
  "KDImagSurface_r_0": 1.4418353917,
  "KDImagSurface_r_A": 0.0395527374,
  "KDImagSurface_a_0_n": 0.5184695633,
  "KDImagSurface_a_A_n": -0.0005989555,
  "KDImagSurface_a_0_p": 0.4415531186,
  "KDImagSurface_a_A_p": 0.002575123
}