{
  "KDHartreeFock_V1_0": 59.8288633522,
  "KDHartreeFock_V1_asymm": 14.0663976267,
  "KDHartreeFock_V1_A": 0.0205555817,
  "KDHartreeFock_V2_0_n": 0.0071857637,
  "KDHartreeFock_V2_A_n": 9.68e-08,
  "KDHartreeFock_V3_0_n": 2.35793e-05,
  "KDHartreeFock_V3_A_n": -1.2842e-06,
  "KDHartreeFock_V2_0_p": 0.0073602006,
  "KDHartreeFock_V2_A_p": 3.0357e-06,
  "KDHartreeFock_V3_0_p": 3.01799e-05,
  "KDHartreeFock_V3_A_p": -4.748e-07,
  "KDHartreeFock_V4_0": -1.578e-07,
  "KDHartreeFock_r_0": 1.2081091756,
  "KDHartreeFock_r_A": 0.1204993832,
  "KDHartreeFock_a_0": 0.6515856229,
  "KDHartreeFock_a_A": -0.000660396,
  "KDCoulomb_r_C_0": 1.2536252046,
  "KDCoulomb_r_C_A": 0.90449569,
  "KDCoulomb_r_C_A2": 14.1195559866,
  "KDRealSpinOrbit_V1_0": 5.1213406876,
  "KDRealSpinOrbit_V1_A": 0.0288273924,
  "KDRealSpinOrbit_V2_0": 0.0123086849,
  "KDRealSpinOrbit_r_0": 1.2616807682,
  "KDRealSpinOrbit_r_A": 0.9384449622,
  "KDRealSpinOrbit_a_0": 0.5754733946,
  "KDImagSpinOrbit_W1_0": -5.2814359367,
  "KDImagSpinOrbit_W2_0": 200.1353180677,
  "KDImagVolume_W1_0_n": 26.3478145745,
  "KDImagVolume_W1_A_n": -0.0289869592,
  "KDImagVolume_W1_0_p": 17.7942046727,
  "KDImagVolume_W1_A_p": -0.0179373213,
  "KDImagVolume_W2_0": 126.6456108169,
  "KDImagVolume_W2_A": -0.1935566061,
  "KDImagSurface_D1_0": 19.5174010683,
  "KDImagSurface_D1_asymm": 21.5747329544,
  "KDImagSurface_D2_0": 0.0535987989,
  "KDImagSurface_D2_A": -0.0304079718,
  "KDImagSurface_D2_A2": 4.8105901507,
  "KDImagSurface_D2_A3": 233.5128425553,
  "KDImagSurface_D3_0": 13.426030787,
  "KDImagSurface_r_0": 1.3041800067,
  "KDImagSurface_r_A": 0.0109699952,
  "KDImagSurface_a_0_n": 0.4984433079,
  "KDImagSurface_a_A_n": -0.0011036054,
  "KDImagSurface_a_0_p": 0.4674239289,
  "KDImagSurface_a_A_p": 0.0020639578
}