{
  "KDHartreeFock_V1_0": 58.9181905273,
  "KDHartreeFock_V1_asymm": 24.7105633866,
  "KDHartreeFock_V1_A": 0.0200864893,
  "KDHartreeFock_V2_0_n": 0.0054800283,
  "KDHartreeFock_V2_A_n": 5.9634e-06,
  "KDHartreeFock_V3_0_n": -1.1713e-05,
  "KDHartreeFock_V3_A_n": 1.2584e-06,
  "KDHartreeFock_V2_0_p": 0.0056658576,
  "KDHartreeFock_V2_A_p": 3.4501e-06,
  "KDHartreeFock_V3_0_p": -5.4661e-06,
  "KDHartreeFock_V3_A_p": -9.013e-07,
  "KDHartreeFock_V4_0": 5.291e-07,
  "KDHartreeFock_r_0": 1.2119372156,
  "KDHartreeFock_r_A": 0.1475323243,
  "KDHartreeFock_a_0": 0.6913626426,
  "KDHartreeFock_a_A": 3.28686e-05,
  "KDCoulomb_r_C_0": 1.4187381934,
  "KDCoulomb_r_C_A": -0.0118800027,
  "KDCoulomb_r_C_A2": 5.9963263849,
  "KDRealSpinOrbit_V1_0": 8.25988339,
  "KDRealSpinOrbit_V1_A": -0.0065921002,
  "KDRealSpinOrbit_V2_0": 0.0052009114,
  "KDRealSpinOrbit_r_0": 1.2251080945,
  "KDRealSpinOrbit_r_A": 0.8278616063,
  "KDRealSpinOrbit_a_0": 0.6410409243,
  "KDImagSpinOrbit_W1_0": 0.2138750809,
  "KDImagSpinOrbit_W2_0": 55.0141069807,
  "KDImagVolume_W1_0_n": 23.9275861701,
  "KDImagVolume_W1_A_n": -0.0153470623,
  "KDImagVolume_W1_0_p": 20.0831034346,
  "KDImagVolume_W1_A_p": 0.0636123068,
  "KDImagVolume_W2_0": 98.7371201428,
  "KDImagVolume_W2_A": 0.197682807,
  "KDImagSurface_D1_0": 20.1755167332,
  "KDImagSurface_D1_asymm": 18.2952876245,
  "KDImagSurface_D2_0": -0.0188156241,
  "KDImagSurface_D2_A": 0.0401283824,
  "KDImagSurface_D2_A2": 12.7135023595,
  "KDImagSurface_D2_A3": 230.2320273641,
  "KDImagSurface_D3_0": 16.2342923089,
  "KDImagSurface_r_0": 1.186005903,
  "KDImagSurface_r_A": -0.0062074359,
  "KDImagSurface_a_0_n": 0.6073590064,
  "KDImagSurface_a_A_n": -0.0005727275,
  "KDImagSurface_a_0_p": 0.5512792655,
  "KDImagSurface_a_A_p": 0.0010393884
}