{
  "KDHartreeFock_V1_0": 55.2605207479,
  "KDHartreeFock_V1_asymm": 12.3634542407,
  "KDHartreeFock_V1_A": 0.01493608,
  "KDHartreeFock_V2_0_n": 0.0057082525,
  "KDHartreeFock_V2_A_n": 2.8045e-06,
  "KDHartreeFock_V3_0_n": 7.631e-06,
  "KDHartreeFock_V3_A_n": 4.628e-07,
  "KDHartreeFock_V2_0_p": 0.0061827126,
  "KDHartreeFock_V2_A_p": 9.5738e-06,
  "KDHartreeFock_V3_0_p": 1.42137e-05,
  "KDHartreeFock_V3_A_p": 1.706e-07,
  "KDHartreeFock_V4_0": -2.787e-06,
  "KDHartreeFock_r_0": 1.3059190068,
  "KDHartreeFock_r_A": 0.3933408637,
  "KDHartreeFock_a_0": 0.7189216956,
  "KDHartreeFock_a_A": 0.000541076,
  "KDCoulomb_r_C_0": 1.2350272374,
  "KDCoulomb_r_C_A": 1.3168380925,
  "KDCoulomb_r_C_A2": 31.2863883517,
  "KDRealSpinOrbit_V1_0": 6.1147606778,
  "KDRealSpinOrbit_V1_A": 0.0055108288,
  "KDRealSpinOrbit_V2_0": 0.0099868987,
  "KDRealSpinOrbit_r_0": 1.1199216065,
  "KDRealSpinOrbit_r_A": 0.3656174427,
  "KDRealSpinOrbit_a_0": 0.5059639831,
  "KDImagSpinOrbit_W1_0": -7.0361387661,
  "KDImagSpinOrbit_W2_0": 298.2428668435,
  "KDImagVolume_W1_0_n": 25.955706113,
  "KDImagVolume_W1_A_n": 0.0131009577,
  "KDImagVolume_W1_0_p": 16.6558653319,
  "KDImagVolume_W1_A_p": 0.0920807809,
  "KDImagVolume_W2_0": 138.9824201234,
  "KDImagVolume_W2_A": 0.137164565,
  "KDImagSurface_D1_0": 17.4449495489,
  "KDImagSurface_D1_asymm": -11.0361334628,
  "KDImagSurface_D2_0": 0.0472979024,
  "KDImagSurface_D2_A": -0.0237980909,
  "KDImagSurface_D2_A2": -12.4876393213,
  "KDImagSurface_D2_A3": -26.7022695698,
  "KDImagSurface_D3_0": 14.401130861,
  "KDImagSurface_r_0": 1.3505683642,
  "KDImagSurface_r_A": 0.027036091,
  "KDImagSurface_a_0_n": 0.5429075407,
  "KDImagSurface_a_A_n": 0.0009622162,
  "KDImagSurface_a_0_p": 0.5484253752,
  "KDImagSurface_a_A_p": 0.0021438737
}