{
  "KDHartreeFock_V1_0": 57.0419304093,
  "KDHartreeFock_V1_asymm": 11.2881776835,
  "KDHartreeFock_V1_A": 0.0290032601,
  "KDHartreeFock_V2_0_n": 0.0051000806,
  "KDHartreeFock_V2_A_n": -4.2066e-06,
  "KDHartreeFock_V3_0_n": -2.0737e-06,
  "KDHartreeFock_V3_A_n": 2.85e-08,
  "KDHartreeFock_V2_0_p": 0.0058453598,
  "KDHartreeFock_V2_A_p": 6.2233e-06,
  "KDHartreeFock_V3_0_p": -3.868e-07,
  "KDHartreeFock_V3_A_p": 1.199e-06,
  "KDHartreeFock_V4_0": 1.3452e-06,
  "KDHartreeFock_r_0": 1.3474039573,
  "KDHartreeFock_r_A": 0.5620259571,
  "KDHartreeFock_a_0": 0.6945983986,
  "KDHartreeFock_a_A": 0.0004614965,
  "KDCoulomb_r_C_0": 1.0569229122,
  "KDCoulomb_r_C_A": 1.0265669049,
  "KDCoulomb_r_C_A2": 15.8628986529,
  "KDRealSpinOrbit_V1_0": 5.6384332597,
  "KDRealSpinOrbit_V1_A": 0.00105043,
  "KDRealSpinOrbit_V2_0": 0.0016941984,
  "KDRealSpinOrbit_r_0": 1.1686597719,
  "KDRealSpinOrbit_r_A": 0.5047349957,
  "KDRealSpinOrbit_a_0": 0.6431181514,
  "KDImagSpinOrbit_W1_0": -7.3686604018,
  "KDImagSpinOrbit_W2_0": 531.4249271484,
  "KDImagVolume_W1_0_n": 18.0765390068,
  "KDImagVolume_W1_A_n": 0.0078569238,
  "KDImagVolume_W1_0_p": 13.0190153224,
  "KDImagVolume_W1_A_p": 0.00654245,
  "KDImagVolume_W2_0": 72.8441913452,
  "KDImagVolume_W2_A": -0.0947085779,
  "KDImagSurface_D1_0": 25.5073123213,
  "KDImagSurface_D1_asymm": 10.9342305023,
  "KDImagSurface_D2_0": 0.0532537252,
  "KDImagSurface_D2_A": -0.0238957756,
  "KDImagSurface_D2_A2": 8.221005401,
  "KDImagSurface_D2_A3": 134.5075211913,
  "KDImagSurface_D3_0": 18.6267565959,
  "KDImagSurface_r_0": 1.4414719331,
  "KDImagSurface_r_A": 0.0269869149,
  "KDImagSurface_a_0_n": 0.5354627024,
  "KDImagSurface_a_A_n": -7.90187e-05,
  "KDImagSurface_a_0_p": 0.4452371903,
  "KDImagSurface_a_A_p": 0.0010308242
}