{
  "KDHartreeFock_V1_0": 59.798612818,
  "KDHartreeFock_V1_asymm": 20.3532672817,
  "KDHartreeFock_V1_A": 0.0162064774,
  "KDHartreeFock_V2_0_n": 0.0064115593,
  "KDHartreeFock_V2_A_n": -1.3814e-06,
  "KDHartreeFock_V3_0_n": 1.70556e-05,
  "KDHartreeFock_V3_A_n": 2.536e-07,
  "KDHartreeFock_V2_0_p": 0.0090782735,
  "KDHartreeFock_V2_A_p": -7.0215e-06,
  "KDHartreeFock_V3_0_p": 2.9624e-05,
  "KDHartreeFock_V3_A_p": -1.0254e-06,
  "KDHartreeFock_V4_0": -4.326e-07,
  "KDHartreeFock_r_0": 1.296958724,
  "KDHartreeFock_r_A": 0.5038880565,
  "KDHartreeFock_a_0": 0.7234077653,
  "KDHartreeFock_a_A": 0.0001856918,
  "KDCoulomb_r_C_0": 1.1225127158,
  "KDCoulomb_r_C_A": 2.0795956701,
  "KDCoulomb_r_C_A2": -7.1522729607,
  "KDRealSpinOrbit_V1_0": 5.6033605048,
  "KDRealSpinOrbit_V1_A": 0.0008443289,
  "KDRealSpinOrbit_V2_0": 0.0046933061,
  "KDRealSpinOrbit_r_0": 1.2391833333,
  "KDRealSpinOrbit_r_A": 0.7257765788,
  "KDRealSpinOrbit_a_0": 0.5557984771,
  "KDImagSpinOrbit_W1_0": -3.8923630319,
  "KDImagSpinOrbit_W2_0": 277.5345068612,
  "KDImagVolume_W1_0_n": 18.9702732171,
  "KDImagVolume_W1_A_n": 0.0124522137,
  "KDImagVolume_W1_0_p": 25.7980366807,
  "KDImagVolume_W1_A_p": -0.0477201407,
  "KDImagVolume_W2_0": 129.2077030762,
  "KDImagVolume_W2_A": -0.1781794196,
  "KDImagSurface_D1_0": 16.0070020164,
  "KDImagSurface_D1_asymm": 7.872976142,
  "KDImagSurface_D2_0": -0.0178368002,
  "KDImagSurface_D2_A": 0.0411535465,
  "KDImagSurface_D2_A2": 22.520938741,
  "KDImagSurface_D2_A3": 493.0876157386,
  "KDImagSurface_D3_0": 12.2145887826,
  "KDImagSurface_r_0": 1.4169493251,
  "KDImagSurface_r_A": 0.0383076659,
  "KDImagSurface_a_0_n": 0.5517396522,
  "KDImagSurface_a_A_n": 3.69723e-05,
  "KDImagSurface_a_0_p": 0.5705085404,
  "KDImagSurface_a_A_p": 0.0002650139
}