{
  "KDHartreeFock_V1_0": 59.2437281777,
  "KDHartreeFock_V1_asymm": 23.7464479603,
  "KDHartreeFock_V1_A": 0.0224869989,
  "KDHartreeFock_V2_0_n": 0.0059604894,
  "KDHartreeFock_V2_A_n": 8.8901e-06,
  "KDHartreeFock_V3_0_n": 7.2116e-06,
  "KDHartreeFock_V3_A_n": -7.09e-08,
  "KDHartreeFock_V2_0_p": 0.0050879961,
  "KDHartreeFock_V2_A_p": 1.25947e-05,
  "KDHartreeFock_V3_0_p": -2.6565e-06,
  "KDHartreeFock_V3_A_p": 5.992e-07,
  "KDHartreeFock_V4_0": -8.578e-07,
  "KDHartreeFock_r_0": 1.2468936615,
  "KDHartreeFock_r_A": 0.3131544327,
  "KDHartreeFock_a_0": 0.6699779408,
  "KDHartreeFock_a_A": -0.0003116358,
  "KDCoulomb_r_C_0": 1.2277362527,
  "KDCoulomb_r_C_A": 1.420566509,
  "KDCoulomb_r_C_A2": 18.2766667017,
  "KDRealSpinOrbit_V1_0": 5.1149324685,
  "KDRealSpinOrbit_V1_A": 0.0087981128,
  "KDRealSpinOrbit_V2_0": 0.0026984434,
  "KDRealSpinOrbit_r_0": 1.1693683095,
  "KDRealSpinOrbit_r_A": 0.5963779571,
  "KDRealSpinOrbit_a_0": 0.6507104718,
  "KDImagSpinOrbit_W1_0": -2.6679348803,
  "KDImagSpinOrbit_W2_0": 146.3711339159,
  "KDImagVolume_W1_0_n": 16.9944881049,
  "KDImagVolume_W1_A_n": 0.0337419033,
  "KDImagVolume_W1_0_p": 15.0675138881,
  "KDImagVolume_W1_A_p": 0.0496639717,
  "KDImagVolume_W2_0": 96.3540236909,
  "KDImagVolume_W2_A": -0.0248735574,
  "KDImagSurface_D1_0": 18.8691597873,
  "KDImagSurface_D1_asymm": 14.4181395026,
  "KDImagSurface_D2_0": 0.0447274821,
  "KDImagSurface_D2_A": -0.0254357482,
  "KDImagSurface_D2_A2": 10.0314361509,
  "KDImagSurface_D2_A3": -34.2637804825,
  "KDImagSurface_D3_0": 14.9895176221,
  "KDImagSurface_r_0": 1.3300219365,
  "KDImagSurface_r_A": 0.0111093865,
  "KDImagSurface_a_0_n": 0.5156541854,
  "KDImagSurface_a_A_n": -0.0004230258,
  "KDImagSurface_a_0_p": 0.4914305937,
  "KDImagSurface_a_A_p": 0.0007280544
}