{
  "KDHartreeFock_V1_0": 58.0036152521,
  "KDHartreeFock_V1_asymm": 18.7544949274,
  "KDHartreeFock_V1_A": 0.0242238081,
  "KDHartreeFock_V2_0_n": 0.0054847975,
  "KDHartreeFock_V2_A_n": 3.0913e-06,
  "KDHartreeFock_V3_0_n": -4.669e-07,
  "KDHartreeFock_V3_A_n": -1.3236e-06,
  "KDHartreeFock_V2_0_p": 0.0065958549,
  "KDHartreeFock_V2_A_p": 9.0863e-06,
  "KDHartreeFock_V3_0_p": 7.2756e-06,
  "KDHartreeFock_V3_A_p": 2.663e-06,
  "KDHartreeFock_V4_0": -2.038e-07,
  "KDHartreeFock_r_0": 1.2656685522,
  "KDHartreeFock_r_A": 0.2824438472,
  "KDHartreeFock_a_0": 0.6769330415,
  "KDHartreeFock_a_A": -0.0001486341,
  "KDCoulomb_r_C_0": 1.0909447926,
  "KDCoulomb_r_C_A": 0.3080459042,
  "KDCoulomb_r_C_A2": 4.5879187607,
  "KDRealSpinOrbit_V1_0": 7.4224545019,
  "KDRealSpinOrbit_V1_A": -0.0091080195,
  "KDRealSpinOrbit_V2_0": 0.0089220728,
  "KDRealSpinOrbit_r_0": 1.2104860818,
  "KDRealSpinOrbit_r_A": 0.6670957429,
  "KDRealSpinOrbit_a_0": 0.5683980844,
  "KDImagSpinOrbit_W1_0": -4.6604173464,
  "KDImagSpinOrbit_W2_0": 68.2568487736,
  "KDImagVolume_W1_0_n": 20.2530299788,
  "KDImagVolume_W1_A_n": 0.0066509793,
  "KDImagVolume_W1_0_p": 21.2454089667,
  "KDImagVolume_W1_A_p": -0.0416847274,
  "KDImagVolume_W2_0": 109.4304811101,
  "KDImagVolume_W2_A": -0.3551845092,
  "KDImagSurface_D1_0": 31.1028639837,
  "KDImagSurface_D1_asymm": 7.5569948643,
  "KDImagSurface_D2_0": 0.0320871035,
  "KDImagSurface_D2_A": 0.0073356422,
  "KDImagSurface_D2_A2": 11.6417128474,
  "KDImagSurface_D2_A3": 413.8611720154,
  "KDImagSurface_D3_0": 19.422843631,
  "KDImagSurface_r_0": 1.2996368217,
  "KDImagSurface_r_A": 0.0057638722,
  "KDImagSurface_a_0_n": 0.5305333598,
  "KDImagSurface_a_A_n": 0.0004598375,
  "KDImagSurface_a_0_p": 0.4393210596,
  "KDImagSurface_a_A_p": 0.0020969347
}