{
  "KDHartreeFock_V1_0": 61.0131166157,
  "KDHartreeFock_V1_asymm": 17.8041030884,
  "KDHartreeFock_V1_A": 0.039471287,
  "KDHartreeFock_V2_0_n": 0.0053046509,
  "KDHartreeFock_V2_A_n": 8.7813e-06,
  "KDHartreeFock_V3_0_n": 3.6512e-06,
  "KDHartreeFock_V3_A_n": 1.5774e-06,
  "KDHartreeFock_V2_0_p": 0.0065461438,
  "KDHartreeFock_V2_A_p": -7.045e-07,
  "KDHartreeFock_V3_0_p": 4.3988e-06,
  "KDHartreeFock_V3_A_p": 1.677e-06,
  "KDHartreeFock_V4_0": -2.1361e-06,
  "KDHartreeFock_r_0": 1.2993533117,
  "KDHartreeFock_r_A": 0.5441439576,
  "KDHartreeFock_a_0": 0.6658753411,
  "KDHartreeFock_a_A": -0.0001999962,
  "KDCoulomb_r_C_0": 1.2456010864,
  "KDCoulomb_r_C_A": 2.0779189621,
  "KDCoulomb_r_C_A2": 9.84417696,
  "KDRealSpinOrbit_V1_0": 7.0411189024,
  "KDRealSpinOrbit_V1_A": -0.0009247492,
  "KDRealSpinOrbit_V2_0": 0.0091054354,
  "KDRealSpinOrbit_r_0": 1.2105053097,
  "KDRealSpinOrbit_r_A": 0.7141412525,
  "KDRealSpinOrbit_a_0": 0.6323982851,
  "KDImagSpinOrbit_W1_0": -5.8828785429,
  "KDImagSpinOrbit_W2_0": 177.1015422875,
  "KDImagVolume_W1_0_n": 17.9378466149,
  "KDImagVolume_W1_A_n": 0.0245914706,
  "KDImagVolume_W1_0_p": 23.8979396601,
  "KDImagVolume_W1_A_p": 0.0040916902,
  "KDImagVolume_W2_0": 79.4832244705,
  "KDImagVolume_W2_A": 0.1628968199,
  "KDImagSurface_D1_0": 22.3371544141,
  "KDImagSurface_D1_asymm": 15.6576260404,
  "KDImagSurface_D2_0": -0.0093147742,
  "KDImagSurface_D2_A": 0.045187412,
  "KDImagSurface_D2_A2": 23.0094745709,
  "KDImagSurface_D2_A3": -69.6190581665,
  "KDImagSurface_D3_0": 17.1618835148,
  "KDImagSurface_r_0": 1.2830113366,
  "KDImagSurface_r_A": -0.0031118403,
  "KDImagSurface_a_0_n": 0.6016422286,
  "KDImagSurface_a_A_n": 0.0005105381,
  "KDImagSurface_a_0_p": 0.535445634,
  "KDImagSurface_a_A_p": 0.0007120011
}