{
  "KDHartreeFock_V1_0": 55.5529331858,
  "KDHartreeFock_V1_asymm": 14.0468727011,
  "KDHartreeFock_V1_A": 0.0069586166,
  "KDHartreeFock_V2_0_n": 0.006638002,
  "KDHartreeFock_V2_A_n": 3.177e-07,
  "KDHartreeFock_V3_0_n": 1.5296e-05,
  "KDHartreeFock_V3_A_n": 7.667e-07,
  "KDHartreeFock_V2_0_p": 0.0071043018,
  "KDHartreeFock_V2_A_p": 4.923e-06,
  "KDHartreeFock_V3_0_p": 1.76446e-05,
  "KDHartreeFock_V3_A_p": -5.931e-07,
  "KDHartreeFock_V4_0": 7.576e-07,
  "KDHartreeFock_r_0": 1.2063306076,
  "KDHartreeFock_r_A": 0.0197950959,
  "KDHartreeFock_a_0": 0.6810580369,
  "KDHartreeFock_a_A": -1.99961e-05,
  "KDCoulomb_r_C_0": 1.1674676616,
  "KDCoulomb_r_C_A": 1.1130968716,
  "KDCoulomb_r_C_A2": 3.6402696588,
  "KDRealSpinOrbit_V1_0": 5.9873142445,
  "KDRealSpinOrbit_V1_A": 0.0107064052,
  "KDRealSpinOrbit_V2_0": 0.009277531,
  "KDRealSpinOrbit_r_0": 1.2104043183,
  "KDRealSpinOrbit_r_A": 0.7315429002,
  "KDRealSpinOrbit_a_0": 0.5776290697,
  "KDImagSpinOrbit_W1_0": -6.0631650544,
  "KDImagSpinOrbit_W2_0": 209.9852780634,
  "KDImagVolume_W1_0_n": 14.9606326285,
  "KDImagVolume_W1_A_n": 0.0409315917,
  "KDImagVolume_W1_0_p": 18.0634994665,
  "KDImagVolume_W1_A_p": 0.0086749562,
  "KDImagVolume_W2_0": 83.7050738709,
  "KDImagVolume_W2_A": 0.1908405362,
  "KDImagSurface_D1_0": 30.3129880469,
  "KDImagSurface_D1_asymm": 9.6651427994,
  "KDImagSurface_D2_0": 0.056511966,
  "KDImagSurface_D2_A": -0.0110192075,
  "KDImagSurface_D2_A2": 11.472123531,
  "KDImagSurface_D2_A3": 178.1183068764,
  "KDImagSurface_D3_0": 22.5390632384,
  "KDImagSurface_r_0": 1.2292410316,
  "KDImagSurface_r_A": -0.0132680415,
  "KDImagSurface_a_0_n": 0.5553848746,
  "KDImagSurface_a_A_n": 0.0003479096,
  "KDImagSurface_a_0_p": 0.4797512343,
  "KDImagSurface_a_A_p": 0.0012462128
}