{
  "KDHartreeFock_V1_0": 60.4756065307,
  "KDHartreeFock_V1_asymm": 8.8691246375,
  "KDHartreeFock_V1_A": 0.0280187885,
  "KDHartreeFock_V2_0_n": 0.0069434215,
  "KDHartreeFock_V2_A_n": 4.3833e-06,
  "KDHartreeFock_V3_0_n": 1.93554e-05,
  "KDHartreeFock_V3_A_n": -1.0152e-06,
  "KDHartreeFock_V2_0_p": 0.0066631134,
  "KDHartreeFock_V2_A_p": 5.997e-07,
  "KDHartreeFock_V3_0_p": 1.40155e-05,
  "KDHartreeFock_V3_A_p": 5.789e-07,
  "KDHartreeFock_V4_0": 1.9374e-06,
  "KDHartreeFock_r_0": 1.2720349399,
  "KDHartreeFock_r_A": 0.4899577996,
  "KDHartreeFock_a_0": 0.6977410222,
  "KDHartreeFock_a_A": -0.0001686792,
  "KDCoulomb_r_C_0": 1.142059214,
  "KDCoulomb_r_C_A": 0.491060161,
  "KDCoulomb_r_C_A2": 18.2984554748,
  "KDRealSpinOrbit_V1_0": 5.974686117,
  "KDRealSpinOrbit_V1_A": -0.0019526186,
  "KDRealSpinOrbit_V2_0": 0.0051831024,
  "KDRealSpinOrbit_r_0": 1.1871229281,
  "KDRealSpinOrbit_r_A": 0.5708741637,
  "KDRealSpinOrbit_a_0": 0.5831614893,
  "KDImagSpinOrbit_W1_0": -2.3718518232,
  "KDImagSpinOrbit_W2_0": 100.7885014037,
  "KDImagVolume_W1_0_n": 21.4238436604,
  "KDImagVolume_W1_A_n": -0.015089277,
  "KDImagVolume_W1_0_p": 25.2648119736,
  "KDImagVolume_W1_A_p": 0.0026882268,
  "KDImagVolume_W2_0": 126.7694286837,
  "KDImagVolume_W2_A": -0.11025881,
  "KDImagSurface_D1_0": 16.7229977772,
  "KDImagSurface_D1_asymm": 4.4779063748,
  "KDImagSurface_D2_0": -0.0101567522,
  "KDImagSurface_D2_A": 0.03154134,
  "KDImagSurface_D2_A2": 12.0116423474,
  "KDImagSurface_D2_A3": 319.2636718327,
  "KDImagSurface_D3_0": 14.6016184931,
  "KDImagSurface_r_0": 1.2649491437,
  "KDImagSurface_r_A": -0.0047463314,
  "KDImagSurface_a_0_n": 0.5383492846,
  "KDImagSurface_a_A_n": -7.11022e-05,
  "KDImagSurface_a_0_p": 0.5884616364,
  "KDImagSurface_a_A_p": 0.0007108898
}