{
  "KDHartreeFock_V1_0": 55.1064218443,
  "KDHartreeFock_V1_asymm": 12.4146244397,
  "KDHartreeFock_V1_A": 0.0119333376,
  "KDHartreeFock_V2_0_n": 0.0059621718,
  "KDHartreeFock_V2_A_n": -1.8654e-06,
  "KDHartreeFock_V3_0_n": 9.6559e-06,
  "KDHartreeFock_V3_A_n": -1.03e-08,
  "KDHartreeFock_V2_0_p": 0.005841057,
  "KDHartreeFock_V2_A_p": 8.3709e-06,
  "KDHartreeFock_V3_0_p": 4.7237e-06,
  "KDHartreeFock_V3_A_p": -1.4262e-06,
  "KDHartreeFock_V4_0": -1.1536e-06,
  "KDHartreeFock_r_0": 1.2682221285,
  "KDHartreeFock_r_A": 0.2447866184,
  "KDHartreeFock_a_0": 0.6598362351,
  "KDHartreeFock_a_A": 0.0001051355,
  "KDCoulomb_r_C_0": 1.3116954195,
  "KDCoulomb_r_C_A": -0.2912787759,
  "KDCoulomb_r_C_A2": 19.3765658644,
  "KDRealSpinOrbit_V1_0": 7.5031717682,
  "KDRealSpinOrbit_V1_A": 0.0012968759,
  "KDRealSpinOrbit_V2_0": 0.0117684975,
  "KDRealSpinOrbit_r_0": 1.2340841193,
  "KDRealSpinOrbit_r_A": 0.9255627095,
  "KDRealSpinOrbit_a_0": 0.6221506029,
  "KDImagSpinOrbit_W1_0": -5.4164231387,
  "KDImagSpinOrbit_W2_0": 307.9133965524,
  "KDImagVolume_W1_0_n": 13.4102813116,
  "KDImagVolume_W1_A_n": 0.0137518834,
  "KDImagVolume_W1_0_p": 15.982366384,
  "KDImagVolume_W1_A_p": 0.0195271586,
  "KDImagVolume_W2_0": 74.350688505,
  "KDImagVolume_W2_A": -0.1107493159,
  "KDImagSurface_D1_0": 21.3897525058,
  "KDImagSurface_D1_asymm": 16.802447527,
  "KDImagSurface_D2_0": 0.0386306011,
  "KDImagSurface_D2_A": -0.0053678493,
  "KDImagSurface_D2_A2": 1.2893861752,
  "KDImagSurface_D2_A3": -39.2848802088,
  "KDImagSurface_D3_0": 16.9852302454,
  "KDImagSurface_r_0": 1.427790633,
  "KDImagSurface_r_A": 0.0344755461,
  "KDImagSurface_a_0_n": 0.5634395067,
  "KDImagSurface_a_A_n": -0.0002380199,
  "KDImagSurface_a_0_p": 0.4602301608,
  "KDImagSurface_a_A_p": 0.0021384414
}