{
  "KDHartreeFock_V1_0": 61.244116632,
  "KDHartreeFock_V1_asymm": 18.8636986409,
  "KDHartreeFock_V1_A": 0.0324129495,
  "KDHartreeFock_V2_0_n": 0.0055574649,
  "KDHartreeFock_V2_A_n": 2.3488e-06,
  "KDHartreeFock_V3_0_n": 8.0199e-06,
  "KDHartreeFock_V3_A_n": -1.0033e-06,
  "KDHartreeFock_V2_0_p": 0.0052176051,
  "KDHartreeFock_V2_A_p": 1.16574e-05,
  "KDHartreeFock_V3_0_p": 7.3117e-06,
  "KDHartreeFock_V3_A_p": 2.4089e-06,
  "KDHartreeFock_V4_0": 1.6661e-06,
  "KDHartreeFock_r_0": 1.3199048164,
  "KDHartreeFock_r_A": 0.6877310062,
  "KDHartreeFock_a_0": 0.7190709487,
  "KDHartreeFock_a_A": -3.25326e-05,
  "KDCoulomb_r_C_0": 0.8405026222,
  "KDCoulomb_r_C_A": 1.2154579466,
  "KDCoulomb_r_C_A2": 1.4945435385,
  "KDRealSpinOrbit_V1_0": 6.3247089284,
  "KDRealSpinOrbit_V1_A": 0.000625183,
  "KDRealSpinOrbit_V2_0": 0.0088798319,
  "KDRealSpinOrbit_r_0": 1.199983699,
  "KDRealSpinOrbit_r_A": 0.5971562158,
  "KDRealSpinOrbit_a_0": 0.6314624116,
  "KDImagSpinOrbit_W1_0": -4.5694432929,
  "KDImagSpinOrbit_W2_0": 150.1597904962,
  "KDImagVolume_W1_0_n": 23.3571139063,
  "KDImagVolume_W1_A_n": 0.0350185556,
  "KDImagVolume_W1_0_p": 21.4161976883,
  "KDImagVolume_W1_A_p": 0.0122074663,
  "KDImagVolume_W2_0": 117.2730399481,
  "KDImagVolume_W2_A": 0.2015586585,
  "KDImagSurface_D1_0": 14.8637361063,
  "KDImagSurface_D1_asymm": -5.4280624015,
  "KDImagSurface_D2_0": -0.0505726459,
  "KDImagSurface_D2_A": 0.0692652338,
  "KDImagSurface_D2_A2": 7.6050176289,
  "KDImagSurface_D2_A3": 61.8670838401,
  "KDImagSurface_D3_0": 15.7842826164,
  "KDImagSurface_r_0": 1.3428891942,
  "KDImagSurface_r_A": 0.0126029976,
  "KDImagSurface_a_0_n": 0.5971167869,
  "KDImagSurface_a_A_n": 0.0001978697,
  "KDImagSurface_a_0_p": 0.5226083978,
  "KDImagSurface_a_A_p": 0.0016348711
}