{
  "KDHartreeFock_V1_0": 56.0879430005,
  "KDHartreeFock_V1_asymm": 12.0139691432,
  "KDHartreeFock_V1_A": 0.0150421973,
  "KDHartreeFock_V2_0_n": 0.0058450879,
  "KDHartreeFock_V2_A_n": -1.423e-06,
  "KDHartreeFock_V3_0_n": 1.07585e-05,
  "KDHartreeFock_V3_A_n": -2.4805e-06,
  "KDHartreeFock_V2_0_p": 0.0061620413,
  "KDHartreeFock_V2_A_p": 6.5122e-06,
  "KDHartreeFock_V3_0_p": 1.08236e-05,
  "KDHartreeFock_V3_A_p": -2.5892e-06,
  "KDHartreeFock_V4_0": -3.1095e-06,
  "KDHartreeFock_r_0": 1.2768309468,
  "KDHartreeFock_r_A": 0.3320242767,
  "KDHartreeFock_a_0": 0.6944844055,
  "KDHartreeFock_a_A": 0.0001495896,
  "KDCoulomb_r_C_0": 1.1610163652,
  "KDCoulomb_r_C_A": 0.8822515655,
  "KDCoulomb_r_C_A2": 30.2188087458,
  "KDRealSpinOrbit_V1_0": 6.9720047478,
  "KDRealSpinOrbit_V1_A": -0.0043233013,
  "KDRealSpinOrbit_V2_0": 0.0060584281,
  "KDRealSpinOrbit_r_0": 1.3078399837,
  "KDRealSpinOrbit_r_A": 1.1829600774,
  "KDRealSpinOrbit_a_0": 0.6110242951,
  "KDImagSpinOrbit_W1_0": -5.8186052718,
  "KDImagSpinOrbit_W2_0": 271.3139596244,
  "KDImagVolume_W1_0_n": 18.0832733466,
  "KDImagVolume_W1_A_n": -0.0055493504,
  "KDImagVolume_W1_0_p": 33.7287558566,
  "KDImagVolume_W1_A_p": -0.135116133,
  "KDImagVolume_W2_0": 126.0087589158,
  "KDImagVolume_W2_A": -0.36500075,
  "KDImagSurface_D1_0": 22.9087377514,
  "KDImagSurface_D1_asymm": 15.6658019872,
  "KDImagSurface_D2_0": 0.0656378226,
  "KDImagSurface_D2_A": -0.0309357347,
  "KDImagSurface_D2_A2": 5.743820111,
  "KDImagSurface_D2_A3": 10.5554731927,
  "KDImagSurface_D3_0": 16.8572791138,
  "KDImagSurface_r_0": 1.3985853619,
  "KDImagSurface_r_A": 0.0249334637,
  "KDImagSurface_a_0_n": 0.5464436406,
  "KDImagSurface_a_A_n": -1.93349e-05,
  "KDImagSurface_a_0_p": 0.4717834202,
  "KDImagSurface_a_A_p": 0.0015620798
}