{
  "KDHartreeFock_V1_0": 55.5022695748,
  "KDHartreeFock_V1_asymm": 17.6593214891,
  "KDHartreeFock_V1_A": 0.0117044073,
  "KDHartreeFock_V2_0_n": 0.0060354378,
  "KDHartreeFock_V2_A_n": 1.7505e-06,
  "KDHartreeFock_V3_0_n": 4.1665e-06,
  "KDHartreeFock_V3_A_n": -7.971e-07,
  "KDHartreeFock_V2_0_p": 0.0062859616,
  "KDHartreeFock_V2_A_p": 1.17024e-05,
  "KDHartreeFock_V3_0_p": 6.1604e-06,
  "KDHartreeFock_V3_A_p": 8.827e-07,
  "KDHartreeFock_V4_0": 1.883e-06,
  "KDHartreeFock_r_0": 1.2840311341,
  "KDHartreeFock_r_A": 0.2884756013,
  "KDHartreeFock_a_0": 0.6831132806,
  "KDHartreeFock_a_A": 0.000169956,
  "KDCoulomb_r_C_0": 1.3279266779,
  "KDCoulomb_r_C_A": -0.100616964,
  "KDCoulomb_r_C_A2": -11.7453743841,
  "KDRealSpinOrbit_V1_0": 5.568316615,
  "KDRealSpinOrbit_V1_A": 0.0041944213,
  "KDRealSpinOrbit_V2_0": 0.0042066163,
  "KDRealSpinOrbit_r_0": 1.253119157,
  "KDRealSpinOrbit_r_A": 0.9044359479,
  "KDRealSpinOrbit_a_0": 0.6279440281,
  "KDImagSpinOrbit_W1_0": -4.865388994,
  "KDImagSpinOrbit_W2_0": 315.3590898395,
  "KDImagVolume_W1_0_n": 12.4508433254,
  "KDImagVolume_W1_A_n": 0.021472483,
  "KDImagVolume_W1_0_p": 9.4885299132,
  "KDImagVolume_W1_A_p": -0.0334348505,
  "KDImagVolume_W2_0": 76.6126900458,
  "KDImagVolume_W2_A": 0.1082462403,
  "KDImagSurface_D1_0": 7.5316638194,
  "KDImagSurface_D1_asymm": 6.446882683,
  "KDImagSurface_D2_0": -0.0191524101,
  "KDImagSurface_D2_A": 0.0421777666,
  "KDImagSurface_D2_A2": 11.0776627401,
  "KDImagSurface_D2_A3": 365.6579842139,
  "KDImagSurface_D3_0": 7.3040706997,
  "KDImagSurface_r_0": 1.3306221596,
  "KDImagSurface_r_A": 0.0213429307,
  "KDImagSurface_a_0_n": 0.5880632059,
  "KDImagSurface_a_A_n": -0.0004426416,
  "KDImagSurface_a_0_p": 0.4864521818,
  "KDImagSurface_a_A_p": 0.0019092127
}