{
  "KDHartreeFock_V1_0": 57.0351653529,
  "KDHartreeFock_V1_asymm": 8.6898094097,
  "KDHartreeFock_V1_A": 0.026238909,
  "KDHartreeFock_V2_0_n": 0.0058983578,
  "KDHartreeFock_V2_A_n": 5.761e-07,
  "KDHartreeFock_V3_0_n": 4.723e-06,
  "KDHartreeFock_V3_A_n": 6.643e-07,
  "KDHartreeFock_V2_0_p": 0.006664563,
  "KDHartreeFock_V2_A_p": -3.1452e-06,
  "KDHartreeFock_V3_0_p": 1.02002e-05,
  "KDHartreeFock_V3_A_p": 1.7833e-06,
  "KDHartreeFock_V4_0": 2.5838e-06,
  "KDHartreeFock_r_0": 1.2192134276,
  "KDHartreeFock_r_A": 0.098112973,
  "KDHartreeFock_a_0": 0.6702229527,
  "KDHartreeFock_a_A": -0.0003677312,
  "KDCoulomb_r_C_0": 1.3006042847,
  "KDCoulomb_r_C_A": 0.162686694,
  "KDCoulomb_r_C_A2": -11.2206350453,
  "KDRealSpinOrbit_V1_0": 5.0677928571,
  "KDRealSpinOrbit_V1_A": -0.0006314257,
  "KDRealSpinOrbit_V2_0": 0.0032066638,
  "KDRealSpinOrbit_r_0": 1.1409934453,
  "KDRealSpinOrbit_r_A": 0.4089337487,
  "KDRealSpinOrbit_a_0": 0.6071827588,
  "KDImagSpinOrbit_W1_0": -6.1960990024,
  "KDImagSpinOrbit_W2_0": 369.6018667675,
  "KDImagVolume_W1_0_n": 22.6387263837,
  "KDImagVolume_W1_A_n": 0.0093474984,
  "KDImagVolume_W1_0_p": 19.1875502795,
  "KDImagVolume_W1_A_p": 0.038662707,
  "KDImagVolume_W2_0": 136.4472169662,
  "KDImagVolume_W2_A": -0.0483989279,
  "KDImagSurface_D1_0": 14.3485337484,
  "KDImagSurface_D1_asymm": 16.9079271176,
  "KDImagSurface_D2_0": 0.0381696632,
  "KDImagSurface_D2_A": -0.0156946521,
  "KDImagSurface_D2_A2": 23.1993173442,
  "KDImagSurface_D2_A3": 167.83191064,
  "KDImagSurface_D3_0": 14.5695547506,
  "KDImagSurface_r_0": 1.3001245605,
  "KDImagSurface_r_A": 0.0027321764,
  "KDImagSurface_a_0_n": 0.5628535667,
  "KDImagSurface_a_A_n": -0.0003343131,
  "KDImagSurface_a_0_p": 0.4772696044,
  "KDImagSurface_a_A_p": 0.0009560093
}