{
  "KDHartreeFock_V1_0": 57.0253645419,
  "KDHartreeFock_V1_asymm": 11.8057578343,
  "KDHartreeFock_V1_A": 0.0164797157,
  "KDHartreeFock_V2_0_n": 0.0053033344,
  "KDHartreeFock_V2_A_n": 2.0959e-06,
  "KDHartreeFock_V3_0_n": -1.7897e-06,
  "KDHartreeFock_V3_A_n": -1.2116e-06,
  "KDHartreeFock_V2_0_p": 0.0072977317,
  "KDHartreeFock_V2_A_p": -7.3403e-06,
  "KDHartreeFock_V3_0_p": 1.76661e-05,
  "KDHartreeFock_V3_A_p": -1.3638e-06,
  "KDHartreeFock_V4_0": -7.303e-07,
  "KDHartreeFock_r_0": 1.2200914018,
  "KDHartreeFock_r_A": 0.1673179636,
  "KDHartreeFock_a_0": 0.6906307628,
  "KDHartreeFock_a_A": -9.90862e-05,
  "KDCoulomb_r_C_0": 1.3429933102,
  "KDCoulomb_r_C_A": 1.1647679997,
  "KDCoulomb_r_C_A2": -2.3325301696,
  "KDRealSpinOrbit_V1_0": 5.1978604766,
  "KDRealSpinOrbit_V1_A": 0.0193310432,
  "KDRealSpinOrbit_V2_0": 0.0099909308,
  "KDRealSpinOrbit_r_0": 1.2700373826,
  "KDRealSpinOrbit_r_A": 1.0486282701,
  "KDRealSpinOrbit_a_0": 0.5346852543,
  "KDImagSpinOrbit_W1_0": -5.5844101921,
  "KDImagSpinOrbit_W2_0": 130.3556543684,
  "KDImagVolume_W1_0_n": 25.7877116779,
  "KDImagVolume_W1_A_n": -0.0184448329,
  "KDImagVolume_W1_0_p": 13.3520713056,
  "KDImagVolume_W1_A_p": 0.0595877551,
  "KDImagVolume_W2_0": 107.2510639493,
  "KDImagVolume_W2_A": 0.0001117123,
  "KDImagSurface_D1_0": 18.2367562167,
  "KDImagSurface_D1_asymm": -1.8531460057,
  "KDImagSurface_D2_0": 0.0077526404,
  "KDImagSurface_D2_A": 0.0269789883,
  "KDImagSurface_D2_A2": 6.6065980527,
  "KDImagSurface_D2_A3": 89.0937166698,
  "KDImagSurface_D3_0": 14.359202421,
  "KDImagSurface_r_0": 1.3101776454,
  "KDImagSurface_r_A": 0.0060991479,
  "KDImagSurface_a_0_n": 0.602448239,
  "KDImagSurface_a_A_n": 0.0004384536,
  "KDImagSurface_a_0_p": 0.5496693069,
  "KDImagSurface_a_A_p": 0.0014412964
}