{
  "KDHartreeFock_V1_0": 57.4775912378,
  "KDHartreeFock_V1_asymm": 13.603454634,
  "KDHartreeFock_V1_A": 0.0195250501,
  "KDHartreeFock_V2_0_n": 0.0067776745,
  "KDHartreeFock_V2_A_n": 7.7274e-06,
  "KDHartreeFock_V3_0_n": 1.50117e-05,
  "KDHartreeFock_V3_A_n": 1.5431e-06,
  "KDHartreeFock_V2_0_p": 0.0072013225,
  "KDHartreeFock_V2_A_p": 4.441e-07,
  "KDHartreeFock_V3_0_p": 1.37821e-05,
  "KDHartreeFock_V3_A_p": 8.674e-07,
  "KDHartreeFock_V4_0": -1.4414e-06,
  "KDHartreeFock_r_0": 1.2087241204,
  "KDHartreeFock_r_A": 0.0812258104,
  "KDHartreeFock_a_0": 0.673998499,
  "KDHartreeFock_a_A": -0.0003056179,
  "KDCoulomb_r_C_0": 1.4017543837,
  "KDCoulomb_r_C_A": 1.0601837729,
  "KDCoulomb_r_C_A2": 20.6684927841,
  "KDRealSpinOrbit_V1_0": 4.3003665657,
  "KDRealSpinOrbit_V1_A": 0.012478283,
  "KDRealSpinOrbit_V2_0": 0.0034294404,
  "KDRealSpinOrbit_r_0": 1.2302258375,
  "KDRealSpinOrbit_r_A": 0.7141275798,
  "KDRealSpinOrbit_a_0": 0.5729303074,
  "KDImagSpinOrbit_W1_0": -1.7298490225,
  "KDImagSpinOrbit_W2_0": 150.5934778646,
  "KDImagVolume_W1_0_n": 17.2217951222,
  "KDImagVolume_W1_A_n": 0.0405423,
  "KDImagVolume_W1_0_p": 14.1438701404,
  "KDImagVolume_W1_A_p": 0.0533445597,
  "KDImagVolume_W2_0": 107.8689081851,
  "KDImagVolume_W2_A": 0.1798799673,
  "KDImagSurface_D1_0": 17.6864447402,
  "KDImagSurface_D1_asymm": 27.7196049038,
  "KDImagSurface_D2_0": 0.0462551165,
  "KDImagSurface_D2_A": -0.0198606694,
  "KDImagSurface_D2_A2": 8.5970225151,
  "KDImagSurface_D2_A3": 225.8911721367,
  "KDImagSurface_D3_0": 13.4354230128,
  "KDImagSurface_r_0": 1.2504667284,
  "KDImagSurface_r_A": -0.0007447129,
  "KDImagSurface_a_0_n": 0.5469849701,
  "KDImagSurface_a_A_n": -0.0005371957,
  "KDImagSurface_a_0_p": 0.4860565733,
  "KDImagSurface_a_A_p": 0.0018783681
}