{
  "KDHartreeFock_V1_0": 58.610137286,
  "KDHartreeFock_V1_asymm": 17.0605750561,
  "KDHartreeFock_V1_A": 0.0288598851,
  "KDHartreeFock_V2_0_n": 0.0066926707,
  "KDHartreeFock_V2_A_n": 1.09822e-05,
  "KDHartreeFock_V3_0_n": 1.1105e-05,
  "KDHartreeFock_V3_A_n": 2.7726e-06,
  "KDHartreeFock_V2_0_p": 0.0057446839,
  "KDHartreeFock_V2_A_p": 1.04199e-05,
  "KDHartreeFock_V3_0_p": 8.1368e-06,
  "KDHartreeFock_V3_A_p": 5.262e-07,
  "KDHartreeFock_V4_0": 5.515e-07,
  "KDHartreeFock_r_0": 1.2921382718,
  "KDHartreeFock_r_A": 0.4301924447,
  "KDHartreeFock_a_0": 0.6747135356,
  "KDHartreeFock_a_A": 8.2462e-05,
  "KDCoulomb_r_C_0": 1.3443801423,
  "KDCoulomb_r_C_A": 0.4513848668,
  "KDCoulomb_r_C_A2": -0.1367746401,
  "KDRealSpinOrbit_V1_0": 5.1496815895,
  "KDRealSpinOrbit_V1_A": 0.0108515764,
  "KDRealSpinOrbit_V2_0": 0.0022709553,
  "KDRealSpinOrbit_r_0": 1.1737150681,
  "KDRealSpinOrbit_r_A": 0.5289943254,
  "KDRealSpinOrbit_a_0": 0.5945694649,
  "KDImagSpinOrbit_W1_0": -6.3547360747,
  "KDImagSpinOrbit_W2_0": 304.1132637362,
  "KDImagVolume_W1_0_n": 19.5977474206,
  "KDImagVolume_W1_A_n": 0.0686819322,
  "KDImagVolume_W1_0_p": 23.0739956685,
  "KDImagVolume_W1_A_p": 0.0432320817,
  "KDImagVolume_W2_0": 122.2047954173,
  "KDImagVolume_W2_A": 0.3810717733,
  "KDImagSurface_D1_0": 6.986279968,
  "KDImagSurface_D1_asymm": -1.006386079,
  "KDImagSurface_D2_0": 0.0441096641,
  "KDImagSurface_D2_A": -0.0280556342,
  "KDImagSurface_D2_A2": 9.4247722805,
  "KDImagSurface_D2_A3": 313.2766526984,
  "KDImagSurface_D3_0": 7.9420778548,
  "KDImagSurface_r_0": 1.2553404556,
  "KDImagSurface_r_A": 0.0103756245,
  "KDImagSurface_a_0_n": 0.6103999789,
  "KDImagSurface_a_A_n": -0.0002319352,
  "KDImagSurface_a_0_p": 0.5197101459,
  "KDImagSurface_a_A_p": 0.0024577736
}