{
  "KDHartreeFock_V1_0": 59.2366364757,
  "KDHartreeFock_V1_asymm": 14.4525861001,
  "KDHartreeFock_V1_A": 0.0286852687,
  "KDHartreeFock_V2_0_n": 0.0065883665,
  "KDHartreeFock_V2_A_n": 1.19168e-05,
  "KDHartreeFock_V3_0_n": 1.03996e-05,
  "KDHartreeFock_V3_A_n": 1.213e-06,
  "KDHartreeFock_V2_0_p": 0.0076546546,
  "KDHartreeFock_V2_A_p": -2.966e-06,
  "KDHartreeFock_V3_0_p": 1.9181e-05,
  "KDHartreeFock_V3_A_p": 1.2778e-06,
  "KDHartreeFock_V4_0": -6.888e-07,
  "KDHartreeFock_r_0": 1.2156180459,
  "KDHartreeFock_r_A": 0.1510100184,
  "KDHartreeFock_a_0": 0.6661617507,
  "KDHartreeFock_a_A": -0.0004120414,
  "KDCoulomb_r_C_0": 1.2376102385,
  "KDCoulomb_r_C_A": 0.4694124075,
  "KDCoulomb_r_C_A2": -3.1472685053,
  "KDRealSpinOrbit_V1_0": 5.7635727286,
  "KDRealSpinOrbit_V1_A": 0.0064590181,
  "KDRealSpinOrbit_V2_0": 0.0039956629,
  "KDRealSpinOrbit_r_0": 1.3573752876,
  "KDRealSpinOrbit_r_A": 1.4013287212,
  "KDRealSpinOrbit_a_0": 0.6030141578,
  "KDImagSpinOrbit_W1_0": -3.9771736643,
  "KDImagSpinOrbit_W2_0": 186.741408189,
  "KDImagVolume_W1_0_n": 23.6600344779,
  "KDImagVolume_W1_A_n": 0.0420377444,
  "KDImagVolume_W1_0_p": 19.6368260474,
  "KDImagVolume_W1_A_p": 0.0942484951,
  "KDImagVolume_W2_0": 106.2205258651,
  "KDImagVolume_W2_A": 0.2012961256,
  "KDImagSurface_D1_0": 16.5102447702,
  "KDImagSurface_D1_asymm": 8.2817264518,
  "KDImagSurface_D2_0": 0.037433484,
  "KDImagSurface_D2_A": -0.0102700094,
  "KDImagSurface_D2_A2": 6.0797423073,
  "KDImagSurface_D2_A3": -30.4484737862,
  "KDImagSurface_D3_0": 14.3573361296,
  "KDImagSurface_r_0": 1.3146303989,
  "KDImagSurface_r_A": 0.0077125132,
  "KDImagSurface_a_0_n": 0.6008571197,
  "KDImagSurface_a_A_n": 0.0002119467,
  "KDImagSurface_a_0_p": 0.5081424571,
  "KDImagSurface_a_A_p": 0.0020476509
}