{
  "KDHartreeFock_V1_0": 57.7292072301,
  "KDHartreeFock_V1_asymm": 6.2466594858,
  "KDHartreeFock_V1_A": 0.0211952321,
  "KDHartreeFock_V2_0_n": 0.00781231,
  "KDHartreeFock_V2_A_n": 5.2024e-06,
  "KDHartreeFock_V3_0_n": 2.52719e-05,
  "KDHartreeFock_V3_A_n": 5.879e-07,
  "KDHartreeFock_V2_0_p": 0.0078899685,
  "KDHartreeFock_V2_A_p": -5.1028e-06,
  "KDHartreeFock_V3_0_p": 2.53727e-05,
  "KDHartreeFock_V3_A_p": -9.257e-07,
  "KDHartreeFock_V4_0": 1.3328e-06,
  "KDHartreeFock_r_0": 1.27400325,
  "KDHartreeFock_r_A": 0.3209946448,
  "KDHartreeFock_a_0": 0.6708640225,
  "KDHartreeFock_a_A": 2.51722e-05,
  "KDCoulomb_r_C_0": 1.3264869567,
  "KDCoulomb_r_C_A": 0.5570592804,
  "KDCoulomb_r_C_A2": 16.4274893868,
  "KDRealSpinOrbit_V1_0": 8.8181183985,
  "KDRealSpinOrbit_V1_A": -0.0074303543,
  "KDRealSpinOrbit_V2_0": 0.0061205417,
  "KDRealSpinOrbit_r_0": 1.3039695415,
  "KDRealSpinOrbit_r_A": 1.2089947371,
  "KDRealSpinOrbit_a_0": 0.6853576345,
  "KDImagSpinOrbit_W1_0": -3.913998685,
  "KDImagSpinOrbit_W2_0": 173.485949299,
  "KDImagVolume_W1_0_n": 22.7329495704,
  "KDImagVolume_W1_A_n": 0.0063788444,
  "KDImagVolume_W1_0_p": 19.240373254,
  "KDImagVolume_W1_A_p": 0.0089676713,
  "KDImagVolume_W2_0": 146.9811456901,
  "KDImagVolume_W2_A": -0.0162839941,
  "KDImagSurface_D1_0": 10.7286915598,
  "KDImagSurface_D1_asymm": -2.5983932876,
  "KDImagSurface_D2_0": -0.0146762379,
  "KDImagSurface_D2_A": 0.0228009609,
  "KDImagSurface_D2_A2": 15.0861261397,
  "KDImagSurface_D2_A3": 337.0641359404,
  "KDImagSurface_D3_0": 11.3410880024,
  "KDImagSurface_r_0": 1.421414027,
  "KDImagSurface_r_A": 0.0350101671,
  "KDImagSurface_a_0_n": 0.5645136831,
  "KDImagSurface_a_A_n": -0.0004145278,
  "KDImagSurface_a_0_p": 0.4613394028,
  "KDImagSurface_a_A_p": 0.0023018515
}