{
  "KDHartreeFock_V1_0": 57.9106276664,
  "KDHartreeFock_V1_asymm": 10.2789318529,
  "KDHartreeFock_V1_A": 0.0334050049,
  "KDHartreeFock_V2_0_n": 0.0061968796,
  "KDHartreeFock_V2_A_n": 2.3119e-06,
  "KDHartreeFock_V3_0_n": 6.3967e-06,
  "KDHartreeFock_V3_A_n": 3.2014e-06,
  "KDHartreeFock_V2_0_p": 0.0076371223,
  "KDHartreeFock_V2_A_p": -5.1397e-06,
  "KDHartreeFock_V3_0_p": 1.58821e-05,
  "KDHartreeFock_V3_A_p": -2.675e-07,
  "KDHartreeFock_V4_0": 3.2371e-06,
  "KDHartreeFock_r_0": 1.294195012,
  "KDHartreeFock_r_A": 0.3886284304,
  "KDHartreeFock_a_0": 0.6949145403,
  "KDHartreeFock_a_A": 3.45184e-05,
  "KDCoulomb_r_C_0": 1.2816076101,
  "KDCoulomb_r_C_A": 0.6568764272,
  "KDCoulomb_r_C_A2": 16.5338152803,
  "KDRealSpinOrbit_V1_0": 4.0281806262,
  "KDRealSpinOrbit_V1_A": 0.0097221456,
  "KDRealSpinOrbit_V2_0": -8.90006e-05,
  "KDRealSpinOrbit_r_0": 1.1352536191,
  "KDRealSpinOrbit_r_A": 0.4129699241,
  "KDRealSpinOrbit_a_0": 0.5962601964,
  "KDImagSpinOrbit_W1_0": 0.4445531296,
  "KDImagSpinOrbit_W2_0": 113.3895340324,
  "KDImagVolume_W1_0_n": 21.1096838887,
  "KDImagVolume_W1_A_n": -0.0387349679,
  "KDImagVolume_W1_0_p": 14.1969609813,
  "KDImagVolume_W1_A_p": 0.0087802546,
  "KDImagVolume_W2_0": 105.8896830966,
  "KDImagVolume_W2_A": -0.1043186816,
  "KDImagSurface_D1_0": 16.8616445982,
  "KDImagSurface_D1_asymm": 23.1940171557,
  "KDImagSurface_D2_0": -0.0033282202,
  "KDImagSurface_D2_A": 0.0260481926,
  "KDImagSurface_D2_A2": 28.1907157373,
  "KDImagSurface_D2_A3": 150.3934927205,
  "KDImagSurface_D3_0": 10.222203023,
  "KDImagSurface_r_0": 1.2145992713,
  "KDImagSurface_r_A": -0.0082424994,
  "KDImagSurface_a_0_n": 0.5434557523,
  "KDImagSurface_a_A_n": -1.27354e-05,
  "KDImagSurface_a_0_p": 0.5736596579,
  "KDImagSurface_a_A_p": 0.0007615983
}