{
  "KDHartreeFock_V1_0": 59.4880797782,
  "KDHartreeFock_V1_asymm": 15.5072660728,
  "KDHartreeFock_V1_A": 0.0351326205,
  "KDHartreeFock_V2_0_n": 0.0069265,
  "KDHartreeFock_V2_A_n": 2.2749e-06,
  "KDHartreeFock_V3_0_n": 2.10945e-05,
  "KDHartreeFock_V3_A_n": 9.74e-07,
  "KDHartreeFock_V2_0_p": 0.0080420813,
  "KDHartreeFock_V2_A_p": -3.0031e-06,
  "KDHartreeFock_V3_0_p": 2.5552e-05,
  "KDHartreeFock_V3_A_p": 8.027e-07,
  "KDHartreeFock_V4_0": 1.5009e-06,
  "KDHartreeFock_r_0": 1.2895149534,
  "KDHartreeFock_r_A": 0.3980821598,
  "KDHartreeFock_a_0": 0.6938680204,
  "KDHartreeFock_a_A": 6.67844e-05,
  "KDCoulomb_r_C_0": 1.1322679869,
  "KDCoulomb_r_C_A": 1.0318764223,
  "KDCoulomb_r_C_A2": 3.7012682854,
  "KDRealSpinOrbit_V1_0": 7.328961997,
  "KDRealSpinOrbit_V1_A": -0.0154974274,
  "KDRealSpinOrbit_V2_0": 0.0069202419,
  "KDRealSpinOrbit_r_0": 1.1818338969,
  "KDRealSpinOrbit_r_A": 0.6629666193,
  "KDRealSpinOrbit_a_0": 0.5780274443,
  "KDImagSpinOrbit_W1_0": -5.4709793434,
  "KDImagSpinOrbit_W2_0": 217.8393758696,
  "KDImagVolume_W1_0_n": 22.484906106,
  "KDImagVolume_W1_A_n": -0.0100701598,
  "KDImagVolume_W1_0_p": 25.2707441324,
  "KDImagVolume_W1_A_p": 0.0555564413,
  "KDImagVolume_W2_0": 147.5567592579,
  "KDImagVolume_W2_A": -0.2213307837,
  "KDImagSurface_D1_0": 29.2564185608,
  "KDImagSurface_D1_asymm": 16.3771443104,
  "KDImagSurface_D2_0": 0.0882793971,
  "KDImagSurface_D2_A": -0.0527666099,
  "KDImagSurface_D2_A2": 13.6558912679,
  "KDImagSurface_D2_A3": 527.3407143362,
  "KDImagSurface_D3_0": 19.9815515864,
  "KDImagSurface_r_0": 1.4262309415,
  "KDImagSurface_r_A": 0.042703028,
  "KDImagSurface_a_0_n": 0.4647223899,
  "KDImagSurface_a_A_n": -0.0006921738,
  "KDImagSurface_a_0_p": 0.4741552553,
  "KDImagSurface_a_A_p": 0.0018079144
}