{
  "KDHartreeFock_V1_0": 55.4812431225,
  "KDHartreeFock_V1_asymm": 12.5943665831,
  "KDHartreeFock_V1_A": 0.0317229534,
  "KDHartreeFock_V2_0_n": 0.0044297051,
  "KDHartreeFock_V2_A_n": 3.1059e-06,
  "KDHartreeFock_V3_0_n": -1.535e-05,
  "KDHartreeFock_V3_A_n": 1.2445e-06,
  "KDHartreeFock_V2_0_p": 0.0058266291,
  "KDHartreeFock_V2_A_p": 6.0932e-06,
  "KDHartreeFock_V3_0_p": -3.7307e-06,
  "KDHartreeFock_V3_A_p": 1.3989e-06,
  "KDHartreeFock_V4_0": 1.3192e-06,
  "KDHartreeFock_r_0": 1.293731537,
  "KDHartreeFock_r_A": 0.343302082,
  "KDHartreeFock_a_0": 0.6940074018,
  "KDHartreeFock_a_A": -6.28143e-05,
  "KDCoulomb_r_C_0": 1.3673783825,
  "KDCoulomb_r_C_A": 0.9738223828,
  "KDCoulomb_r_C_A2": 7.0692034573,
  "KDRealSpinOrbit_V1_0": 7.6869091729,
  "KDRealSpinOrbit_V1_A": -0.0042094795,
  "KDRealSpinOrbit_V2_0": 0.0043114709,
  "KDRealSpinOrbit_r_0": 1.3508301033,
  "KDRealSpinOrbit_r_A": 1.3221115477,
  "KDRealSpinOrbit_a_0": 0.6491581673,
  "KDImagSpinOrbit_W1_0": -4.3929819027,
  "KDImagSpinOrbit_W2_0": 377.3741569532,
  "KDImagVolume_W1_0_n": 16.6477755119,
  "KDImagVolume_W1_A_n": -0.0039426425,
  "KDImagVolume_W1_0_p": 10.0801338361,
  "KDImagVolume_W1_A_p": 0.0305569598,
  "KDImagVolume_W2_0": 12.9532404155,
  "KDImagVolume_W2_A": 0.2928687488,
  "KDImagSurface_D1_0": 29.8628924344,
  "KDImagSurface_D1_asymm": 19.031672845,
  "KDImagSurface_D2_0": -0.0197877744,
  "KDImagSurface_D2_A": 0.0696131764,
  "KDImagSurface_D2_A2": 18.1369364987,
  "KDImagSurface_D2_A3": 193.4750276701,
  "KDImagSurface_D3_0": 19.6695121187,
  "KDImagSurface_r_0": 1.3385060099,
  "KDImagSurface_r_A": 0.0068715244,
  "KDImagSurface_a_0_n": 0.5510851711,
  "KDImagSurface_a_A_n": 0.0003532161,
  "KDImagSurface_a_0_p": 0.5171495474,
  "KDImagSurface_a_A_p": 0.0003530067
}