{
  "KDHartreeFock_V1_0": 58.534350318,
  "KDHartreeFock_V1_asymm": 14.4511859516,
  "KDHartreeFock_V1_A": 0.0221085641,
  "KDHartreeFock_V2_0_n": 0.0072172591,
  "KDHartreeFock_V2_A_n": 8.9229e-06,
  "KDHartreeFock_V3_0_n": 2.18681e-05,
  "KDHartreeFock_V3_A_n": 1.2979e-06,
  "KDHartreeFock_V2_0_p": 0.0072252037,
  "KDHartreeFock_V2_A_p": 2.092e-06,
  "KDHartreeFock_V3_0_p": 2.11565e-05,
  "KDHartreeFock_V3_A_p": -6.108e-07,
  "KDHartreeFock_V4_0": 2.5665e-06,
  "KDHartreeFock_r_0": 1.2675432885,
  "KDHartreeFock_r_A": 0.3206924819,
  "KDHartreeFock_a_0": 0.6533622834,
  "KDHartreeFock_a_A": -0.0003778754,
  "KDCoulomb_r_C_0": 1.1267154713,
  "KDCoulomb_r_C_A": 1.116523242,
  "KDCoulomb_r_C_A2": 25.5139147925,
  "KDRealSpinOrbit_V1_0": 6.3186497099,
  "KDRealSpinOrbit_V1_A": -0.0095612003,
  "KDRealSpinOrbit_V2_0": 0.0019691857,
  "KDRealSpinOrbit_r_0": 1.2101830202,
  "KDRealSpinOrbit_r_A": 0.7915945409,
  "KDRealSpinOrbit_a_0": 0.6156131245,
  "KDImagSpinOrbit_W1_0": -3.8124423422,
  "KDImagSpinOrbit_W2_0": 232.7552881818,
  "KDImagVolume_W1_0_n": 24.5798688271,
  "KDImagVolume_W1_A_n": -0.0590562902,
  "KDImagVolume_W1_0_p": 23.503482105,
  "KDImagVolume_W1_A_p": -0.0562429075,
  "KDImagVolume_W2_0": 130.265916187,
  "KDImagVolume_W2_A": -0.1633507902,
  "KDImagSurface_D1_0": 17.5340938096,
  "KDImagSurface_D1_asymm": 9.1421821441,
  "KDImagSurface_D2_0": -0.0113483057,
  "KDImagSurface_D2_A": 0.0351179983,
  "KDImagSurface_D2_A2": 18.564898859,
  "KDImagSurface_D2_A3": 262.7544620857,
  "KDImagSurface_D3_0": 12.8992514034,
  "KDImagSurface_r_0": 1.3181900823,
  "KDImagSurface_r_A": 0.0141658222,
  "KDImagSurface_a_0_n": 0.5723194396,
  "KDImagSurface_a_A_n": 0.0003147219,
  "KDImagSurface_a_0_p": 0.4375612703,
  "KDImagSurface_a_A_p": 0.0022359118
}