{
  "KDHartreeFock_V1_0": 62.0327628135,
  "KDHartreeFock_V1_asymm": 10.3084781638,
  "KDHartreeFock_V1_A": 0.0462965622,
  "KDHartreeFock_V2_0_n": 0.0063304306,
  "KDHartreeFock_V2_A_n": 1.7827e-06,
  "KDHartreeFock_V3_0_n": 1.16446e-05,
  "KDHartreeFock_V3_A_n": 9.074e-07,
  "KDHartreeFock_V2_0_p": 0.00554576,
  "KDHartreeFock_V2_A_p": 6.5124e-06,
  "KDHartreeFock_V3_0_p": 6.4752e-06,
  "KDHartreeFock_V3_A_p": -3.63e-08,
  "KDHartreeFock_V4_0": 8.791e-07,
  "KDHartreeFock_r_0": 1.3063823357,
  "KDHartreeFock_r_A": 0.5984497761,
  "KDHartreeFock_a_0": 0.630257118,
  "KDHartreeFock_a_A": -0.0006608839,
  "KDCoulomb_r_C_0": 1.1509959468,
  "KDCoulomb_r_C_A": 1.598469007,
  "KDCoulomb_r_C_A2": 18.9693873347,
  "KDRealSpinOrbit_V1_0": 5.9220555723,
  "KDRealSpinOrbit_V1_A": -0.002087074,
  "KDRealSpinOrbit_V2_0": 0.0032079609,
  "KDRealSpinOrbit_r_0": 1.3192478802,
  "KDRealSpinOrbit_r_A": 1.2708567535,
  "KDRealSpinOrbit_a_0": 0.6304948431,
  "KDImagSpinOrbit_W1_0": -3.7073087383,
  "KDImagSpinOrbit_W2_0": 175.5605280874,
  "KDImagVolume_W1_0_n": 24.7116360314,
  "KDImagVolume_W1_A_n": 0.0249797105,
  "KDImagVolume_W1_0_p": 26.3799813534,
  "KDImagVolume_W1_A_p": -0.020872058,
  "KDImagVolume_W2_0": 148.5684705243,
  "KDImagVolume_W2_A": 0.004246443,
  "KDImagSurface_D1_0": 12.7271134756,
  "KDImagSurface_D1_asymm": 7.2096532568,
  "KDImagSurface_D2_0": 0.0287830379,
  "KDImagSurface_D2_A": -0.0208275255,
  "KDImagSurface_D2_A2": 24.772822115,
  "KDImagSurface_D2_A3": 325.7976755008,
  "KDImagSurface_D3_0": 11.6656716084,
  "KDImagSurface_r_0": 1.2818528828,
  "KDImagSurface_r_A": 0.0042202168,
  "KDImagSurface_a_0_n": 0.5887659283,
  "KDImagSurface_a_A_n": -0.0001356469,
  "KDImagSurface_a_0_p": 0.5323217846,
  "KDImagSurface_a_A_p": 0.001508769
}