{
  "KDHartreeFock_V1_0": 61.2912203674,
  "KDHartreeFock_V1_asymm": 14.8830134286,
  "KDHartreeFock_V1_A": 0.0287965501,
  "KDHartreeFock_V2_0_n": 0.0067805555,
  "KDHartreeFock_V2_A_n": 1.00975e-05,
  "KDHartreeFock_V3_0_n": 1.63324e-05,
  "KDHartreeFock_V3_A_n": 2.7073e-06,
  "KDHartreeFock_V2_0_p": 0.0072964199,
  "KDHartreeFock_V2_A_p": -1.19066e-05,
  "KDHartreeFock_V3_0_p": 2.1751e-05,
  "KDHartreeFock_V3_A_p": 1.0053e-06,
  "KDHartreeFock_V4_0": 3.782e-07,
  "KDHartreeFock_r_0": 1.233096831,
  "KDHartreeFock_r_A": 0.3300615988,
  "KDHartreeFock_a_0": 0.6773146538,
  "KDHartreeFock_a_A": -0.0001520742,
  "KDCoulomb_r_C_0": 1.2300111391,
  "KDCoulomb_r_C_A": 1.2211662722,
  "KDCoulomb_r_C_A2": 46.9509729364,
  "KDRealSpinOrbit_V1_0": 6.8747734515,
  "KDRealSpinOrbit_V1_A": 0.0036061486,
  "KDRealSpinOrbit_V2_0": 0.0091858062,
  "KDRealSpinOrbit_r_0": 1.0588341305,
  "KDRealSpinOrbit_r_A": 0.2086693277,
  "KDRealSpinOrbit_a_0": 0.5887236993,
  "KDImagSpinOrbit_W1_0": -2.7514602762,
  "KDImagSpinOrbit_W2_0": 81.7323671073,
  "KDImagVolume_W1_0_n": 25.4475402365,
  "KDImagVolume_W1_A_n": 0.0195319014,
  "KDImagVolume_W1_0_p": 18.3052247095,
  "KDImagVolume_W1_A_p": 0.1701700738,
  "KDImagVolume_W2_0": 119.3967704209,
  "KDImagVolume_W2_A": 0.2815434943,
  "KDImagSurface_D1_0": 16.242362583,
  "KDImagSurface_D1_asymm": 19.0669571908,
  "KDImagSurface_D2_0": -0.0390375159,
  "KDImagSurface_D2_A": 0.0583321285,
  "KDImagSurface_D2_A2": 20.167729644,
  "KDImagSurface_D2_A3": 355.9295655803,
  "KDImagSurface_D3_0": 16.709085726,
  "KDImagSurface_r_0": 1.2757024614,
  "KDImagSurface_r_A": 0.0096747113,
  "KDImagSurface_a_0_n": 0.5974388684,
  "KDImagSurface_a_A_n": -0.0007757373,
  "KDImagSurface_a_0_p": 0.5394738945,
  "KDImagSurface_a_A_p": 0.0017862132
}