{
  "KDHartreeFock_V1_0": 56.5842916897,
  "KDHartreeFock_V1_asymm": 19.088774967,
  "KDHartreeFock_V1_A": 0.0152491016,
  "KDHartreeFock_V2_0_n": 0.005175576,
  "KDHartreeFock_V2_A_n": -2.9164e-06,
  "KDHartreeFock_V3_0_n": 3.693e-06,
  "KDHartreeFock_V3_A_n": 1.1716e-06,
  "KDHartreeFock_V2_0_p": 0.0049709071,
  "KDHartreeFock_V2_A_p": 1.22151e-05,
  "KDHartreeFock_V3_0_p": 3.7856e-06,
  "KDHartreeFock_V3_A_p": 3.5589e-06,
  "KDHartreeFock_V4_0": -3.913e-07,
  "KDHartreeFock_r_0": 1.3274669627,
  "KDHartreeFock_r_A": 0.5434331667,
  "KDHartreeFock_a_0": 0.7220346442,
  "KDHartreeFock_a_A": 0.0005074804,
  "KDCoulomb_r_C_0": 0.8722909137,
  "KDCoulomb_r_C_A": 0.7827050381,
  "KDCoulomb_r_C_A2": 30.2489341166,
  "KDRealSpinOrbit_V1_0": 5.1472321152,
  "KDRealSpinOrbit_V1_A": 0.0103919297,
  "KDRealSpinOrbit_V2_0": 0.0063706294,
  "KDRealSpinOrbit_r_0": 1.0631026759,
  "KDRealSpinOrbit_r_A": 0.0995295603,
  "KDRealSpinOrbit_a_0": 0.5854281644,
  "KDImagSpinOrbit_W1_0": -6.475487693,
  "KDImagSpinOrbit_W2_0": 305.054640714,
  "KDImagVolume_W1_0_n": 25.8584188127,
  "KDImagVolume_W1_A_n": -0.0260256193,
  "KDImagVolume_W1_0_p": 19.3854882902,
  "KDImagVolume_W1_A_p": 0.0617418944,
  "KDImagVolume_W2_0": 137.0670245542,
  "KDImagVolume_W2_A": -0.2931886542,
  "KDImagSurface_D1_0": 23.3782725419,
  "KDImagSurface_D1_asymm": 4.9160471348,
  "KDImagSurface_D2_0": 0.0540031138,
  "KDImagSurface_D2_A": -0.0302342933,
  "KDImagSurface_D2_A2": 16.1559423608,
  "KDImagSurface_D2_A3": 319.5839771537,
  "KDImagSurface_D3_0": 17.5805243655,
  "KDImagSurface_r_0": 1.2665456111,
  "KDImagSurface_r_A": 0.004645106,
  "KDImagSurface_a_0_n": 0.6211595867,
  "KDImagSurface_a_A_n": 0.0008119127,
  "KDImagSurface_a_0_p": 0.5304534311,
  "KDImagSurface_a_A_p": 0.0011107588
}