{
  "KDHartreeFock_V1_0": 56.2046677026,
  "KDHartreeFock_V1_asymm": 13.9197252318,
  "KDHartreeFock_V1_A": 0.0202716471,
  "KDHartreeFock_V2_0_n": 0.0043850758,
  "KDHartreeFock_V2_A_n": -1.9246e-06,
  "KDHartreeFock_V3_0_n": -1.48813e-05,
  "KDHartreeFock_V3_A_n": 2.759e-06,
  "KDHartreeFock_V2_0_p": 0.0059235578,
  "KDHartreeFock_V2_A_p": 4.0863e-06,
  "KDHartreeFock_V3_0_p": -2.4599e-06,
  "KDHartreeFock_V3_A_p": 1.5285e-06,
  "KDHartreeFock_V4_0": 4.526e-07,
  "KDHartreeFock_r_0": 1.2955166314,
  "KDHartreeFock_r_A": 0.4449814638,
  "KDHartreeFock_a_0": 0.7070464516,
  "KDHartreeFock_a_A": 8.79533e-05,
  "KDCoulomb_r_C_0": 1.2687787335,
  "KDCoulomb_r_C_A": 0.1706782688,
  "KDCoulomb_r_C_A2": 35.394388212,
  "KDRealSpinOrbit_V1_0": 3.9499247343,
  "KDRealSpinOrbit_V1_A": 0.01974535,
  "KDRealSpinOrbit_V2_0": 0.0043123299,
  "KDRealSpinOrbit_r_0": 1.0388317256,
  "KDRealSpinOrbit_r_A": -0.044898013,
  "KDRealSpinOrbit_a_0": 0.6291175583,
  "KDImagSpinOrbit_W1_0": -2.0320056778,
  "KDImagSpinOrbit_W2_0": -95.8745402264,
  "KDImagVolume_W1_0_n": 26.0697468587,
  "KDImagVolume_W1_A_n": -0.0601496349,
  "KDImagVolume_W1_0_p": 11.1796065987,
  "KDImagVolume_W1_A_p": 0.0391796613,
  "KDImagVolume_W2_0": 108.8993769768,
  "KDImagVolume_W2_A": -0.1590046755,
  "KDImagSurface_D1_0": 18.0791220067,
  "KDImagSurface_D1_asymm": 6.8257108131,
  "KDImagSurface_D2_0": -0.0226835124,
  "KDImagSurface_D2_A": 0.0488916646,
  "KDImagSurface_D2_A2": 5.1572797241,
  "KDImagSurface_D2_A3": 406.3957838202,
  "KDImagSurface_D3_0": 12.4759829498,
  "KDImagSurface_r_0": 1.3613574616,
  "KDImagSurface_r_A": 0.0080292018,
  "KDImagSurface_a_0_n": 0.5417681005,
  "KDImagSurface_a_A_n": 0.000370684,
  "KDImagSurface_a_0_p": 0.5422023081,
  "KDImagSurface_a_A_p": 0.0006084298
}