{
  "KDHartreeFock_V1_0": 58.7769716258,
  "KDHartreeFock_V1_asymm": 17.6765554071,
  "KDHartreeFock_V1_A": 0.0273603658,
  "KDHartreeFock_V2_0_n": 0.0076257864,
  "KDHartreeFock_V2_A_n": 7.6194e-06,
  "KDHartreeFock_V3_0_n": 1.91437e-05,
  "KDHartreeFock_V3_A_n": -2.3007e-06,
  "KDHartreeFock_V2_0_p": 0.0091664549,
  "KDHartreeFock_V2_A_p": -3.5903e-06,
  "KDHartreeFock_V3_0_p": 2.96009e-05,
  "KDHartreeFock_V3_A_p": 1.099e-06,
  "KDHartreeFock_V4_0": -1.8407e-06,
  "KDHartreeFock_r_0": 1.2805573953,
  "KDHartreeFock_r_A": 0.2987792437,
  "KDHartreeFock_a_0": 0.6944626614,
  "KDHartreeFock_a_A": 7.81224e-05,
  "KDCoulomb_r_C_0": 1.2900099043,
  "KDCoulomb_r_C_A": 2.1996687639,
  "KDCoulomb_r_C_A2": 29.7742658704,
  "KDRealSpinOrbit_V1_0": 5.6724751884,
  "KDRealSpinOrbit_V1_A": -0.0006907982,
  "KDRealSpinOrbit_V2_0": 0.0015612247,
  "KDRealSpinOrbit_r_0": 1.1964684148,
  "KDRealSpinOrbit_r_A": 0.6386679804,
  "KDRealSpinOrbit_a_0": 0.6453163709,
  "KDImagSpinOrbit_W1_0": -0.9000518836,
  "KDImagSpinOrbit_W2_0": 225.6769642363,
  "KDImagVolume_W1_0_n": 20.9963550925,
  "KDImagVolume_W1_A_n": -0.0394259593,
  "KDImagVolume_W1_0_p": 17.8330196596,
  "KDImagVolume_W1_A_p": -0.0102427809,
  "KDImagVolume_W2_0": 83.6664815678,
  "KDImagVolume_W2_A": 0.0618179425,
  "KDImagSurface_D1_0": 14.1271854691,
  "KDImagSurface_D1_asymm": 13.7823784244,
  "KDImagSurface_D2_0": 0.0142685822,
  "KDImagSurface_D2_A": 0.0111760981,
  "KDImagSurface_D2_A2": 4.5350841316,
  "KDImagSurface_D2_A3": 77.4984687628,
  "KDImagSurface_D3_0": 11.4488725461,
  "KDImagSurface_r_0": 1.355092465,
  "KDImagSurface_r_A": 0.0252658291,
  "KDImagSurface_a_0_n": 0.5435751051,
  "KDImagSurface_a_A_n": -0.0010435775,
  "KDImagSurface_a_0_p": 0.5116689715,
  "KDImagSurface_a_A_p": 0.0005934662
}