{
  "KDHartreeFock_V1_0": 59.3278711093,
  "KDHartreeFock_V1_asymm": 16.149250359,
  "KDHartreeFock_V1_A": 0.0299635335,
  "KDHartreeFock_V2_0_n": 0.0071334627,
  "KDHartreeFock_V2_A_n": 4.7542e-06,
  "KDHartreeFock_V3_0_n": 2.04521e-05,
  "KDHartreeFock_V3_A_n": -1.3527e-06,
  "KDHartreeFock_V2_0_p": 0.0090711297,
  "KDHartreeFock_V2_A_p": -1.15902e-05,
  "KDHartreeFock_V3_0_p": 3.11965e-05,
  "KDHartreeFock_V3_A_p": -1.2089e-06,
  "KDHartreeFock_V4_0": 3.491e-07,
  "KDHartreeFock_r_0": 1.2371292634,
  "KDHartreeFock_r_A": 0.2096231726,
  "KDHartreeFock_a_0": 0.6979947111,
  "KDHartreeFock_a_A": -6.71644e-05,
  "KDCoulomb_r_C_0": 1.0953589224,
  "KDCoulomb_r_C_A": 1.9209608851,
  "KDCoulomb_r_C_A2": 4.4105882631,
  "KDRealSpinOrbit_V1_0": 5.4166420758,
  "KDRealSpinOrbit_V1_A": 0.0024577273,
  "KDRealSpinOrbit_V2_0": 0.0061440573,
  "KDRealSpinOrbit_r_0": 1.2275895004,
  "KDRealSpinOrbit_r_A": 0.6967988375,
  "KDRealSpinOrbit_a_0": 0.5710893111,
  "KDImagSpinOrbit_W1_0": -2.670492553,
  "KDImagSpinOrbit_W2_0": 64.7265799016,
  "KDImagVolume_W1_0_n": 20.2105486107,
  "KDImagVolume_W1_A_n": 0.0061910462,
  "KDImagVolume_W1_0_p": 11.9314579648,
  "KDImagVolume_W1_A_p": 0.0755901756,
  "KDImagVolume_W2_0": 120.8473954129,
  "KDImagVolume_W2_A": -0.0203996819,
  "KDImagSurface_D1_0": 15.5014760432,
  "KDImagSurface_D1_asymm": 10.4332159702,
  "KDImagSurface_D2_0": 0.0080718186,
  "KDImagSurface_D2_A": 0.0152320332,
  "KDImagSurface_D2_A2": 12.3968992695,
  "KDImagSurface_D2_A3": 370.2070209565,
  "KDImagSurface_D3_0": 14.5248570592,
  "KDImagSurface_r_0": 1.3532066166,
  "KDImagSurface_r_A": 0.0249454457,
  "KDImagSurface_a_0_n": 0.5142844311,
  "KDImagSurface_a_A_n": -0.0008887566,
  "KDImagSurface_a_0_p": 0.538701346,
  "KDImagSurface_a_A_p": 0.0005674037
}