{
  "KDHartreeFock_V1_0": 58.9128060681,
  "KDHartreeFock_V1_asymm": 10.8234411857,
  "KDHartreeFock_V1_A": 0.0326496642,
  "KDHartreeFock_V2_0_n": 0.008061696,
  "KDHartreeFock_V2_A_n": 4.0189e-06,
  "KDHartreeFock_V3_0_n": 2.66012e-05,
  "KDHartreeFock_V3_A_n": -1.967e-06,
  "KDHartreeFock_V2_0_p": 0.0076783371,
  "KDHartreeFock_V2_A_p": -4.842e-06,
  "KDHartreeFock_V3_0_p": 2.78173e-05,
  "KDHartreeFock_V3_A_p": 1.2734e-06,
  "KDHartreeFock_V4_0": 2.731e-06,
  "KDHartreeFock_r_0": 1.2714941741,
  "KDHartreeFock_r_A": 0.3010004055,
  "KDHartreeFock_a_0": 0.6946542082,
  "KDHartreeFock_a_A": 0.0001598264,
  "KDCoulomb_r_C_0": 1.2557111278,
  "KDCoulomb_r_C_A": 1.3748357763,
  "KDCoulomb_r_C_A2": 19.3822208961,
  "KDRealSpinOrbit_V1_0": 4.3573918957,
  "KDRealSpinOrbit_V1_A": 0.0124185763,
  "KDRealSpinOrbit_V2_0": 0.0050965836,
  "KDRealSpinOrbit_r_0": 1.2428194024,
  "KDRealSpinOrbit_r_A": 0.830900471,
  "KDRealSpinOrbit_a_0": 0.6015654452,
  "KDImagSpinOrbit_W1_0": -2.6696882969,
  "KDImagSpinOrbit_W2_0": 268.3673577533,
  "KDImagVolume_W1_0_n": 14.2976957713,
  "KDImagVolume_W1_A_n": 0.0361016776,
  "KDImagVolume_W1_0_p": 11.6026454962,
  "KDImagVolume_W1_A_p": 0.0564341799,
  "KDImagVolume_W2_0": 110.704681951,
  "KDImagVolume_W2_A": -0.0261753113,
  "KDImagSurface_D1_0": 9.9835142325,
  "KDImagSurface_D1_asymm": 18.1607373084,
  "KDImagSurface_D2_0": 0.023077711,
  "KDImagSurface_D2_A": -0.005535461,
  "KDImagSurface_D2_A2": 19.8067782907,
  "KDImagSurface_D2_A3": 172.6357120107,
  "KDImagSurface_D3_0": 10.2879077248,
  "KDImagSurface_r_0": 1.2460028826,
  "KDImagSurface_r_A": 0.0067543988,
  "KDImagSurface_a_0_n": 0.508071488,
  "KDImagSurface_a_A_n": -0.001014757,
  "KDImagSurface_a_0_p": 0.5941210031,
  "KDImagSurface_a_A_p": 0.000714053
}