{
  "KDHartreeFock_V1_0": 57.6723964496,
  "KDHartreeFock_V1_asymm": 16.0369257964,
  "KDHartreeFock_V1_A": 0.0219792251,
  "KDHartreeFock_V2_0_n": 0.006672058,
  "KDHartreeFock_V2_A_n": 8.301e-07,
  "KDHartreeFock_V3_0_n": 1.27337e-05,
  "KDHartreeFock_V3_A_n": -2.819e-07,
  "KDHartreeFock_V2_0_p": 0.0046500957,
  "KDHartreeFock_V2_A_p": 1.83752e-05,
  "KDHartreeFock_V3_0_p": 3.6722e-06,
  "KDHartreeFock_V3_A_p": -1.3182e-06,
  "KDHartreeFock_V4_0": -3.3541e-06,
  "KDHartreeFock_r_0": 1.3130566445,
  "KDHartreeFock_r_A": 0.5058548194,
  "KDHartreeFock_a_0": 0.718773539,
  "KDHartreeFock_a_A": 0.0002383668,
  "KDCoulomb_r_C_0": 1.0725766348,
  "KDCoulomb_r_C_A": 0.9152436667,
  "KDCoulomb_r_C_A2": 2.4350526231,
  "KDRealSpinOrbit_V1_0": 3.5422332844,
  "KDRealSpinOrbit_V1_A": 0.0250152774,
  "KDRealSpinOrbit_V2_0": 0.0071936061,
  "KDRealSpinOrbit_r_0": 1.2413034762,
  "KDRealSpinOrbit_r_A": 0.7322363353,
  "KDRealSpinOrbit_a_0": 0.5974489095,
  "KDImagSpinOrbit_W1_0": -4.8892327747,
  "KDImagSpinOrbit_W2_0": 307.0208795385,
  "KDImagVolume_W1_0_n": 18.3600410706,
  "KDImagVolume_W1_A_n": 0.0094426897,
  "KDImagVolume_W1_0_p": 14.7142414434,
  "KDImagVolume_W1_A_p": -0.0035398834,
  "KDImagVolume_W2_0": 68.9029403436,
  "KDImagVolume_W2_A": 0.0483281031,
  "KDImagSurface_D1_0": 10.8501768742,
  "KDImagSurface_D1_asymm": 8.5307435223,
  "KDImagSurface_D2_0": 0.0117734168,
  "KDImagSurface_D2_A": 0.0071540429,
  "KDImagSurface_D2_A2": 11.4007363767,
  "KDImagSurface_D2_A3": 464.2352033324,
  "KDImagSurface_D3_0": 11.529833987,
  "KDImagSurface_r_0": 1.2390675298,
  "KDImagSurface_r_A": -0.0007034583,
  "KDImagSurface_a_0_n": 0.5550250864,
  "KDImagSurface_a_A_n": -0.0001707356,
  "KDImagSurface_a_0_p": 0.5680740355,
  "KDImagSurface_a_A_p": 0.0003289009
}