{
  "KDHartreeFock_V1_0": 62.3199538135,
  "KDHartreeFock_V1_asymm": 21.2105362011,
  "KDHartreeFock_V1_A": 0.0331144394,
  "KDHartreeFock_V2_0_n": 0.0071692481,
  "KDHartreeFock_V2_A_n": 2.7228e-06,
  "KDHartreeFock_V3_0_n": 2.62829e-05,
  "KDHartreeFock_V3_A_n": 2.5025e-06,
  "KDHartreeFock_V2_0_p": 0.0076404282,
  "KDHartreeFock_V2_A_p": 1.17366e-05,
  "KDHartreeFock_V3_0_p": 2.29884e-05,
  "KDHartreeFock_V3_A_p": -1.092e-06,
  "KDHartreeFock_V4_0": 2.4666e-06,
  "KDHartreeFock_r_0": 1.2798613645,
  "KDHartreeFock_r_A": 0.4705914423,
  "KDHartreeFock_a_0": 0.6601702871,
  "KDHartreeFock_a_A": -0.0002590018,
  "KDCoulomb_r_C_0": 1.2009071385,
  "KDCoulomb_r_C_A": -0.2776679681,
  "KDCoulomb_r_C_A2": 3.782458755,
  "KDRealSpinOrbit_V1_0": 4.9202217957,
  "KDRealSpinOrbit_V1_A": -0.0018449031,
  "KDRealSpinOrbit_V2_0": 0.0044206926,
  "KDRealSpinOrbit_r_0": 1.2769426908,
  "KDRealSpinOrbit_r_A": 0.8102037011,
  "KDRealSpinOrbit_a_0": 0.5662630496,
  "KDImagSpinOrbit_W1_0": -4.500955269,
  "KDImagSpinOrbit_W2_0": 241.6064894485,
  "KDImagVolume_W1_0_n": 26.8716948465,
  "KDImagVolume_W1_A_n": -0.0060663615,
  "KDImagVolume_W1_0_p": 26.2078921005,
  "KDImagVolume_W1_A_p": -0.005984549,
  "KDImagVolume_W2_0": 138.8759094215,
  "KDImagVolume_W2_A": -0.0269737925,
  "KDImagSurface_D1_0": 21.3259973649,
  "KDImagSurface_D1_asymm": -7.9385785186,
  "KDImagSurface_D2_0": 0.0443897942,
  "KDImagSurface_D2_A": -0.0121221237,
  "KDImagSurface_D2_A2": 13.1493157363,
  "KDImagSurface_D2_A3": 35.2561623346,
  "KDImagSurface_D3_0": 17.6693764924,
  "KDImagSurface_r_0": 1.3470464565,
  "KDImagSurface_r_A": 0.0148675221,
  "KDImagSurface_a_0_n": 0.5476491002,
  "KDImagSurface_a_A_n": 0.0003109145,
  "KDImagSurface_a_0_p": 0.5418869415,
  "KDImagSurface_a_A_p": 0.0012648085
}