{
  "KDHartreeFock_V1_0": 59.1891921059,
  "KDHartreeFock_V1_asymm": 12.6224542501,
  "KDHartreeFock_V1_A": 0.0131808601,
  "KDHartreeFock_V2_0_n": 0.006926244,
  "KDHartreeFock_V2_A_n": -5.1989e-06,
  "KDHartreeFock_V3_0_n": 1.95107e-05,
  "KDHartreeFock_V3_A_n": -8.363e-07,
  "KDHartreeFock_V2_0_p": 0.0067395179,
  "KDHartreeFock_V2_A_p": 4.47e-08,
  "KDHartreeFock_V3_0_p": 2.26057e-05,
  "KDHartreeFock_V3_A_p": -2.53e-07,
  "KDHartreeFock_V4_0": -2.2244e-06,
  "KDHartreeFock_r_0": 1.2173551746,
  "KDHartreeFock_r_A": 0.2091376561,
  "KDHartreeFock_a_0": 0.6867216867,
  "KDHartreeFock_a_A": -0.0001997233,
  "KDCoulomb_r_C_0": 1.1938317583,
  "KDCoulomb_r_C_A": 0.361883314,
  "KDCoulomb_r_C_A2": 3.9247474968,
  "KDRealSpinOrbit_V1_0": 5.763730472,
  "KDRealSpinOrbit_V1_A": 0.0099195646,
  "KDRealSpinOrbit_V2_0": 0.0064498195,
  "KDRealSpinOrbit_r_0": 1.257060727,
  "KDRealSpinOrbit_r_A": 0.9818418856,
  "KDRealSpinOrbit_a_0": 0.6211070848,
  "KDImagSpinOrbit_W1_0": -5.934882719,
  "KDImagSpinOrbit_W2_0": 134.4230720412,
  "KDImagVolume_W1_0_n": 27.9709645272,
  "KDImagVolume_W1_A_n": -0.0011104876,
  "KDImagVolume_W1_0_p": 26.8949014015,
  "KDImagVolume_W1_A_p": 0.074947994,
  "KDImagVolume_W2_0": 154.7658566645,
  "KDImagVolume_W2_A": 0.066692585,
  "KDImagSurface_D1_0": 18.0815470129,
  "KDImagSurface_D1_asymm": 7.5214687016,
  "KDImagSurface_D2_0": -0.014662025,
  "KDImagSurface_D2_A": 0.0427667302,
  "KDImagSurface_D2_A2": 3.828725815,
  "KDImagSurface_D2_A3": 159.9738837076,
  "KDImagSurface_D3_0": 14.2895546308,
  "KDImagSurface_r_0": 1.2879495903,
  "KDImagSurface_r_A": 0.0043140551,
  "KDImagSurface_a_0_n": 0.5742955799,
  "KDImagSurface_a_A_n": 0.0003849865,
  "KDImagSurface_a_0_p": 0.4753991495,
  "KDImagSurface_a_A_p": 0.0017247454
}