{
  "KDHartreeFock_V1_0": 60.9270493756,
  "KDHartreeFock_V1_asymm": 17.6721296609,
  "KDHartreeFock_V1_A": 0.0238963371,
  "KDHartreeFock_V2_0_n": 0.0072985345,
  "KDHartreeFock_V2_A_n": 4.1199e-06,
  "KDHartreeFock_V3_0_n": 2.08382e-05,
  "KDHartreeFock_V3_A_n": -1.7115e-06,
  "KDHartreeFock_V2_0_p": 0.0066672431,
  "KDHartreeFock_V2_A_p": -9.799e-07,
  "KDHartreeFock_V3_0_p": 1.85537e-05,
  "KDHartreeFock_V3_A_p": -4.7594e-06,
  "KDHartreeFock_V4_0": -1.7032e-06,
  "KDHartreeFock_r_0": 1.2411044942,
  "KDHartreeFock_r_A": 0.3453671835,
  "KDHartreeFock_a_0": 0.6876897449,
  "KDHartreeFock_a_A": -0.0003858643,
  "KDCoulomb_r_C_0": 1.0889906377,
  "KDCoulomb_r_C_A": -0.1273418091,
  "KDCoulomb_r_C_A2": 31.8622123624,
  "KDRealSpinOrbit_V1_0": 8.5350076109,
  "KDRealSpinOrbit_V1_A": -0.0129351062,
  "KDRealSpinOrbit_V2_0": 0.0076048733,
  "KDRealSpinOrbit_r_0": 1.2159828674,
  "KDRealSpinOrbit_r_A": 0.7633799796,
  "KDRealSpinOrbit_a_0": 0.5999265517,
  "KDImagSpinOrbit_W1_0": -3.1910421667,
  "KDImagSpinOrbit_W2_0": 81.3951027196,
  "KDImagVolume_W1_0_n": 19.2559876035,
  "KDImagVolume_W1_A_n": 0.0272592306,
  "KDImagVolume_W1_0_p": 24.5807563459,
  "KDImagVolume_W1_A_p": 0.046414898,
  "KDImagVolume_W2_0": 126.3040430874,
  "KDImagVolume_W2_A": -0.208506797,
  "KDImagSurface_D1_0": 14.5943936618,
  "KDImagSurface_D1_asymm": 13.996264159,
  "KDImagSurface_D2_0": 0.0103496393,
  "KDImagSurface_D2_A": 0.0041379446,
  "KDImagSurface_D2_A2": 10.3752265552,
  "KDImagSurface_D2_A3": 480.192788251,
  "KDImagSurface_D3_0": 11.4585487962,
  "KDImagSurface_r_0": 1.3664347102,
  "KDImagSurface_r_A": 0.0148267253,
  "KDImagSurface_a_0_n": 0.4932554855,
  "KDImagSurface_a_A_n": -0.0003603921,
  "KDImagSurface_a_0_p": 0.4972660067,
  "KDImagSurface_a_A_p": 0.0005420206
}