{
  "KDHartreeFock_V1_0": 58.7835002583,
  "KDHartreeFock_V1_asymm": 9.3951991304,
  "KDHartreeFock_V1_A": 0.0422665008,
  "KDHartreeFock_V2_0_n": 0.0055778978,
  "KDHartreeFock_V2_A_n": 3.4943e-06,
  "KDHartreeFock_V3_0_n": 2.7277e-06,
  "KDHartreeFock_V3_A_n": 2.2088e-06,
  "KDHartreeFock_V2_0_p": 0.0058690386,
  "KDHartreeFock_V2_A_p": 1.1464e-06,
  "KDHartreeFock_V3_0_p": 3.4683e-06,
  "KDHartreeFock_V3_A_p": -4.669e-07,
  "KDHartreeFock_V4_0": -4.277e-07,
  "KDHartreeFock_r_0": 1.3316443134,
  "KDHartreeFock_r_A": 0.6440246497,
  "KDHartreeFock_a_0": 0.6809227111,
  "KDHartreeFock_a_A": 1.37072e-05,
  "KDCoulomb_r_C_0": 1.1011260996,
  "KDCoulomb_r_C_A": 0.6179940713,
  "KDCoulomb_r_C_A2": 27.9574689301,
  "KDRealSpinOrbit_V1_0": 6.8886823335,
  "KDRealSpinOrbit_V1_A": 0.001690812,
  "KDRealSpinOrbit_V2_0": 0.008843521,
  "KDRealSpinOrbit_r_0": 1.178393926,
  "KDRealSpinOrbit_r_A": 0.4784231088,
  "KDRealSpinOrbit_a_0": 0.6023261787,
  "KDImagSpinOrbit_W1_0": -4.5502068774,
  "KDImagSpinOrbit_W2_0": 181.4970572194,
  "KDImagVolume_W1_0_n": 21.0384815325,
  "KDImagVolume_W1_A_n": 0.0339414926,
  "KDImagVolume_W1_0_p": 20.339473099,
  "KDImagVolume_W1_A_p": 0.0501117926,
  "KDImagVolume_W2_0": 102.792803768,
  "KDImagVolume_W2_A": 0.1180224243,
  "KDImagSurface_D1_0": 15.4042534098,
  "KDImagSurface_D1_asymm": -0.8125482352,
  "KDImagSurface_D2_0": 0.0121085736,
  "KDImagSurface_D2_A": 0.0057093324,
  "KDImagSurface_D2_A2": 3.4324902501,
  "KDImagSurface_D2_A3": 327.8787836973,
  "KDImagSurface_D3_0": 13.227851013,
  "KDImagSurface_r_0": 1.3425476022,
  "KDImagSurface_r_A": 0.0143781031,
  "KDImagSurface_a_0_n": 0.5820161371,
  "KDImagSurface_a_A_n": 0.0002915359,
  "KDImagSurface_a_0_p": 0.5154489339,
  "KDImagSurface_a_A_p": 0.0016179869
}