{
  "KDHartreeFock_V1_0": 58.8573649743,
  "KDHartreeFock_V1_asymm": 10.8204765136,
  "KDHartreeFock_V1_A": 0.0246056171,
  "KDHartreeFock_V2_0_n": 0.0074470535,
  "KDHartreeFock_V2_A_n": -2.157e-06,
  "KDHartreeFock_V3_0_n": 2.2039e-05,
  "KDHartreeFock_V3_A_n": 1.4639e-06,
  "KDHartreeFock_V2_0_p": 0.0083172226,
  "KDHartreeFock_V2_A_p": -5.148e-07,
  "KDHartreeFock_V3_0_p": 2.80294e-05,
  "KDHartreeFock_V3_A_p": -7.354e-07,
  "KDHartreeFock_V4_0": -1.3575e-06,
  "KDHartreeFock_r_0": 1.2669807119,
  "KDHartreeFock_r_A": 0.310794936,
  "KDHartreeFock_a_0": 0.6909978896,
  "KDHartreeFock_a_A": -4.68027e-05,
  "KDCoulomb_r_C_0": 1.1063914425,
  "KDCoulomb_r_C_A": 0.8377519928,
  "KDCoulomb_r_C_A2": 19.8214549108,
  "KDRealSpinOrbit_V1_0": 5.0362308196,
  "KDRealSpinOrbit_V1_A": 0.0015244658,
  "KDRealSpinOrbit_V2_0": 0.0036440119,
  "KDRealSpinOrbit_r_0": 1.2654212349,
  "KDRealSpinOrbit_r_A": 0.7537321191,
  "KDRealSpinOrbit_a_0": 0.6049066186,
  "KDImagSpinOrbit_W1_0": -5.0286434005,
  "KDImagSpinOrbit_W2_0": 288.8107900391,
  "KDImagVolume_W1_0_n": 26.9805672041,
  "KDImagVolume_W1_A_n": -0.0058636377,
  "KDImagVolume_W1_0_p": 11.6292550373,
  "KDImagVolume_W1_A_p": 0.0911977489,
  "KDImagVolume_W2_0": 124.6726507948,
  "KDImagVolume_W2_A": 0.0705071376,
  "KDImagSurface_D1_0": 24.6105338144,
  "KDImagSurface_D1_asymm": -2.3987107912,
  "KDImagSurface_D2_0": 0.0077933569,
  "KDImagSurface_D2_A": 0.0276377285,
  "KDImagSurface_D2_A2": 7.8600858513,
  "KDImagSurface_D2_A3": 235.1068780788,
  "KDImagSurface_D3_0": 18.3703526148,
  "KDImagSurface_r_0": 1.3744898491,
  "KDImagSurface_r_A": 0.0191194941,
  "KDImagSurface_a_0_n": 0.4903736187,
  "KDImagSurface_a_A_n": 0.0005248708,
  "KDImagSurface_a_0_p": 0.4937449475,
  "KDImagSurface_a_A_p": 0.0016044137
}