{
  "KDHartreeFock_V1_0": 60.6042653018,
  "KDHartreeFock_V1_asymm": 14.5129024463,
  "KDHartreeFock_V1_A": 0.0395272254,
  "KDHartreeFock_V2_0_n": 0.0073969407,
  "KDHartreeFock_V2_A_n": 7.4763e-06,
  "KDHartreeFock_V3_0_n": 2.05692e-05,
  "KDHartreeFock_V3_A_n": 2.5733e-06,
  "KDHartreeFock_V2_0_p": 0.0091473308,
  "KDHartreeFock_V2_A_p": -1.08892e-05,
  "KDHartreeFock_V3_0_p": 3.21231e-05,
  "KDHartreeFock_V3_A_p": -8.517e-07,
  "KDHartreeFock_V4_0": 3.874e-07,
  "KDHartreeFock_r_0": 1.2773708015,
  "KDHartreeFock_r_A": 0.4239124115,
  "KDHartreeFock_a_0": 0.7097485532,
  "KDHartreeFock_a_A": -0.0001441614,
  "KDCoulomb_r_C_0": 1.3099051847,
  "KDCoulomb_r_C_A": 1.2600500595,
  "KDCoulomb_r_C_A2": -3.7153850823,
  "KDRealSpinOrbit_V1_0": 6.5455831227,
  "KDRealSpinOrbit_V1_A": -0.0117083127,
  "KDRealSpinOrbit_V2_0": 0.003761007,
  "KDRealSpinOrbit_r_0": 1.2802873842,
  "KDRealSpinOrbit_r_A": 0.9739731726,
  "KDRealSpinOrbit_a_0": 0.5494065408,
  "KDImagSpinOrbit_W1_0": -6.0829413706,
  "KDImagSpinOrbit_W2_0": 317.768609429,
  "KDImagVolume_W1_0_n": 24.4302944937,
  "KDImagVolume_W1_A_n": 0.0123112849,
  "KDImagVolume_W1_0_p": 26.1555882231,
  "KDImagVolume_W1_A_p": 0.0170137536,
  "KDImagVolume_W2_0": 146.1855820457,
  "KDImagVolume_W2_A": -0.0266860263,
  "KDImagSurface_D1_0": 17.5480149795,
  "KDImagSurface_D1_asymm": 7.3467862806,
  "KDImagSurface_D2_0": 0.0061182996,
  "KDImagSurface_D2_A": 0.0177702098,
  "KDImagSurface_D2_A2": 11.4911792181,
  "KDImagSurface_D2_A3": 471.1301309736,
  "KDImagSurface_D3_0": 15.7985117598,
  "KDImagSurface_r_0": 1.3912432315,
  "KDImagSurface_r_A": 0.0308938792,
  "KDImagSurface_a_0_n": 0.5428996037,
  "KDImagSurface_a_A_n": -0.0008742321,
  "KDImagSurface_a_0_p": 0.5283291971,
  "KDImagSurface_a_A_p": 0.0016575764
}