{
  "KDHartreeFock_V1_0": 58.6129838468,
  "KDHartreeFock_V1_asymm": 7.6860819229,
  "KDHartreeFock_V1_A": 0.0297623418,
  "KDHartreeFock_V2_0_n": 0.0069497683,
  "KDHartreeFock_V2_A_n": 5.8461e-06,
  "KDHartreeFock_V3_0_n": 2.05139e-05,
  "KDHartreeFock_V3_A_n": 1.1797e-06,
  "KDHartreeFock_V2_0_p": 0.0080716642,
  "KDHartreeFock_V2_A_p": -7.1312e-06,
  "KDHartreeFock_V3_0_p": 2.40156e-05,
  "KDHartreeFock_V3_A_p": -4.192e-07,
  "KDHartreeFock_V4_0": 3.3144e-06,
  "KDHartreeFock_r_0": 1.221789831,
  "KDHartreeFock_r_A": 0.1515476564,
  "KDHartreeFock_a_0": 0.7055749809,
  "KDHartreeFock_a_A": -0.0001229803,
  "KDCoulomb_r_C_0": 1.3254308865,
  "KDCoulomb_r_C_A": 1.8517720236,
  "KDCoulomb_r_C_A2": 35.0103811997,
  "KDRealSpinOrbit_V1_0": 4.6539433935,
  "KDRealSpinOrbit_V1_A": 0.0057365302,
  "KDRealSpinOrbit_V2_0": 0.0037847792,
  "KDRealSpinOrbit_r_0": 1.1861929951,
  "KDRealSpinOrbit_r_A": 0.7262990476,
  "KDRealSpinOrbit_a_0": 0.6223291324,
  "KDImagSpinOrbit_W1_0": -6.7704194709,
  "KDImagSpinOrbit_W2_0": 331.7704306459,
  "KDImagVolume_W1_0_n": 23.4370634941,
  "KDImagVolume_W1_A_n": 0.0164746342,
  "KDImagVolume_W1_0_p": 20.6792910306,
  "KDImagVolume_W1_A_p": 0.09146282,
  "KDImagVolume_W2_0": 142.0482394712,
  "KDImagVolume_W2_A": 0.139630524,
  "KDImagSurface_D1_0": 27.6007252699,
  "KDImagSurface_D1_asymm": 10.6783936471,
  "KDImagSurface_D2_0": 0.0093575506,
  "KDImagSurface_D2_A": 0.0273609624,
  "KDImagSurface_D2_A2": -0.8066683188,
  "KDImagSurface_D2_A3": 399.7846382417,
  "KDImagSurface_D3_0": 20.02008454,
  "KDImagSurface_r_0": 1.288666594,
  "KDImagSurface_r_A": 0.0050986678,
  "KDImagSurface_a_0_n": 0.5054112082,
  "KDImagSurface_a_A_n": -0.0005348454,
  "KDImagSurface_a_0_p": 0.4396969501,
  "KDImagSurface_a_A_p": 0.0025472476
}