{
  "KDHartreeFock_V1_0": 60.6118980485,
  "KDHartreeFock_V1_asymm": 18.671687714,
  "KDHartreeFock_V1_A": 0.0314237102,
  "KDHartreeFock_V2_0_n": 0.006370156,
  "KDHartreeFock_V2_A_n": -2.0167e-06,
  "KDHartreeFock_V3_0_n": 1.70028e-05,
  "KDHartreeFock_V3_A_n": 9.598e-07,
  "KDHartreeFock_V2_0_p": 0.0070017971,
  "KDHartreeFock_V2_A_p": 5.9641e-06,
  "KDHartreeFock_V3_0_p": 1.74849e-05,
  "KDHartreeFock_V3_A_p": -1.133e-07,
  "KDHartreeFock_V4_0": 1.9672e-06,
  "KDHartreeFock_r_0": 1.3306089134,
  "KDHartreeFock_r_A": 0.6659870726,
  "KDHartreeFock_a_0": 0.7456951446,
  "KDHartreeFock_a_A": 0.0004324976,
  "KDCoulomb_r_C_0": 1.1254153811,
  "KDCoulomb_r_C_A": -0.5942876323,
  "KDCoulomb_r_C_A2": 9.5241063087,
  "KDRealSpinOrbit_V1_0": 5.1723143482,
  "KDRealSpinOrbit_V1_A": 0.0019582642,
  "KDRealSpinOrbit_V2_0": 0.0024883549,
  "KDRealSpinOrbit_r_0": 1.1183442297,
  "KDRealSpinOrbit_r_A": 0.397680344,
  "KDRealSpinOrbit_a_0": 0.6005781194,
  "KDImagSpinOrbit_W1_0": -0.1923509218,
  "KDImagSpinOrbit_W2_0": 164.9813565724,
  "KDImagVolume_W1_0_n": 18.0894695179,
  "KDImagVolume_W1_A_n": -0.0307565965,
  "KDImagVolume_W1_0_p": 18.6644425746,
  "KDImagVolume_W1_A_p": -0.0075302245,
  "KDImagVolume_W2_0": 109.7295652263,
  "KDImagVolume_W2_A": -0.1580382402,
  "KDImagSurface_D1_0": 22.6677234217,
  "KDImagSurface_D1_asymm": 26.5292874891,
  "KDImagSurface_D2_0": 0.0346550121,
  "KDImagSurface_D2_A": -0.0106366756,
  "KDImagSurface_D2_A2": -2.5190632869,
  "KDImagSurface_D2_A3": 290.5178792685,
  "KDImagSurface_D3_0": 16.6770132591,
  "KDImagSurface_r_0": 1.3101295933,
  "KDImagSurface_r_A": 0.0126877513,
  "KDImagSurface_a_0_n": 0.5338977368,
  "KDImagSurface_a_A_n": -0.0005258236,
  "KDImagSurface_a_0_p": 0.5055666271,
  "KDImagSurface_a_A_p": 0.0014018627
}