{
  "KDHartreeFock_V1_0": 60.9455249269,
  "KDHartreeFock_V1_asymm": 8.2077736482,
  "KDHartreeFock_V1_A": 0.0387809582,
  "KDHartreeFock_V2_0_n": 0.0068894755,
  "KDHartreeFock_V2_A_n": 3.9771e-06,
  "KDHartreeFock_V3_0_n": 1.32762e-05,
  "KDHartreeFock_V3_A_n": 8.611e-07,
  "KDHartreeFock_V2_0_p": 0.0084298848,
  "KDHartreeFock_V2_A_p": -1.25371e-05,
  "KDHartreeFock_V3_0_p": 2.35518e-05,
  "KDHartreeFock_V3_A_p": 1.8779e-06,
  "KDHartreeFock_V4_0": -8.386e-07,
  "KDHartreeFock_r_0": 1.1948706267,
  "KDHartreeFock_r_A": 0.1195033784,
  "KDHartreeFock_a_0": 0.692410463,
  "KDHartreeFock_a_A": -0.0005958475,
  "KDCoulomb_r_C_0": 1.4274935877,
  "KDCoulomb_r_C_A": -0.1798980997,
  "KDCoulomb_r_C_A2": 43.936204849,
  "KDRealSpinOrbit_V1_0": 5.6312753419,
  "KDRealSpinOrbit_V1_A": 0.0052683449,
  "KDRealSpinOrbit_V2_0": 0.0015140215,
  "KDRealSpinOrbit_r_0": 1.1806085326,
  "KDRealSpinOrbit_r_A": 0.7082561657,
  "KDRealSpinOrbit_a_0": 0.6015974134,
  "KDImagSpinOrbit_W1_0": -2.7329010691,
  "KDImagSpinOrbit_W2_0": 173.6615529528,
  "KDImagVolume_W1_0_n": 24.6265968119,
  "KDImagVolume_W1_A_n": -0.062632963,
  "KDImagVolume_W1_0_p": 26.3003083518,
  "KDImagVolume_W1_A_p": 0.0022203845,
  "KDImagVolume_W2_0": 90.9815317954,
  "KDImagVolume_W2_A": -0.175752682,
  "KDImagSurface_D1_0": 33.756605825,
  "KDImagSurface_D1_asymm": 21.4454513621,
  "KDImagSurface_D2_0": 0.0773617913,
  "KDImagSurface_D2_A": -0.0256507527,
  "KDImagSurface_D2_A2": 14.4381183336,
  "KDImagSurface_D2_A3": 306.2812913537,
  "KDImagSurface_D3_0": 20.0888964705,
  "KDImagSurface_r_0": 1.3400465781,
  "KDImagSurface_r_A": 0.0056084169,
  "KDImagSurface_a_0_n": 0.4635317982,
  "KDImagSurface_a_A_n": -0.0002827609,
  "KDImagSurface_a_0_p": 0.4602153494,
  "KDImagSurface_a_A_p": 0.0015468174
}