{
  "KDHartreeFock_V1_0": 58.0063369549,
  "KDHartreeFock_V1_asymm": 14.7685803423,
  "KDHartreeFock_V1_A": 0.0182449017,
  "KDHartreeFock_V2_0_n": 0.0061946164,
  "KDHartreeFock_V2_A_n": 4.6241e-06,
  "KDHartreeFock_V3_0_n": 1.10832e-05,
  "KDHartreeFock_V3_A_n": 8.76e-08,
  "KDHartreeFock_V2_0_p": 0.0052423823,
  "KDHartreeFock_V2_A_p": 1.478e-05,
  "KDHartreeFock_V3_0_p": 4.5727e-06,
  "KDHartreeFock_V3_A_p": 1.1337e-06,
  "KDHartreeFock_V4_0": -2.2894e-06,
  "KDHartreeFock_r_0": 1.2563037969,
  "KDHartreeFock_r_A": 0.3230943788,
  "KDHartreeFock_a_0": 0.7097453823,
  "KDHartreeFock_a_A": -4.22252e-05,
  "KDCoulomb_r_C_0": 1.1833299312,
  "KDCoulomb_r_C_A": 1.1478453702,
  "KDCoulomb_r_C_A2": 14.2791803115,
  "KDRealSpinOrbit_V1_0": 5.5271229925,
  "KDRealSpinOrbit_V1_A": 0.000782514,
  "KDRealSpinOrbit_V2_0": 0.0037600037,
  "KDRealSpinOrbit_r_0": 1.2064865774,
  "KDRealSpinOrbit_r_A": 0.7955998284,
  "KDRealSpinOrbit_a_0": 0.6071031682,
  "KDImagSpinOrbit_W1_0": -3.2178161643,
  "KDImagSpinOrbit_W2_0": 269.6167321686,
  "KDImagVolume_W1_0_n": 17.3629077546,
  "KDImagVolume_W1_A_n": 0.0278250058,
  "KDImagVolume_W1_0_p": 17.9971190752,
  "KDImagVolume_W1_A_p": 0.0842864676,
  "KDImagVolume_W2_0": 91.1299011091,
  "KDImagVolume_W2_A": 0.2621044533,
  "KDImagSurface_D1_0": 27.1064629431,
  "KDImagSurface_D1_asymm": 10.1806941702,
  "KDImagSurface_D2_0": 0.0564265594,
  "KDImagSurface_D2_A": -0.0212084825,
  "KDImagSurface_D2_A2": 10.7965471402,
  "KDImagSurface_D2_A3": 30.9732330254,
  "KDImagSurface_D3_0": 17.191226139,
  "KDImagSurface_r_0": 1.3574165631,
  "KDImagSurface_r_A": 0.0124483571,
  "KDImagSurface_a_0_n": 0.4131385834,
  "KDImagSurface_a_A_n": -0.0003522186,
  "KDImagSurface_a_0_p": 0.5073192743,
  "KDImagSurface_a_A_p": 0.0005360141
}