{
  "KDHartreeFock_V1_0": 57.6154983334,
  "KDHartreeFock_V1_asymm": 15.6806674201,
  "KDHartreeFock_V1_A": 0.0092176854,
  "KDHartreeFock_V2_0_n": 0.0052544789,
  "KDHartreeFock_V2_A_n": -7.5735e-06,
  "KDHartreeFock_V3_0_n": 3.6854e-06,
  "KDHartreeFock_V3_A_n": 1.2502e-06,
  "KDHartreeFock_V2_0_p": 0.0060372496,
  "KDHartreeFock_V2_A_p": 8.979e-06,
  "KDHartreeFock_V3_0_p": 1.07117e-05,
  "KDHartreeFock_V3_A_p": -6.971e-07,
  "KDHartreeFock_V4_0": 4.392e-07,
  "KDHartreeFock_r_0": 1.268408279,
  "KDHartreeFock_r_A": 0.3940090936,
  "KDHartreeFock_a_0": 0.6949343509,
  "KDHartreeFock_a_A": -3.73499e-05,
  "KDCoulomb_r_C_0": 1.151118162,
  "KDCoulomb_r_C_A": -0.9318856132,
  "KDCoulomb_r_C_A2": 35.0079290218,
  "KDRealSpinOrbit_V1_0": 4.0777838135,
  "KDRealSpinOrbit_V1_A": 0.0059204288,
  "KDRealSpinOrbit_V2_0": -0.0002793895,
  "KDRealSpinOrbit_r_0": 1.1486078973,
  "KDRealSpinOrbit_r_A": 0.6008873349,
  "KDRealSpinOrbit_a_0": 0.6128388377,
  "KDImagSpinOrbit_W1_0": -0.6405391812,
  "KDImagSpinOrbit_W2_0": 68.6983394311,
  "KDImagVolume_W1_0_n": 23.7366796668,
  "KDImagVolume_W1_A_n": -0.0643222494,
  "KDImagVolume_W1_0_p": 18.9011247441,
  "KDImagVolume_W1_A_p": -0.0291299672,
  "KDImagVolume_W2_0": 100.0928667576,
  "KDImagVolume_W2_A": -0.1808662702,
  "KDImagSurface_D1_0": 18.4007549613,
  "KDImagSurface_D1_asymm": 36.0278717837,
  "KDImagSurface_D2_0": -0.0210459614,
  "KDImagSurface_D2_A": 0.0457343067,
  "KDImagSurface_D2_A2": 14.7126269453,
  "KDImagSurface_D2_A3": 228.8089572181,
  "KDImagSurface_D3_0": 13.8640125031,
  "KDImagSurface_r_0": 1.4063137286,
  "KDImagSurface_r_A": 0.0328602846,
  "KDImagSurface_a_0_n": 0.5257371618,
  "KDImagSurface_a_A_n": -0.0010089159,
  "KDImagSurface_a_0_p": 0.5048396384,
  "KDImagSurface_a_A_p": 0.0010610043
}