{
  "KDHartreeFock_V1_0": 58.2591973301,
  "KDHartreeFock_V1_asymm": 13.4122936661,
  "KDHartreeFock_V1_A": 0.0196299461,
  "KDHartreeFock_V2_0_n": 0.0064715937,
  "KDHartreeFock_V2_A_n": -9.1e-09,
  "KDHartreeFock_V3_0_n": 9.6369e-06,
  "KDHartreeFock_V3_A_n": -1.774e-06,
  "KDHartreeFock_V2_0_p": 0.0066701941,
  "KDHartreeFock_V2_A_p": 1.6213e-06,
  "KDHartreeFock_V3_0_p": 7.8044e-06,
  "KDHartreeFock_V3_A_p": -1.838e-07,
  "KDHartreeFock_V4_0": 2.7282e-06,
  "KDHartreeFock_r_0": 1.2211198571,
  "KDHartreeFock_r_A": 0.17294824,
  "KDHartreeFock_a_0": 0.6840522692,
  "KDHartreeFock_a_A": -0.0004040202,
  "KDCoulomb_r_C_0": 1.3461044377,
  "KDCoulomb_r_C_A": 1.9916872163,
  "KDCoulomb_r_C_A2": 10.1116999182,
  "KDRealSpinOrbit_V1_0": 6.4021667791,
  "KDRealSpinOrbit_V1_A": 0.0025359749,
  "KDRealSpinOrbit_V2_0": 0.0042189429,
  "KDRealSpinOrbit_r_0": 1.2786009131,
  "KDRealSpinOrbit_r_A": 1.1333732517,
  "KDRealSpinOrbit_a_0": 0.6055740863,
  "KDImagSpinOrbit_W1_0": -6.2579508046,
  "KDImagSpinOrbit_W2_0": 140.7121063896,
  "KDImagVolume_W1_0_n": 12.9389541709,
  "KDImagVolume_W1_A_n": 0.0336284973,
  "KDImagVolume_W1_0_p": 14.8727670026,
  "KDImagVolume_W1_A_p": 0.0410979217,
  "KDImagVolume_W2_0": 71.3246336457,
  "KDImagVolume_W2_A": 0.0368409515,
  "KDImagSurface_D1_0": 14.2226492819,
  "KDImagSurface_D1_asymm": -1.8981280081,
  "KDImagSurface_D2_0": 0.0346596333,
  "KDImagSurface_D2_A": -0.0038932241,
  "KDImagSurface_D2_A2": 14.5215972063,
  "KDImagSurface_D2_A3": 102.9893559437,
  "KDImagSurface_D3_0": 13.0161828645,
  "KDImagSurface_r_0": 1.2025187625,
  "KDImagSurface_r_A": -0.0215167131,
  "KDImagSurface_a_0_n": 0.5370196671,
  "KDImagSurface_a_A_n": 0.0003834052,
  "KDImagSurface_a_0_p": 0.5380426763,
  "KDImagSurface_a_A_p": 0.0003073718
}