{
  "KDHartreeFock_V1_0": 57.1377028586,
  "KDHartreeFock_V1_asymm": 15.7961018534,
  "KDHartreeFock_V1_A": 0.013597964,
  "KDHartreeFock_V2_0_n": 0.0064718061,
  "KDHartreeFock_V2_A_n": 3.8007e-06,
  "KDHartreeFock_V3_0_n": 1.51488e-05,
  "KDHartreeFock_V3_A_n": -1.6637e-06,
  "KDHartreeFock_V2_0_p": 0.0067976424,
  "KDHartreeFock_V2_A_p": -8.904e-07,
  "KDHartreeFock_V3_0_p": 1.9284e-05,
  "KDHartreeFock_V3_A_p": -2.0963e-06,
  "KDHartreeFock_V4_0": -2.1714e-06,
  "KDHartreeFock_r_0": 1.2418065951,
  "KDHartreeFock_r_A": 0.2166905497,
  "KDHartreeFock_a_0": 0.6581614391,
  "KDHartreeFock_a_A": -0.0001083211,
  "KDCoulomb_r_C_0": 1.0472848369,
  "KDCoulomb_r_C_A": 0.6392434836,
  "KDCoulomb_r_C_A2": 8.0065945225,
  "KDRealSpinOrbit_V1_0": 6.5544088703,
  "KDRealSpinOrbit_V1_A": -0.0090228662,
  "KDRealSpinOrbit_V2_0": 0.0073250091,
  "KDRealSpinOrbit_r_0": 1.2029821401,
  "KDRealSpinOrbit_r_A": 0.7400171455,
  "KDRealSpinOrbit_a_0": 0.5737246115,
  "KDImagSpinOrbit_W1_0": -3.7667094676,
  "KDImagSpinOrbit_W2_0": 171.5708339676,
  "KDImagVolume_W1_0_n": 22.8470377207,
  "KDImagVolume_W1_A_n": 0.0266493738,
  "KDImagVolume_W1_0_p": 21.2152945132,
  "KDImagVolume_W1_A_p": 0.0613596249,
  "KDImagVolume_W2_0": 144.348519344,
  "KDImagVolume_W2_A": 0.0062934488,
  "KDImagSurface_D1_0": 16.8208941683,
  "KDImagSurface_D1_asymm": 8.5249043436,
  "KDImagSurface_D2_0": 0.0325235015,
  "KDImagSurface_D2_A": -0.0087470177,
  "KDImagSurface_D2_A2": -0.1096110845,
  "KDImagSurface_D2_A3": 30.7241557981,
  "KDImagSurface_D3_0": 15.264994196,
  "KDImagSurface_r_0": 1.3220706142,
  "KDImagSurface_r_A": 0.0090900895,
  "KDImagSurface_a_0_n": 0.5810857378,
  "KDImagSurface_a_A_n": -0.0002889496,
  "KDImagSurface_a_0_p": 0.5254665355,
  "KDImagSurface_a_A_p": 0.0014289811
}