{
  "KDHartreeFock_V1_0": 58.9028499028,
  "KDHartreeFock_V1_asymm": 7.8008567337,
  "KDHartreeFock_V1_A": 0.0383482645,
  "KDHartreeFock_V2_0_n": 0.0056353398,
  "KDHartreeFock_V2_A_n": 5.5666e-06,
  "KDHartreeFock_V3_0_n": 5.3748e-06,
  "KDHartreeFock_V3_A_n": 2.219e-07,
  "KDHartreeFock_V2_0_p": 0.0040602719,
  "KDHartreeFock_V2_A_p": 3.2825e-06,
  "KDHartreeFock_V3_0_p": -4.4606e-06,
  "KDHartreeFock_V3_A_p": 6.261e-07,
  "KDHartreeFock_V4_0": 2.062e-07,
  "KDHartreeFock_r_0": 1.2763387867,
  "KDHartreeFock_r_A": 0.3964727918,
  "KDHartreeFock_a_0": 0.7057057093,
  "KDHartreeFock_a_A": -5.60437e-05,
  "KDCoulomb_r_C_0": 1.1035067512,
  "KDCoulomb_r_C_A": 0.8647194651,
  "KDCoulomb_r_C_A2": 11.4024393691,
  "KDRealSpinOrbit_V1_0": 7.5985510582,
  "KDRealSpinOrbit_V1_A": -0.0167806057,
  "KDRealSpinOrbit_V2_0": 0.0064980454,
  "KDRealSpinOrbit_r_0": 1.3017310507,
  "KDRealSpinOrbit_r_A": 0.9294577766,
  "KDRealSpinOrbit_a_0": 0.7024372761,
  "KDImagSpinOrbit_W1_0": -1.6978906568,
  "KDImagSpinOrbit_W2_0": 72.1952196934,
  "KDImagVolume_W1_0_n": 18.0065375701,
  "KDImagVolume_W1_A_n": 0.0117813644,
  "KDImagVolume_W1_0_p": 15.1135153213,
  "KDImagVolume_W1_A_p": 0.0168288632,
  "KDImagVolume_W2_0": 109.2031212114,
  "KDImagVolume_W2_A": -0.0254036958,
  "KDImagSurface_D1_0": 16.8834916884,
  "KDImagSurface_D1_asymm": 4.0136053127,
  "KDImagSurface_D2_0": -0.0077614263,
  "KDImagSurface_D2_A": 0.0340364612,
  "KDImagSurface_D2_A2": 13.0027661942,
  "KDImagSurface_D2_A3": 249.3610495248,
  "KDImagSurface_D3_0": 13.2200910845,
  "KDImagSurface_r_0": 1.3664838452,
  "KDImagSurface_r_A": 0.0195664921,
  "KDImagSurface_a_0_n": 0.558776033,
  "KDImagSurface_a_A_n": 0.0006676906,
  "KDImagSurface_a_0_p": 0.5118741838,
  "KDImagSurface_a_A_p": 0.0005635353
}