{
  "KDHartreeFock_V1_0": 59.0876336265,
  "KDHartreeFock_V1_asymm": 8.8299199397,
  "KDHartreeFock_V1_A": 0.0323674054,
  "KDHartreeFock_V2_0_n": 0.0081039957,
  "KDHartreeFock_V2_A_n": 1.16655e-05,
  "KDHartreeFock_V3_0_n": 2.70831e-05,
  "KDHartreeFock_V3_A_n": -7.61e-07,
  "KDHartreeFock_V2_0_p": 0.0084600238,
  "KDHartreeFock_V2_A_p": -9.2819e-06,
  "KDHartreeFock_V3_0_p": 2.8913e-05,
  "KDHartreeFock_V3_A_p": -3.0523e-06,
  "KDHartreeFock_V4_0": -1.3663e-06,
  "KDHartreeFock_r_0": 1.2608875179,
  "KDHartreeFock_r_A": 0.2724396711,
  "KDHartreeFock_a_0": 0.6953411358,
  "KDHartreeFock_a_A": -0.0001028452,
  "KDCoulomb_r_C_0": 1.3682250723,
  "KDCoulomb_r_C_A": 0.0987037501,
  "KDCoulomb_r_C_A2": 17.4281335339,
  "KDRealSpinOrbit_V1_0": 5.3696639302,
  "KDRealSpinOrbit_V1_A": -0.004261378,
  "KDRealSpinOrbit_V2_0": -0.0011946539,
  "KDRealSpinOrbit_r_0": 1.1272274884,
  "KDRealSpinOrbit_r_A": 0.4006539302,
  "KDRealSpinOrbit_a_0": 0.6833678582,
  "KDImagSpinOrbit_W1_0": -3.0483104808,
  "KDImagSpinOrbit_W2_0": 498.3857585756,
  "KDImagVolume_W1_0_n": 22.149308657,
  "KDImagVolume_W1_A_n": -0.008506581,
  "KDImagVolume_W1_0_p": 14.4194424351,
  "KDImagVolume_W1_A_p": 0.0485700079,
  "KDImagVolume_W2_0": 96.9497020112,
  "KDImagVolume_W2_A": 0.1205983442,
  "KDImagSurface_D1_0": 17.7762922107,
  "KDImagSurface_D1_asymm": 21.4003624048,
  "KDImagSurface_D2_0": 0.039779986,
  "KDImagSurface_D2_A": -0.0172756775,
  "KDImagSurface_D2_A2": 5.8700749502,
  "KDImagSurface_D2_A3": 199.1168649386,
  "KDImagSurface_D3_0": 13.0376642284,
  "KDImagSurface_r_0": 1.3916393172,
  "KDImagSurface_r_A": 0.0285335678,
  "KDImagSurface_a_0_n": 0.5007115824,
  "KDImagSurface_a_A_n": -0.0004892498,
  "KDImagSurface_a_0_p": 0.5273231146,
  "KDImagSurface_a_A_p": 0.0008574616
}