{
  "KDHartreeFock_V1_0": 59.4727114854,
  "KDHartreeFock_V1_asymm": 13.0533304249,
  "KDHartreeFock_V1_A": 0.0288350251,
  "KDHartreeFock_V2_0_n": 0.0045228727,
  "KDHartreeFock_V2_A_n": 3.8808e-06,
  "KDHartreeFock_V3_0_n": -1.11895e-05,
  "KDHartreeFock_V3_A_n": -2.4465e-06,
  "KDHartreeFock_V2_0_p": 0.0057349671,
  "KDHartreeFock_V2_A_p": -5.352e-07,
  "KDHartreeFock_V3_0_p": -6.721e-07,
  "KDHartreeFock_V3_A_p": 3.001e-07,
  "KDHartreeFock_V4_0": 1.8436e-06,
  "KDHartreeFock_r_0": 1.2611929496,
  "KDHartreeFock_r_A": 0.3806081325,
  "KDHartreeFock_a_0": 0.6883725237,
  "KDHartreeFock_a_A": -6.52401e-05,
  "KDCoulomb_r_C_0": 1.1319023502,
  "KDCoulomb_r_C_A": 1.2722924324,
  "KDCoulomb_r_C_A2": 5.6039510583,
  "KDRealSpinOrbit_V1_0": 6.2144017586,
  "KDRealSpinOrbit_V1_A": 0.0031355778,
  "KDRealSpinOrbit_V2_0": 0.0051370859,
  "KDRealSpinOrbit_r_0": 1.1399029914,
  "KDRealSpinOrbit_r_A": 0.4109123751,
  "KDRealSpinOrbit_a_0": 0.6337640496,
  "KDImagSpinOrbit_W1_0": -4.0066572293,
  "KDImagSpinOrbit_W2_0": 306.4676776393,
  "KDImagVolume_W1_0_n": 21.0701415872,
  "KDImagVolume_W1_A_n": -0.0019009016,
  "KDImagVolume_W1_0_p": 15.4232485998,
  "KDImagVolume_W1_A_p": 0.0488283902,
  "KDImagVolume_W2_0": 78.2452599836,
  "KDImagVolume_W2_A": 0.0713820075,
  "KDImagSurface_D1_0": 13.3230467822,
  "KDImagSurface_D1_asymm": 23.6084472723,
  "KDImagSurface_D2_0": 0.0049900302,
  "KDImagSurface_D2_A": 0.0173549288,
  "KDImagSurface_D2_A2": 6.641373342,
  "KDImagSurface_D2_A3": 136.2562251861,
  "KDImagSurface_D3_0": 8.0947855633,
  "KDImagSurface_r_0": 1.3652014626,
  "KDImagSurface_r_A": 0.0139498913,
  "KDImagSurface_a_0_n": 0.5453377809,
  "KDImagSurface_a_A_n": -0.0003922221,
  "KDImagSurface_a_0_p": 0.5614193783,
  "KDImagSurface_a_A_p": 0.000487
}