{
  "KDHartreeFock_V1_0": 59.5656052715,
  "KDHartreeFock_V1_asymm": 11.6570943074,
  "KDHartreeFock_V1_A": 0.022060579,
  "KDHartreeFock_V2_0_n": 0.0073941923,
  "KDHartreeFock_V2_A_n": -2.682e-07,
  "KDHartreeFock_V3_0_n": 2.30388e-05,
  "KDHartreeFock_V3_A_n": -1.2314e-06,
  "KDHartreeFock_V2_0_p": 0.0078093815,
  "KDHartreeFock_V2_A_p": -1.9991e-06,
  "KDHartreeFock_V3_0_p": 2.85479e-05,
  "KDHartreeFock_V3_A_p": -5.615e-07,
  "KDHartreeFock_V4_0": -8.089e-07,
  "KDHartreeFock_r_0": 1.2681601643,
  "KDHartreeFock_r_A": 0.4025706629,
  "KDHartreeFock_a_0": 0.7231808493,
  "KDHartreeFock_a_A": 0.0002915357,
  "KDCoulomb_r_C_0": 1.208556011,
  "KDCoulomb_r_C_A": 0.3800446994,
  "KDCoulomb_r_C_A2": 28.3638283464,
  "KDRealSpinOrbit_V1_0": 5.1450616269,
  "KDRealSpinOrbit_V1_A": 0.010897667,
  "KDRealSpinOrbit_V2_0": 0.0070229649,
  "KDRealSpinOrbit_r_0": 1.2753994595,
  "KDRealSpinOrbit_r_A": 0.8980340981,
  "KDRealSpinOrbit_a_0": 0.5621884015,
  "KDImagSpinOrbit_W1_0": -6.1706707792,
  "KDImagSpinOrbit_W2_0": 111.3421245482,
  "KDImagVolume_W1_0_n": 24.5858366487,
  "KDImagVolume_W1_A_n": 0.0248048632,
  "KDImagVolume_W1_0_p": 26.6265499149,
  "KDImagVolume_W1_A_p": 0.0099395828,
  "KDImagVolume_W2_0": 164.4628102286,
  "KDImagVolume_W2_A": -0.1387938397,
  "KDImagSurface_D1_0": 21.8806380226,
  "KDImagSurface_D1_asymm": 13.7769941192,
  "KDImagSurface_D2_0": -0.0119508266,
  "KDImagSurface_D2_A": 0.0382242804,
  "KDImagSurface_D2_A2": 7.2981741927,
  "KDImagSurface_D2_A3": 644.6945786484,
  "KDImagSurface_D3_0": 16.8934666386,
  "KDImagSurface_r_0": 1.2838257954,
  "KDImagSurface_r_A": 0.0038450008,
  "KDImagSurface_a_0_n": 0.5694654242,
  "KDImagSurface_a_A_n": 8.96426e-05,
  "KDImagSurface_a_0_p": 0.5118747004,
  "KDImagSurface_a_A_p": 0.0020958189
}