{
  "KDHartreeFock_V1_0": 56.2841976101,
  "KDHartreeFock_V1_asymm": 16.410517334,
  "KDHartreeFock_V1_A": 0.0210163069,
  "KDHartreeFock_V2_0_n": 0.004670101,
  "KDHartreeFock_V2_A_n": -7.8636e-06,
  "KDHartreeFock_V3_0_n": 1.9044e-06,
  "KDHartreeFock_V3_A_n": 2.0283e-06,
  "KDHartreeFock_V2_0_p": 0.0078470223,
  "KDHartreeFock_V2_A_p": 5.299e-07,
  "KDHartreeFock_V3_0_p": 1.98531e-05,
  "KDHartreeFock_V3_A_p": 2.638e-07,
  "KDHartreeFock_V4_0": 4.294e-07,
  "KDHartreeFock_r_0": 1.3032562222,
  "KDHartreeFock_r_A": 0.4246320198,
  "KDHartreeFock_a_0": 0.6548698782,
  "KDHartreeFock_a_A": 4.91248e-05,
  "KDCoulomb_r_C_0": 1.104578248,
  "KDCoulomb_r_C_A": 0.9886939603,
  "KDCoulomb_r_C_A2": 34.4193281505,
  "KDRealSpinOrbit_V1_0": 5.4608775049,
  "KDRealSpinOrbit_V1_A": 0.0004899678,
  "KDRealSpinOrbit_V2_0": 0.0072645773,
  "KDRealSpinOrbit_r_0": 1.1278546395,
  "KDRealSpinOrbit_r_A": 0.3780476007,
  "KDRealSpinOrbit_a_0": 0.5363094242,
  "KDImagSpinOrbit_W1_0": -2.971986875,
  "KDImagSpinOrbit_W2_0": 178.5302471093,
  "KDImagVolume_W1_0_n": 24.0699953589,
  "KDImagVolume_W1_A_n": -0.0641208918,
  "KDImagVolume_W1_0_p": 24.7670725371,
  "KDImagVolume_W1_A_p": -0.0488402275,
  "KDImagVolume_W2_0": 140.2048048344,
  "KDImagVolume_W2_A": -0.3564683961,
  "KDImagSurface_D1_0": 29.838588774,
  "KDImagSurface_D1_asymm": 11.3059187484,
  "KDImagSurface_D2_0": 0.0336084652,
  "KDImagSurface_D2_A": 0.0046787533,
  "KDImagSurface_D2_A2": 3.7453479756,
  "KDImagSurface_D2_A3": -83.7630043359,
  "KDImagSurface_D3_0": 21.5107644832,
  "KDImagSurface_r_0": 1.3861968993,
  "KDImagSurface_r_A": 0.0313875592,
  "KDImagSurface_a_0_n": 0.5703849988,
  "KDImagSurface_a_A_n": -0.0001165361,
  "KDImagSurface_a_0_p": 0.5468463351,
  "KDImagSurface_a_A_p": 0.0019181742
}