{
  "KDHartreeFock_V1_0": 59.0112810058,
  "KDHartreeFock_V1_asymm": 3.9873381178,
  "KDHartreeFock_V1_A": 0.0360422676,
  "KDHartreeFock_V2_0_n": 0.0069302639,
  "KDHartreeFock_V2_A_n": -2.714e-07,
  "KDHartreeFock_V3_0_n": 1.91179e-05,
  "KDHartreeFock_V3_A_n": 1.8544e-06,
  "KDHartreeFock_V2_0_p": 0.0073268145,
  "KDHartreeFock_V2_A_p": -4.0637e-06,
  "KDHartreeFock_V3_0_p": 2.10715e-05,
  "KDHartreeFock_V3_A_p": 2.5701e-06,
  "KDHartreeFock_V4_0": 4.7476e-06,
  "KDHartreeFock_r_0": 1.313435814,
  "KDHartreeFock_r_A": 0.5058826457,
  "KDHartreeFock_a_0": 0.6984964285,
  "KDHartreeFock_a_A": 0.0002010672,
  "KDCoulomb_r_C_0": 1.3160233665,
  "KDCoulomb_r_C_A": -0.1383456927,
  "KDCoulomb_r_C_A2": 25.3570918475,
  "KDRealSpinOrbit_V1_0": 6.0069886726,
  "KDRealSpinOrbit_V1_A": -0.0105562898,
  "KDRealSpinOrbit_V2_0": 0.0011697184,
  "KDRealSpinOrbit_r_0": 1.1351757148,
  "KDRealSpinOrbit_r_A": 0.485821476,
  "KDRealSpinOrbit_a_0": 0.6577838918,
  "KDImagSpinOrbit_W1_0": 0.1458938206,
  "KDImagSpinOrbit_W2_0": 175.0846316193,
  "KDImagVolume_W1_0_n": 20.652595703,
  "KDImagVolume_W1_A_n": -0.0138859739,
  "KDImagVolume_W1_0_p": 16.4111490169,
  "KDImagVolume_W1_A_p": 0.037122329,
  "KDImagVolume_W2_0": 93.6900670804,
  "KDImagVolume_W2_A": 0.1141180015,
  "KDImagSurface_D1_0": 24.4535694652,
  "KDImagSurface_D1_asymm": 17.7079899667,
  "KDImagSurface_D2_0": 0.0284069862,
  "KDImagSurface_D2_A": 0.0032000192,
  "KDImagSurface_D2_A2": 4.1438308919,
  "KDImagSurface_D2_A3": 530.9254580097,
  "KDImagSurface_D3_0": 18.1506822708,
  "KDImagSurface_r_0": 1.3747944014,
  "KDImagSurface_r_A": 0.0229597097,
  "KDImagSurface_a_0_n": 0.5533279766,
  "KDImagSurface_a_A_n": 0.0003602259,
  "KDImagSurface_a_0_p": 0.462690468,
  "KDImagSurface_a_A_p": 0.0014121159
}