{
  "KDHartreeFock_V1_0": 58.1490206438,
  "KDHartreeFock_V1_asymm": 10.3251365938,
  "KDHartreeFock_V1_A": 0.0208685429,
  "KDHartreeFock_V2_0_n": 0.0069430767,
  "KDHartreeFock_V2_A_n": -4.1045e-06,
  "KDHartreeFock_V3_0_n": 1.80591e-05,
  "KDHartreeFock_V3_A_n": -2.1255e-06,
  "KDHartreeFock_V2_0_p": 0.0073374581,
  "KDHartreeFock_V2_A_p": 3.964e-07,
  "KDHartreeFock_V3_0_p": 1.96814e-05,
  "KDHartreeFock_V3_A_p": -2.3816e-06,
  "KDHartreeFock_V4_0": -3.886e-07,
  "KDHartreeFock_r_0": 1.2730900902,
  "KDHartreeFock_r_A": 0.3572759349,
  "KDHartreeFock_a_0": 0.6898060586,
  "KDHartreeFock_a_A": 7.12761e-05,
  "KDCoulomb_r_C_0": 1.120282632,
  "KDCoulomb_r_C_A": 1.4508622443,
  "KDCoulomb_r_C_A2": 15.1307521187,
  "KDRealSpinOrbit_V1_0": 7.6614754257,
  "KDRealSpinOrbit_V1_A": -0.016466,
  "KDRealSpinOrbit_V2_0": 0.000183789,
  "KDRealSpinOrbit_r_0": 1.2303166757,
  "KDRealSpinOrbit_r_A": 0.7635561282,
  "KDRealSpinOrbit_a_0": 0.6384150598,
  "KDImagSpinOrbit_W1_0": -3.5689232521,
  "KDImagSpinOrbit_W2_0": 189.646835484,
  "KDImagVolume_W1_0_n": 20.8547284809,
  "KDImagVolume_W1_A_n": 0.0238088265,
  "KDImagVolume_W1_0_p": 24.5197126726,
  "KDImagVolume_W1_A_p": -0.0124913751,
  "KDImagVolume_W2_0": 126.6282847433,
  "KDImagVolume_W2_A": 0.0830784073,
  "KDImagSurface_D1_0": 10.9419956048,
  "KDImagSurface_D1_asymm": 8.0296595251,
  "KDImagSurface_D2_0": 0.0504115987,
  "KDImagSurface_D2_A": -0.0292383289,
  "KDImagSurface_D2_A2": -7.5495772286,
  "KDImagSurface_D2_A3": 84.7781120964,
  "KDImagSurface_D3_0": 7.7850831509,
  "KDImagSurface_r_0": 1.3720619128,
  "KDImagSurface_r_A": 0.0275199368,
  "KDImagSurface_a_0_n": 0.5771064331,
  "KDImagSurface_a_A_n": 0.0001093419,
  "KDImagSurface_a_0_p": 0.4947808379,
  "KDImagSurface_a_A_p": 0.0021918158
}