{
  "KDHartreeFock_V1_0": 57.3624021411,
  "KDHartreeFock_V1_asymm": 14.0391986767,
  "KDHartreeFock_V1_A": 0.0152752254,
  "KDHartreeFock_V2_0_n": 0.0072450848,
  "KDHartreeFock_V2_A_n": 6.0266e-06,
  "KDHartreeFock_V3_0_n": 1.77949e-05,
  "KDHartreeFock_V3_A_n": -9.368e-07,
  "KDHartreeFock_V2_0_p": 0.0052392073,
  "KDHartreeFock_V2_A_p": 1.09545e-05,
  "KDHartreeFock_V3_0_p": 4.7509e-06,
  "KDHartreeFock_V3_A_p": -9.526e-07,
  "KDHartreeFock_V4_0": 1.6474e-06,
  "KDHartreeFock_r_0": 1.2199386203,
  "KDHartreeFock_r_A": 0.1341967154,
  "KDHartreeFock_a_0": 0.7159825427,
  "KDHartreeFock_a_A": -4.15923e-05,
  "KDCoulomb_r_C_0": 1.1120565057,
  "KDCoulomb_r_C_A": 1.4457811939,
  "KDCoulomb_r_C_A2": 32.2865427097,
  "KDRealSpinOrbit_V1_0": 5.853099839,
  "KDRealSpinOrbit_V1_A": -0.0005176265,
  "KDRealSpinOrbit_V2_0": 0.004387506,
  "KDRealSpinOrbit_r_0": 1.1758695069,
  "KDRealSpinOrbit_r_A": 0.5344916025,
  "KDRealSpinOrbit_a_0": 0.5880190502,
  "KDImagSpinOrbit_W1_0": -2.0947342094,
  "KDImagSpinOrbit_W2_0": 117.0759931108,
  "KDImagVolume_W1_0_n": 21.5977782539,
  "KDImagVolume_W1_A_n": 0.014095037,
  "KDImagVolume_W1_0_p": 20.6550544945,
  "KDImagVolume_W1_A_p": -0.0058186483,
  "KDImagVolume_W2_0": 124.2836002842,
  "KDImagVolume_W2_A": -0.1088807503,
  "KDImagSurface_D1_0": 22.352153208,
  "KDImagSurface_D1_asymm": 30.1991806782,
  "KDImagSurface_D2_0": 0.0442739945,
  "KDImagSurface_D2_A": -0.023080012,
  "KDImagSurface_D2_A2": 1.3941533668,
  "KDImagSurface_D2_A3": 79.9560090211,
  "KDImagSurface_D3_0": 15.9511024706,
  "KDImagSurface_r_0": 1.1409353088,
  "KDImagSurface_r_A": -0.0285617808,
  "KDImagSurface_a_0_n": 0.5248876065,
  "KDImagSurface_a_A_n": -0.0004575166,
  "KDImagSurface_a_0_p": 0.5097093628,
  "KDImagSurface_a_A_p": 0.0006824369
}