{
  "KDHartreeFock_V1_0": 58.429166319,
  "KDHartreeFock_V1_asymm": 7.4114243091,
  "KDHartreeFock_V1_A": 0.034935851,
  "KDHartreeFock_V2_0_n": 0.0066156926,
  "KDHartreeFock_V2_A_n": 1.27639e-05,
  "KDHartreeFock_V3_0_n": 1.30875e-05,
  "KDHartreeFock_V3_A_n": -8.386e-07,
  "KDHartreeFock_V2_0_p": 0.0064389069,
  "KDHartreeFock_V2_A_p": -1.8639e-06,
  "KDHartreeFock_V3_0_p": 1.05143e-05,
  "KDHartreeFock_V3_A_p": -1.254e-06,
  "KDHartreeFock_V4_0": -9.004e-07,
  "KDHartreeFock_r_0": 1.2916221343,
  "KDHartreeFock_r_A": 0.4755298183,
  "KDHartreeFock_a_0": 0.7028234096,
  "KDHartreeFock_a_A": 0.0001605622,
  "KDCoulomb_r_C_0": 1.1254596158,
  "KDCoulomb_r_C_A": 1.0195634221,
  "KDCoulomb_r_C_A2": 9.4243572225,
  "KDRealSpinOrbit_V1_0": 6.5737784614,
  "KDRealSpinOrbit_V1_A": -0.0143249925,
  "KDRealSpinOrbit_V2_0": 0.0009736112,
  "KDRealSpinOrbit_r_0": 1.1980229347,
  "KDRealSpinOrbit_r_A": 0.7538531086,
  "KDRealSpinOrbit_a_0": 0.5933836707,
  "KDImagSpinOrbit_W1_0": -3.0943200921,
  "KDImagSpinOrbit_W2_0": 259.5634632972,
  "KDImagVolume_W1_0_n": 17.2905957943,
  "KDImagVolume_W1_A_n": 0.0261274255,
  "KDImagVolume_W1_0_p": 18.725992562,
  "KDImagVolume_W1_A_p": 0.0376517443,
  "KDImagVolume_W2_0": 88.1090638628,
  "KDImagVolume_W2_A": 0.2697567507,
  "KDImagSurface_D1_0": 16.9424606507,
  "KDImagSurface_D1_asymm": 2.3688790831,
  "KDImagSurface_D2_0": 0.0066087835,
  "KDImagSurface_D2_A": 0.0213088653,
  "KDImagSurface_D2_A2": 20.9599649029,
  "KDImagSurface_D2_A3": -28.5755577961,
  "KDImagSurface_D3_0": 12.362568452,
  "KDImagSurface_r_0": 1.5041927233,
  "KDImagSurface_r_A": 0.0464338195,
  "KDImagSurface_a_0_n": 0.5127976522,
  "KDImagSurface_a_A_n": -0.0002676377,
  "KDImagSurface_a_0_p": 0.417617938,
  "KDImagSurface_a_A_p": 0.0030162486
}