{
  "KDHartreeFock_V1_0": 60.1536813955,
  "KDHartreeFock_V1_asymm": 15.2002354458,
  "KDHartreeFock_V1_A": 0.0281160107,
  "KDHartreeFock_V2_0_n": 0.0059024698,
  "KDHartreeFock_V2_A_n": 1.1418e-06,
  "KDHartreeFock_V3_0_n": 1.09263e-05,
  "KDHartreeFock_V3_A_n": -6.871e-07,
  "KDHartreeFock_V2_0_p": 0.0061144428,
  "KDHartreeFock_V2_A_p": 2.8364e-06,
  "KDHartreeFock_V3_0_p": 1.18607e-05,
  "KDHartreeFock_V3_A_p": -5.338e-07,
  "KDHartreeFock_V4_0": 2.4443e-06,
  "KDHartreeFock_r_0": 1.2474443153,
  "KDHartreeFock_r_A": 0.3621021225,
  "KDHartreeFock_a_0": 0.7122404288,
  "KDHartreeFock_a_A": -2.19902e-05,
  "KDCoulomb_r_C_0": 1.1627117381,
  "KDCoulomb_r_C_A": -0.2660903905,
  "KDCoulomb_r_C_A2": -12.8518173086,
  "KDRealSpinOrbit_V1_0": 4.3302716816,
  "KDRealSpinOrbit_V1_A": 0.0131329815,
  "KDRealSpinOrbit_V2_0": 0.0032217164,
  "KDRealSpinOrbit_r_0": 1.0817122679,
  "KDRealSpinOrbit_r_A": 0.1934239303,
  "KDRealSpinOrbit_a_0": 0.5897828188,
  "KDImagSpinOrbit_W1_0": -1.711490513,
  "KDImagSpinOrbit_W2_0": 214.9286256668,
  "KDImagVolume_W1_0_n": 26.2152155262,
  "KDImagVolume_W1_A_n": -0.0216780959,
  "KDImagVolume_W1_0_p": 28.6291751911,
  "KDImagVolume_W1_A_p": -0.0217978204,
  "KDImagVolume_W2_0": 143.1040430755,
  "KDImagVolume_W2_A": -0.2911050091,
  "KDImagSurface_D1_0": 24.2419644098,
  "KDImagSurface_D1_asymm": 12.9561819193,
  "KDImagSurface_D2_0": 0.0145726907,
  "KDImagSurface_D2_A": 0.0185540777,
  "KDImagSurface_D2_A2": 4.8668155273,
  "KDImagSurface_D2_A3": 136.036704047,
  "KDImagSurface_D3_0": 18.4686121992,
  "KDImagSurface_r_0": 1.3599597179,
  "KDImagSurface_r_A": 0.0127451819,
  "KDImagSurface_a_0_n": 0.4952184798,
  "KDImagSurface_a_A_n": -0.0004385097,
  "KDImagSurface_a_0_p": 0.4696404745,
  "KDImagSurface_a_A_p": 0.0012793498
}