{
  "KDHartreeFock_V1_0": 59.1812237344,
  "KDHartreeFock_V1_asymm": 1.4093869305,
  "KDHartreeFock_V1_A": 0.044638665,
  "KDHartreeFock_V2_0_n": 0.0070003173,
  "KDHartreeFock_V2_A_n": 8.307e-07,
  "KDHartreeFock_V3_0_n": 1.81237e-05,
  "KDHartreeFock_V3_A_n": 1.4602e-06,
  "KDHartreeFock_V2_0_p": 0.0070104809,
  "KDHartreeFock_V2_A_p": -1.9552e-06,
  "KDHartreeFock_V3_0_p": 1.50764e-05,
  "KDHartreeFock_V3_A_p": -3.337e-07,
  "KDHartreeFock_V4_0": -2.8351e-06,
  "KDHartreeFock_r_0": 1.2659458109,
  "KDHartreeFock_r_A": 0.3129878436,
  "KDHartreeFock_a_0": 0.6657554516,
  "KDHartreeFock_a_A": -0.0001491982,
  "KDCoulomb_r_C_0": 1.1545614067,
  "KDCoulomb_r_C_A": 1.7795592241,
  "KDCoulomb_r_C_A2": 41.0292638709,
  "KDRealSpinOrbit_V1_0": 5.8549663075,
  "KDRealSpinOrbit_V1_A": 0.0047956782,
  "KDRealSpinOrbit_V2_0": 0.0097567339,
  "KDRealSpinOrbit_r_0": 1.1547259892,
  "KDRealSpinOrbit_r_A": 0.3626364055,
  "KDRealSpinOrbit_a_0": 0.5498735498,
  "KDImagSpinOrbit_W1_0": -6.6924958946,
  "KDImagSpinOrbit_W2_0": 362.4323811261,
  "KDImagVolume_W1_0_n": 17.7270152735,
  "KDImagVolume_W1_A_n": 0.0714747282,
  "KDImagVolume_W1_0_p": 26.083504187,
  "KDImagVolume_W1_A_p": -0.0148510905,
  "KDImagVolume_W2_0": 109.2453245476,
  "KDImagVolume_W2_A": 0.2765908204,
  "KDImagSurface_D1_0": 21.6142798329,
  "KDImagSurface_D1_asymm": 16.1797941268,
  "KDImagSurface_D2_0": -0.0044154566,
  "KDImagSurface_D2_A": 0.0226437746,
  "KDImagSurface_D2_A2": 4.7269497747,
  "KDImagSurface_D2_A3": 96.7095805509,
  "KDImagSurface_D3_0": 14.7152555822,
  "KDImagSurface_r_0": 1.2158348641,
  "KDImagSurface_r_A": -0.0141712074,
  "KDImagSurface_a_0_n": 0.5506776843,
  "KDImagSurface_a_A_n": 0.0002697034,
  "KDImagSurface_a_0_p": 0.5053097859,
  "KDImagSurface_a_A_p": 0.0015222936
}