{
  "KDHartreeFock_V1_0": 60.8364104818,
  "KDHartreeFock_V1_asymm": 7.478662601,
  "KDHartreeFock_V1_A": 0.0237006226,
  "KDHartreeFock_V2_0_n": 0.0080386638,
  "KDHartreeFock_V2_A_n": -4.7742e-06,
  "KDHartreeFock_V3_0_n": 3.12417e-05,
  "KDHartreeFock_V3_A_n": -1.3534e-06,
  "KDHartreeFock_V2_0_p": 0.006441958,
  "KDHartreeFock_V2_A_p": 6.4328e-06,
  "KDHartreeFock_V3_0_p": 2.18952e-05,
  "KDHartreeFock_V3_A_p": 2.9334e-06,
  "KDHartreeFock_V4_0": -1.7905e-06,
  "KDHartreeFock_r_0": 1.2599110689,
  "KDHartreeFock_r_A": 0.4015110205,
  "KDHartreeFock_a_0": 0.6728218543,
  "KDHartreeFock_a_A": -0.0003982992,
  "KDCoulomb_r_C_0": 1.1722835855,
  "KDCoulomb_r_C_A": 0.8609479982,
  "KDCoulomb_r_C_A2": 24.8498046447,
  "KDRealSpinOrbit_V1_0": 4.0933212378,
  "KDRealSpinOrbit_V1_A": 0.006956113,
  "KDRealSpinOrbit_V2_0": -0.0012665141,
  "KDRealSpinOrbit_r_0": 1.1299455098,
  "KDRealSpinOrbit_r_A": 0.4879212552,
  "KDRealSpinOrbit_a_0": 0.6664592327,
  "KDImagSpinOrbit_W1_0": -3.1515546827,
  "KDImagSpinOrbit_W2_0": 203.8389208619,
  "KDImagVolume_W1_0_n": 22.0692132775,
  "KDImagVolume_W1_A_n": -0.0108943087,
  "KDImagVolume_W1_0_p": 20.131988119,
  "KDImagVolume_W1_A_p": 0.0675470676,
  "KDImagVolume_W2_0": 115.0396283755,
  "KDImagVolume_W2_A": 0.3421951539,
  "KDImagSurface_D1_0": 3.6412738494,
  "KDImagSurface_D1_asymm": 3.337432863,
  "KDImagSurface_D2_0": -0.0126965761,
  "KDImagSurface_D2_A": 0.0286074755,
  "KDImagSurface_D2_A2": 10.3301775686,
  "KDImagSurface_D2_A3": 422.4534781481,
  "KDImagSurface_D3_0": 7.3284048296,
  "KDImagSurface_r_0": 1.4639038109,
  "KDImagSurface_r_A": 0.0460415976,
  "KDImagSurface_a_0_n": 0.4935154106,
  "KDImagSurface_a_A_n": -0.0007308206,
  "KDImagSurface_a_0_p": 0.4544847135,
  "KDImagSurface_a_A_p": 0.0018096818
}