{
  "KDHartreeFock_V1_0": 59.000895493,
  "KDHartreeFock_V1_asymm": 10.3598585122,
  "KDHartreeFock_V1_A": 0.0310519997,
  "KDHartreeFock_V2_0_n": 0.0059855994,
  "KDHartreeFock_V2_A_n": -1.0393e-06,
  "KDHartreeFock_V3_0_n": 6.9032e-06,
  "KDHartreeFock_V3_A_n": 4.1838e-06,
  "KDHartreeFock_V2_0_p": 0.0055227088,
  "KDHartreeFock_V2_A_p": 6.4594e-06,
  "KDHartreeFock_V3_0_p": 8.203e-06,
  "KDHartreeFock_V3_A_p": 1.825e-06,
  "KDHartreeFock_V4_0": -2.4436e-06,
  "KDHartreeFock_r_0": 1.2925764067,
  "KDHartreeFock_r_A": 0.4693948362,
  "KDHartreeFock_a_0": 0.6809458212,
  "KDHartreeFock_a_A": -9.49084e-05,
  "KDCoulomb_r_C_0": 1.0487667098,
  "KDCoulomb_r_C_A": 0.882744579,
  "KDCoulomb_r_C_A2": 25.8552390865,
  "KDRealSpinOrbit_V1_0": 5.5464219558,
  "KDRealSpinOrbit_V1_A": 0.0151498757,
  "KDRealSpinOrbit_V2_0": 0.0073077925,
  "KDRealSpinOrbit_r_0": 1.2627099986,
  "KDRealSpinOrbit_r_A": 0.9029423897,
  "KDRealSpinOrbit_a_0": 0.6199336485,
  "KDImagSpinOrbit_W1_0": -4.7239321556,
  "KDImagSpinOrbit_W2_0": 260.6611433479,
  "KDImagVolume_W1_0_n": 28.0560550241,
  "KDImagVolume_W1_A_n": -0.0542210881,
  "KDImagVolume_W1_0_p": 18.7430302394,
  "KDImagVolume_W1_A_p": 0.0188291139,
  "KDImagVolume_W2_0": 107.6394095919,
  "KDImagVolume_W2_A": -0.0032640384,
  "KDImagSurface_D1_0": 21.9086231703,
  "KDImagSurface_D1_asymm": 11.7992613656,
  "KDImagSurface_D2_0": -0.0573016006,
  "KDImagSurface_D2_A": 0.0836485457,
  "KDImagSurface_D2_A2": 16.3738375523,
  "KDImagSurface_D2_A3": 508.1667163804,
  "KDImagSurface_D3_0": 16.9177493286,
  "KDImagSurface_r_0": 1.3629661387,
  "KDImagSurface_r_A": 0.0198076417,
  "KDImagSurface_a_0_n": 0.5656978251,
  "KDImagSurface_a_A_n": 0.0001859678,
  "KDImagSurface_a_0_p": 0.4945651259,
  "KDImagSurface_a_A_p": 0.0013879837
}