{
  "KDHartreeFock_V1_0": 61.0201746389,
  "KDHartreeFock_V1_asymm": 20.9456420155,
  "KDHartreeFock_V1_A": 0.0375953119,
  "KDHartreeFock_V2_0_n": 0.0068715469,
  "KDHartreeFock_V2_A_n": 1.40607e-05,
  "KDHartreeFock_V3_0_n": 1.00628e-05,
  "KDHartreeFock_V3_A_n": -3.534e-07,
  "KDHartreeFock_V2_0_p": 0.0074861287,
  "KDHartreeFock_V2_A_p": -2.4791e-06,
  "KDHartreeFock_V3_0_p": 2.0648e-05,
  "KDHartreeFock_V3_A_p": 6.438e-07,
  "KDHartreeFock_V4_0": -5.6e-09,
  "KDHartreeFock_r_0": 1.2718249208,
  "KDHartreeFock_r_A": 0.3804498433,
  "KDHartreeFock_a_0": 0.6823550711,
  "KDHartreeFock_a_A": 0.0001202692,
  "KDCoulomb_r_C_0": 1.274120395,
  "KDCoulomb_r_C_A": -0.1665993862,
  "KDCoulomb_r_C_A2": 8.7648119033,
  "KDRealSpinOrbit_V1_0": 6.6192972825,
  "KDRealSpinOrbit_V1_A": 0.0006896296,
  "KDRealSpinOrbit_V2_0": 0.0087117143,
  "KDRealSpinOrbit_r_0": 1.208551439,
  "KDRealSpinOrbit_r_A": 0.8541866918,
  "KDRealSpinOrbit_a_0": 0.5771406696,
  "KDImagSpinOrbit_W1_0": -7.629424549,
  "KDImagSpinOrbit_W2_0": 159.6610983195,
  "KDImagVolume_W1_0_n": 31.0959119633,
  "KDImagVolume_W1_A_n": -0.016958209,
  "KDImagVolume_W1_0_p": 25.0020054735,
  "KDImagVolume_W1_A_p": 0.0527792135,
  "KDImagVolume_W2_0": 190.629680599,
  "KDImagVolume_W2_A": -0.3540553915,
  "KDImagSurface_D1_0": 17.1120111517,
  "KDImagSurface_D1_asymm": 13.5636975855,
  "KDImagSurface_D2_0": 0.0002565871,
  "KDImagSurface_D2_A": 0.0228800309,
  "KDImagSurface_D2_A2": 11.4303042774,
  "KDImagSurface_D2_A3": 605.7409447449,
  "KDImagSurface_D3_0": 16.9368144301,
  "KDImagSurface_r_0": 1.2725132107,
  "KDImagSurface_r_A": 0.0052349693,
  "KDImagSurface_a_0_n": 0.6179564358,
  "KDImagSurface_a_A_n": 0.0001392199,
  "KDImagSurface_a_0_p": 0.5057064557,
  "KDImagSurface_a_A_p": 0.0012101709
}