{
  "KDHartreeFock_V1_0": 58.7597122006,
  "KDHartreeFock_V1_asymm": 11.0384777059,
  "KDHartreeFock_V1_A": 0.0325424399,
  "KDHartreeFock_V2_0_n": 0.0068422352,
  "KDHartreeFock_V2_A_n": 5.9061e-06,
  "KDHartreeFock_V3_0_n": 1.47851e-05,
  "KDHartreeFock_V3_A_n": 1.5577e-06,
  "KDHartreeFock_V2_0_p": 0.0041127274,
  "KDHartreeFock_V2_A_p": 1.25724e-05,
  "KDHartreeFock_V3_0_p": 2.569e-07,
  "KDHartreeFock_V3_A_p": 2.3389e-06,
  "KDHartreeFock_V4_0": -9.685e-07,
  "KDHartreeFock_r_0": 1.3001252889,
  "KDHartreeFock_r_A": 0.4614957322,
  "KDHartreeFock_a_0": 0.6767091265,
  "KDHartreeFock_a_A": -4.2931e-05,
  "KDCoulomb_r_C_0": 1.177128817,
  "KDCoulomb_r_C_A": 1.2472443089,
  "KDCoulomb_r_C_A2": 5.5741042938,
  "KDRealSpinOrbit_V1_0": 5.2123036613,
  "KDRealSpinOrbit_V1_A": 0.0086430667,
  "KDRealSpinOrbit_V2_0": 0.0031487726,
  "KDRealSpinOrbit_r_0": 1.2592869607,
  "KDRealSpinOrbit_r_A": 0.9590228756,
  "KDRealSpinOrbit_a_0": 0.6072112603,
  "KDImagSpinOrbit_W1_0": -2.6298180083,
  "KDImagSpinOrbit_W2_0": 83.7009878684,
  "KDImagVolume_W1_0_n": 23.6850380745,
  "KDImagVolume_W1_A_n": -0.0052556197,
  "KDImagVolume_W1_0_p": 23.6663000702,
  "KDImagVolume_W1_A_p": 0.0402628664,
  "KDImagVolume_W2_0": 120.1879660672,
  "KDImagVolume_W2_A": 0.1722480897,
  "KDImagSurface_D1_0": 14.5201886708,
  "KDImagSurface_D1_asymm": 18.4252067976,
  "KDImagSurface_D2_0": 0.006028077,
  "KDImagSurface_D2_A": 0.0145013507,
  "KDImagSurface_D2_A2": 12.7896674015,
  "KDImagSurface_D2_A3": 497.4019887887,
  "KDImagSurface_D3_0": 12.0877711057,
  "KDImagSurface_r_0": 1.2867923028,
  "KDImagSurface_r_A": 0.0168586982,
  "KDImagSurface_a_0_n": 0.5111698358,
  "KDImagSurface_a_A_n": -0.0009614373,
  "KDImagSurface_a_0_p": 0.4701267621,
  "KDImagSurface_a_A_p": 0.0016626489
}