{
  "KDHartreeFock_V1_0": 62.3470725988,
  "KDHartreeFock_V1_asymm": 14.4661399253,
  "KDHartreeFock_V1_A": 0.0461260854,
  "KDHartreeFock_V2_0_n": 0.0055220198,
  "KDHartreeFock_V2_A_n": 3.5392e-06,
  "KDHartreeFock_V3_0_n": 3.6954e-06,
  "KDHartreeFock_V3_A_n": -9.692e-07,
  "KDHartreeFock_V2_0_p": 0.0028955058,
  "KDHartreeFock_V2_A_p": 2.00352e-05,
  "KDHartreeFock_V3_0_p": -1.23365e-05,
  "KDHartreeFock_V3_A_p": 3.742e-07,
  "KDHartreeFock_V4_0": -1.3486e-06,
  "KDHartreeFock_r_0": 1.3153373264,
  "KDHartreeFock_r_A": 0.7346391949,
  "KDHartreeFock_a_0": 0.684447793,
  "KDHartreeFock_a_A": -0.0003619739,
  "KDCoulomb_r_C_0": 1.0183738811,
  "KDCoulomb_r_C_A": 0.9574173469,
  "KDCoulomb_r_C_A2": 35.153805002,
  "KDRealSpinOrbit_V1_0": 7.9054969761,
  "KDRealSpinOrbit_V1_A": -0.003612042,
  "KDRealSpinOrbit_V2_0": 0.0044841248,
  "KDRealSpinOrbit_r_0": 1.2378092998,
  "KDRealSpinOrbit_r_A": 0.9285494681,
  "KDRealSpinOrbit_a_0": 0.6439795063,
  "KDImagSpinOrbit_W1_0": -3.726731851,
  "KDImagSpinOrbit_W2_0": 158.9527359889,
  "KDImagVolume_W1_0_n": 27.1328439899,
  "KDImagVolume_W1_A_n": -0.0346586397,
  "KDImagVolume_W1_0_p": 27.5070434551,
  "KDImagVolume_W1_A_p": 0.0208980835,
  "KDImagVolume_W2_0": 134.4378339747,
  "KDImagVolume_W2_A": -0.2329670824,
  "KDImagSurface_D1_0": 16.4413545639,
  "KDImagSurface_D1_asymm": 13.3414961651,
  "KDImagSurface_D2_0": -0.0030955975,
  "KDImagSurface_D2_A": 0.0242957637,
  "KDImagSurface_D2_A2": 14.1194629922,
  "KDImagSurface_D2_A3": 511.8955604621,
  "KDImagSurface_D3_0": 13.9119728788,
  "KDImagSurface_r_0": 1.3184721725,
  "KDImagSurface_r_A": 0.0084635481,
  "KDImagSurface_a_0_n": 0.5657857389,
  "KDImagSurface_a_A_n": -0.0004606266,
  "KDImagSurface_a_0_p": 0.484136775,
  "KDImagSurface_a_A_p": 0.0018351384
}