{
  "KDHartreeFock_V1_0": 59.4747770203,
  "KDHartreeFock_V1_asymm": 22.4377520937,
  "KDHartreeFock_V1_A": 0.0253645021,
  "KDHartreeFock_V2_0_n": 0.0053601454,
  "KDHartreeFock_V2_A_n": 4.8209e-06,
  "KDHartreeFock_V3_0_n": 3.5626e-06,
  "KDHartreeFock_V3_A_n": 3.8844e-06,
  "KDHartreeFock_V2_0_p": 0.0061180574,
  "KDHartreeFock_V2_A_p": 3.4537e-06,
  "KDHartreeFock_V3_0_p": 4.9899e-06,
  "KDHartreeFock_V3_A_p": 4.594e-07,
  "KDHartreeFock_V4_0": -5.997e-07,
  "KDHartreeFock_r_0": 1.2722522888,
  "KDHartreeFock_r_A": 0.4490583486,
  "KDHartreeFock_a_0": 0.7315023739,
  "KDHartreeFock_a_A": 0.000155775,
  "KDCoulomb_r_C_0": 0.976554516,
  "KDCoulomb_r_C_A": 0.5462581065,
  "KDCoulomb_r_C_A2": 2.8255876824,
  "KDRealSpinOrbit_V1_0": 5.0291228534,
  "KDRealSpinOrbit_V1_A": 0.0042016533,
  "KDRealSpinOrbit_V2_0": -0.0004905198,
  "KDRealSpinOrbit_r_0": 1.1701724949,
  "KDRealSpinOrbit_r_A": 0.6534012027,
  "KDRealSpinOrbit_a_0": 0.6995896934,
  "KDImagSpinOrbit_W1_0": 0.7686223573,
  "KDImagSpinOrbit_W2_0": 79.8998521067,
  "KDImagVolume_W1_0_n": 17.967469659,
  "KDImagVolume_W1_A_n": 0.0136967513,
  "KDImagVolume_W1_0_p": 16.4536666529,
  "KDImagVolume_W1_A_p": 0.0531292932,
  "KDImagVolume_W2_0": 71.2915961585,
  "KDImagVolume_W2_A": 0.1972370543,
  "KDImagSurface_D1_0": 21.7608175158,
  "KDImagSurface_D1_asymm": 30.9276290221,
  "KDImagSurface_D2_0": 0.0123579421,
  "KDImagSurface_D2_A": 0.0217485052,
  "KDImagSurface_D2_A2": 9.2012855038,
  "KDImagSurface_D2_A3": 42.2876951791,
  "KDImagSurface_D3_0": 15.1891189418,
  "KDImagSurface_r_0": 1.3187285096,
  "KDImagSurface_r_A": 0.0188802907,
  "KDImagSurface_a_0_n": 0.5902361007,
  "KDImagSurface_a_A_n": -0.0005178681,
  "KDImagSurface_a_0_p": 0.5473486859,
  "KDImagSurface_a_A_p": 0.0014544779
}