{
  "KDHartreeFock_V1_0": 56.6831514154,
  "KDHartreeFock_V1_asymm": 16.3737249823,
  "KDHartreeFock_V1_A": 0.0221788838,
  "KDHartreeFock_V2_0_n": 0.0064933048,
  "KDHartreeFock_V2_A_n": 5.729e-06,
  "KDHartreeFock_V3_0_n": 9.8389e-06,
  "KDHartreeFock_V3_A_n": 3.275e-07,
  "KDHartreeFock_V2_0_p": 0.0062320546,
  "KDHartreeFock_V2_A_p": 8.6956e-06,
  "KDHartreeFock_V3_0_p": 6.1548e-06,
  "KDHartreeFock_V3_A_p": 5.759e-07,
  "KDHartreeFock_V4_0": -1.67e-06,
  "KDHartreeFock_r_0": 1.2985076335,
  "KDHartreeFock_r_A": 0.3988398134,
  "KDHartreeFock_a_0": 0.7467271531,
  "KDHartreeFock_a_A": 0.0003949729,
  "KDCoulomb_r_C_0": 0.8915780079,
  "KDCoulomb_r_C_A": 1.343797442,
  "KDCoulomb_r_C_A2": 13.8583232305,
  "KDRealSpinOrbit_V1_0": 6.2452034725,
  "KDRealSpinOrbit_V1_A": 0.0077657435,
  "KDRealSpinOrbit_V2_0": 0.0063911575,
  "KDRealSpinOrbit_r_0": 1.1199615707,
  "KDRealSpinOrbit_r_A": 0.1723037978,
  "KDRealSpinOrbit_a_0": 0.6116616068,
  "KDImagSpinOrbit_W1_0": -6.2152787156,
  "KDImagSpinOrbit_W2_0": 250.305331303,
  "KDImagVolume_W1_0_n": 13.0363553315,
  "KDImagVolume_W1_A_n": 0.036154907,
  "KDImagVolume_W1_0_p": 9.5260649706,
  "KDImagVolume_W1_A_p": 0.0358161833,
  "KDImagVolume_W2_0": 55.4537394692,
  "KDImagVolume_W2_A": 0.1883132993,
  "KDImagSurface_D1_0": 19.1899828872,
  "KDImagSurface_D1_asymm": 12.2154001227,
  "KDImagSurface_D2_0": 0.0050887514,
  "KDImagSurface_D2_A": 0.023223748,
  "KDImagSurface_D2_A2": 10.3005723046,
  "KDImagSurface_D2_A3": 280.4302636158,
  "KDImagSurface_D3_0": 15.1523169374,
  "KDImagSurface_r_0": 1.3657415742,
  "KDImagSurface_r_A": 0.0222244452,
  "KDImagSurface_a_0_n": 0.5112035231,
  "KDImagSurface_a_A_n": -0.000511473,
  "KDImagSurface_a_0_p": 0.5319680269,
  "KDImagSurface_a_A_p": 0.0011708314
}