{
  "KDHartreeFock_V1_0": 58.9436436861,
  "KDHartreeFock_V1_asymm": 12.5829580614,
  "KDHartreeFock_V1_A": 0.0302872446,
  "KDHartreeFock_V2_0_n": 0.0061434743,
  "KDHartreeFock_V2_A_n": 1.03525e-05,
  "KDHartreeFock_V3_0_n": 1.26172e-05,
  "KDHartreeFock_V3_A_n": -1.0728e-06,
  "KDHartreeFock_V2_0_p": 0.0046097453,
  "KDHartreeFock_V2_A_p": 7.4577e-06,
  "KDHartreeFock_V3_0_p": 6.1235e-06,
  "KDHartreeFock_V3_A_p": -2.6041e-06,
  "KDHartreeFock_V4_0": -8.765e-07,
  "KDHartreeFock_r_0": 1.2591249685,
  "KDHartreeFock_r_A": 0.3938446751,
  "KDHartreeFock_a_0": 0.6876595226,
  "KDHartreeFock_a_A": -0.0001934491,
  "KDCoulomb_r_C_0": 1.1706526711,
  "KDCoulomb_r_C_A": 0.884732346,
  "KDCoulomb_r_C_A2": 22.7434614347,
  "KDRealSpinOrbit_V1_0": 4.4952411899,
  "KDRealSpinOrbit_V1_A": 0.0166591452,
  "KDRealSpinOrbit_V2_0": 0.0064367045,
  "KDRealSpinOrbit_r_0": 1.2554914962,
  "KDRealSpinOrbit_r_A": 0.9887985826,
  "KDRealSpinOrbit_a_0": 0.63039659,
  "KDImagSpinOrbit_W1_0": -3.3914817234,
  "KDImagSpinOrbit_W2_0": 266.5366458651,
  "KDImagVolume_W1_0_n": 22.3960170772,
  "KDImagVolume_W1_A_n": -0.0051160473,
  "KDImagVolume_W1_0_p": 18.0594862181,
  "KDImagVolume_W1_A_p": 0.0508056852,
  "KDImagVolume_W2_0": 131.8200203744,
  "KDImagVolume_W2_A": 0.0093855045,
  "KDImagSurface_D1_0": 11.3979451113,
  "KDImagSurface_D1_asymm": 16.1967650601,
  "KDImagSurface_D2_0": -0.0241331336,
  "KDImagSurface_D2_A": 0.0485272523,
  "KDImagSurface_D2_A2": 15.062042152,
  "KDImagSurface_D2_A3": 117.5560098687,
  "KDImagSurface_D3_0": 9.0508635872,
  "KDImagSurface_r_0": 1.3915955026,
  "KDImagSurface_r_A": 0.0261552755,
  "KDImagSurface_a_0_n": 0.5284366256,
  "KDImagSurface_a_A_n": -0.0003187087,
  "KDImagSurface_a_0_p": 0.5039829884,
  "KDImagSurface_a_A_p": 0.0019996357
}