{
  "KDHartreeFock_V1_0": 59.0850703335,
  "KDHartreeFock_V1_asymm": 12.5063358323,
  "KDHartreeFock_V1_A": 0.0345285888,
  "KDHartreeFock_V2_0_n": 0.0060090562,
  "KDHartreeFock_V2_A_n": 9.9475e-06,
  "KDHartreeFock_V3_0_n": 6.9697e-06,
  "KDHartreeFock_V3_A_n": 6.623e-07,
  "KDHartreeFock_V2_0_p": 0.0063749949,
  "KDHartreeFock_V2_A_p": -4.7853e-06,
  "KDHartreeFock_V3_0_p": 8.0955e-06,
  "KDHartreeFock_V3_A_p": -9.5e-09,
  "KDHartreeFock_V4_0": -1.4059e-06,
  "KDHartreeFock_r_0": 1.2762530895,
  "KDHartreeFock_r_A": 0.394218634,
  "KDHartreeFock_a_0": 0.6531261793,
  "KDHartreeFock_a_A": -0.000197088,
  "KDCoulomb_r_C_0": 1.0759675975,
  "KDCoulomb_r_C_A": 0.8081818013,
  "KDCoulomb_r_C_A2": 31.2711020964,
  "KDRealSpinOrbit_V1_0": 6.4429148964,
  "KDRealSpinOrbit_V1_A": -0.0022116597,
  "KDRealSpinOrbit_V2_0": 0.0045619142,
  "KDRealSpinOrbit_r_0": 1.1199213507,
  "KDRealSpinOrbit_r_A": 0.5325437484,
  "KDRealSpinOrbit_a_0": 0.6536483279,
  "KDImagSpinOrbit_W1_0": -3.5217603242,
  "KDImagSpinOrbit_W2_0": 248.4899673994,
  "KDImagVolume_W1_0_n": 17.2332514875,
  "KDImagVolume_W1_A_n": 0.0173676559,
  "KDImagVolume_W1_0_p": 18.1887824208,
  "KDImagVolume_W1_A_p": 0.0545363258,
  "KDImagVolume_W2_0": 90.8159981564,
  "KDImagVolume_W2_A": 0.1572100547,
  "KDImagSurface_D1_0": 17.0698598579,
  "KDImagSurface_D1_asymm": 9.6375984112,
  "KDImagSurface_D2_0": -0.0182297613,
  "KDImagSurface_D2_A": 0.0355314493,
  "KDImagSurface_D2_A2": -5.1543088343,
  "KDImagSurface_D2_A3": 75.0673595359,
  "KDImagSurface_D3_0": 17.2946016287,
  "KDImagSurface_r_0": 1.3891551489,
  "KDImagSurface_r_A": 0.0374970636,
  "KDImagSurface_a_0_n": 0.5548192289,
  "KDImagSurface_a_A_n": -0.0010842736,
  "KDImagSurface_a_0_p": 0.5054188772,
  "KDImagSurface_a_A_p": 0.0023186272
}