{
  "KDHartreeFock_V1_0": 54.1760532326,
  "KDHartreeFock_V1_asymm": 9.9708879121,
  "KDHartreeFock_V1_A": 0.0097868837,
  "KDHartreeFock_V2_0_n": 0.0058856789,
  "KDHartreeFock_V2_A_n": -4.092e-07,
  "KDHartreeFock_V3_0_n": 6.3436e-06,
  "KDHartreeFock_V3_A_n": -2.156e-07,
  "KDHartreeFock_V2_0_p": 0.0060250877,
  "KDHartreeFock_V2_A_p": 3.2636e-06,
  "KDHartreeFock_V3_0_p": 4.2989e-06,
  "KDHartreeFock_V3_A_p": -1.2414e-06,
  "KDHartreeFock_V4_0": 5.563e-07,
  "KDHartreeFock_r_0": 1.233015797,
  "KDHartreeFock_r_A": 0.0971500405,
  "KDHartreeFock_a_0": 0.6547595256,
  "KDHartreeFock_a_A": -0.0003765352,
  "KDCoulomb_r_C_0": 1.127925979,
  "KDCoulomb_r_C_A": 0.8532722046,
  "KDCoulomb_r_C_A2": 17.6456270264,
  "KDRealSpinOrbit_V1_0": 5.4523934428,
  "KDRealSpinOrbit_V1_A": -0.0026254708,
  "KDRealSpinOrbit_V2_0": 0.0022649363,
  "KDRealSpinOrbit_r_0": 1.299360299,
  "KDRealSpinOrbit_r_A": 0.9424185781,
  "KDRealSpinOrbit_a_0": 0.5563671641,
  "KDImagSpinOrbit_W1_0": -3.5796177532,
  "KDImagSpinOrbit_W2_0": 75.1103284893,
  "KDImagVolume_W1_0_n": 13.4165362111,
  "KDImagVolume_W1_A_n": 0.0360715339,
  "KDImagVolume_W1_0_p": 17.2389437334,
  "KDImagVolume_W1_A_p": 0.0404347268,
  "KDImagVolume_W2_0": 73.6195228288,
  "KDImagVolume_W2_A": 0.0168351271,
  "KDImagSurface_D1_0": 14.1198950014,
  "KDImagSurface_D1_asymm": 16.3652657271,
  "KDImagSurface_D2_0": 0.0295620322,
  "KDImagSurface_D2_A": -0.0086382713,
  "KDImagSurface_D2_A2": 6.0173191736,
  "KDImagSurface_D2_A3": 314.2041220756,
  "KDImagSurface_D3_0": 10.6880417486,
  "KDImagSurface_r_0": 1.3741825934,
  "KDImagSurface_r_A": 0.0269064337,
  "KDImagSurface_a_0_n": 0.5768203561,
  "KDImagSurface_a_A_n": -0.0004490788,
  "KDImagSurface_a_0_p": 0.5363162391,
  "KDImagSurface_a_A_p": 0.0013863858
}