{
  "KDHartreeFock_V1_0": 61.6521425329,
  "KDHartreeFock_V1_asymm": 23.0328293641,
  "KDHartreeFock_V1_A": 0.0195360226,
  "KDHartreeFock_V2_0_n": 0.0067786352,
  "KDHartreeFock_V2_A_n": 2.0823e-06,
  "KDHartreeFock_V3_0_n": 1.75403e-05,
  "KDHartreeFock_V3_A_n": -3.834e-07,
  "KDHartreeFock_V2_0_p": 0.007495598,
  "KDHartreeFock_V2_A_p": 7.9749e-06,
  "KDHartreeFock_V3_0_p": 1.87672e-05,
  "KDHartreeFock_V3_A_p": -2.101e-06,
  "KDHartreeFock_V4_0": -2.4772e-06,
  "KDHartreeFock_r_0": 1.250526593,
  "KDHartreeFock_r_A": 0.358645117,
  "KDHartreeFock_a_0": 0.6278797783,
  "KDHartreeFock_a_A": -0.0004497336,
  "KDCoulomb_r_C_0": 1.0942839319,
  "KDCoulomb_r_C_A": 0.4190002734,
  "KDCoulomb_r_C_A2": 2.4123818324,
  "KDRealSpinOrbit_V1_0": 4.4947937709,
  "KDRealSpinOrbit_V1_A": 0.0076184075,
  "KDRealSpinOrbit_V2_0": -0.0017205378,
  "KDRealSpinOrbit_r_0": 1.2268437802,
  "KDRealSpinOrbit_r_A": 0.9086289298,
  "KDRealSpinOrbit_a_0": 0.6741954323,
  "KDImagSpinOrbit_W1_0": -4.0271282563,
  "KDImagSpinOrbit_W2_0": 181.369963662,
  "KDImagVolume_W1_0_n": 24.929109893,
  "KDImagVolume_W1_A_n": 0.0138844664,
  "KDImagVolume_W1_0_p": 22.3475081726,
  "KDImagVolume_W1_A_p": 0.0155051417,
  "KDImagVolume_W2_0": 148.6732339421,
  "KDImagVolume_W2_A": -0.0017618757,
  "KDImagSurface_D1_0": 10.2548486601,
  "KDImagSurface_D1_asymm": 9.9561039119,
  "KDImagSurface_D2_0": -0.0305249305,
  "KDImagSurface_D2_A": 0.0420326723,
  "KDImagSurface_D2_A2": 16.3296487633,
  "KDImagSurface_D2_A3": 554.3550262524,
  "KDImagSurface_D3_0": 11.0237201289,
  "KDImagSurface_r_0": 1.3678608048,
  "KDImagSurface_r_A": 0.0276868304,
  "KDImagSurface_a_0_n": 0.5686333369,
  "KDImagSurface_a_A_n": -0.00081841,
  "KDImagSurface_a_0_p": 0.5505325788,
  "KDImagSurface_a_A_p": 0.0010450217
}