{
  "KDHartreeFock_V1_0": 59.4306006777,
  "KDHartreeFock_V1_asymm": 17.0140553711,
  "KDHartreeFock_V1_A": 0.0231746299,
  "KDHartreeFock_V2_0_n": 0.007705241,
  "KDHartreeFock_V2_A_n": -1.4347e-06,
  "KDHartreeFock_V3_0_n": 2.52715e-05,
  "KDHartreeFock_V3_A_n": 3.2485e-06,
  "KDHartreeFock_V2_0_p": 0.0098289629,
  "KDHartreeFock_V2_A_p": -1.6474e-06,
  "KDHartreeFock_V3_0_p": 4.1362e-05,
  "KDHartreeFock_V3_A_p": -8.312e-07,
  "KDHartreeFock_V4_0": 1.201e-07,
  "KDHartreeFock_r_0": 1.2766324775,
  "KDHartreeFock_r_A": 0.2728002556,
  "KDHartreeFock_a_0": 0.6578718684,
  "KDHartreeFock_a_A": 0.0001074109,
  "KDCoulomb_r_C_0": 1.2129808541,
  "KDCoulomb_r_C_A": -0.7184745797,
  "KDCoulomb_r_C_A2": 18.1192682141,
  "KDRealSpinOrbit_V1_0": 4.9879306247,
  "KDRealSpinOrbit_V1_A": 0.0092193416,
  "KDRealSpinOrbit_V2_0": 0.0038702533,
  "KDRealSpinOrbit_r_0": 1.1544437208,
  "KDRealSpinOrbit_r_A": 0.5780603623,
  "KDRealSpinOrbit_a_0": 0.5870011504,
  "KDImagSpinOrbit_W1_0": 0.2447637922,
  "KDImagSpinOrbit_W2_0": 70.7845641798,
  "KDImagVolume_W1_0_n": 25.1760484879,
  "KDImagVolume_W1_A_n": -0.0479154896,
  "KDImagVolume_W1_0_p": 15.6057659852,
  "KDImagVolume_W1_A_p": 0.0423074456,
  "KDImagVolume_W2_0": 138.0076888548,
  "KDImagVolume_W2_A": -0.1096536977,
  "KDImagSurface_D1_0": 12.5688579832,
  "KDImagSurface_D1_asymm": 14.4768511972,
  "KDImagSurface_D2_0": 0.0122092979,
  "KDImagSurface_D2_A": 0.0006189304,
  "KDImagSurface_D2_A2": 0.5493985888,
  "KDImagSurface_D2_A3": 147.1736655378,
  "KDImagSurface_D3_0": 9.6247280794,
  "KDImagSurface_r_0": 1.329188208,
  "KDImagSurface_r_A": 0.0164479689,
  "KDImagSurface_a_0_n": 0.472154677,
  "KDImagSurface_a_A_n": -0.0006608475,
  "KDImagSurface_a_0_p": 0.4959099441,
  "KDImagSurface_a_A_p": 0.0012390969
}