{
  "KDHartreeFock_V1_0": 56.2843865401,
  "KDHartreeFock_V1_asymm": 9.4540749684,
  "KDHartreeFock_V1_A": 0.0349441835,
  "KDHartreeFock_V2_0_n": 0.0058572016,
  "KDHartreeFock_V2_A_n": 6.9568e-06,
  "KDHartreeFock_V3_0_n": 1.9662e-06,
  "KDHartreeFock_V3_A_n": -5.482e-07,
  "KDHartreeFock_V2_0_p": 0.00718955,
  "KDHartreeFock_V2_A_p": -4.1703e-06,
  "KDHartreeFock_V3_0_p": 1.67273e-05,
  "KDHartreeFock_V3_A_p": -1.9338e-06,
  "KDHartreeFock_V4_0": 3.975e-07,
  "KDHartreeFock_r_0": 1.3078720767,
  "KDHartreeFock_r_A": 0.3715839016,
  "KDHartreeFock_a_0": 0.6079590198,
  "KDHartreeFock_a_A": -0.0001386176,
  "KDCoulomb_r_C_0": 1.2964086658,
  "KDCoulomb_r_C_A": -0.0879075563,
  "KDCoulomb_r_C_A2": 25.4548016372,
  "KDRealSpinOrbit_V1_0": 5.0848453104,
  "KDRealSpinOrbit_V1_A": 0.0128447733,
  "KDRealSpinOrbit_V2_0": 0.0031263168,
  "KDRealSpinOrbit_r_0": 1.2373649369,
  "KDRealSpinOrbit_r_A": 1.1519491437,
  "KDRealSpinOrbit_a_0": 0.6388879741,
  "KDImagSpinOrbit_W1_0": -6.6234947701,
  "KDImagSpinOrbit_W2_0": 104.7381736859,
  "KDImagVolume_W1_0_n": 22.7333745292,
  "KDImagVolume_W1_A_n": 0.0107531489,
  "KDImagVolume_W1_0_p": 13.5469570695,
  "KDImagVolume_W1_A_p": 0.1081956157,
  "KDImagVolume_W2_0": 81.231829995,
  "KDImagVolume_W2_A": 0.1686221315,
  "KDImagSurface_D1_0": 16.3034095569,
  "KDImagSurface_D1_asymm": 5.2585393968,
  "KDImagSurface_D2_0": 0.0229529853,
  "KDImagSurface_D2_A": 0.0087561662,
  "KDImagSurface_D2_A2": 14.8940917257,
  "KDImagSurface_D2_A3": 506.0100847178,
  "KDImagSurface_D3_0": 14.0987327776,
  "KDImagSurface_r_0": 1.3752762397,
  "KDImagSurface_r_A": 0.0195961109,
  "KDImagSurface_a_0_n": 0.4987006652,
  "KDImagSurface_a_A_n": -0.0005979212,
  "KDImagSurface_a_0_p": 0.5473110296,
  "KDImagSurface_a_A_p": 0.0004027195
}