{
  "KDHartreeFock_V1_0": 57.1740742177,
  "KDHartreeFock_V1_asymm": 15.1859021553,
  "KDHartreeFock_V1_A": 0.0273940049,
  "KDHartreeFock_V2_0_n": 0.0060145956,
  "KDHartreeFock_V2_A_n": 3.9451e-06,
  "KDHartreeFock_V3_0_n": 6.2899e-06,
  "KDHartreeFock_V3_A_n": 4.7e-08,
  "KDHartreeFock_V2_0_p": 0.0062359943,
  "KDHartreeFock_V2_A_p": 1.5354e-06,
  "KDHartreeFock_V3_0_p": 1.35602e-05,
  "KDHartreeFock_V3_A_p": 1.0924e-06,
  "KDHartreeFock_V4_0": -2.0406e-06,
  "KDHartreeFock_r_0": 1.2709648272,
  "KDHartreeFock_r_A": 0.3034013638,
  "KDHartreeFock_a_0": 0.7089059415,
  "KDHartreeFock_a_A": 2.12353e-05,
  "KDCoulomb_r_C_0": 1.2495798213,
  "KDCoulomb_r_C_A": 0.5333430174,
  "KDCoulomb_r_C_A2": 7.9197639198,
  "KDRealSpinOrbit_V1_0": 5.3359968764,
  "KDRealSpinOrbit_V1_A": 0.0160673772,
  "KDRealSpinOrbit_V2_0": 0.0091356387,
  "KDRealSpinOrbit_r_0": 1.1901908207,
  "KDRealSpinOrbit_r_A": 0.6727929626,
  "KDRealSpinOrbit_a_0": 0.5809997514,
  "KDImagSpinOrbit_W1_0": -4.4744785322,
  "KDImagSpinOrbit_W2_0": 242.6148159292,
  "KDImagVolume_W1_0_n": 26.4891907344,
  "KDImagVolume_W1_A_n": -0.0498074684,
  "KDImagVolume_W1_0_p": 24.1576958676,
  "KDImagVolume_W1_A_p": -0.0068729976,
  "KDImagVolume_W2_0": 106.4421353427,
  "KDImagVolume_W2_A": -0.127099448,
  "KDImagSurface_D1_0": 22.2012740825,
  "KDImagSurface_D1_asymm": 33.1694239889,
  "KDImagSurface_D2_0": 0.0665756839,
  "KDImagSurface_D2_A": -0.0272936572,
  "KDImagSurface_D2_A2": 8.234442009,
  "KDImagSurface_D2_A3": 78.8967196074,
  "KDImagSurface_D3_0": 15.7879999427,
  "KDImagSurface_r_0": 1.2941139251,
  "KDImagSurface_r_A": 0.0056538468,
  "KDImagSurface_a_0_n": 0.5291176677,
  "KDImagSurface_a_A_n": -0.0005508879,
  "KDImagSurface_a_0_p": 0.5203651722,
  "KDImagSurface_a_A_p": -0.0003205824
}