{
  "KDHartreeFock_V1_0": 57.5765921493,
  "KDHartreeFock_V1_asymm": 18.2764676415,
  "KDHartreeFock_V1_A": 0.0314827772,
  "KDHartreeFock_V2_0_n": 0.0037405382,
  "KDHartreeFock_V2_A_n": -2.459e-07,
  "KDHartreeFock_V3_0_n": -1.46169e-05,
  "KDHartreeFock_V3_A_n": 7.02e-07,
  "KDHartreeFock_V2_0_p": 0.0044560615,
  "KDHartreeFock_V2_A_p": 1.3523e-05,
  "KDHartreeFock_V3_0_p": -8.319e-06,
  "KDHartreeFock_V3_A_p": 1.5451e-06,
  "KDHartreeFock_V4_0": -2.913e-07,
  "KDHartreeFock_r_0": 1.3092287578,
  "KDHartreeFock_r_A": 0.526253121,
  "KDHartreeFock_a_0": 0.6657488775,
  "KDHartreeFock_a_A": -0.0002856711,
  "KDCoulomb_r_C_0": 1.3244389114,
  "KDCoulomb_r_C_A": 1.479384977,
  "KDCoulomb_r_C_A2": 19.1558083142,
  "KDRealSpinOrbit_V1_0": 6.6387070485,
  "KDRealSpinOrbit_V1_A": 0.0003062614,
  "KDRealSpinOrbit_V2_0": 0.0052419198,
  "KDRealSpinOrbit_r_0": 1.1842919518,
  "KDRealSpinOrbit_r_A": 0.7937591105,
  "KDRealSpinOrbit_a_0": 0.5968669749,
  "KDImagSpinOrbit_W1_0": -6.9071415158,
  "KDImagSpinOrbit_W2_0": 295.7081811628,
  "KDImagVolume_W1_0_n": 20.5179681898,
  "KDImagVolume_W1_A_n": 0.0204005457,
  "KDImagVolume_W1_0_p": 25.0050217216,
  "KDImagVolume_W1_A_p": -0.0179745922,
  "KDImagVolume_W2_0": 86.7867666517,
  "KDImagVolume_W2_A": 0.0525562465,
  "KDImagSurface_D1_0": 12.8654380714,
  "KDImagSurface_D1_asymm": 17.4982609231,
  "KDImagSurface_D2_0": 0.0672431223,
  "KDImagSurface_D2_A": -0.0472452214,
  "KDImagSurface_D2_A2": 5.8220640823,
  "KDImagSurface_D2_A3": 5.5694001316,
  "KDImagSurface_D3_0": 10.1935919516,
  "KDImagSurface_r_0": 1.4117840452,
  "KDImagSurface_r_A": 0.0321279689,
  "KDImagSurface_a_0_n": 0.5215825534,
  "KDImagSurface_a_A_n": -0.0005516567,
  "KDImagSurface_a_0_p": 0.4531538272,
  "KDImagSurface_a_A_p": 0.0016489444
}