{
  "KDHartreeFock_V1_0": 62.161800477,
  "KDHartreeFock_V1_asymm": 16.4043582,
  "KDHartreeFock_V1_A": 0.034694047,
  "KDHartreeFock_V2_0_n": 0.0065482865,
  "KDHartreeFock_V2_A_n": -3.6906e-06,
  "KDHartreeFock_V3_0_n": 1.76423e-05,
  "KDHartreeFock_V3_A_n": -1.6872e-06,
  "KDHartreeFock_V2_0_p": 0.007290844,
  "KDHartreeFock_V2_A_p": 6.1969e-06,
  "KDHartreeFock_V3_0_p": 1.55019e-05,
  "KDHartreeFock_V3_A_p": -2.0603e-06,
  "KDHartreeFock_V4_0": 4.108e-07,
  "KDHartreeFock_r_0": 1.2779301907,
  "KDHartreeFock_r_A": 0.4938878785,
  "KDHartreeFock_a_0": 0.71306109,
  "KDHartreeFock_a_A": -7.6704e-05,
  "KDCoulomb_r_C_0": 1.2333455079,
  "KDCoulomb_r_C_A": 0.8503116374,
  "KDCoulomb_r_C_A2": 26.8045647351,
  "KDRealSpinOrbit_V1_0": 5.7206008945,
  "KDRealSpinOrbit_V1_A": 0.0057019884,
  "KDRealSpinOrbit_V2_0": 0.0008273302,
  "KDRealSpinOrbit_r_0": 1.1849156972,
  "KDRealSpinOrbit_r_A": 0.6830940205,
  "KDRealSpinOrbit_a_0": 0.636316669,
  "KDImagSpinOrbit_W1_0": -5.2300155674,
  "KDImagSpinOrbit_W2_0": 286.8823890611,
  "KDImagVolume_W1_0_n": 22.8850038743,
  "KDImagVolume_W1_A_n": -0.0206805019,
  "KDImagVolume_W1_0_p": 19.6728964458,
  "KDImagVolume_W1_A_p": -0.019523201,
  "KDImagVolume_W2_0": 100.3643808195,
  "KDImagVolume_W2_A": -0.1028956865,
  "KDImagSurface_D1_0": 12.9241927756,
  "KDImagSurface_D1_asymm": 6.4824228231,
  "KDImagSurface_D2_0": -0.0177929611,
  "KDImagSurface_D2_A": 0.0404534744,
  "KDImagSurface_D2_A2": 15.3963556303,
  "KDImagSurface_D2_A3": -35.7539411625,
  "KDImagSurface_D3_0": 9.8644882373,
  "KDImagSurface_r_0": 1.4362779209,
  "KDImagSurface_r_A": 0.0400158853,
  "KDImagSurface_a_0_n": 0.5560567951,
  "KDImagSurface_a_A_n": -0.0004811345,
  "KDImagSurface_a_0_p": 0.5636827138,
  "KDImagSurface_a_A_p": 0.0015812804
}