{
  "KDHartreeFock_V1_0": 59.0466800224,
  "KDHartreeFock_V1_asymm": 9.8157482785,
  "KDHartreeFock_V1_A": 0.0428419611,
  "KDHartreeFock_V2_0_n": 0.0054671285,
  "KDHartreeFock_V2_A_n": 3.1324e-06,
  "KDHartreeFock_V3_0_n": 2.9352e-06,
  "KDHartreeFock_V3_A_n": -3.877e-07,
  "KDHartreeFock_V2_0_p": 0.0062636276,
  "KDHartreeFock_V2_A_p": 7.1825e-06,
  "KDHartreeFock_V3_0_p": 8.8055e-06,
  "KDHartreeFock_V3_A_p": 1.5613e-06,
  "KDHartreeFock_V4_0": -1.1846e-06,
  "KDHartreeFock_r_0": 1.3615046113,
  "KDHartreeFock_r_A": 0.681831351,
  "KDHartreeFock_a_0": 0.6976006892,
  "KDHartreeFock_a_A": 0.0002542334,
  "KDCoulomb_r_C_0": 1.4224556817,
  "KDCoulomb_r_C_A": 0.7252678374,
  "KDCoulomb_r_C_A2": 12.1251654678,
  "KDRealSpinOrbit_V1_0": 5.1692395967,
  "KDRealSpinOrbit_V1_A": 0.0154142511,
  "KDRealSpinOrbit_V2_0": 0.0046849491,
  "KDRealSpinOrbit_r_0": 1.2036808308,
  "KDRealSpinOrbit_r_A": 0.7855320397,
  "KDRealSpinOrbit_a_0": 0.5747991119,
  "KDImagSpinOrbit_W1_0": -6.1729232441,
  "KDImagSpinOrbit_W2_0": 311.6963318939,
  "KDImagVolume_W1_0_n": 21.4981858593,
  "KDImagVolume_W1_A_n": 0.0185178395,
  "KDImagVolume_W1_0_p": 23.018088246,
  "KDImagVolume_W1_A_p": 0.0059408029,
  "KDImagVolume_W2_0": 124.6176217103,
  "KDImagVolume_W2_A": -0.0412513134,
  "KDImagSurface_D1_0": 15.7078683395,
  "KDImagSurface_D1_asymm": 2.9259680722,
  "KDImagSurface_D2_0": -0.0116355923,
  "KDImagSurface_D2_A": 0.0326381806,
  "KDImagSurface_D2_A2": 7.5472734557,
  "KDImagSurface_D2_A3": -8.3158718201,
  "KDImagSurface_D3_0": 11.1186007476,
  "KDImagSurface_r_0": 1.3166563357,
  "KDImagSurface_r_A": 0.0206170598,
  "KDImagSurface_a_0_n": 0.5208219787,
  "KDImagSurface_a_A_n": -0.0001709965,
  "KDImagSurface_a_0_p": 0.5749050582,
  "KDImagSurface_a_A_p": 0.0014891119
}