{
  "KDHartreeFock_V1_0": 58.037445755,
  "KDHartreeFock_V1_asymm": 15.4471633154,
  "KDHartreeFock_V1_A": 0.0290161894,
  "KDHartreeFock_V2_0_n": 0.0066004334,
  "KDHartreeFock_V2_A_n": 7.1587e-06,
  "KDHartreeFock_V3_0_n": 1.48032e-05,
  "KDHartreeFock_V3_A_n": 2.0591e-06,
  "KDHartreeFock_V2_0_p": 0.0057858349,
  "KDHartreeFock_V2_A_p": 1.39783e-05,
  "KDHartreeFock_V3_0_p": 6.5319e-06,
  "KDHartreeFock_V3_A_p": -2.011e-07,
  "KDHartreeFock_V4_0": 6.454e-07,
  "KDHartreeFock_r_0": 1.2950795791,
  "KDHartreeFock_r_A": 0.4622751877,
  "KDHartreeFock_a_0": 0.7221702124,
  "KDHartreeFock_a_A": 4.3757e-06,
  "KDCoulomb_r_C_0": 1.1786130339,
  "KDCoulomb_r_C_A": 1.4419468026,
  "KDCoulomb_r_C_A2": 8.820164623,
  "KDRealSpinOrbit_V1_0": 5.2807889341,
  "KDRealSpinOrbit_V1_A": -0.0059027067,
  "KDRealSpinOrbit_V2_0": 0.0017601246,
  "KDRealSpinOrbit_r_0": 1.2056132309,
  "KDRealSpinOrbit_r_A": 0.7075787435,
  "KDRealSpinOrbit_a_0": 0.5882799594,
  "KDImagSpinOrbit_W1_0": -3.6045231032,
  "KDImagSpinOrbit_W2_0": 226.739090409,
  "KDImagVolume_W1_0_n": 16.9057883871,
  "KDImagVolume_W1_A_n": 0.0371824783,
  "KDImagVolume_W1_0_p": 19.0171421431,
  "KDImagVolume_W1_A_p": 0.0719443473,
  "KDImagVolume_W2_0": 90.5645540584,
  "KDImagVolume_W2_A": 0.3061172162,
  "KDImagSurface_D1_0": 23.5793709083,
  "KDImagSurface_D1_asymm": 13.0035769303,
  "KDImagSurface_D2_0": 0.0572231592,
  "KDImagSurface_D2_A": -0.0231238142,
  "KDImagSurface_D2_A2": -0.8605971813,
  "KDImagSurface_D2_A3": -34.4409529486,
  "KDImagSurface_D3_0": 17.9793146356,
  "KDImagSurface_r_0": 1.3344150306,
  "KDImagSurface_r_A": 0.0092829339,
  "KDImagSurface_a_0_n": 0.5812610671,
  "KDImagSurface_a_A_n": 0.0003596884,
  "KDImagSurface_a_0_p": 0.5127410107,
  "KDImagSurface_a_A_p": 0.001082274
}