{
  "KDHartreeFock_V1_0": 60.0752917331,
  "KDHartreeFock_V1_asymm": 7.944918564,
  "KDHartreeFock_V1_A": 0.040821297,
  "KDHartreeFock_V2_0_n": 0.0065852592,
  "KDHartreeFock_V2_A_n": -4.0471e-06,
  "KDHartreeFock_V3_0_n": 1.20769e-05,
  "KDHartreeFock_V3_A_n": -7.64e-08,
  "KDHartreeFock_V2_0_p": 0.0076931777,
  "KDHartreeFock_V2_A_p": -3.8803e-06,
  "KDHartreeFock_V3_0_p": 2.18794e-05,
  "KDHartreeFock_V3_A_p": -1.1129e-06,
  "KDHartreeFock_V4_0": -2.6673e-06,
  "KDHartreeFock_r_0": 1.3326226345,
  "KDHartreeFock_r_A": 0.6154377532,
  "KDHartreeFock_a_0": 0.7285859816,
  "KDHartreeFock_a_A": 0.0002363794,
  "KDCoulomb_r_C_0": 1.2071214211,
  "KDCoulomb_r_C_A": -0.5425697882,
  "KDCoulomb_r_C_A2": 22.3293848099,
  "KDRealSpinOrbit_V1_0": 6.5063766238,
  "KDRealSpinOrbit_V1_A": -0.0025946065,
  "KDRealSpinOrbit_V2_0": 0.0081638145,
  "KDRealSpinOrbit_r_0": 1.2500037812,
  "KDRealSpinOrbit_r_A": 0.7655702742,
  "KDRealSpinOrbit_a_0": 0.586139738,
  "KDImagSpinOrbit_W1_0": -1.4019100144,
  "KDImagSpinOrbit_W2_0": 353.7983818583,
  "KDImagVolume_W1_0_n": 22.2467041766,
  "KDImagVolume_W1_A_n": -0.0348263278,
  "KDImagVolume_W1_0_p": 16.1162515142,
  "KDImagVolume_W1_A_p": 0.0227671606,
  "KDImagVolume_W2_0": 95.1026134148,
  "KDImagVolume_W2_A": -0.0861177915,
  "KDImagSurface_D1_0": 16.1072759594,
  "KDImagSurface_D1_asymm": -1.9170262029,
  "KDImagSurface_D2_0": 0.0272190803,
  "KDImagSurface_D2_A": -0.0027664316,
  "KDImagSurface_D2_A2": 16.6449169506,
  "KDImagSurface_D2_A3": 576.7554024486,
  "KDImagSurface_D3_0": 12.3770575163,
  "KDImagSurface_r_0": 1.4807203708,
  "KDImagSurface_r_A": 0.0488555383,
  "KDImagSurface_a_0_n": 0.5255681398,
  "KDImagSurface_a_A_n": -0.0004102378,
  "KDImagSurface_a_0_p": 0.495996222,
  "KDImagSurface_a_A_p": 0.0017910569
}