{
  "KDHartreeFock_V1_0": 58.782834757,
  "KDHartreeFock_V1_asymm": 17.2463266409,
  "KDHartreeFock_V1_A": 0.0182418895,
  "KDHartreeFock_V2_0_n": 0.0058451948,
  "KDHartreeFock_V2_A_n": 4.2887e-06,
  "KDHartreeFock_V3_0_n": 4.2189e-06,
  "KDHartreeFock_V3_A_n": -2.7618e-06,
  "KDHartreeFock_V2_0_p": 0.0066507177,
  "KDHartreeFock_V2_A_p": -3.051e-07,
  "KDHartreeFock_V3_0_p": 4.5988e-06,
  "KDHartreeFock_V3_A_p": -2.0593e-06,
  "KDHartreeFock_V4_0": -5.273e-07,
  "KDHartreeFock_r_0": 1.2313848602,
  "KDHartreeFock_r_A": 0.2031147768,
  "KDHartreeFock_a_0": 0.6489905601,
  "KDHartreeFock_a_A": -0.0003923674,
  "KDCoulomb_r_C_0": 1.1864563389,
  "KDCoulomb_r_C_A": 0.1557454904,
  "KDCoulomb_r_C_A2": -0.7826901685,
  "KDRealSpinOrbit_V1_0": 6.2163346916,
  "KDRealSpinOrbit_V1_A": -0.0053385839,
  "KDRealSpinOrbit_V2_0": 0.0073603532,
  "KDRealSpinOrbit_r_0": 1.1531248876,
  "KDRealSpinOrbit_r_A": 0.3443063533,
  "KDRealSpinOrbit_a_0": 0.546096209,
  "KDImagSpinOrbit_W1_0": -4.8310805349,
  "KDImagSpinOrbit_W2_0": 341.3330343918,
  "KDImagVolume_W1_0_n": 20.0167642139,
  "KDImagVolume_W1_A_n": 0.0101297613,
  "KDImagVolume_W1_0_p": 10.7528563098,
  "KDImagVolume_W1_A_p": 0.0414776248,
  "KDImagVolume_W2_0": 92.0025375739,
  "KDImagVolume_W2_A": -0.0709613622,
  "KDImagSurface_D1_0": 15.0280176592,
  "KDImagSurface_D1_asymm": 1.116453755,
  "KDImagSurface_D2_0": 0.0060068121,
  "KDImagSurface_D2_A": 0.0146722767,
  "KDImagSurface_D2_A2": 12.7154766705,
  "KDImagSurface_D2_A3": 243.536592295,
  "KDImagSurface_D3_0": 12.5917570968,
  "KDImagSurface_r_0": 1.3722172589,
  "KDImagSurface_r_A": 0.0239996508,
  "KDImagSurface_a_0_n": 0.5234832985,
  "KDImagSurface_a_A_n": 4.33098e-05,
  "KDImagSurface_a_0_p": 0.4922132282,
  "KDImagSurface_a_A_p": 0.0016032778
}