{
  "KDHartreeFock_V1_0": 57.3531145927,
  "KDHartreeFock_V1_asymm": 11.3861674882,
  "KDHartreeFock_V1_A": 0.0220603957,
  "KDHartreeFock_V2_0_n": 0.0066375141,
  "KDHartreeFock_V2_A_n": 1.936e-06,
  "KDHartreeFock_V3_0_n": 1.13302e-05,
  "KDHartreeFock_V3_A_n": -8.267e-07,
  "KDHartreeFock_V2_0_p": 0.0056030281,
  "KDHartreeFock_V2_A_p": 1.01605e-05,
  "KDHartreeFock_V3_0_p": 6.8692e-06,
  "KDHartreeFock_V3_A_p": -6.466e-07,
  "KDHartreeFock_V4_0": 1.147e-07,
  "KDHartreeFock_r_0": 1.3114989936,
  "KDHartreeFock_r_A": 0.5287518528,
  "KDHartreeFock_a_0": 0.7200650548,
  "KDHartreeFock_a_A": 0.0002923973,
  "KDCoulomb_r_C_0": 1.0751782931,
  "KDCoulomb_r_C_A": 1.47497025,
  "KDCoulomb_r_C_A2": 0.3262777734,
  "KDRealSpinOrbit_V1_0": 5.3766644628,
  "KDRealSpinOrbit_V1_A": 0.0034775346,
  "KDRealSpinOrbit_V2_0": 0.0015448065,
  "KDRealSpinOrbit_r_0": 1.2077527413,
  "KDRealSpinOrbit_r_A": 0.7732350208,
  "KDRealSpinOrbit_a_0": 0.6196882363,
  "KDImagSpinOrbit_W1_0": -2.4691455248,
  "KDImagSpinOrbit_W2_0": 91.0398884444,
  "KDImagVolume_W1_0_n": 19.3750680545,
  "KDImagVolume_W1_A_n": -0.0252817791,
  "KDImagVolume_W1_0_p": 27.465856631,
  "KDImagVolume_W1_A_p": -0.0493221224,
  "KDImagVolume_W2_0": 129.3261562923,
  "KDImagVolume_W2_A": -0.3346137403,
  "KDImagSurface_D1_0": 16.8349868942,
  "KDImagSurface_D1_asymm": 9.7864300918,
  "KDImagSurface_D2_0": 0.0219692407,
  "KDImagSurface_D2_A": 0.0054971845,
  "KDImagSurface_D2_A2": 4.3353901982,
  "KDImagSurface_D2_A3": 131.4285151814,
  "KDImagSurface_D3_0": 13.7895537532,
  "KDImagSurface_r_0": 1.4094272536,
  "KDImagSurface_r_A": 0.0303523609,
  "KDImagSurface_a_0_n": 0.5760204239,
  "KDImagSurface_a_A_n": 0.0004194722,
  "KDImagSurface_a_0_p": 0.4928719698,
  "KDImagSurface_a_A_p": 0.0015009835
}