{
  "KDHartreeFock_V1_0": 60.7044474505,
  "KDHartreeFock_V1_asymm": 14.8014220994,
  "KDHartreeFock_V1_A": 0.0199167965,
  "KDHartreeFock_V2_0_n": 0.0061763627,
  "KDHartreeFock_V2_A_n": 5.7763e-06,
  "KDHartreeFock_V3_0_n": 1.28843e-05,
  "KDHartreeFock_V3_A_n": 7.695e-07,
  "KDHartreeFock_V2_0_p": 0.007346354,
  "KDHartreeFock_V2_A_p": -9.051e-06,
  "KDHartreeFock_V3_0_p": 2.39309e-05,
  "KDHartreeFock_V3_A_p": -1.1877e-06,
  "KDHartreeFock_V4_0": 4.4896e-06,
  "KDHartreeFock_r_0": 1.1883797874,
  "KDHartreeFock_r_A": 0.1542650807,
  "KDHartreeFock_a_0": 0.6895003446,
  "KDHartreeFock_a_A": -0.0002578993,
  "KDCoulomb_r_C_0": 1.1364564599,
  "KDCoulomb_r_C_A": 1.6883594767,
  "KDCoulomb_r_C_A2": 15.9547042811,
  "KDRealSpinOrbit_V1_0": 7.5795659854,
  "KDRealSpinOrbit_V1_A": -0.0126562522,
  "KDRealSpinOrbit_V2_0": 0.0077829682,
  "KDRealSpinOrbit_r_0": 1.1111024043,
  "KDRealSpinOrbit_r_A": 0.4545034081,
  "KDRealSpinOrbit_a_0": 0.5565026725,
  "KDImagSpinOrbit_W1_0": -1.3388204272,
  "KDImagSpinOrbit_W2_0": 51.493236876,
  "KDImagVolume_W1_0_n": 20.353948765,
  "KDImagVolume_W1_A_n": 0.0417803553,
  "KDImagVolume_W1_0_p": 23.512310265,
  "KDImagVolume_W1_A_p": 0.0936712385,
  "KDImagVolume_W2_0": 128.6375045734,
  "KDImagVolume_W2_A": 0.0878435872,
  "KDImagSurface_D1_0": 23.4913967789,
  "KDImagSurface_D1_asymm": 26.3782719415,
  "KDImagSurface_D2_0": 0.062935358,
  "KDImagSurface_D2_A": -0.0315593861,
  "KDImagSurface_D2_A2": 12.7014321352,
  "KDImagSurface_D2_A3": 370.1324633612,
  "KDImagSurface_D3_0": 15.3258494694,
  "KDImagSurface_r_0": 1.4109952597,
  "KDImagSurface_r_A": 0.0301816081,
  "KDImagSurface_a_0_n": 0.5161234935,
  "KDImagSurface_a_A_n": 9.5461e-06,
  "KDImagSurface_a_0_p": 0.4848869395,
  "KDImagSurface_a_A_p": 0.0009083822
}