{
  "KDHartreeFock_V1_0": 57.1869722712,
  "KDHartreeFock_V1_asymm": 14.5008950396,
  "KDHartreeFock_V1_A": 0.008995391,
  "KDHartreeFock_V2_0_n": 0.0078648891,
  "KDHartreeFock_V2_A_n": 1.7558e-06,
  "KDHartreeFock_V3_0_n": 2.68922e-05,
  "KDHartreeFock_V3_A_n": 3.345e-07,
  "KDHartreeFock_V2_0_p": 0.008446484,
  "KDHartreeFock_V2_A_p": 2.3639e-06,
  "KDHartreeFock_V3_0_p": 3.45912e-05,
  "KDHartreeFock_V3_A_p": -2.207e-06,
  "KDHartreeFock_V4_0": -1.867e-06,
  "KDHartreeFock_r_0": 1.2638655463,
  "KDHartreeFock_r_A": 0.2367378294,
  "KDHartreeFock_a_0": 0.6945387805,
  "KDHartreeFock_a_A": 7.88493e-05,
  "KDCoulomb_r_C_0": 1.0954946974,
  "KDCoulomb_r_C_A": 0.0433703471,
  "KDCoulomb_r_C_A2": 37.019417787,
  "KDRealSpinOrbit_V1_0": 7.0030389302,
  "KDRealSpinOrbit_V1_A": -0.0006131903,
  "KDRealSpinOrbit_V2_0": 0.0098028701,
  "KDRealSpinOrbit_r_0": 1.3476628524,
  "KDRealSpinOrbit_r_A": 1.3256352762,
  "KDRealSpinOrbit_a_0": 0.5479213097,
  "KDImagSpinOrbit_W1_0": -1.4763985827,
  "KDImagSpinOrbit_W2_0": -18.2893845874,
  "KDImagVolume_W1_0_n": 19.3130120055,
  "KDImagVolume_W1_A_n": 0.0231652029,
  "KDImagVolume_W1_0_p": 15.6230680828,
  "KDImagVolume_W1_A_p": 0.0654830933,
  "KDImagVolume_W2_0": 121.5822075823,
  "KDImagVolume_W2_A": -0.0322390249,
  "KDImagSurface_D1_0": 18.811744995,
  "KDImagSurface_D1_asymm": 28.4662129269,
  "KDImagSurface_D2_0": 0.0671301693,
  "KDImagSurface_D2_A": -0.0381548032,
  "KDImagSurface_D2_A2": 23.1262281088,
  "KDImagSurface_D2_A3": 639.8296715235,
  "KDImagSurface_D3_0": 10.7185113131,
  "KDImagSurface_r_0": 1.4100628881,
  "KDImagSurface_r_A": 0.0358386508,
  "KDImagSurface_a_0_n": 0.4963853557,
  "KDImagSurface_a_A_n": -5.91631e-05,
  "KDImagSurface_a_0_p": 0.4256999792,
  "KDImagSurface_a_A_p": 0.001650275
}