{
  "KDHartreeFock_V1_0": 58.0228939682,
  "KDHartreeFock_V1_asymm": 12.2929311311,
  "KDHartreeFock_V1_A": 0.0165906644,
  "KDHartreeFock_V2_0_n": 0.0052970769,
  "KDHartreeFock_V2_A_n": 2.453e-07,
  "KDHartreeFock_V3_0_n": 7.0073e-06,
  "KDHartreeFock_V3_A_n": 1.6847e-06,
  "KDHartreeFock_V2_0_p": 0.0051011334,
  "KDHartreeFock_V2_A_p": 1.2943e-06,
  "KDHartreeFock_V3_0_p": 1.17092e-05,
  "KDHartreeFock_V3_A_p": -1.0094e-06,
  "KDHartreeFock_V4_0": 2.898e-07,
  "KDHartreeFock_r_0": 1.286525013,
  "KDHartreeFock_r_A": 0.4859723773,
  "KDHartreeFock_a_0": 0.7187484393,
  "KDHartreeFock_a_A": 0.0004034378,
  "KDCoulomb_r_C_0": 0.8410213516,
  "KDCoulomb_r_C_A": 0.164614693,
  "KDCoulomb_r_C_A2": -7.0455906792,
  "KDRealSpinOrbit_V1_0": 5.8272416422,
  "KDRealSpinOrbit_V1_A": 0.0124780889,
  "KDRealSpinOrbit_V2_0": 0.0127801759,
  "KDRealSpinOrbit_r_0": 1.1679191296,
  "KDRealSpinOrbit_r_A": 0.461056178,
  "KDRealSpinOrbit_a_0": 0.5632014401,
  "KDImagSpinOrbit_W1_0": -6.7701586294,
  "KDImagSpinOrbit_W2_0": 116.6889759781,
  "KDImagVolume_W1_0_n": 22.7608743132,
  "KDImagVolume_W1_A_n": 0.0343627704,
  "KDImagVolume_W1_0_p": 22.8745317876,
  "KDImagVolume_W1_A_p": 0.0951204592,
  "KDImagVolume_W2_0": 131.7537026874,
  "KDImagVolume_W2_A": -0.1368491242,
  "KDImagSurface_D1_0": 15.7363583571,
  "KDImagSurface_D1_asymm": 21.0676637403,
  "KDImagSurface_D2_0": 0.007632777,
  "KDImagSurface_D2_A": 0.0182561412,
  "KDImagSurface_D2_A2": 6.0178546767,
  "KDImagSurface_D2_A3": 286.7741917272,
  "KDImagSurface_D3_0": 15.2226411516,
  "KDImagSurface_r_0": 1.3304715525,
  "KDImagSurface_r_A": 0.0039084187,
  "KDImagSurface_a_0_n": 0.5770606009,
  "KDImagSurface_a_A_n": 6.93132e-05,
  "KDImagSurface_a_0_p": 0.4949205633,
  "KDImagSurface_a_A_p": 0.0016860754
}