{
  "KDHartreeFock_V1_0": 58.8427149037,
  "KDHartreeFock_V1_asymm": 16.0071570432,
  "KDHartreeFock_V1_A": 0.0211928721,
  "KDHartreeFock_V2_0_n": 0.0060127807,
  "KDHartreeFock_V2_A_n": 4.5006e-06,
  "KDHartreeFock_V3_0_n": 9.6345e-06,
  "KDHartreeFock_V3_A_n": 8.236e-07,
  "KDHartreeFock_V2_0_p": 0.0089038739,
  "KDHartreeFock_V2_A_p": -1.08805e-05,
  "KDHartreeFock_V3_0_p": 2.61173e-05,
  "KDHartreeFock_V3_A_p": 5.685e-07,
  "KDHartreeFock_V4_0": 3.2727e-06,
  "KDHartreeFock_r_0": 1.2427699063,
  "KDHartreeFock_r_A": 0.251735333,
  "KDHartreeFock_a_0": 0.668226474,
  "KDHartreeFock_a_A": -2.18139e-05,
  "KDCoulomb_r_C_0": 1.3864450624,
  "KDCoulomb_r_C_A": 0.4349806751,
  "KDCoulomb_r_C_A2": -0.9137086438,
  "KDRealSpinOrbit_V1_0": 4.9474388527,
  "KDRealSpinOrbit_V1_A": 0.0072373113,
  "KDRealSpinOrbit_V2_0": 0.001011931,
  "KDRealSpinOrbit_r_0": 1.1264381241,
  "KDRealSpinOrbit_r_A": 0.5186463641,
  "KDRealSpinOrbit_a_0": 0.6374819483,
  "KDImagSpinOrbit_W1_0": -2.2858466656,
  "KDImagSpinOrbit_W2_0": 177.1278122758,
  "KDImagVolume_W1_0_n": 17.4112546819,
  "KDImagVolume_W1_A_n": 0.0437740054,
  "KDImagVolume_W1_0_p": 15.0113058792,
  "KDImagVolume_W1_A_p": 0.087051296,
  "KDImagVolume_W2_0": 80.7544076015,
  "KDImagVolume_W2_A": 0.3899114553,
  "KDImagSurface_D1_0": 17.4423209555,
  "KDImagSurface_D1_asymm": 25.8685970208,
  "KDImagSurface_D2_0": 0.0165562359,
  "KDImagSurface_D2_A": 0.0181643833,
  "KDImagSurface_D2_A2": 13.2489385451,
  "KDImagSurface_D2_A3": 56.9923233766,
  "KDImagSurface_D3_0": 13.5376396318,
  "KDImagSurface_r_0": 1.4503719434,
  "KDImagSurface_r_A": 0.0462627323,
  "KDImagSurface_a_0_n": 0.5556649618,
  "KDImagSurface_a_A_n": -0.0014088794,
  "KDImagSurface_a_0_p": 0.537693659,
  "KDImagSurface_a_A_p": 0.0023298251
}