{
  "KDHartreeFock_V1_0": 59.3005084891,
  "KDHartreeFock_V1_asymm": 23.6568386527,
  "KDHartreeFock_V1_A": 0.013123915,
  "KDHartreeFock_V2_0_n": 0.0054725527,
  "KDHartreeFock_V2_A_n": -5.363e-07,
  "KDHartreeFock_V3_0_n": 3.8425e-06,
  "KDHartreeFock_V3_A_n": 4.5e-08,
  "KDHartreeFock_V2_0_p": 0.006832624,
  "KDHartreeFock_V2_A_p": 4.9802e-06,
  "KDHartreeFock_V3_0_p": 1.28815e-05,
  "KDHartreeFock_V3_A_p": -3.2926e-06,
  "KDHartreeFock_V4_0": -8.058e-07,
  "KDHartreeFock_r_0": 1.2340708697,
  "KDHartreeFock_r_A": 0.2878812316,
  "KDHartreeFock_a_0": 0.679672841,
  "KDHartreeFock_a_A": -9.36029e-05,
  "KDCoulomb_r_C_0": 1.163615174,
  "KDCoulomb_r_C_A": 0.6109468209,
  "KDCoulomb_r_C_A2": 30.8541194426,
  "KDRealSpinOrbit_V1_0": 4.4065630302,
  "KDRealSpinOrbit_V1_A": 0.0129270175,
  "KDRealSpinOrbit_V2_0": 0.0039286059,
  "KDRealSpinOrbit_r_0": 1.1215841917,
  "KDRealSpinOrbit_r_A": 0.5704993125,
  "KDRealSpinOrbit_a_0": 0.5696124295,
  "KDImagSpinOrbit_W1_0": -4.2610181947,
  "KDImagSpinOrbit_W2_0": 133.6338936396,
  "KDImagVolume_W1_0_n": 23.0825228898,
  "KDImagVolume_W1_A_n": -0.0317036555,
  "KDImagVolume_W1_0_p": 27.2232854279,
  "KDImagVolume_W1_A_p": 0.0174677783,
  "KDImagVolume_W2_0": 109.6556000222,
  "KDImagVolume_W2_A": -0.1290213312,
  "KDImagSurface_D1_0": 21.5914778425,
  "KDImagSurface_D1_asymm": 11.7325043426,
  "KDImagSurface_D2_0": -0.0068316621,
  "KDImagSurface_D2_A": 0.0388564962,
  "KDImagSurface_D2_A2": 21.5868164296,
  "KDImagSurface_D2_A3": 373.8430064386,
  "KDImagSurface_D3_0": 17.9156681089,
  "KDImagSurface_r_0": 1.3587756856,
  "KDImagSurface_r_A": 0.0199210956,
  "KDImagSurface_a_0_n": 0.6130010153,
  "KDImagSurface_a_A_n": -0.0001034897,
  "KDImagSurface_a_0_p": 0.543566782,
  "KDImagSurface_a_A_p": 0.0020752291
}