{
  "KDHartreeFock_V1_0": 55.9465513442,
  "KDHartreeFock_V1_asymm": 17.0455751586,
  "KDHartreeFock_V1_A": 0.0123683096,
  "KDHartreeFock_V2_0_n": 0.005776688,
  "KDHartreeFock_V2_A_n": 8.1276e-06,
  "KDHartreeFock_V3_0_n": 6.4007e-06,
  "KDHartreeFock_V3_A_n": 1.4344e-06,
  "KDHartreeFock_V2_0_p": 0.0070751455,
  "KDHartreeFock_V2_A_p": 2.7342e-06,
  "KDHartreeFock_V3_0_p": 1.41172e-05,
  "KDHartreeFock_V3_A_p": 2.3566e-06,
  "KDHartreeFock_V4_0": -1.1441e-06,
  "KDHartreeFock_r_0": 1.2624063247,
  "KDHartreeFock_r_A": 0.2719091969,
  "KDHartreeFock_a_0": 0.7108361241,
  "KDHartreeFock_a_A": 0.0001469556,
  "KDCoulomb_r_C_0": 1.1040263225,
  "KDCoulomb_r_C_A": 0.9211507843,
  "KDCoulomb_r_C_A2": 9.7337388413,
  "KDRealSpinOrbit_V1_0": 6.2893222971,
  "KDRealSpinOrbit_V1_A": 6.53716e-05,
  "KDRealSpinOrbit_V2_0": 0.0062584126,
  "KDRealSpinOrbit_r_0": 1.226486385,
  "KDRealSpinOrbit_r_A": 0.9114796596,
  "KDRealSpinOrbit_a_0": 0.6239678815,
  "KDImagSpinOrbit_W1_0": -1.6516081195,
  "KDImagSpinOrbit_W2_0": 78.3973454229,
  "KDImagVolume_W1_0_n": 17.0947502161,
  "KDImagVolume_W1_A_n": 0.0194449849,
  "KDImagVolume_W1_0_p": 21.0117627035,
  "KDImagVolume_W1_A_p": -0.0009120431,
  "KDImagVolume_W2_0": 78.6896500051,
  "KDImagVolume_W2_A": 0.1891655165,
  "KDImagSurface_D1_0": 28.946061564,
  "KDImagSurface_D1_asymm": 18.6995747958,
  "KDImagSurface_D2_0": 0.0230832598,
  "KDImagSurface_D2_A": 0.0209633806,
  "KDImagSurface_D2_A2": 5.4439352941,
  "KDImagSurface_D2_A3": -32.8916313351,
  "KDImagSurface_D3_0": 19.2005341025,
  "KDImagSurface_r_0": 1.3605705923,
  "KDImagSurface_r_A": 0.0202894501,
  "KDImagSurface_a_0_n": 0.4946207465,
  "KDImagSurface_a_A_n": -0.0001057055,
  "KDImagSurface_a_0_p": 0.5056258843,
  "KDImagSurface_a_A_p": 0.0012023035
}