{
  "KDHartreeFock_V1_0": 58.4158308217,
  "KDHartreeFock_V1_asymm": 15.3260252944,
  "KDHartreeFock_V1_A": 0.0336483769,
  "KDHartreeFock_V2_0_n": 0.0061043722,
  "KDHartreeFock_V2_A_n": 8.355e-07,
  "KDHartreeFock_V3_0_n": 5.7325e-06,
  "KDHartreeFock_V3_A_n": -1.6448e-06,
  "KDHartreeFock_V2_0_p": 0.0079958078,
  "KDHartreeFock_V2_A_p": -4.3911e-06,
  "KDHartreeFock_V3_0_p": 1.4748e-05,
  "KDHartreeFock_V3_A_p": -9.57e-07,
  "KDHartreeFock_V4_0": 1.2189e-06,
  "KDHartreeFock_r_0": 1.3110332673,
  "KDHartreeFock_r_A": 0.4596604396,
  "KDHartreeFock_a_0": 0.6992108038,
  "KDHartreeFock_a_A": 0.000131122,
  "KDCoulomb_r_C_0": 1.049015175,
  "KDCoulomb_r_C_A": -0.16806099,
  "KDCoulomb_r_C_A2": 32.5723862969,
  "KDRealSpinOrbit_V1_0": 7.1051668894,
  "KDRealSpinOrbit_V1_A": -0.0166798772,
  "KDRealSpinOrbit_V2_0": 0.0029517736,
  "KDRealSpinOrbit_r_0": 1.2134705024,
  "KDRealSpinOrbit_r_A": 0.5259733005,
  "KDRealSpinOrbit_a_0": 0.6455555975,
  "KDImagSpinOrbit_W1_0": -0.5266084834,
  "KDImagSpinOrbit_W2_0": 230.7811052443,
  "KDImagVolume_W1_0_n": 16.3371228962,
  "KDImagVolume_W1_A_n": -0.0357007498,
  "KDImagVolume_W1_0_p": 10.1466131251,
  "KDImagVolume_W1_A_p": -0.0456596132,
  "KDImagVolume_W2_0": 32.9204746174,
  "KDImagVolume_W2_A": 0.0306420967,
  "KDImagSurface_D1_0": 20.3967920876,
  "KDImagSurface_D1_asymm": 28.5806735733,
  "KDImagSurface_D2_0": 0.0599318498,
  "KDImagSurface_D2_A": -0.0347864906,
  "KDImagSurface_D2_A2": 8.0591544489,
  "KDImagSurface_D2_A3": 266.1574594755,
  "KDImagSurface_D3_0": 14.6047964527,
  "KDImagSurface_r_0": 1.360566194,
  "KDImagSurface_r_A": 0.0121661385,
  "KDImagSurface_a_0_n": 0.4751402451,
  "KDImagSurface_a_A_n": -0.0003854328,
  "KDImagSurface_a_0_p": 0.4882651864,
  "KDImagSurface_a_A_p": 0.0011018274
}