{
  "KDHartreeFock_V1_0": 57.73462361,
  "KDHartreeFock_V1_asymm": 14.0242990265,
  "KDHartreeFock_V1_A": 0.0221217888,
  "KDHartreeFock_V2_0_n": 0.006005214,
  "KDHartreeFock_V2_A_n": -1.3843e-06,
  "KDHartreeFock_V3_0_n": 6.5328e-06,
  "KDHartreeFock_V3_A_n": 6.727e-07,
  "KDHartreeFock_V2_0_p": 0.0083157534,
  "KDHartreeFock_V2_A_p": -4.995e-06,
  "KDHartreeFock_V3_0_p": 2.95927e-05,
  "KDHartreeFock_V3_A_p": -8.488e-07,
  "KDHartreeFock_V4_0": -5.098e-07,
  "KDHartreeFock_r_0": 1.2613026238,
  "KDHartreeFock_r_A": 0.2365648722,
  "KDHartreeFock_a_0": 0.6377943313,
  "KDHartreeFock_a_A": -0.000206171,
  "KDCoulomb_r_C_0": 1.0862011333,
  "KDCoulomb_r_C_A": 0.4654457013,
  "KDCoulomb_r_C_A2": 7.7056907437,
  "KDRealSpinOrbit_V1_0": 5.4968692215,
  "KDRealSpinOrbit_V1_A": 0.0190881679,
  "KDRealSpinOrbit_V2_0": 0.0115634787,
  "KDRealSpinOrbit_r_0": 1.208944995,
  "KDRealSpinOrbit_r_A": 0.5913615883,
  "KDRealSpinOrbit_a_0": 0.5037055263,
  "KDImagSpinOrbit_W1_0": -3.9971240315,
  "KDImagSpinOrbit_W2_0": 53.3277482542,
  "KDImagVolume_W1_0_n": 32.1124958941,
  "KDImagVolume_W1_A_n": -0.0851636171,
  "KDImagVolume_W1_0_p": 18.068807881,
  "KDImagVolume_W1_A_p": 0.0353609983,
  "KDImagVolume_W2_0": 145.4954512559,
  "KDImagVolume_W2_A": -0.3604892053,
  "KDImagSurface_D1_0": 13.4519171558,
  "KDImagSurface_D1_asymm": -1.9745701916,
  "KDImagSurface_D2_0": -0.0203885643,
  "KDImagSurface_D2_A": 0.043496275,
  "KDImagSurface_D2_A2": 13.266165364,
  "KDImagSurface_D2_A3": 486.9253738194,
  "KDImagSurface_D3_0": 13.3738492009,
  "KDImagSurface_r_0": 1.2910588217,
  "KDImagSurface_r_A": 0.0052909568,
  "KDImagSurface_a_0_n": 0.4779662142,
  "KDImagSurface_a_A_n": -0.0006126867,
  "KDImagSurface_a_0_p": 0.5711490737,
  "KDImagSurface_a_A_p": -7.38297e-05
}