{
  "KDHartreeFock_V1_0": 58.3396403754,
  "KDHartreeFock_V1_asymm": 17.304950311,
  "KDHartreeFock_V1_A": 0.0158092349,
  "KDHartreeFock_V2_0_n": 0.0056087578,
  "KDHartreeFock_V2_A_n": -2.9348e-06,
  "KDHartreeFock_V3_0_n": 6.0153e-06,
  "KDHartreeFock_V3_A_n": 5.151e-07,
  "KDHartreeFock_V2_0_p": 0.0066594737,
  "KDHartreeFock_V2_A_p": 1.63e-06,
  "KDHartreeFock_V3_0_p": 1.49834e-05,
  "KDHartreeFock_V3_A_p": 8.103e-07,
  "KDHartreeFock_V4_0": 8.469e-07,
  "KDHartreeFock_r_0": 1.2496668894,
  "KDHartreeFock_r_A": 0.3528750533,
  "KDHartreeFock_a_0": 0.6853605661,
  "KDHartreeFock_a_A": -8.19348e-05,
  "KDCoulomb_r_C_0": 1.1544517308,
  "KDCoulomb_r_C_A": 1.4365179895,
  "KDCoulomb_r_C_A2": -11.4472115508,
  "KDRealSpinOrbit_V1_0": 6.4301670696,
  "KDRealSpinOrbit_V1_A": 0.0107868637,
  "KDRealSpinOrbit_V2_0": 0.0087594012,
  "KDRealSpinOrbit_r_0": 1.2581586198,
  "KDRealSpinOrbit_r_A": 0.9398721983,
  "KDRealSpinOrbit_a_0": 0.5563414766,
  "KDImagSpinOrbit_W1_0": -3.3643474645,
  "KDImagSpinOrbit_W2_0": 204.8441802003,
  "KDImagVolume_W1_0_n": 21.6037275117,
  "KDImagVolume_W1_A_n": 0.0415224385,
  "KDImagVolume_W1_0_p": 30.0028172061,
  "KDImagVolume_W1_A_p": 0.0667921627,
  "KDImagVolume_W2_0": 136.2705647389,
  "KDImagVolume_W2_A": -0.0598874479,
  "KDImagSurface_D1_0": 23.2868890652,
  "KDImagSurface_D1_asymm": 0.6445017994,
  "KDImagSurface_D2_0": -0.0048522981,
  "KDImagSurface_D2_A": 0.0380817156,
  "KDImagSurface_D2_A2": 11.7167882808,
  "KDImagSurface_D2_A3": 404.0755315465,
  "KDImagSurface_D3_0": 18.3323147538,
  "KDImagSurface_r_0": 1.2751299788,
  "KDImagSurface_r_A": 0.0012561512,
  "KDImagSurface_a_0_n": 0.5975937075,
  "KDImagSurface_a_A_n": 0.000440056,
  "KDImagSurface_a_0_p": 0.5705866243,
  "KDImagSurface_a_A_p": 0.0004382878
}