{
  "KDHartreeFock_V1_0": 58.3599626498,
  "KDHartreeFock_V1_asymm": 16.8526387599,
  "KDHartreeFock_V1_A": 0.0179791301,
  "KDHartreeFock_V2_0_n": 0.0047255347,
  "KDHartreeFock_V2_A_n": -3.2573e-06,
  "KDHartreeFock_V3_0_n": -1.7292e-06,
  "KDHartreeFock_V3_A_n": -4.293e-07,
  "KDHartreeFock_V2_0_p": 0.0069330895,
  "KDHartreeFock_V2_A_p": 4.652e-06,
  "KDHartreeFock_V3_0_p": 1.54858e-05,
  "KDHartreeFock_V3_A_p": 4.36e-08,
  "KDHartreeFock_V4_0": 1.87e-07,
  "KDHartreeFock_r_0": 1.2754337375,
  "KDHartreeFock_r_A": 0.3943831328,
  "KDHartreeFock_a_0": 0.7213305154,
  "KDHartreeFock_a_A": 0.0001805441,
  "KDCoulomb_r_C_0": 1.1720470652,
  "KDCoulomb_r_C_A": 0.6739040856,
  "KDCoulomb_r_C_A2": 26.8019532798,
  "KDRealSpinOrbit_V1_0": 4.7648319807,
  "KDRealSpinOrbit_V1_A": 0.0155270889,
  "KDRealSpinOrbit_V2_0": 0.0048575298,
  "KDRealSpinOrbit_r_0": 1.2431235141,
  "KDRealSpinOrbit_r_A": 1.0529622934,
  "KDRealSpinOrbit_a_0": 0.6016210916,
  "KDImagSpinOrbit_W1_0": -5.5326608647,
  "KDImagSpinOrbit_W2_0": 214.8347468459,
  "KDImagVolume_W1_0_n": 21.3387613812,
  "KDImagVolume_W1_A_n": 0.024450135,
  "KDImagVolume_W1_0_p": 23.6201407768,
  "KDImagVolume_W1_A_p": 0.0647693259,
  "KDImagVolume_W2_0": 96.5094059129,
  "KDImagVolume_W2_A": 0.3587202926,
  "KDImagSurface_D1_0": 30.0289149128,
  "KDImagSurface_D1_asymm": 14.660498287,
  "KDImagSurface_D2_0": 0.0303335679,
  "KDImagSurface_D2_A": 0.0102129854,
  "KDImagSurface_D2_A2": 11.1356569076,
  "KDImagSurface_D2_A3": 291.1620444423,
  "KDImagSurface_D3_0": 18.0677027477,
  "KDImagSurface_r_0": 1.4246195691,
  "KDImagSurface_r_A": 0.0436890787,
  "KDImagSurface_a_0_n": 0.5445370381,
  "KDImagSurface_a_A_n": -9.62049e-05,
  "KDImagSurface_a_0_p": 0.4663079468,
  "KDImagSurface_a_A_p": 0.0031797972
}