{
  "KDHartreeFock_V1_0": 56.5541212804,
  "KDHartreeFock_V1_asymm": 13.3432541161,
  "KDHartreeFock_V1_A": 0.0160492324,
  "KDHartreeFock_V2_0_n": 0.0048239547,
  "KDHartreeFock_V2_A_n": -4.4208e-06,
  "KDHartreeFock_V3_0_n": -3.179e-06,
  "KDHartreeFock_V3_A_n": 3.71e-07,
  "KDHartreeFock_V2_0_p": 0.0048858886,
  "KDHartreeFock_V2_A_p": 8.0672e-06,
  "KDHartreeFock_V3_0_p": -2.6059e-06,
  "KDHartreeFock_V3_A_p": -6.744e-07,
  "KDHartreeFock_V4_0": -5.863e-07,
  "KDHartreeFock_r_0": 1.3002000215,
  "KDHartreeFock_r_A": 0.4582585928,
  "KDHartreeFock_a_0": 0.6811439774,
  "KDHartreeFock_a_A": 0.0001413181,
  "KDCoulomb_r_C_0": 1.3704849338,
  "KDCoulomb_r_C_A": -0.0025134906,
  "KDCoulomb_r_C_A2": 8.719354706,
  "KDRealSpinOrbit_V1_0": 4.3864920334,
  "KDRealSpinOrbit_V1_A": 0.0011801427,
  "KDRealSpinOrbit_V2_0": -0.002036039,
  "KDRealSpinOrbit_r_0": 1.1208199399,
  "KDRealSpinOrbit_r_A": 0.4127891033,
  "KDRealSpinOrbit_a_0": 0.6640174537,
  "KDImagSpinOrbit_W1_0": -1.5973231066,
  "KDImagSpinOrbit_W2_0": 139.0709087568,
  "KDImagVolume_W1_0_n": 17.718617938,
  "KDImagVolume_W1_A_n": -0.0537431264,
  "KDImagVolume_W1_0_p": 25.1327041196,
  "KDImagVolume_W1_A_p": -0.0133449202,
  "KDImagVolume_W2_0": 99.6124102587,
  "KDImagVolume_W2_A": -0.3089388513,
  "KDImagSurface_D1_0": 20.2158835191,
  "KDImagSurface_D1_asymm": 10.3060939188,
  "KDImagSurface_D2_0": 0.0430582176,
  "KDImagSurface_D2_A": -0.017508712,
  "KDImagSurface_D2_A2": 16.712409116,
  "KDImagSurface_D2_A3": 102.6359218276,
  "KDImagSurface_D3_0": 17.4264485835,
  "KDImagSurface_r_0": 1.4259186623,
  "KDImagSurface_r_A": 0.0287714271,
  "KDImagSurface_a_0_n": 0.608159537,
  "KDImagSurface_a_A_n": 0.0002282647,
  "KDImagSurface_a_0_p": 0.4997636698,
  "KDImagSurface_a_A_p": 0.0008780772
}