{
  "KDHartreeFock_V1_0": 60.2004626481,
  "KDHartreeFock_V1_asymm": 14.1345695275,
  "KDHartreeFock_V1_A": 0.0317495068,
  "KDHartreeFock_V2_0_n": 0.0056863853,
  "KDHartreeFock_V2_A_n": 3.3703e-06,
  "KDHartreeFock_V3_0_n": 8.0495e-06,
  "KDHartreeFock_V3_A_n": 2.382e-07,
  "KDHartreeFock_V2_0_p": 0.0051515201,
  "KDHartreeFock_V2_A_p": 1.11157e-05,
  "KDHartreeFock_V3_0_p": 5.4289e-06,
  "KDHartreeFock_V3_A_p": 1.3266e-06,
  "KDHartreeFock_V4_0": 2.4168e-06,
  "KDHartreeFock_r_0": 1.2499716595,
  "KDHartreeFock_r_A": 0.3319545516,
  "KDHartreeFock_a_0": 0.6461335075,
  "KDHartreeFock_a_A": -0.0006018213,
  "KDCoulomb_r_C_0": 1.5388758678,
  "KDCoulomb_r_C_A": 1.0370410512,
  "KDCoulomb_r_C_A2": 23.7281183059,
  "KDRealSpinOrbit_V1_0": 5.984349084,
  "KDRealSpinOrbit_V1_A": 0.0015437067,
  "KDRealSpinOrbit_V2_0": 0.0099756598,
  "KDRealSpinOrbit_r_0": 1.3026994462,
  "KDRealSpinOrbit_r_A": 0.9819722335,
  "KDRealSpinOrbit_a_0": 0.4964908968,
  "KDImagSpinOrbit_W1_0": -4.8479494081,
  "KDImagSpinOrbit_W2_0": 347.7560639464,
  "KDImagVolume_W1_0_n": 20.2590236352,
  "KDImagVolume_W1_A_n": 0.0478560231,
  "KDImagVolume_W1_0_p": 21.3232873642,
  "KDImagVolume_W1_A_p": 0.0564272143,
  "KDImagVolume_W2_0": 121.2613545375,
  "KDImagVolume_W2_A": 0.1409547672,
  "KDImagSurface_D1_0": 16.9405568341,
  "KDImagSurface_D1_asymm": 1.027721231,
  "KDImagSurface_D2_0": 0.0683870234,
  "KDImagSurface_D2_A": -0.0390823119,
  "KDImagSurface_D2_A2": 22.4271501277,
  "KDImagSurface_D2_A3": 115.0775422996,
  "KDImagSurface_D3_0": 13.067629762,
  "KDImagSurface_r_0": 1.3235694997,
  "KDImagSurface_r_A": 0.0142397741,
  "KDImagSurface_a_0_n": 0.5343062371,
  "KDImagSurface_a_A_n": 7.3803e-05,
  "KDImagSurface_a_0_p": 0.4561930208,
  "KDImagSurface_a_A_p": 0.0017699944
}