{
  "KDHartreeFock_V1_0": 62.5712769591,
  "KDHartreeFock_V1_asymm": 5.0831840118,
  "KDHartreeFock_V1_A": 0.051754467,
  "KDHartreeFock_V2_0_n": 0.0070625138,
  "KDHartreeFock_V2_A_n": 4.173e-06,
  "KDHartreeFock_V3_0_n": 2.24857e-05,
  "KDHartreeFock_V3_A_n": 9.509e-07,
  "KDHartreeFock_V2_0_p": 0.0061979141,
  "KDHartreeFock_V2_A_p": 5.62e-08,
  "KDHartreeFock_V3_0_p": 1.3024e-05,
  "KDHartreeFock_V3_A_p": -1.2598e-06,
  "KDHartreeFock_V4_0": 2.7641e-06,
  "KDHartreeFock_r_0": 1.3045840644,
  "KDHartreeFock_r_A": 0.6211275637,
  "KDHartreeFock_a_0": 0.7259030795,
  "KDHartreeFock_a_A": -3.36201e-05,
  "KDCoulomb_r_C_0": 1.1258943772,
  "KDCoulomb_r_C_A": 0.6383922863,
  "KDCoulomb_r_C_A2": 30.1722393916,
  "KDRealSpinOrbit_V1_0": 6.1348586338,
  "KDRealSpinOrbit_V1_A": -0.0008641497,
  "KDRealSpinOrbit_V2_0": 0.0056648229,
  "KDRealSpinOrbit_r_0": 1.1614074464,
  "KDRealSpinOrbit_r_A": 0.5560919403,
  "KDRealSpinOrbit_a_0": 0.5729512637,
  "KDImagSpinOrbit_W1_0": -3.8556891576,
  "KDImagSpinOrbit_W2_0": 347.1524145176,
  "KDImagVolume_W1_0_n": 20.1969673563,
  "KDImagVolume_W1_A_n": 0.0162486176,
  "KDImagVolume_W1_0_p": 28.0224117135,
  "KDImagVolume_W1_A_p": -0.0071113819,
  "KDImagVolume_W2_0": 102.0479111409,
  "KDImagVolume_W2_A": 0.2011348068,
  "KDImagSurface_D1_0": 25.2013197452,
  "KDImagSurface_D1_asymm": 3.0941059899,
  "KDImagSurface_D2_0": 0.0154633722,
  "KDImagSurface_D2_A": 0.013392343,
  "KDImagSurface_D2_A2": 5.2912678746,
  "KDImagSurface_D2_A3": 204.9570172324,
  "KDImagSurface_D3_0": 18.0165830975,
  "KDImagSurface_r_0": 1.2780631835,
  "KDImagSurface_r_A": 0.0134723679,
  "KDImagSurface_a_0_n": 0.525022604,
  "KDImagSurface_a_A_n": -0.0001130176,
  "KDImagSurface_a_0_p": 0.4964736887,
  "KDImagSurface_a_A_p": 0.002674803
}