{
  "KDHartreeFock_V1_0": 58.8203231056,
  "KDHartreeFock_V1_asymm": 21.537988304,
  "KDHartreeFock_V1_A": 0.0312559928,
  "KDHartreeFock_V2_0_n": 0.0042900756,
  "KDHartreeFock_V2_A_n": 3.0499e-06,
  "KDHartreeFock_V3_0_n": -1.20474e-05,
  "KDHartreeFock_V3_A_n": -2.044e-07,
  "KDHartreeFock_V2_0_p": 0.0052264643,
  "KDHartreeFock_V2_A_p": 8.262e-06,
  "KDHartreeFock_V3_0_p": -6.0984e-06,
  "KDHartreeFock_V3_A_p": 7.544e-07,
  "KDHartreeFock_V4_0": 6.88e-07,
  "KDHartreeFock_r_0": 1.2997023597,
  "KDHartreeFock_r_A": 0.4935533834,
  "KDHartreeFock_a_0": 0.6735759358,
  "KDHartreeFock_a_A": -0.0001914497,
  "KDCoulomb_r_C_0": 1.184345851,
  "KDCoulomb_r_C_A": 1.3246209084,
  "KDCoulomb_r_C_A2": 22.8204731517,
  "KDRealSpinOrbit_V1_0": 7.8857950707,
  "KDRealSpinOrbit_V1_A": -0.0051836823,
  "KDRealSpinOrbit_V2_0": 0.009170706,
  "KDRealSpinOrbit_r_0": 1.250465059,
  "KDRealSpinOrbit_r_A": 0.7667729258,
  "KDRealSpinOrbit_a_0": 0.6383965836,
  "KDImagSpinOrbit_W1_0": -4.8277477098,
  "KDImagSpinOrbit_W2_0": 165.1153457452,
  "KDImagVolume_W1_0_n": 22.2745896609,
  "KDImagVolume_W1_A_n": 0.0333935272,
  "KDImagVolume_W1_0_p": 20.3830546977,
  "KDImagVolume_W1_A_p": -0.0061747154,
  "KDImagVolume_W2_0": 74.0345416407,
  "KDImagVolume_W2_A": 0.1650793891,
  "KDImagSurface_D1_0": 18.7611831633,
  "KDImagSurface_D1_asymm": 16.1640100621,
  "KDImagSurface_D2_0": 0.0070940459,
  "KDImagSurface_D2_A": 0.0132790234,
  "KDImagSurface_D2_A2": 2.0640539627,
  "KDImagSurface_D2_A3": 26.7879348037,
  "KDImagSurface_D3_0": 14.3257244337,
  "KDImagSurface_r_0": 1.3297695599,
  "KDImagSurface_r_A": 0.0166694016,
  "KDImagSurface_a_0_n": 0.5854870294,
  "KDImagSurface_a_A_n": -0.0005083018,
  "KDImagSurface_a_0_p": 0.5298261214,
  "KDImagSurface_a_A_p": 0.0008890651
}