{
  "KDHartreeFock_V1_0": 60.4387463131,
  "KDHartreeFock_V1_asymm": 12.6818522265,
  "KDHartreeFock_V1_A": 0.0294221148,
  "KDHartreeFock_V2_0_n": 0.0061661252,
  "KDHartreeFock_V2_A_n": 1.2429e-06,
  "KDHartreeFock_V3_0_n": 1.33675e-05,
  "KDHartreeFock_V3_A_n": 2.6207e-06,
  "KDHartreeFock_V2_0_p": 0.0082163623,
  "KDHartreeFock_V2_A_p": -1.22669e-05,
  "KDHartreeFock_V3_0_p": 2.4744e-05,
  "KDHartreeFock_V3_A_p": -2.9558e-06,
  "KDHartreeFock_V4_0": -7.146e-07,
  "KDHartreeFock_r_0": 1.2583345747,
  "KDHartreeFock_r_A": 0.3386267186,
  "KDHartreeFock_a_0": 0.6964039606,
  "KDHartreeFock_a_A": 0.0001110172,
  "KDCoulomb_r_C_0": 1.1669301359,
  "KDCoulomb_r_C_A": -0.187090187,
  "KDCoulomb_r_C_A2": 11.3716680341,
  "KDRealSpinOrbit_V1_0": 8.0256168802,
  "KDRealSpinOrbit_V1_A": -0.0150758713,
  "KDRealSpinOrbit_V2_0": 0.0070334082,
  "KDRealSpinOrbit_r_0": 1.3066724375,
  "KDRealSpinOrbit_r_A": 1.049482487,
  "KDRealSpinOrbit_a_0": 0.5600348813,
  "KDImagSpinOrbit_W1_0": -2.0823816657,
  "KDImagSpinOrbit_W2_0": 307.7217419964,
  "KDImagVolume_W1_0_n": 17.189793847,
  "KDImagVolume_W1_A_n": -0.0029169579,
  "KDImagVolume_W1_0_p": 23.0002130484,
  "KDImagVolume_W1_A_p": -0.0534273769,
  "KDImagVolume_W2_0": 91.9691314324,
  "KDImagVolume_W2_A": -0.0874658033,
  "KDImagSurface_D1_0": 14.8319845309,
  "KDImagSurface_D1_asymm": 14.0842901046,
  "KDImagSurface_D2_0": 0.0615586552,
  "KDImagSurface_D2_A": -0.040529807,
  "KDImagSurface_D2_A2": -1.8095478641,
  "KDImagSurface_D2_A3": 133.3843485562,
  "KDImagSurface_D3_0": 11.9619319101,
  "KDImagSurface_r_0": 1.3801905351,
  "KDImagSurface_r_A": 0.0236124442,
  "KDImagSurface_a_0_n": 0.5831797217,
  "KDImagSurface_a_A_n": 0.0001400156,
  "KDImagSurface_a_0_p": 0.5213718669,
  "KDImagSurface_a_A_p": 0.0011548239
}