{
  "KDHartreeFock_V1_0": 59.2618485852,
  "KDHartreeFock_V1_asymm": 12.06027591,
  "KDHartreeFock_V1_A": 0.038149043,
  "KDHartreeFock_V2_0_n": 0.0064166217,
  "KDHartreeFock_V2_A_n": -2.4205e-06,
  "KDHartreeFock_V3_0_n": 1.16874e-05,
  "KDHartreeFock_V3_A_n": -9.185e-07,
  "KDHartreeFock_V2_0_p": 0.006460254,
  "KDHartreeFock_V2_A_p": 6.3519e-06,
  "KDHartreeFock_V3_0_p": 1.75655e-05,
  "KDHartreeFock_V3_A_p": -2.7539e-06,
  "KDHartreeFock_V4_0": 3.2219e-06,
  "KDHartreeFock_r_0": 1.2870466139,
  "KDHartreeFock_r_A": 0.3918805394,
  "KDHartreeFock_a_0": 0.6919506878,
  "KDHartreeFock_a_A": 0.0001223933,
  "KDCoulomb_r_C_0": 1.1796862754,
  "KDCoulomb_r_C_A": 0.8414088675,
  "KDCoulomb_r_C_A2": 24.7596063174,
  "KDRealSpinOrbit_V1_0": 4.7080377581,
  "KDRealSpinOrbit_V1_A": 0.0056221792,
  "KDRealSpinOrbit_V2_0": 0.0061652223,
  "KDRealSpinOrbit_r_0": 1.2619299837,
  "KDRealSpinOrbit_r_A": 0.8656085289,
  "KDRealSpinOrbit_a_0": 0.6038166741,
  "KDImagSpinOrbit_W1_0": -1.9556034474,
  "KDImagSpinOrbit_W2_0": 323.2221157254,
  "KDImagVolume_W1_0_n": 22.8994917095,
  "KDImagVolume_W1_A_n": -0.0107484675,
  "KDImagVolume_W1_0_p": 13.0279857417,
  "KDImagVolume_W1_A_p": 0.0728731401,
  "KDImagVolume_W2_0": 95.0922998756,
  "KDImagVolume_W2_A": 0.1419079021,
  "KDImagSurface_D1_0": 19.1812523888,
  "KDImagSurface_D1_asymm": 8.9847698225,
  "KDImagSurface_D2_0": 0.060869365,
  "KDImagSurface_D2_A": -0.0317514497,
  "KDImagSurface_D2_A2": 1.3159476597,
  "KDImagSurface_D2_A3": 78.5092386247,
  "KDImagSurface_D3_0": 13.456823518,
  "KDImagSurface_r_0": 1.1810572635,
  "KDImagSurface_r_A": -0.0061157452,
  "KDImagSurface_a_0_n": 0.5838962047,
  "KDImagSurface_a_A_n": -0.0001338843,
  "KDImagSurface_a_0_p": 0.5626027545,
  "KDImagSurface_a_A_p": 0.0015472204
}