{
  "KDHartreeFock_V1_0": 61.0776619221,
  "KDHartreeFock_V1_asymm": 11.0461581734,
  "KDHartreeFock_V1_A": 0.0445987489,
  "KDHartreeFock_V2_0_n": 0.0054034107,
  "KDHartreeFock_V2_A_n": -4.255e-07,
  "KDHartreeFock_V3_0_n": 4.8279e-06,
  "KDHartreeFock_V3_A_n": 1.6162e-06,
  "KDHartreeFock_V2_0_p": 0.0071724725,
  "KDHartreeFock_V2_A_p": -3.5569e-06,
  "KDHartreeFock_V3_0_p": 2.15129e-05,
  "KDHartreeFock_V3_A_p": -1.928e-07,
  "KDHartreeFock_V4_0": -3.8798e-06,
  "KDHartreeFock_r_0": 1.3070736032,
  "KDHartreeFock_r_A": 0.5330545377,
  "KDHartreeFock_a_0": 0.7043030827,
  "KDHartreeFock_a_A": 0.0002260316,
  "KDCoulomb_r_C_0": 1.1765833174,
  "KDCoulomb_r_C_A": 0.17275011,
  "KDCoulomb_r_C_A2": 41.8916755164,
  "KDRealSpinOrbit_V1_0": 7.5239775807,
  "KDRealSpinOrbit_V1_A": 0.0059003008,
  "KDRealSpinOrbit_V2_0": 0.0125674058,
  "KDRealSpinOrbit_r_0": 1.2418617901,
  "KDRealSpinOrbit_r_A": 0.7189055521,
  "KDRealSpinOrbit_a_0": 0.5602496498,
  "KDImagSpinOrbit_W1_0": -3.7019493785,
  "KDImagSpinOrbit_W2_0": 260.8743834906,
  "KDImagVolume_W1_0_n": 25.751622809,
  "KDImagVolume_W1_A_n": 0.0165067316,
  "KDImagVolume_W1_0_p": 21.1718853203,
  "KDImagVolume_W1_A_p": 0.0131660573,
  "KDImagVolume_W2_0": 100.6920354046,
  "KDImagVolume_W2_A": 0.2324988154,
  "KDImagSurface_D1_0": 20.9698644211,
  "KDImagSurface_D1_asymm": 18.0920582325,
  "KDImagSurface_D2_0": 0.0328072269,
  "KDImagSurface_D2_A": -0.0014876537,
  "KDImagSurface_D2_A2": 4.9815320991,
  "KDImagSurface_D2_A3": 532.5719647573,
  "KDImagSurface_D3_0": 14.398694064,
  "KDImagSurface_r_0": 1.2753796855,
  "KDImagSurface_r_A": 0.0102554784,
  "KDImagSurface_a_0_n": 0.5645397249,
  "KDImagSurface_a_A_n": -0.0005418194,
  "KDImagSurface_a_0_p": 0.5086231875,
  "KDImagSurface_a_A_p": 0.0025524267
}