{
  "KDHartreeFock_V1_0": 56.826234896,
  "KDHartreeFock_V1_asymm": 18.524768613,
  "KDHartreeFock_V1_A": 0.0082776131,
  "KDHartreeFock_V2_0_n": 0.0074575618,
  "KDHartreeFock_V2_A_n": 8.3209e-06,
  "KDHartreeFock_V3_0_n": 1.66994e-05,
  "KDHartreeFock_V3_A_n": -1.4283e-06,
  "KDHartreeFock_V2_0_p": 0.00753483,
  "KDHartreeFock_V2_A_p": 6.182e-07,
  "KDHartreeFock_V3_0_p": 2.15507e-05,
  "KDHartreeFock_V3_A_p": 1.1872e-06,
  "KDHartreeFock_V4_0": 6.126e-07,
  "KDHartreeFock_r_0": 1.1900900261,
  "KDHartreeFock_r_A": -0.0269379782,
  "KDHartreeFock_a_0": 0.6727369674,
  "KDHartreeFock_a_A": 9.44967e-05,
  "KDCoulomb_r_C_0": 1.1918036817,
  "KDCoulomb_r_C_A": 0.3653051001,
  "KDCoulomb_r_C_A2": -1.1113597911,
  "KDRealSpinOrbit_V1_0": 6.6642280217,
  "KDRealSpinOrbit_V1_A": 0.011319166,
  "KDRealSpinOrbit_V2_0": 0.0092523325,
  "KDRealSpinOrbit_r_0": 1.1423954233,
  "KDRealSpinOrbit_r_A": 0.5807034859,
  "KDRealSpinOrbit_a_0": 0.5705075321,
  "KDImagSpinOrbit_W1_0": -8.9528168572,
  "KDImagSpinOrbit_W2_0": 307.9950718163,
  "KDImagVolume_W1_0_n": 20.3536728064,
  "KDImagVolume_W1_A_n": 0.0565106866,
  "KDImagVolume_W1_0_p": 12.136582077,
  "KDImagVolume_W1_A_p": 0.0684861297,
  "KDImagVolume_W2_0": 80.6110517696,
  "KDImagVolume_W2_A": 0.2270771055,
  "KDImagSurface_D1_0": 15.4178653817,
  "KDImagSurface_D1_asymm": 27.9456648258,
  "KDImagSurface_D2_0": 0.023058537,
  "KDImagSurface_D2_A": 0.0055491662,
  "KDImagSurface_D2_A2": 6.2375920822,
  "KDImagSurface_D2_A3": 117.6921841267,
  "KDImagSurface_D3_0": 11.212358941,
  "KDImagSurface_r_0": 1.3212179858,
  "KDImagSurface_r_A": 0.0136449491,
  "KDImagSurface_a_0_n": 0.5399012891,
  "KDImagSurface_a_A_n": -0.0009713132,
  "KDImagSurface_a_0_p": 0.5230647383,
  "KDImagSurface_a_A_p": 0.0011682914
}