{
  "KDHartreeFock_V1_0": 57.9206047025,
  "KDHartreeFock_V1_asymm": 13.0010782855,
  "KDHartreeFock_V1_A": 0.0130473455,
  "KDHartreeFock_V2_0_n": 0.0059700978,
  "KDHartreeFock_V2_A_n": -3.5092e-06,
  "KDHartreeFock_V3_0_n": 1.54931e-05,
  "KDHartreeFock_V3_A_n": -1.952e-06,
  "KDHartreeFock_V2_0_p": 0.008374966,
  "KDHartreeFock_V2_A_p": -5.5301e-06,
  "KDHartreeFock_V3_0_p": 2.25011e-05,
  "KDHartreeFock_V3_A_p": -5.594e-07,
  "KDHartreeFock_V4_0": -8.677e-07,
  "KDHartreeFock_r_0": 1.2096681637,
  "KDHartreeFock_r_A": 0.1474396541,
  "KDHartreeFock_a_0": 0.6697885289,
  "KDHartreeFock_a_A": -0.0001128336,
  "KDCoulomb_r_C_0": 1.209776898,
  "KDCoulomb_r_C_A": 1.5258956208,
  "KDCoulomb_r_C_A2": 22.651286917,
  "KDRealSpinOrbit_V1_0": 4.8088362105,
  "KDRealSpinOrbit_V1_A": 0.0023272601,
  "KDRealSpinOrbit_V2_0": 0.0040168394,
  "KDRealSpinOrbit_r_0": 1.1865558771,
  "KDRealSpinOrbit_r_A": 0.6608910781,
  "KDRealSpinOrbit_a_0": 0.597331467,
  "KDImagSpinOrbit_W1_0": -4.4535920534,
  "KDImagSpinOrbit_W2_0": 207.1101328141,
  "KDImagVolume_W1_0_n": 22.638656894,
  "KDImagVolume_W1_A_n": 0.0492903047,
  "KDImagVolume_W1_0_p": 23.0358900064,
  "KDImagVolume_W1_A_p": 0.0933090635,
  "KDImagVolume_W2_0": 131.0294165665,
  "KDImagVolume_W2_A": 0.0202244319,
  "KDImagSurface_D1_0": 29.0823946301,
  "KDImagSurface_D1_asymm": 18.7892226612,
  "KDImagSurface_D2_0": 0.0524947356,
  "KDImagSurface_D2_A": -0.0151015388,
  "KDImagSurface_D2_A2": -2.8882398131,
  "KDImagSurface_D2_A3": -58.7779177595,
  "KDImagSurface_D3_0": 21.7479823409,
  "KDImagSurface_r_0": 1.3928283476,
  "KDImagSurface_r_A": 0.0176861165,
  "KDImagSurface_a_0_n": 0.5237416434,
  "KDImagSurface_a_A_n": -0.0004292393,
  "KDImagSurface_a_0_p": 0.449087498,
  "KDImagSurface_a_A_p": 0.0023352357
}