{
  "KDHartreeFock_V1_0": 54.4317235776,
  "KDHartreeFock_V1_asymm": 15.8059567407,
  "KDHartreeFock_V1_A": 0.011661924,
  "KDHartreeFock_V2_0_n": 0.0067057537,
  "KDHartreeFock_V2_A_n": 9.1964e-06,
  "KDHartreeFock_V3_0_n": 1.53939e-05,
  "KDHartreeFock_V3_A_n": -3.2142e-06,
  "KDHartreeFock_V2_0_p": 0.0077610611,
  "KDHartreeFock_V2_A_p": -5.69e-07,
  "KDHartreeFock_V3_0_p": 2.09874e-05,
  "KDHartreeFock_V3_A_p": 2.237e-07,
  "KDHartreeFock_V4_0": 2.7282e-06,
  "KDHartreeFock_r_0": 1.2687309452,
  "KDHartreeFock_r_A": 0.2066800329,
  "KDHartreeFock_a_0": 0.6781300028,
  "KDHartreeFock_a_A": 8.44402e-05,
  "KDCoulomb_r_C_0": 1.2856690851,
  "KDCoulomb_r_C_A": -0.7298495561,
  "KDCoulomb_r_C_A2": 14.8895877726,
  "KDRealSpinOrbit_V1_0": 5.2148116157,
  "KDRealSpinOrbit_V1_A": 0.0150924764,
  "KDRealSpinOrbit_V2_0": 0.006784502,
  "KDRealSpinOrbit_r_0": 1.1977275899,
  "KDRealSpinOrbit_r_A": 0.5519178019,
  "KDRealSpinOrbit_a_0": 0.5652711604,
  "KDImagSpinOrbit_W1_0": -4.9804994686,
  "KDImagSpinOrbit_W2_0": 226.2753442817,
  "KDImagVolume_W1_0_n": 13.9107197948,
  "KDImagVolume_W1_A_n": 0.0282747153,
  "KDImagVolume_W1_0_p": 7.4713211449,
  "KDImagVolume_W1_A_p": 0.1104399729,
  "KDImagVolume_W2_0": 60.7457857202,
  "KDImagVolume_W2_A": 0.2249623704,
  "KDImagSurface_D1_0": 25.330686453,
  "KDImagSurface_D1_asymm": 7.3499753211,
  "KDImagSurface_D2_0": 0.0027819156,
  "KDImagSurface_D2_A": 0.0394430696,
  "KDImagSurface_D2_A2": 10.8054001022,
  "KDImagSurface_D2_A3": 176.6012519874,
  "KDImagSurface_D3_0": 17.3778538661,
  "KDImagSurface_r_0": 1.2952673249,
  "KDImagSurface_r_A": 0.0058470053,
  "KDImagSurface_a_0_n": 0.542376658,
  "KDImagSurface_a_A_n": -2.6379e-06,
  "KDImagSurface_a_0_p": 0.525963547,
  "KDImagSurface_a_A_p": 0.0014656612
}