{
  "KDHartreeFock_V1_0": 55.7851163682,
  "KDHartreeFock_V1_asymm": 12.370300283,
  "KDHartreeFock_V1_A": 0.0133790731,
  "KDHartreeFock_V2_0_n": 0.0059689699,
  "KDHartreeFock_V2_A_n": 2.9925e-06,
  "KDHartreeFock_V3_0_n": 6.7379e-06,
  "KDHartreeFock_V3_A_n": 1.516e-07,
  "KDHartreeFock_V2_0_p": 0.0083270869,
  "KDHartreeFock_V2_A_p": -9.8711e-06,
  "KDHartreeFock_V3_0_p": 2.30846e-05,
  "KDHartreeFock_V3_A_p": 4.972e-07,
  "KDHartreeFock_V4_0": 6.269e-07,
  "KDHartreeFock_r_0": 1.2228389001,
  "KDHartreeFock_r_A": 0.0713125192,
  "KDHartreeFock_a_0": 0.6722373244,
  "KDHartreeFock_a_A": 3.22343e-05,
  "KDCoulomb_r_C_0": 1.4144225542,
  "KDCoulomb_r_C_A": 1.045339509,
  "KDCoulomb_r_C_A2": 23.9040003227,
  "KDRealSpinOrbit_V1_0": 6.7578809985,
  "KDRealSpinOrbit_V1_A": -0.0016632762,
  "KDRealSpinOrbit_V2_0": 0.0070464713,
  "KDRealSpinOrbit_r_0": 1.2612958899,
  "KDRealSpinOrbit_r_A": 1.030614402,
  "KDRealSpinOrbit_a_0": 0.5998128994,
  "KDImagSpinOrbit_W1_0": -6.1376432015,
  "KDImagSpinOrbit_W2_0": 201.1712623678,
  "KDImagVolume_W1_0_n": 14.3194427993,
  "KDImagVolume_W1_A_n": 0.0563460149,
  "KDImagVolume_W1_0_p": 19.4780077761,
  "KDImagVolume_W1_A_p": 0.0699748005,
  "KDImagVolume_W2_0": 73.4277376414,
  "KDImagVolume_W2_A": 0.0917887582,
  "KDImagSurface_D1_0": 24.1193472178,
  "KDImagSurface_D1_asymm": 5.0396040021,
  "KDImagSurface_D2_0": 0.0126907726,
  "KDImagSurface_D2_A": 0.0278347363,
  "KDImagSurface_D2_A2": 14.4678811867,
  "KDImagSurface_D2_A3": 75.1541296844,
  "KDImagSurface_D3_0": 14.5191491504,
  "KDImagSurface_r_0": 1.3858817221,
  "KDImagSurface_r_A": 0.018955672,
  "KDImagSurface_a_0_n": 0.5484868406,
  "KDImagSurface_a_A_n": 0.0002403286,
  "KDImagSurface_a_0_p": 0.4511398994,
  "KDImagSurface_a_A_p": 0.0017412439
}