{
  "KDHartreeFock_V1_0": 62.1326161186,
  "KDHartreeFock_V1_asymm": 15.313286778,
  "KDHartreeFock_V1_A": 0.031877351,
  "KDHartreeFock_V2_0_n": 0.0070985744,
  "KDHartreeFock_V2_A_n": 2.5002e-06,
  "KDHartreeFock_V3_0_n": 2.18602e-05,
  "KDHartreeFock_V3_A_n": -8.569e-07,
  "KDHartreeFock_V2_0_p": 0.0065113151,
  "KDHartreeFock_V2_A_p": 1.9947e-06,
  "KDHartreeFock_V3_0_p": 2.12652e-05,
  "KDHartreeFock_V3_A_p": -1.6102e-06,
  "KDHartreeFock_V4_0": -9.55e-07,
  "KDHartreeFock_r_0": 1.2764718936,
  "KDHartreeFock_r_A": 0.5109903384,
  "KDHartreeFock_a_0": 0.7073349956,
  "KDHartreeFock_a_A": 5.4128e-05,
  "KDCoulomb_r_C_0": 1.0052126317,
  "KDCoulomb_r_C_A": 0.8259589306,
  "KDCoulomb_r_C_A2": -1.4946320622,
  "KDRealSpinOrbit_V1_0": 6.2197312664,
  "KDRealSpinOrbit_V1_A": 0.0088513382,
  "KDRealSpinOrbit_V2_0": 0.0110187362,
  "KDRealSpinOrbit_r_0": 1.3578022179,
  "KDRealSpinOrbit_r_A": 1.3528897023,
  "KDRealSpinOrbit_a_0": 0.5448690463,
  "KDImagSpinOrbit_W1_0": -6.2108738488,
  "KDImagSpinOrbit_W2_0": 183.1610844622,
  "KDImagVolume_W1_0_n": 23.5064765718,
  "KDImagVolume_W1_A_n": 0.0148813896,
  "KDImagVolume_W1_0_p": 23.4261787822,
  "KDImagVolume_W1_A_p": 0.0196283876,
  "KDImagVolume_W2_0": 125.8747485731,
  "KDImagVolume_W2_A": -0.0300422996,
  "KDImagSurface_D1_0": 15.6206968463,
  "KDImagSurface_D1_asymm": 8.0976024134,
  "KDImagSurface_D2_0": 0.0708901968,
  "KDImagSurface_D2_A": -0.046906226,
  "KDImagSurface_D2_A2": 8.6900440573,
  "KDImagSurface_D2_A3": 391.2552901554,
  "KDImagSurface_D3_0": 13.1464249108,
  "KDImagSurface_r_0": 1.3538890195,
  "KDImagSurface_r_A": 0.014086063,
  "KDImagSurface_a_0_n": 0.5432694319,
  "KDImagSurface_a_A_n": -7.5291e-06,
  "KDImagSurface_a_0_p": 0.5368183926,
  "KDImagSurface_a_A_p": 0.0009757925
}