{
  "KDHartreeFock_V1_0": 59.3133435893,
  "KDHartreeFock_V1_asymm": 15.2385959183,
  "KDHartreeFock_V1_A": 0.0222103458,
  "KDHartreeFock_V2_0_n": 0.0063360167,
  "KDHartreeFock_V2_A_n": 2.0094e-06,
  "KDHartreeFock_V3_0_n": 1.26727e-05,
  "KDHartreeFock_V3_A_n": -2.4094e-06,
  "KDHartreeFock_V2_0_p": 0.007482735,
  "KDHartreeFock_V2_A_p": 1.2154e-06,
  "KDHartreeFock_V3_0_p": 2.3385e-05,
  "KDHartreeFock_V3_A_p": 2.662e-06,
  "KDHartreeFock_V4_0": 6.761e-07,
  "KDHartreeFock_r_0": 1.2528569844,
  "KDHartreeFock_r_A": 0.3178740012,
  "KDHartreeFock_a_0": 0.7108467674,
  "KDHartreeFock_a_A": 4.73816e-05,
  "KDCoulomb_r_C_0": 1.1885916028,
  "KDCoulomb_r_C_A": 0.8929534423,
  "KDCoulomb_r_C_A2": -6.1195480616,
  "KDRealSpinOrbit_V1_0": 6.0237018303,
  "KDRealSpinOrbit_V1_A": 0.0059178486,
  "KDRealSpinOrbit_V2_0": 0.0066413968,
  "KDRealSpinOrbit_r_0": 1.1822633909,
  "KDRealSpinOrbit_r_A": 0.619172272,
  "KDRealSpinOrbit_a_0": 0.5603563257,
  "KDImagSpinOrbit_W1_0": -3.1617329802,
  "KDImagSpinOrbit_W2_0": 41.9211091585,
  "KDImagVolume_W1_0_n": 26.7447540413,
  "KDImagVolume_W1_A_n": -0.0060960298,
  "KDImagVolume_W1_0_p": 21.5374130316,
  "KDImagVolume_W1_A_p": 0.0775521366,
  "KDImagVolume_W2_0": 139.7194004287,
  "KDImagVolume_W2_A": -0.0014579594,
  "KDImagSurface_D1_0": 17.5987133777,
  "KDImagSurface_D1_asymm": 1.3295893534,
  "KDImagSurface_D2_0": 0.0088142775,
  "KDImagSurface_D2_A": 0.016397903,
  "KDImagSurface_D2_A2": 5.4422613375,
  "KDImagSurface_D2_A3": 365.0531822058,
  "KDImagSurface_D3_0": 14.2443768361,
  "KDImagSurface_r_0": 1.3401563465,
  "KDImagSurface_r_A": 0.0196690734,
  "KDImagSurface_a_0_n": 0.5551999616,
  "KDImagSurface_a_A_n": -0.0003243917,
  "KDImagSurface_a_0_p": 0.4702665801,
  "KDImagSurface_a_A_p": 0.0026126634
}