{
  "KDHartreeFock_V1_0": 60.204334409,
  "KDHartreeFock_V1_asymm": 5.5189216901,
  "KDHartreeFock_V1_A": 0.0450354923,
  "KDHartreeFock_V2_0_n": 0.0076948614,
  "KDHartreeFock_V2_A_n": 1.0637e-06,
  "KDHartreeFock_V3_0_n": 3.29989e-05,
  "KDHartreeFock_V3_A_n": 2.1186e-06,
  "KDHartreeFock_V2_0_p": 0.0075761672,
  "KDHartreeFock_V2_A_p": -1.2444e-06,
  "KDHartreeFock_V3_0_p": 2.93209e-05,
  "KDHartreeFock_V3_A_p": -1.2855e-06,
  "KDHartreeFock_V4_0": 2.9e-07,
  "KDHartreeFock_r_0": 1.3154002492,
  "KDHartreeFock_r_A": 0.5057143137,
  "KDHartreeFock_a_0": 0.6783174785,
  "KDHartreeFock_a_A": 3.12601e-05,
  "KDCoulomb_r_C_0": 0.9763966391,
  "KDCoulomb_r_C_A": 1.1895182538,
  "KDCoulomb_r_C_A2": 52.5593587435,
  "KDRealSpinOrbit_V1_0": 7.2492273344,
  "KDRealSpinOrbit_V1_A": 0.0028054388,
  "KDRealSpinOrbit_V2_0": 0.0138052337,
  "KDRealSpinOrbit_r_0": 1.3274788627,
  "KDRealSpinOrbit_r_A": 1.0713791007,
  "KDRealSpinOrbit_a_0": 0.5596608207,
  "KDImagSpinOrbit_W1_0": -2.9330549619,
  "KDImagSpinOrbit_W2_0": 197.6140636973,
  "KDImagVolume_W1_0_n": 18.465306394,
  "KDImagVolume_W1_A_n": 0.0372404703,
  "KDImagVolume_W1_0_p": 23.7767970917,
  "KDImagVolume_W1_A_p": 0.0302528727,
  "KDImagVolume_W2_0": 121.8831260487,
  "KDImagVolume_W2_A": 0.0542710149,
  "KDImagSurface_D1_0": 17.4912777044,
  "KDImagSurface_D1_asymm": 15.0049020392,
  "KDImagSurface_D2_0": 0.0385065944,
  "KDImagSurface_D2_A": -0.0174465457,
  "KDImagSurface_D2_A2": 10.8591165522,
  "KDImagSurface_D2_A3": 258.8741979096,
  "KDImagSurface_D3_0": 14.9244123813,
  "KDImagSurface_r_0": 1.264573729,
  "KDImagSurface_r_A": 0.0017646307,
  "KDImagSurface_a_0_n": 0.60742322,
  "KDImagSurface_a_A_n": 0.0004818544,
  "KDImagSurface_a_0_p": 0.5468928015,
  "KDImagSurface_a_A_p": 0.0008057517
}