{
  "KDHartreeFock_V1_0": 59.344704698,
  "KDHartreeFock_V1_asymm": 11.8258442881,
  "KDHartreeFock_V1_A": 0.0261680121,
  "KDHartreeFock_V2_0_n": 0.0057351555,
  "KDHartreeFock_V2_A_n": -9.741e-07,
  "KDHartreeFock_V3_0_n": 1.11196e-05,
  "KDHartreeFock_V3_A_n": 2.191e-06,
  "KDHartreeFock_V2_0_p": 0.0063046466,
  "KDHartreeFock_V2_A_p": 7.3268e-06,
  "KDHartreeFock_V3_0_p": 1.53945e-05,
  "KDHartreeFock_V3_A_p": -4.318e-07,
  "KDHartreeFock_V4_0": 2.299e-07,
  "KDHartreeFock_r_0": 1.2382974831,
  "KDHartreeFock_r_A": 0.2728777501,
  "KDHartreeFock_a_0": 0.6759014681,
  "KDHartreeFock_a_A": -0.0006795397,
  "KDCoulomb_r_C_0": 1.213293845,
  "KDCoulomb_r_C_A": 0.9695194894,
  "KDCoulomb_r_C_A2": 35.4023152014,
  "KDRealSpinOrbit_V1_0": 6.1584064413,
  "KDRealSpinOrbit_V1_A": 0.0081282884,
  "KDRealSpinOrbit_V2_0": 0.0117583324,
  "KDRealSpinOrbit_r_0": 1.2004142051,
  "KDRealSpinOrbit_r_A": 0.4172991505,
  "KDRealSpinOrbit_a_0": 0.5419636547,
  "KDImagSpinOrbit_W1_0": -3.9881264755,
  "KDImagSpinOrbit_W2_0": 126.1334995686,
  "KDImagVolume_W1_0_n": 21.7573103897,
  "KDImagVolume_W1_A_n": 0.0227280238,
  "KDImagVolume_W1_0_p": 14.8536013775,
  "KDImagVolume_W1_A_p": 0.0323165677,
  "KDImagVolume_W2_0": 123.0031686046,
  "KDImagVolume_W2_A": -0.0761070109,
  "KDImagSurface_D1_0": 23.122144994,
  "KDImagSurface_D1_asymm": 7.2274797498,
  "KDImagSurface_D2_0": 0.0007744709,
  "KDImagSurface_D2_A": 0.0193645908,
  "KDImagSurface_D2_A2": 12.4471120036,
  "KDImagSurface_D2_A3": 188.3205737307,
  "KDImagSurface_D3_0": 15.9920040821,
  "KDImagSurface_r_0": 1.3256423639,
  "KDImagSurface_r_A": 0.0128413526,
  "KDImagSurface_a_0_n": 0.5422932816,
  "KDImagSurface_a_A_n": 0.0001338148,
  "KDImagSurface_a_0_p": 0.5556734834,
  "KDImagSurface_a_A_p": 0.0012798044
}