{
  "KDHartreeFock_V1_0": 56.7758914071,
  "KDHartreeFock_V1_asymm": 7.4008260962,
  "KDHartreeFock_V1_A": 0.0319654794,
  "KDHartreeFock_V2_0_n": 0.0067894807,
  "KDHartreeFock_V2_A_n": 4.187e-07,
  "KDHartreeFock_V3_0_n": 1.69579e-05,
  "KDHartreeFock_V3_A_n": -1.3329e-06,
  "KDHartreeFock_V2_0_p": 0.0076016538,
  "KDHartreeFock_V2_A_p": -1.4118e-06,
  "KDHartreeFock_V3_0_p": 2.48395e-05,
  "KDHartreeFock_V3_A_p": -2.0266e-06,
  "KDHartreeFock_V4_0": 7.155e-07,
  "KDHartreeFock_r_0": 1.268318009,
  "KDHartreeFock_r_A": 0.200367497,
  "KDHartreeFock_a_0": 0.6324817346,
  "KDHartreeFock_a_A": -0.0001500399,
  "KDCoulomb_r_C_0": 1.2133123684,
  "KDCoulomb_r_C_A": 0.6108601241,
  "KDCoulomb_r_C_A2": 18.598778008,
  "KDRealSpinOrbit_V1_0": 5.4481158928,
  "KDRealSpinOrbit_V1_A": 0.0161580726,
  "KDRealSpinOrbit_V2_0": 0.0078541067,
  "KDRealSpinOrbit_r_0": 1.210501529,
  "KDRealSpinOrbit_r_A": 0.6390052085,
  "KDRealSpinOrbit_a_0": 0.59874866,
  "KDImagSpinOrbit_W1_0": -6.9397583565,
  "KDImagSpinOrbit_W2_0": 311.7090748271,
  "KDImagVolume_W1_0_n": 24.3786443132,
  "KDImagVolume_W1_A_n": -0.0089724942,
  "KDImagVolume_W1_0_p": 16.2368997416,
  "KDImagVolume_W1_A_p": 0.0341087305,
  "KDImagVolume_W2_0": 129.759290613,
  "KDImagVolume_W2_A": -0.2671921868,
  "KDImagSurface_D1_0": 18.6650518791,
  "KDImagSurface_D1_asymm": 4.7451007669,
  "KDImagSurface_D2_0": 0.0694714117,
  "KDImagSurface_D2_A": -0.0426312818,
  "KDImagSurface_D2_A2": 4.6883270114,
  "KDImagSurface_D2_A3": 233.0383189987,
  "KDImagSurface_D3_0": 13.9133102825,
  "KDImagSurface_r_0": 1.2906744898,
  "KDImagSurface_r_A": 0.003297234,
  "KDImagSurface_a_0_n": 0.5513571144,
  "KDImagSurface_a_A_n": 0.0002729699,
  "KDImagSurface_a_0_p": 0.5400462371,
  "KDImagSurface_a_A_p": 0.001023397
}