{
  "KDHartreeFock_V1_0": 62.3503262785,
  "KDHartreeFock_V1_asymm": 7.5829512598,
  "KDHartreeFock_V1_A": 0.0453096972,
  "KDHartreeFock_V2_0_n": 0.0066712539,
  "KDHartreeFock_V2_A_n": -4.9924e-06,
  "KDHartreeFock_V3_0_n": 2.02806e-05,
  "KDHartreeFock_V3_A_n": -1.9205e-06,
  "KDHartreeFock_V2_0_p": 0.0089262986,
  "KDHartreeFock_V2_A_p": -1.12509e-05,
  "KDHartreeFock_V3_0_p": 3.04782e-05,
  "KDHartreeFock_V3_A_p": 1.8908e-06,
  "KDHartreeFock_V4_0": -1.1153e-06,
  "KDHartreeFock_r_0": 1.2755457305,
  "KDHartreeFock_r_A": 0.4348834335,
  "KDHartreeFock_a_0": 0.6925326081,
  "KDHartreeFock_a_A": -0.0002173474,
  "KDCoulomb_r_C_0": 1.048358296,
  "KDCoulomb_r_C_A": 0.5806460382,
  "KDCoulomb_r_C_A2": -0.046739313,
  "KDRealSpinOrbit_V1_0": 5.176247439,
  "KDRealSpinOrbit_V1_A": 0.0086244488,
  "KDRealSpinOrbit_V2_0": 0.0059964641,
  "KDRealSpinOrbit_r_0": 1.2272419303,
  "KDRealSpinOrbit_r_A": 0.6818317646,
  "KDRealSpinOrbit_a_0": 0.5993164426,
  "KDImagSpinOrbit_W1_0": 0.8953507332,
  "KDImagSpinOrbit_W2_0": 201.4158125654,
  "KDImagVolume_W1_0_n": 18.5006048443,
  "KDImagVolume_W1_A_n": -0.0116729359,
  "KDImagVolume_W1_0_p": 13.3090489158,
  "KDImagVolume_W1_A_p": 0.0666299179,
  "KDImagVolume_W2_0": 62.9249128077,
  "KDImagVolume_W2_A": 0.1928921135,
  "KDImagSurface_D1_0": 26.1110030127,
  "KDImagSurface_D1_asymm": 5.1274495136,
  "KDImagSurface_D2_0": 0.0228983091,
  "KDImagSurface_D2_A": 0.0195357807,
  "KDImagSurface_D2_A2": 11.1813933224,
  "KDImagSurface_D2_A3": 326.0142723757,
  "KDImagSurface_D3_0": 18.6507859691,
  "KDImagSurface_r_0": 1.3045668476,
  "KDImagSurface_r_A": 0.0013082713,
  "KDImagSurface_a_0_n": 0.510036354,
  "KDImagSurface_a_A_n": 0.0003920438,
  "KDImagSurface_a_0_p": 0.534756658,
  "KDImagSurface_a_A_p": 0.0014142686
}