{
  "KDHartreeFock_V1_0": 57.9863764823,
  "KDHartreeFock_V1_asymm": 12.929333039,
  "KDHartreeFock_V1_A": 0.0274724581,
  "KDHartreeFock_V2_0_n": 0.005016479,
  "KDHartreeFock_V2_A_n": -4.2579e-06,
  "KDHartreeFock_V3_0_n": 7.51e-08,
  "KDHartreeFock_V3_A_n": -2.0983e-06,
  "KDHartreeFock_V2_0_p": 0.0059766103,
  "KDHartreeFock_V2_A_p": 4.714e-06,
  "KDHartreeFock_V3_0_p": 3.9432e-06,
  "KDHartreeFock_V3_A_p": 3.107e-07,
  "KDHartreeFock_V4_0": -9.79e-08,
  "KDHartreeFock_r_0": 1.2793749958,
  "KDHartreeFock_r_A": 0.3866993054,
  "KDHartreeFock_a_0": 0.6716850671,
  "KDHartreeFock_a_A": 4.0926e-05,
  "KDCoulomb_r_C_0": 1.0892003033,
  "KDCoulomb_r_C_A": 0.4547184084,
  "KDCoulomb_r_C_A2": 37.2100962965,
  "KDRealSpinOrbit_V1_0": 6.594319174,
  "KDRealSpinOrbit_V1_A": 0.0107519231,
  "KDRealSpinOrbit_V2_0": 0.0106483214,
  "KDRealSpinOrbit_r_0": 1.1919130484,
  "KDRealSpinOrbit_r_A": 0.5061972059,
  "KDRealSpinOrbit_a_0": 0.5771979813,
  "KDImagSpinOrbit_W1_0": -5.962912333,
  "KDImagSpinOrbit_W2_0": 277.5607452653,
  "KDImagVolume_W1_0_n": 15.7452515586,
  "KDImagVolume_W1_A_n": 0.0402922284,
  "KDImagVolume_W1_0_p": 14.9910414696,
  "KDImagVolume_W1_A_p": 0.0798151483,
  "KDImagVolume_W2_0": 82.2777592624,
  "KDImagVolume_W2_A": 0.3164021475,
  "KDImagSurface_D1_0": 11.6847291794,
  "KDImagSurface_D1_asymm": 16.7145306278,
  "KDImagSurface_D2_0": 0.0138331191,
  "KDImagSurface_D2_A": 0.006521714,
  "KDImagSurface_D2_A2": 4.7488333779,
  "KDImagSurface_D2_A3": 148.412896157,
  "KDImagSurface_D3_0": 12.717325405,
  "KDImagSurface_r_0": 1.3126117805,
  "KDImagSurface_r_A": 0.0121664599,
  "KDImagSurface_a_0_n": 0.5351298741,
  "KDImagSurface_a_A_n": -0.0008543653,
  "KDImagSurface_a_0_p": 0.529547566,
  "KDImagSurface_a_A_p": 0.0015386762
}