{
  "KDHartreeFock_V1_0": 58.9544450398,
  "KDHartreeFock_V1_asymm": 7.3171430334,
  "KDHartreeFock_V1_A": 0.0210246211,
  "KDHartreeFock_V2_0_n": 0.0061793898,
  "KDHartreeFock_V2_A_n": -5.2806e-06,
  "KDHartreeFock_V3_0_n": 9.6331e-06,
  "KDHartreeFock_V3_A_n": 1.6654e-06,
  "KDHartreeFock_V2_0_p": 0.0062662628,
  "KDHartreeFock_V2_A_p": 5.2703e-06,
  "KDHartreeFock_V3_0_p": 9.8122e-06,
  "KDHartreeFock_V3_A_p": 1.4589e-06,
  "KDHartreeFock_V4_0": 1.3207e-06,
  "KDHartreeFock_r_0": 1.261855512,
  "KDHartreeFock_r_A": 0.3452460702,
  "KDHartreeFock_a_0": 0.6514711506,
  "KDHartreeFock_a_A": -0.000180275,
  "KDCoulomb_r_C_0": 1.2505530714,
  "KDCoulomb_r_C_A": -0.0361889503,
  "KDCoulomb_r_C_A2": 17.4455977933,
  "KDRealSpinOrbit_V1_0": 5.4103786202,
  "KDRealSpinOrbit_V1_A": 0.0070869836,
  "KDRealSpinOrbit_V2_0": 0.003274029,
  "KDRealSpinOrbit_r_0": 1.1860589429,
  "KDRealSpinOrbit_r_A": 0.7010616838,
  "KDRealSpinOrbit_a_0": 0.6688190341,
  "KDImagSpinOrbit_W1_0": -4.0962044032,
  "KDImagSpinOrbit_W2_0": 301.9522107359,
  "KDImagVolume_W1_0_n": 27.1668160602,
  "KDImagVolume_W1_A_n": -0.0176830969,
  "KDImagVolume_W1_0_p": 18.927314013,
  "KDImagVolume_W1_A_p": 0.050822043,
  "KDImagVolume_W2_0": 147.8796637262,
  "KDImagVolume_W2_A": -0.1209543912,
  "KDImagSurface_D1_0": 17.1340157738,
  "KDImagSurface_D1_asymm": 8.9056662933,
  "KDImagSurface_D2_0": 0.0321529771,
  "KDImagSurface_D2_A": -0.0120283163,
  "KDImagSurface_D2_A2": 6.51558137,
  "KDImagSurface_D2_A3": 146.3213015812,
  "KDImagSurface_D3_0": 14.1834877188,
  "KDImagSurface_r_0": 1.3681937496,
  "KDImagSurface_r_A": 0.0216335815,
  "KDImagSurface_a_0_n": 0.5760779434,
  "KDImagSurface_a_A_n": 5.54505e-05,
  "KDImagSurface_a_0_p": 0.4944725695,
  "KDImagSurface_a_A_p": 0.0025987693
}