{
  "KDHartreeFock_V1_0": 58.4499402835,
  "KDHartreeFock_V1_asymm": 19.5867650111,
  "KDHartreeFock_V1_A": 0.018039402,
  "KDHartreeFock_V2_0_n": 0.0077551587,
  "KDHartreeFock_V2_A_n": 1.24448e-05,
  "KDHartreeFock_V3_0_n": 2.49966e-05,
  "KDHartreeFock_V3_A_n": -1.5924e-06,
  "KDHartreeFock_V2_0_p": 0.0079678902,
  "KDHartreeFock_V2_A_p": 3.3122e-06,
  "KDHartreeFock_V3_0_p": 3.0859e-05,
  "KDHartreeFock_V3_A_p": -1.074e-06,
  "KDHartreeFock_V4_0": -1.55e-06,
  "KDHartreeFock_r_0": 1.2381770407,
  "KDHartreeFock_r_A": 0.2223823266,
  "KDHartreeFock_a_0": 0.6872613291,
  "KDHartreeFock_a_A": -0.0002090345,
  "KDCoulomb_r_C_0": 1.1273905808,
  "KDCoulomb_r_C_A": 1.5986053813,
  "KDCoulomb_r_C_A2": 22.7176093891,
  "KDRealSpinOrbit_V1_0": 5.2495296134,
  "KDRealSpinOrbit_V1_A": 0.0093258458,
  "KDRealSpinOrbit_V2_0": 0.0061297366,
  "KDRealSpinOrbit_r_0": 1.1897786105,
  "KDRealSpinOrbit_r_A": 0.622521977,
  "KDRealSpinOrbit_a_0": 0.5818027169,
  "KDImagSpinOrbit_W1_0": -2.8438845212,
  "KDImagSpinOrbit_W2_0": 50.9865982937,
  "KDImagVolume_W1_0_n": 25.5085110009,
  "KDImagVolume_W1_A_n": -0.0181216589,
  "KDImagVolume_W1_0_p": 25.734824529,
  "KDImagVolume_W1_A_p": -0.0175948192,
  "KDImagVolume_W2_0": 151.3476127074,
  "KDImagVolume_W2_A": -0.3182750639,
  "KDImagSurface_D1_0": 18.24632262,
  "KDImagSurface_D1_asymm": 1.3856019998,
  "KDImagSurface_D2_0": -0.0046814166,
  "KDImagSurface_D2_A": 0.0287096147,
  "KDImagSurface_D2_A2": 20.4798972188,
  "KDImagSurface_D2_A3": 388.4657878119,
  "KDImagSurface_D3_0": 13.6768357316,
  "KDImagSurface_r_0": 1.3830720658,
  "KDImagSurface_r_A": 0.0263002292,
  "KDImagSurface_a_0_n": 0.5597562733,
  "KDImagSurface_a_A_n": 0.0005187232,
  "KDImagSurface_a_0_p": 0.5535284854,
  "KDImagSurface_a_A_p": 0.0011416872
}