{
  "KDHartreeFock_V1_0": 59.5373650737,
  "KDHartreeFock_V1_asymm": 10.8966825708,
  "KDHartreeFock_V1_A": 0.0234016676,
  "KDHartreeFock_V2_0_n": 0.0069942577,
  "KDHartreeFock_V2_A_n": -2.492e-06,
  "KDHartreeFock_V3_0_n": 2.08988e-05,
  "KDHartreeFock_V3_A_n": -2.4432e-06,
  "KDHartreeFock_V2_0_p": 0.0049466246,
  "KDHartreeFock_V2_A_p": 1.29253e-05,
  "KDHartreeFock_V3_0_p": 5.9254e-06,
  "KDHartreeFock_V3_A_p": 2.333e-07,
  "KDHartreeFock_V4_0": 7.42e-08,
  "KDHartreeFock_r_0": 1.2863954169,
  "KDHartreeFock_r_A": 0.4923798123,
  "KDHartreeFock_a_0": 0.7035159401,
  "KDHartreeFock_a_A": -0.0001270868,
  "KDCoulomb_r_C_0": 0.9978137515,
  "KDCoulomb_r_C_A": 1.4093627566,
  "KDCoulomb_r_C_A2": 36.7055061293,
  "KDRealSpinOrbit_V1_0": 5.9341803706,
  "KDRealSpinOrbit_V1_A": -0.009687779,
  "KDRealSpinOrbit_V2_0": 0.0013686301,
  "KDRealSpinOrbit_r_0": 1.2747635542,
  "KDRealSpinOrbit_r_A": 0.9978612155,
  "KDRealSpinOrbit_a_0": 0.6345761826,
  "KDImagSpinOrbit_W1_0": -3.7443845911,
  "KDImagSpinOrbit_W2_0": 112.6881321559,
  "KDImagVolume_W1_0_n": 20.6392437156,
  "KDImagVolume_W1_A_n": -0.0242142592,
  "KDImagVolume_W1_0_p": 23.3530255039,
  "KDImagVolume_W1_A_p": -0.0147523634,
  "KDImagVolume_W2_0": 120.4262843787,
  "KDImagVolume_W2_A": -0.0040428374,
  "KDImagSurface_D1_0": 17.5830503271,
  "KDImagSurface_D1_asymm": 5.7768053884,
  "KDImagSurface_D2_0": 0.0172996248,
  "KDImagSurface_D2_A": 0.0003601753,
  "KDImagSurface_D2_A2": 13.8223042555,
  "KDImagSurface_D2_A3": 176.318670076,
  "KDImagSurface_D3_0": 14.3181995191,
  "KDImagSurface_r_0": 1.3936938634,
  "KDImagSurface_r_A": 0.0220821933,
  "KDImagSurface_a_0_n": 0.5668553086,
  "KDImagSurface_a_A_n": -0.0001394636,
  "KDImagSurface_a_0_p": 0.4393532313,
  "KDImagSurface_a_A_p": 0.0014651982
}