{
  "KDHartreeFock_V1_0": 53.7758679891,
  "KDHartreeFock_V1_asymm": 20.4710839609,
  "KDHartreeFock_V1_A": 0.0111714034,
  "KDHartreeFock_V2_0_n": 0.0043082276,
  "KDHartreeFock_V2_A_n": 4.22e-06,
  "KDHartreeFock_V3_0_n": -1.37112e-05,
  "KDHartreeFock_V3_A_n": 2.467e-07,
  "KDHartreeFock_V2_0_p": 0.0049833758,
  "KDHartreeFock_V2_A_p": 1.02922e-05,
  "KDHartreeFock_V3_0_p": 7.959e-07,
  "KDHartreeFock_V3_A_p": 6.814e-07,
  "KDHartreeFock_V4_0": -3.206e-07,
  "KDHartreeFock_r_0": 1.3220582472,
  "KDHartreeFock_r_A": 0.4546138251,
  "KDHartreeFock_a_0": 0.700033202,
  "KDHartreeFock_a_A": 0.0002197122,
  "KDCoulomb_r_C_0": 1.048704117,
  "KDCoulomb_r_C_A": -0.4320946633,
  "KDCoulomb_r_C_A2": 28.8834878663,
  "KDRealSpinOrbit_V1_0": 6.2671222622,
  "KDRealSpinOrbit_V1_A": -0.0008950012,
  "KDRealSpinOrbit_V2_0": 0.0071745562,
  "KDRealSpinOrbit_r_0": 1.2191438072,
  "KDRealSpinOrbit_r_A": 0.6927842052,
  "KDRealSpinOrbit_a_0": 0.6817161701,
  "KDImagSpinOrbit_W1_0": -6.1907863527,
  "KDImagSpinOrbit_W2_0": 262.2331653368,
  "KDImagVolume_W1_0_n": 19.7309124977,
  "KDImagVolume_W1_A_n": -0.0222674849,
  "KDImagVolume_W1_0_p": 5.6776832879,
  "KDImagVolume_W1_A_p": 0.0490360293,
  "KDImagVolume_W2_0": 61.6797184847,
  "KDImagVolume_W2_A": -0.0033633081,
  "KDImagSurface_D1_0": 19.9930978792,
  "KDImagSurface_D1_asymm": 24.8794547113,
  "KDImagSurface_D2_0": 0.0366709859,
  "KDImagSurface_D2_A": -0.0075670936,
  "KDImagSurface_D2_A2": 15.6968457803,
  "KDImagSurface_D2_A3": 562.5964510947,
  "KDImagSurface_D3_0": 11.2429833362,
  "KDImagSurface_r_0": 1.3968471192,
  "KDImagSurface_r_A": 0.026846186,
  "KDImagSurface_a_0_n": 0.4902844265,
  "KDImagSurface_a_A_n": -0.0001439474,
  "KDImagSurface_a_0_p": 0.5218401966,
  "KDImagSurface_a_A_p": 0.0004397371
}