{
  "KDHartreeFock_V1_0": 57.2859838356,
  "KDHartreeFock_V1_asymm": 18.6209806766,
  "KDHartreeFock_V1_A": 0.0147217035,
  "KDHartreeFock_V2_0_n": 0.0057884136,
  "KDHartreeFock_V2_A_n": 2.8406e-06,
  "KDHartreeFock_V3_0_n": 1.0752e-06,
  "KDHartreeFock_V3_A_n": -6.1e-07,
  "KDHartreeFock_V2_0_p": 0.0074530104,
  "KDHartreeFock_V2_A_p": 5.9876e-06,
  "KDHartreeFock_V3_0_p": 8.8807e-06,
  "KDHartreeFock_V3_A_p": 3.619e-07,
  "KDHartreeFock_V4_0": -1.2959e-06,
  "KDHartreeFock_r_0": 1.2280822877,
  "KDHartreeFock_r_A": 0.184842229,
  "KDHartreeFock_a_0": 0.6039715579,
  "KDHartreeFock_a_A": -0.0008438345,
  "KDCoulomb_r_C_0": 1.2134041977,
  "KDCoulomb_r_C_A": 0.1820850859,
  "KDCoulomb_r_C_A2": 11.6307636803,
  "KDRealSpinOrbit_V1_0": 6.798632128,
  "KDRealSpinOrbit_V1_A": -0.0107564283,
  "KDRealSpinOrbit_V2_0": 0.0037739583,
  "KDRealSpinOrbit_r_0": 1.137412375,
  "KDRealSpinOrbit_r_A": 0.4252208227,
  "KDRealSpinOrbit_a_0": 0.5616045337,
  "KDImagSpinOrbit_W1_0": -1.9674918307,
  "KDImagSpinOrbit_W2_0": 117.1296231448,
  "KDImagVolume_W1_0_n": 17.9144680337,
  "KDImagVolume_W1_A_n": 0.0583767354,
  "KDImagVolume_W1_0_p": 15.3238568839,
  "KDImagVolume_W1_A_p": 0.0780347473,
  "KDImagVolume_W2_0": 80.5087530981,
  "KDImagVolume_W2_A": 0.350444365,
  "KDImagSurface_D1_0": 22.3924895434,
  "KDImagSurface_D1_asymm": 0.9596384712,
  "KDImagSurface_D2_0": 0.019575409,
  "KDImagSurface_D2_A": 0.0110636461,
  "KDImagSurface_D2_A2": 5.5731746706,
  "KDImagSurface_D2_A3": 131.0995029282,
  "KDImagSurface_D3_0": 17.9424221285,
  "KDImagSurface_r_0": 1.4239575398,
  "KDImagSurface_r_A": 0.0292569147,
  "KDImagSurface_a_0_n": 0.5047232939,
  "KDImagSurface_a_A_n": -0.000234833,
  "KDImagSurface_a_0_p": 0.5023083485,
  "KDImagSurface_a_A_p": 0.0018154806
}