{
  "KDHartreeFock_V1_0": 61.4109287102,
  "KDHartreeFock_V1_asymm": 19.8745353703,
  "KDHartreeFock_V1_A": 0.0343959635,
  "KDHartreeFock_V2_0_n": 0.0071789278,
  "KDHartreeFock_V2_A_n": 2.9882e-06,
  "KDHartreeFock_V3_0_n": 1.4313e-05,
  "KDHartreeFock_V3_A_n": -9.958e-07,
  "KDHartreeFock_V2_0_p": 0.0057420979,
  "KDHartreeFock_V2_A_p": 1.84567e-05,
  "KDHartreeFock_V3_0_p": 7.5759e-06,
  "KDHartreeFock_V3_A_p": 3.538e-07,
  "KDHartreeFock_V4_0": 3.7471e-06,
  "KDHartreeFock_r_0": 1.3004773064,
  "KDHartreeFock_r_A": 0.5314738101,
  "KDHartreeFock_a_0": 0.7000730683,
  "KDHartreeFock_a_A": -4.56784e-05,
  "KDCoulomb_r_C_0": 1.1827780409,
  "KDCoulomb_r_C_A": 1.0240542255,
  "KDCoulomb_r_C_A2": 29.8398408553,
  "KDRealSpinOrbit_V1_0": 5.5635273816,
  "KDRealSpinOrbit_V1_A": 0.0040184114,
  "KDRealSpinOrbit_V2_0": 0.0031457266,
  "KDRealSpinOrbit_r_0": 1.1513695198,
  "KDRealSpinOrbit_r_A": 0.409411682,
  "KDRealSpinOrbit_a_0": 0.5930127194,
  "KDImagSpinOrbit_W1_0": -2.7802728189,
  "KDImagSpinOrbit_W2_0": 108.3201364652,
  "KDImagVolume_W1_0_n": 23.8592216836,
  "KDImagVolume_W1_A_n": -0.0036384557,
  "KDImagVolume_W1_0_p": 12.4064952837,
  "KDImagVolume_W1_A_p": 0.0737198189,
  "KDImagVolume_W2_0": 93.7078294663,
  "KDImagVolume_W2_A": 0.3044936182,
  "KDImagSurface_D1_0": 4.0474474065,
  "KDImagSurface_D1_asymm": 0.573982523,
  "KDImagSurface_D2_0": 0.0408164826,
  "KDImagSurface_D2_A": -0.0317869585,
  "KDImagSurface_D2_A2": 3.3985277572,
  "KDImagSurface_D2_A3": 238.272878658,
  "KDImagSurface_D3_0": 8.8170841636,
  "KDImagSurface_r_0": 1.2415720614,
  "KDImagSurface_r_A": -0.0053056932,
  "KDImagSurface_a_0_n": 0.568878548,
  "KDImagSurface_a_A_n": -0.0004773519,
  "KDImagSurface_a_0_p": 0.5130849146,
  "KDImagSurface_a_A_p": 0.0007483473
}