{
  "KDHartreeFock_V1_0": 59.3897308734,
  "KDHartreeFock_V1_asymm": 1.7965422079,
  "KDHartreeFock_V1_A": 0.0316327858,
  "KDHartreeFock_V2_0_n": 0.0076198789,
  "KDHartreeFock_V2_A_n": 2.5222e-06,
  "KDHartreeFock_V3_0_n": 2.45467e-05,
  "KDHartreeFock_V3_A_n": 7.309e-07,
  "KDHartreeFock_V2_0_p": 0.007111629,
  "KDHartreeFock_V2_A_p": -7.475e-07,
  "KDHartreeFock_V3_0_p": 1.46333e-05,
  "KDHartreeFock_V3_A_p": 9.827e-07,
  "KDHartreeFock_V4_0": 4.797e-07,
  "KDHartreeFock_r_0": 1.3026501452,
  "KDHartreeFock_r_A": 0.5688172635,
  "KDHartreeFock_a_0": 0.7399575377,
  "KDHartreeFock_a_A": 0.0002028058,
  "KDCoulomb_r_C_0": 1.1261232798,
  "KDCoulomb_r_C_A": 1.224546598,
  "KDCoulomb_r_C_A2": 28.4208532408,
  "KDRealSpinOrbit_V1_0": 6.0087321364,
  "KDRealSpinOrbit_V1_A": -3.6607e-05,
  "KDRealSpinOrbit_V2_0": 0.0035828871,
  "KDRealSpinOrbit_r_0": 1.1562006174,
  "KDRealSpinOrbit_r_A": 0.2115353847,
  "KDRealSpinOrbit_a_0": 0.5926811775,
  "KDImagSpinOrbit_W1_0": -1.4028177591,
  "KDImagSpinOrbit_W2_0": 210.4960907488,
  "KDImagVolume_W1_0_n": 21.9692023042,
  "KDImagVolume_W1_A_n": -0.0274639627,
  "KDImagVolume_W1_0_p": 22.9593048489,
  "KDImagVolume_W1_A_p": -0.1172298549,
  "KDImagVolume_W2_0": 148.92995332,
  "KDImagVolume_W2_A": -0.3187448407,
  "KDImagSurface_D1_0": 14.4795511326,
  "KDImagSurface_D1_asymm": -6.3163404127,
  "KDImagSurface_D2_0": -0.0633468036,
  "KDImagSurface_D2_A": 0.0860534181,
  "KDImagSurface_D2_A2": 24.8319335398,
  "KDImagSurface_D2_A3": 352.6432852474,
  "KDImagSurface_D3_0": 10.9143441734,
  "KDImagSurface_r_0": 1.4036537361,
  "KDImagSurface_r_A": 0.0310995453,
  "KDImagSurface_a_0_n": 0.5661497027,
  "KDImagSurface_a_A_n": -6.5689e-06,
  "KDImagSurface_a_0_p": 0.4990215795,
  "KDImagSurface_a_A_p": 0.0036056364
}