{
  "KDHartreeFock_V1_0": 60.4705022229,
  "KDHartreeFock_V1_asymm": 13.7193927383,
  "KDHartreeFock_V1_A": 0.0361290779,
  "KDHartreeFock_V2_0_n": 0.0063730993,
  "KDHartreeFock_V2_A_n": 7.897e-06,
  "KDHartreeFock_V3_0_n": 1.0131e-05,
  "KDHartreeFock_V3_A_n": 1.9513e-06,
  "KDHartreeFock_V2_0_p": 0.0064608861,
  "KDHartreeFock_V2_A_p": -4.352e-07,
  "KDHartreeFock_V3_0_p": 1.3571e-05,
  "KDHartreeFock_V3_A_p": 3.8998e-06,
  "KDHartreeFock_V4_0": 4.267e-07,
  "KDHartreeFock_r_0": 1.219882899,
  "KDHartreeFock_r_A": 0.1797747276,
  "KDHartreeFock_a_0": 0.6391136856,
  "KDHartreeFock_a_A": -0.0007156981,
  "KDCoulomb_r_C_0": 1.190250137,
  "KDCoulomb_r_C_A": 0.4551593367,
  "KDCoulomb_r_C_A2": -7.7710923791,
  "KDRealSpinOrbit_V1_0": 6.8238527504,
  "KDRealSpinOrbit_V1_A": 0.0053825195,
  "KDRealSpinOrbit_V2_0": 0.0079033526,
  "KDRealSpinOrbit_r_0": 1.319426043,
  "KDRealSpinOrbit_r_A": 1.1335426421,
  "KDRealSpinOrbit_a_0": 0.5943006633,
  "KDImagSpinOrbit_W1_0": -7.0621774892,
  "KDImagSpinOrbit_W2_0": 242.0443470354,
  "KDImagVolume_W1_0_n": 13.4354694162,
  "KDImagVolume_W1_A_n": 0.072036933,
  "KDImagVolume_W1_0_p": 17.3486641826,
  "KDImagVolume_W1_A_p": 0.0465875331,
  "KDImagVolume_W2_0": 52.3624302469,
  "KDImagVolume_W2_A": 0.4019556576,
  "KDImagSurface_D1_0": 19.1638078211,
  "KDImagSurface_D1_asymm": 10.7373013597,
  "KDImagSurface_D2_0": 0.0240801824,
  "KDImagSurface_D2_A": -0.005688231,
  "KDImagSurface_D2_A2": 4.4675240581,
  "KDImagSurface_D2_A3": 132.6801276001,
  "KDImagSurface_D3_0": 13.8144503267,
  "KDImagSurface_r_0": 1.2917514582,
  "KDImagSurface_r_A": 0.0001070655,
  "KDImagSurface_a_0_n": 0.5585740015,
  "KDImagSurface_a_A_n": -1.252e-07,
  "KDImagSurface_a_0_p": 0.4746151544,
  "KDImagSurface_a_A_p": 0.0014401822
}