{
  "KDHartreeFock_V1_0": 55.0593908403,
  "KDHartreeFock_V1_asymm": 11.2684661667,
  "KDHartreeFock_V1_A": 0.0133650828,
  "KDHartreeFock_V2_0_n": 0.006664421,
  "KDHartreeFock_V2_A_n": 3.3554e-06,
  "KDHartreeFock_V3_0_n": 1.02921e-05,
  "KDHartreeFock_V3_A_n": -9.417e-07,
  "KDHartreeFock_V2_0_p": 0.0064440875,
  "KDHartreeFock_V2_A_p": 6.82e-06,
  "KDHartreeFock_V3_0_p": 1.17813e-05,
  "KDHartreeFock_V3_A_p": 2.4941e-06,
  "KDHartreeFock_V4_0": -8.317e-07,
  "KDHartreeFock_r_0": 1.2881024044,
  "KDHartreeFock_r_A": 0.305681429,
  "KDHartreeFock_a_0": 0.7228715937,
  "KDHartreeFock_a_A": 0.0003562475,
  "KDCoulomb_r_C_0": 1.0483830906,
  "KDCoulomb_r_C_A": 0.2119428156,
  "KDCoulomb_r_C_A2": 1.3734002392,
  "KDRealSpinOrbit_V1_0": 6.4238218495,
  "KDRealSpinOrbit_V1_A": -0.0069071563,
  "KDRealSpinOrbit_V2_0": 0.0029229838,
  "KDRealSpinOrbit_r_0": 1.1545456566,
  "KDRealSpinOrbit_r_A": 0.4177509529,
  "KDRealSpinOrbit_a_0": 0.5544698909,
  "KDImagSpinOrbit_W1_0": -1.2112644757,
  "KDImagSpinOrbit_W2_0": 7.8087668833,
  "KDImagVolume_W1_0_n": 17.9927331016,
  "KDImagVolume_W1_A_n": 0.0313450474,
  "KDImagVolume_W1_0_p": 14.5317068243,
  "KDImagVolume_W1_A_p": 0.0656332288,
  "KDImagVolume_W2_0": 104.0430407899,
  "KDImagVolume_W2_A": 0.1292321375,
  "KDImagSurface_D1_0": 13.0070790716,
  "KDImagSurface_D1_asymm": 24.0644203407,
  "KDImagSurface_D2_0": -0.0081853974,
  "KDImagSurface_D2_A": 0.023794985,
  "KDImagSurface_D2_A2": 0.7692084827,
  "KDImagSurface_D2_A3": 314.440057516,
  "KDImagSurface_D3_0": 5.310372001,
  "KDImagSurface_r_0": 1.4226738883,
  "KDImagSurface_r_A": 0.0331588189,
  "KDImagSurface_a_0_n": 0.4416024478,
  "KDImagSurface_a_A_n": -0.0004342443,
  "KDImagSurface_a_0_p": 0.4521326226,
  "KDImagSurface_a_A_p": 0.0009156891
}