{
  "KDHartreeFock_V1_0": 57.7831513853,
  "KDHartreeFock_V1_asymm": 7.5076870565,
  "KDHartreeFock_V1_A": 0.0375330145,
  "KDHartreeFock_V2_0_n": 0.0074862863,
  "KDHartreeFock_V2_A_n": 4.3915e-06,
  "KDHartreeFock_V3_0_n": 2.22209e-05,
  "KDHartreeFock_V3_A_n": -1.345e-07,
  "KDHartreeFock_V2_0_p": 0.0070191339,
  "KDHartreeFock_V2_A_p": 6.6625e-06,
  "KDHartreeFock_V3_0_p": 1.96637e-05,
  "KDHartreeFock_V3_A_p": -3.781e-07,
  "KDHartreeFock_V4_0": -9.688e-07,
  "KDHartreeFock_r_0": 1.340062075,
  "KDHartreeFock_r_A": 0.5617425929,
  "KDHartreeFock_a_0": 0.6835083887,
  "KDHartreeFock_a_A": 0.0001803266,
  "KDCoulomb_r_C_0": 1.2294725385,
  "KDCoulomb_r_C_A": 1.4234354426,
  "KDCoulomb_r_C_A2": 15.7045255821,
  "KDRealSpinOrbit_V1_0": 6.6792367741,
  "KDRealSpinOrbit_V1_A": 0.0058996914,
  "KDRealSpinOrbit_V2_0": 0.009996024,
  "KDRealSpinOrbit_r_0": 1.2566016677,
  "KDRealSpinOrbit_r_A": 0.8332741911,
  "KDRealSpinOrbit_a_0": 0.6402857445,
  "KDImagSpinOrbit_W1_0": -5.9641692309,
  "KDImagSpinOrbit_W2_0": 277.1613021286,
  "KDImagVolume_W1_0_n": 20.469130833,
  "KDImagVolume_W1_A_n": -0.0147963272,
  "KDImagVolume_W1_0_p": 19.5640760322,
  "KDImagVolume_W1_A_p": -0.063160009,
  "KDImagVolume_W2_0": 89.9079517523,
  "KDImagVolume_W2_A": -0.0829223147,
  "KDImagSurface_D1_0": 1.9269277611,
  "KDImagSurface_D1_asymm": 8.3462558751,
  "KDImagSurface_D2_0": 0.0337792297,
  "KDImagSurface_D2_A": -0.0240976012,
  "KDImagSurface_D2_A2": 7.4518054899,
  "KDImagSurface_D2_A3": 324.7096584804,
  "KDImagSurface_D3_0": 5.4570143116,
  "KDImagSurface_r_0": 1.3082114441,
  "KDImagSurface_r_A": 0.018392233,
  "KDImagSurface_a_0_n": 0.5899016966,
  "KDImagSurface_a_A_n": -0.0009366201,
  "KDImagSurface_a_0_p": 0.4907217643,
  "KDImagSurface_a_A_p": 0.0027658395
}