{
  "KDHartreeFock_V1_0": 57.4732285427,
  "KDHartreeFock_V1_asymm": 7.5216915757,
  "KDHartreeFock_V1_A": 0.037333431,
  "KDHartreeFock_V2_0_n": 0.0054402462,
  "KDHartreeFock_V2_A_n": 3.5191e-06,
  "KDHartreeFock_V3_0_n": 2.8585e-06,
  "KDHartreeFock_V3_A_n": 1.1108e-06,
  "KDHartreeFock_V2_0_p": 0.0069198854,
  "KDHartreeFock_V2_A_p": -5.2651e-06,
  "KDHartreeFock_V3_0_p": 1.62266e-05,
  "KDHartreeFock_V3_A_p": -2.4823e-06,
  "KDHartreeFock_V4_0": 4.686e-07,
  "KDHartreeFock_r_0": 1.3213988819,
  "KDHartreeFock_r_A": 0.4778608676,
  "KDHartreeFock_a_0": 0.6808135345,
  "KDHartreeFock_a_A": 0.000358697,
  "KDCoulomb_r_C_0": 1.104733073,
  "KDCoulomb_r_C_A": 0.6945162342,
  "KDCoulomb_r_C_A2": -7.820885313,
  "KDRealSpinOrbit_V1_0": 4.2426647421,
  "KDRealSpinOrbit_V1_A": 0.001002039,
  "KDRealSpinOrbit_V2_0": 0.0043437911,
  "KDRealSpinOrbit_r_0": 1.1683001326,
  "KDRealSpinOrbit_r_A": 0.4970925704,
  "KDRealSpinOrbit_a_0": 0.5756750062,
  "KDImagSpinOrbit_W1_0": -5.7396134963,
  "KDImagSpinOrbit_W2_0": 323.8805028369,
  "KDImagVolume_W1_0_n": 23.7241515796,
  "KDImagVolume_W1_A_n": -0.0107340069,
  "KDImagVolume_W1_0_p": 27.5301475885,
  "KDImagVolume_W1_A_p": -0.070404,
  "KDImagVolume_W2_0": 139.3077556199,
  "KDImagVolume_W2_A": -0.1885943153,
  "KDImagSurface_D1_0": 15.7396972144,
  "KDImagSurface_D1_asymm": 5.9523013007,
  "KDImagSurface_D2_0": -0.0171583407,
  "KDImagSurface_D2_A": 0.0340450956,
  "KDImagSurface_D2_A2": -3.4816133671,
  "KDImagSurface_D2_A3": 100.3938809097,
  "KDImagSurface_D3_0": 13.2498704001,
  "KDImagSurface_r_0": 1.3307059391,
  "KDImagSurface_r_A": 0.0237069328,
  "KDImagSurface_a_0_n": 0.5513988156,
  "KDImagSurface_a_A_n": -0.0006133803,
  "KDImagSurface_a_0_p": 0.5059018669,
  "KDImagSurface_a_A_p": 0.0018073187
}