{
  "KDHartreeFock_V1_0": 57.891246892,
  "KDHartreeFock_V1_asymm": 16.8480908938,
  "KDHartreeFock_V1_A": 0.0143757165,
  "KDHartreeFock_V2_0_n": 0.0062721543,
  "KDHartreeFock_V2_A_n": 2.4802e-06,
  "KDHartreeFock_V3_0_n": 1.53423e-05,
  "KDHartreeFock_V3_A_n": -1.0117e-06,
  "KDHartreeFock_V2_0_p": 0.0087222667,
  "KDHartreeFock_V2_A_p": -1.02098e-05,
  "KDHartreeFock_V3_0_p": 2.59871e-05,
  "KDHartreeFock_V3_A_p": -2.5391e-06,
  "KDHartreeFock_V4_0": -3.01e-08,
  "KDHartreeFock_r_0": 1.2818396972,
  "KDHartreeFock_r_A": 0.4115749879,
  "KDHartreeFock_a_0": 0.7221803141,
  "KDHartreeFock_a_A": 0.0004152985,
  "KDCoulomb_r_C_0": 1.0625233949,
  "KDCoulomb_r_C_A": 0.4974743002,
  "KDCoulomb_r_C_A2": 25.4125402291,
  "KDRealSpinOrbit_V1_0": 5.0126126543,
  "KDRealSpinOrbit_V1_A": -0.0003981855,
  "KDRealSpinOrbit_V2_0": 0.0028515512,
  "KDRealSpinOrbit_r_0": 1.1528526597,
  "KDRealSpinOrbit_r_A": 0.6709611413,
  "KDRealSpinOrbit_a_0": 0.5608579275,
  "KDImagSpinOrbit_W1_0": -3.2612324142,
  "KDImagSpinOrbit_W2_0": 255.2207298745,
  "KDImagVolume_W1_0_n": 21.4483041134,
  "KDImagVolume_W1_A_n": -0.0385427066,
  "KDImagVolume_W1_0_p": 33.0504994748,
  "KDImagVolume_W1_A_p": -0.0740434812,
  "KDImagVolume_W2_0": 107.8691906789,
  "KDImagVolume_W2_A": -0.586872343,
  "KDImagSurface_D1_0": 35.5322823194,
  "KDImagSurface_D1_asymm": 16.9105560794,
  "KDImagSurface_D2_0": 0.0091821497,
  "KDImagSurface_D2_A": 0.0393993062,
  "KDImagSurface_D2_A2": 20.1591184812,
  "KDImagSurface_D2_A3": 298.0462098448,
  "KDImagSurface_D3_0": 24.4147794707,
  "KDImagSurface_r_0": 1.3829486131,
  "KDImagSurface_r_A": 0.0175112501,
  "KDImagSurface_a_0_n": 0.5078495291,
  "KDImagSurface_a_A_n": -1.35633e-05,
  "KDImagSurface_a_0_p": 0.4708578254,
  "KDImagSurface_a_A_p": 0.0010293869
}