{
  "KDHartreeFock_V1_0": 56.6957333241,
  "KDHartreeFock_V1_asymm": 17.3521691355,
  "KDHartreeFock_V1_A": 0.0262380495,
  "KDHartreeFock_V2_0_n": 0.0052338233,
  "KDHartreeFock_V2_A_n": 5.1159e-06,
  "KDHartreeFock_V3_0_n": -5.5078e-06,
  "KDHartreeFock_V3_A_n": 8.71e-08,
  "KDHartreeFock_V2_0_p": 0.0063295958,
  "KDHartreeFock_V2_A_p": 8.2612e-06,
  "KDHartreeFock_V3_0_p": 1.9751e-06,
  "KDHartreeFock_V3_A_p": -3.556e-07,
  "KDHartreeFock_V4_0": 2.605e-07,
  "KDHartreeFock_r_0": 1.2895158727,
  "KDHartreeFock_r_A": 0.3300234568,
  "KDHartreeFock_a_0": 0.6856522832,
  "KDHartreeFock_a_A": 0.0001920896,
  "KDCoulomb_r_C_0": 1.1648685006,
  "KDCoulomb_r_C_A": 0.8272951267,
  "KDCoulomb_r_C_A2": 16.9527231561,
  "KDRealSpinOrbit_V1_0": 4.8184150003,
  "KDRealSpinOrbit_V1_A": 0.0060418775,
  "KDRealSpinOrbit_V2_0": -0.0001296086,
  "KDRealSpinOrbit_r_0": 1.2514355554,
  "KDRealSpinOrbit_r_A": 0.925650181,
  "KDRealSpinOrbit_a_0": 0.6278503124,
  "KDImagSpinOrbit_W1_0": -5.5767152769,
  "KDImagSpinOrbit_W2_0": 243.9689545705,
  "KDImagVolume_W1_0_n": 20.1486979185,
  "KDImagVolume_W1_A_n": 0.0018393637,
  "KDImagVolume_W1_0_p": 18.9755537614,
  "KDImagVolume_W1_A_p": -0.036882458,
  "KDImagVolume_W2_0": 106.8329387361,
  "KDImagVolume_W2_A": -0.0469460901,
  "KDImagSurface_D1_0": 20.5162049664,
  "KDImagSurface_D1_asymm": 15.0192169226,
  "KDImagSurface_D2_0": 0.0264925709,
  "KDImagSurface_D2_A": -0.0013760858,
  "KDImagSurface_D2_A2": 2.0987529019,
  "KDImagSurface_D2_A3": 390.8876882413,
  "KDImagSurface_D3_0": 12.426256538,
  "KDImagSurface_r_0": 1.4847226179,
  "KDImagSurface_r_A": 0.0418077043,
  "KDImagSurface_a_0_n": 0.4739181875,
  "KDImagSurface_a_A_n": 7.05708e-05,
  "KDImagSurface_a_0_p": 0.4437790373,
  "KDImagSurface_a_A_p": 0.0009400818
}