{
  "KDHartreeFock_V1_0": 61.4866124549,
  "KDHartreeFock_V1_asymm": 2.718948193,
  "KDHartreeFock_V1_A": 0.0385227397,
  "KDHartreeFock_V2_0_n": 0.0063572329,
  "KDHartreeFock_V2_A_n": -3.1355e-06,
  "KDHartreeFock_V3_0_n": 1.3426e-05,
  "KDHartreeFock_V3_A_n": 1.4307e-06,
  "KDHartreeFock_V2_0_p": 0.0056773332,
  "KDHartreeFock_V2_A_p": 8.2674e-06,
  "KDHartreeFock_V3_0_p": 1.29154e-05,
  "KDHartreeFock_V3_A_p": 4.622e-07,
  "KDHartreeFock_V4_0": -6.507e-07,
  "KDHartreeFock_r_0": 1.3064542786,
  "KDHartreeFock_r_A": 0.6130366317,
  "KDHartreeFock_a_0": 0.6941799946,
  "KDHartreeFock_a_A": 0.0001302601,
  "KDCoulomb_r_C_0": 1.1428825046,
  "KDCoulomb_r_C_A": -0.966163741,
  "KDCoulomb_r_C_A2": 21.9168581931,
  "KDRealSpinOrbit_V1_0": 5.1473967407,
  "KDRealSpinOrbit_V1_A": 0.0107201948,
  "KDRealSpinOrbit_V2_0": 0.0038411455,
  "KDRealSpinOrbit_r_0": 1.2236623093,
  "KDRealSpinOrbit_r_A": 0.8785912738,
  "KDRealSpinOrbit_a_0": 0.6509452666,
  "KDImagSpinOrbit_W1_0": -1.530066956,
  "KDImagSpinOrbit_W2_0": 193.9743316719,
  "KDImagVolume_W1_0_n": 28.0768960036,
  "KDImagVolume_W1_A_n": 0.0220527161,
  "KDImagVolume_W1_0_p": 22.3755194489,
  "KDImagVolume_W1_A_p": 0.1039484933,
  "KDImagVolume_W2_0": 145.8931105787,
  "KDImagVolume_W2_A": 0.4041000945,
  "KDImagSurface_D1_0": 18.4100301606,
  "KDImagSurface_D1_asymm": 0.6305975664,
  "KDImagSurface_D2_0": -0.0584777594,
  "KDImagSurface_D2_A": 0.0724959261,
  "KDImagSurface_D2_A2": 0.5849727411,
  "KDImagSurface_D2_A3": 143.3229259188,
  "KDImagSurface_D3_0": 16.8393655473,
  "KDImagSurface_r_0": 1.2648469232,
  "KDImagSurface_r_A": -0.000419396,
  "KDImagSurface_a_0_n": 0.5042453772,
  "KDImagSurface_a_A_n": -0.0007550017,
  "KDImagSurface_a_0_p": 0.5327454337,
  "KDImagSurface_a_A_p": 0.0020301852
}