{
  "KDHartreeFock_V1_0": 58.877859336,
  "KDHartreeFock_V1_asymm": 19.6787207706,
  "KDHartreeFock_V1_A": 0.021364372,
  "KDHartreeFock_V2_0_n": 0.0065032972,
  "KDHartreeFock_V2_A_n": 4.3029e-06,
  "KDHartreeFock_V3_0_n": 1.34921e-05,
  "KDHartreeFock_V3_A_n": 1.588e-06,
  "KDHartreeFock_V2_0_p": 0.0067547512,
  "KDHartreeFock_V2_A_p": 2.1894e-06,
  "KDHartreeFock_V3_0_p": 1.62804e-05,
  "KDHartreeFock_V3_A_p": 1.9906e-06,
  "KDHartreeFock_V4_0": 2.302e-07,
  "KDHartreeFock_r_0": 1.2533173535,
  "KDHartreeFock_r_A": 0.2629551285,
  "KDHartreeFock_a_0": 0.6385586008,
  "KDHartreeFock_a_A": -0.0001939241,
  "KDCoulomb_r_C_0": 1.0066956604,
  "KDCoulomb_r_C_A": 1.1613722196,
  "KDCoulomb_r_C_A2": 24.3216789075,
  "KDRealSpinOrbit_V1_0": 6.8272688062,
  "KDRealSpinOrbit_V1_A": 0.0040471031,
  "KDRealSpinOrbit_V2_0": 0.0092847228,
  "KDRealSpinOrbit_r_0": 1.2366850374,
  "KDRealSpinOrbit_r_A": 0.7838955574,
  "KDRealSpinOrbit_a_0": 0.6554317677,
  "KDImagSpinOrbit_W1_0": -3.5913428972,
  "KDImagSpinOrbit_W2_0": 108.2273039765,
  "KDImagVolume_W1_0_n": 19.8491071864,
  "KDImagVolume_W1_A_n": 0.0622358211,
  "KDImagVolume_W1_0_p": 16.6780476862,
  "KDImagVolume_W1_A_p": 0.100017942,
  "KDImagVolume_W2_0": 129.558743527,
  "KDImagVolume_W2_A": 0.0902873508,
  "KDImagSurface_D1_0": 21.5862548775,
  "KDImagSurface_D1_asymm": 9.313695254,
  "KDImagSurface_D2_0": 0.0408113863,
  "KDImagSurface_D2_A": -0.020389756,
  "KDImagSurface_D2_A2": 17.9847868602,
  "KDImagSurface_D2_A3": 452.3767011954,
  "KDImagSurface_D3_0": 19.9669035652,
  "KDImagSurface_r_0": 1.4269170281,
  "KDImagSurface_r_A": 0.0341925124,
  "KDImagSurface_a_0_n": 0.527878713,
  "KDImagSurface_a_A_n": -0.0008475758,
  "KDImagSurface_a_0_p": 0.4598381977,
  "KDImagSurface_a_A_p": 0.0016289247
}