{
  "KDHartreeFock_V1_0": 60.3104875822,
  "KDHartreeFock_V1_asymm": 15.4113843425,
  "KDHartreeFock_V1_A": 0.027762258,
  "KDHartreeFock_V2_0_n": 0.0074478258,
  "KDHartreeFock_V2_A_n": 6.6204e-06,
  "KDHartreeFock_V3_0_n": 2.10523e-05,
  "KDHartreeFock_V3_A_n": -2.1572e-06,
  "KDHartreeFock_V2_0_p": 0.0065094169,
  "KDHartreeFock_V2_A_p": 1.01317e-05,
  "KDHartreeFock_V3_0_p": 9.1017e-06,
  "KDHartreeFock_V3_A_p": -1.4092e-06,
  "KDHartreeFock_V4_0": -4.5882e-06,
  "KDHartreeFock_r_0": 1.2548358767,
  "KDHartreeFock_r_A": 0.328528776,
  "KDHartreeFock_a_0": 0.6724878643,
  "KDHartreeFock_a_A": -0.0002537318,
  "KDCoulomb_r_C_0": 1.2694214468,
  "KDCoulomb_r_C_A": 0.8674576689,
  "KDCoulomb_r_C_A2": 5.4855808243,
  "KDRealSpinOrbit_V1_0": 5.146309348,
  "KDRealSpinOrbit_V1_A": 0.0011572681,
  "KDRealSpinOrbit_V2_0": -0.000215288,
  "KDRealSpinOrbit_r_0": 1.2107124868,
  "KDRealSpinOrbit_r_A": 0.7750498265,
  "KDRealSpinOrbit_a_0": 0.6612142785,
  "KDImagSpinOrbit_W1_0": -8.2326324895,
  "KDImagSpinOrbit_W2_0": 350.209409313,
  "KDImagVolume_W1_0_n": 20.5650043239,
  "KDImagVolume_W1_A_n": 0.0387763331,
  "KDImagVolume_W1_0_p": 12.1561552195,
  "KDImagVolume_W1_A_p": 0.1078585007,
  "KDImagVolume_W2_0": 112.3126581753,
  "KDImagVolume_W2_A": 0.0347341148,
  "KDImagSurface_D1_0": 16.3072259918,
  "KDImagSurface_D1_asymm": 12.1643098898,
  "KDImagSurface_D2_0": 0.0131714589,
  "KDImagSurface_D2_A": 0.0093852461,
  "KDImagSurface_D2_A2": 20.6956670473,
  "KDImagSurface_D2_A3": 329.2634602566,
  "KDImagSurface_D3_0": 13.0456114538,
  "KDImagSurface_r_0": 1.3151777079,
  "KDImagSurface_r_A": 0.0173132431,
  "KDImagSurface_a_0_n": 0.5766504291,
  "KDImagSurface_a_A_n": -0.000271959,
  "KDImagSurface_a_0_p": 0.4692278461,
  "KDImagSurface_a_A_p": 0.0023786355
}