{
  "KDHartreeFock_V1_0": 55.9316225175,
  "KDHartreeFock_V1_asymm": 11.2766225035,
  "KDHartreeFock_V1_A": 0.0195735777,
  "KDHartreeFock_V2_0_n": 0.0057483191,
  "KDHartreeFock_V2_A_n": -6.2088e-06,
  "KDHartreeFock_V3_0_n": 6.2293e-06,
  "KDHartreeFock_V3_A_n": 2.0541e-06,
  "KDHartreeFock_V2_0_p": 0.0064019468,
  "KDHartreeFock_V2_A_p": 6.5887e-06,
  "KDHartreeFock_V3_0_p": 1.08265e-05,
  "KDHartreeFock_V3_A_p": -4.27e-07,
  "KDHartreeFock_V4_0": 1.3247e-06,
  "KDHartreeFock_r_0": 1.3271583865,
  "KDHartreeFock_r_A": 0.501797608,
  "KDHartreeFock_a_0": 0.7161895665,
  "KDHartreeFock_a_A": 0.000629087,
  "KDCoulomb_r_C_0": 1.1625640932,
  "KDCoulomb_r_C_A": -0.1395439253,
  "KDCoulomb_r_C_A2": -12.2712756942,
  "KDRealSpinOrbit_V1_0": 6.6735425027,
  "KDRealSpinOrbit_V1_A": -0.0039033223,
  "KDRealSpinOrbit_V2_0": 0.0056442475,
  "KDRealSpinOrbit_r_0": 1.1230047612,
  "KDRealSpinOrbit_r_A": 0.3638682038,
  "KDRealSpinOrbit_a_0": 0.6394403193,
  "KDImagSpinOrbit_W1_0": -3.8555939866,
  "KDImagSpinOrbit_W2_0": 286.7098890591,
  "KDImagVolume_W1_0_n": 22.515426456,
  "KDImagVolume_W1_A_n": -0.0210506571,
  "KDImagVolume_W1_0_p": 16.0227224717,
  "KDImagVolume_W1_A_p": 0.0232503387,
  "KDImagVolume_W2_0": 125.9607997837,
  "KDImagVolume_W2_A": -0.1859982919,
  "KDImagSurface_D1_0": 16.2873161175,
  "KDImagSurface_D1_asymm": 6.4596654054,
  "KDImagSurface_D2_0": 0.0442584951,
  "KDImagSurface_D2_A": -0.0275282477,
  "KDImagSurface_D2_A2": 9.1129033192,
  "KDImagSurface_D2_A3": 132.0488700991,
  "KDImagSurface_D3_0": 11.3172670425,
  "KDImagSurface_r_0": 1.3613325759,
  "KDImagSurface_r_A": 0.0275256523,
  "KDImagSurface_a_0_n": 0.5646022281,
  "KDImagSurface_a_A_n": 5.37822e-05,
  "KDImagSurface_a_0_p": 0.531884584,
  "KDImagSurface_a_A_p": 0.0021684315
}