{
  "KDHartreeFock_V1_0": 58.3184456254,
  "KDHartreeFock_V1_asymm": 7.4986956998,
  "KDHartreeFock_V1_A": 0.0113562424,
  "KDHartreeFock_V2_0_n": 0.0076595693,
  "KDHartreeFock_V2_A_n": 2.5754e-06,
  "KDHartreeFock_V3_0_n": 2.60936e-05,
  "KDHartreeFock_V3_A_n": 1.8641e-06,
  "KDHartreeFock_V2_0_p": 0.0077710609,
  "KDHartreeFock_V2_A_p": -8.5764e-06,
  "KDHartreeFock_V3_0_p": 2.64479e-05,
  "KDHartreeFock_V3_A_p": -1.0265e-06,
  "KDHartreeFock_V4_0": 1.768e-06,
  "KDHartreeFock_r_0": 1.1860101622,
  "KDHartreeFock_r_A": 0.034731184,
  "KDHartreeFock_a_0": 0.7078308592,
  "KDHartreeFock_a_A": 4.43867e-05,
  "KDCoulomb_r_C_0": 1.1282765039,
  "KDCoulomb_r_C_A": 0.4014582312,
  "KDCoulomb_r_C_A2": 34.2309760513,
  "KDRealSpinOrbit_V1_0": 5.0864915681,
  "KDRealSpinOrbit_V1_A": 0.0092541014,
  "KDRealSpinOrbit_V2_0": 0.0019789001,
  "KDRealSpinOrbit_r_0": 1.2195071646,
  "KDRealSpinOrbit_r_A": 0.8649851047,
  "KDRealSpinOrbit_a_0": 0.6499571329,
  "KDImagSpinOrbit_W1_0": -3.5053229801,
  "KDImagSpinOrbit_W2_0": 303.2769830169,
  "KDImagVolume_W1_0_n": 14.3707904539,
  "KDImagVolume_W1_A_n": 0.0390625651,
  "KDImagVolume_W1_0_p": 16.1668121506,
  "KDImagVolume_W1_A_p": 0.1382402778,
  "KDImagVolume_W2_0": 69.2207042641,
  "KDImagVolume_W2_A": 0.2881789489,
  "KDImagSurface_D1_0": 27.0558962662,
  "KDImagSurface_D1_asymm": 20.1045850289,
  "KDImagSurface_D2_0": 0.0372536909,
  "KDImagSurface_D2_A": 0.0051992844,
  "KDImagSurface_D2_A2": 1.3151449097,
  "KDImagSurface_D2_A3": -52.9118520866,
  "KDImagSurface_D3_0": 17.6968939964,
  "KDImagSurface_r_0": 1.2524991857,
  "KDImagSurface_r_A": -0.0092764931,
  "KDImagSurface_a_0_n": 0.5183194373,
  "KDImagSurface_a_A_n": 0.0002036298,
  "KDImagSurface_a_0_p": 0.57054016,
  "KDImagSurface_a_A_p": 0.0006718068
}