{
  "KDHartreeFock_V1_0": 58.696877785,
  "KDHartreeFock_V1_asymm": 17.6023081924,
  "KDHartreeFock_V1_A": 0.0328882968,
  "KDHartreeFock_V2_0_n": 0.0066602733,
  "KDHartreeFock_V2_A_n": 5.1965e-06,
  "KDHartreeFock_V3_0_n": 1.41913e-05,
  "KDHartreeFock_V3_A_n": -1.3593e-06,
  "KDHartreeFock_V2_0_p": 0.0061261301,
  "KDHartreeFock_V2_A_p": 1.15961e-05,
  "KDHartreeFock_V3_0_p": 1.94663e-05,
  "KDHartreeFock_V3_A_p": -9.146e-07,
  "KDHartreeFock_V4_0": -2.3148e-06,
  "KDHartreeFock_r_0": 1.3283071366,
  "KDHartreeFock_r_A": 0.504626093,
  "KDHartreeFock_a_0": 0.6981688073,
  "KDHartreeFock_a_A": 0.0003233561,
  "KDCoulomb_r_C_0": 1.075258746,
  "KDCoulomb_r_C_A": 0.1363813224,
  "KDCoulomb_r_C_A2": 23.5092572454,
  "KDRealSpinOrbit_V1_0": 6.5599771506,
  "KDRealSpinOrbit_V1_A": 0.0044822727,
  "KDRealSpinOrbit_V2_0": 0.0078563123,
  "KDRealSpinOrbit_r_0": 1.1620820191,
  "KDRealSpinOrbit_r_A": 0.6007891559,
  "KDRealSpinOrbit_a_0": 0.6121249298,
  "KDImagSpinOrbit_W1_0": -4.9891999141,
  "KDImagSpinOrbit_W2_0": 287.984042361,
  "KDImagVolume_W1_0_n": 27.6758582481,
  "KDImagVolume_W1_A_n": -0.082623563,
  "KDImagVolume_W1_0_p": 18.1462261188,
  "KDImagVolume_W1_A_p": 0.0622842446,
  "KDImagVolume_W2_0": 119.5518471833,
  "KDImagVolume_W2_A": -0.2255574616,
  "KDImagSurface_D1_0": 28.6193793163,
  "KDImagSurface_D1_asymm": 9.9215287578,
  "KDImagSurface_D2_0": 0.037034403,
  "KDImagSurface_D2_A": -0.000518562,
  "KDImagSurface_D2_A2": -6.9423770642,
  "KDImagSurface_D2_A3": 93.8575181926,
  "KDImagSurface_D3_0": 20.8462366853,
  "KDImagSurface_r_0": 1.2144695647,
  "KDImagSurface_r_A": -0.0108017249,
  "KDImagSurface_a_0_n": 0.5778331359,
  "KDImagSurface_a_A_n": 0.0006932595,
  "KDImagSurface_a_0_p": 0.5304971611,
  "KDImagSurface_a_A_p": 0.0003407345
}