{
  "KDHartreeFock_V1_0": 59.4301839377,
  "KDHartreeFock_V1_asymm": 11.1852487438,
  "KDHartreeFock_V1_A": 0.0234201722,
  "KDHartreeFock_V2_0_n": 0.005882212,
  "KDHartreeFock_V2_A_n": 6.5966e-06,
  "KDHartreeFock_V3_0_n": 9.9147e-06,
  "KDHartreeFock_V3_A_n": 3.0244e-06,
  "KDHartreeFock_V2_0_p": 0.006400045,
  "KDHartreeFock_V2_A_p": -7.2409e-06,
  "KDHartreeFock_V3_0_p": 9.3299e-06,
  "KDHartreeFock_V3_A_p": -1.2326e-06,
  "KDHartreeFock_V4_0": -6.12e-08,
  "KDHartreeFock_r_0": 1.2131613256,
  "KDHartreeFock_r_A": 0.2744839659,
  "KDHartreeFock_a_0": 0.6720830279,
  "KDHartreeFock_a_A": -0.000632606,
  "KDCoulomb_r_C_0": 1.1930403626,
  "KDCoulomb_r_C_A": 0.8690203996,
  "KDCoulomb_r_C_A2": 24.5515393571,
  "KDRealSpinOrbit_V1_0": 6.9150154346,
  "KDRealSpinOrbit_V1_A": -0.0070072382,
  "KDRealSpinOrbit_V2_0": 0.0062131682,
  "KDRealSpinOrbit_r_0": 1.2287186534,
  "KDRealSpinOrbit_r_A": 0.768449604,
  "KDRealSpinOrbit_a_0": 0.5845808769,
  "KDImagSpinOrbit_W1_0": -3.5484365908,
  "KDImagSpinOrbit_W2_0": 252.9944126681,
  "KDImagVolume_W1_0_n": 15.4719456097,
  "KDImagVolume_W1_A_n": 0.0520041682,
  "KDImagVolume_W1_0_p": 22.4537907652,
  "KDImagVolume_W1_A_p": 0.0710242551,
  "KDImagVolume_W2_0": 91.7367333773,
  "KDImagVolume_W2_A": 0.1141081242,
  "KDImagSurface_D1_0": 24.3333339789,
  "KDImagSurface_D1_asymm": 22.1004377375,
  "KDImagSurface_D2_0": 0.0697986236,
  "KDImagSurface_D2_A": -0.0373349579,
  "KDImagSurface_D2_A2": 12.4733903274,
  "KDImagSurface_D2_A3": 286.5962900041,
  "KDImagSurface_D3_0": 18.3376461744,
  "KDImagSurface_r_0": 1.3910753038,
  "KDImagSurface_r_A": 0.0034299055,
  "KDImagSurface_a_0_n": 0.4972352312,
  "KDImagSurface_a_A_n": -5.96402e-05,
  "KDImagSurface_a_0_p": 0.4786418758,
  "KDImagSurface_a_A_p": 0.0012007131
}