{
  "KDHartreeFock_V1_0": 56.8786436523,
  "KDHartreeFock_V1_asymm": 8.8704589891,
  "KDHartreeFock_V1_A": 0.0287424434,
  "KDHartreeFock_V2_0_n": 0.0057012951,
  "KDHartreeFock_V2_A_n": -7.628e-07,
  "KDHartreeFock_V3_0_n": 3.9874e-06,
  "KDHartreeFock_V3_A_n": 4.014e-07,
  "KDHartreeFock_V2_0_p": 0.0058765507,
  "KDHartreeFock_V2_A_p": 3.8854e-06,
  "KDHartreeFock_V3_0_p": 5.8357e-06,
  "KDHartreeFock_V3_A_p": 8.9e-08,
  "KDHartreeFock_V4_0": 8.905e-07,
  "KDHartreeFock_r_0": 1.2976014109,
  "KDHartreeFock_r_A": 0.4207726315,
  "KDHartreeFock_a_0": 0.6994318265,
  "KDHartreeFock_a_A": 0.0001325512,
  "KDCoulomb_r_C_0": 1.1867269529,
  "KDCoulomb_r_C_A": 0.1835832125,
  "KDCoulomb_r_C_A2": 19.1545755164,
  "KDRealSpinOrbit_V1_0": 6.2999619027,
  "KDRealSpinOrbit_V1_A": -0.0023350617,
  "KDRealSpinOrbit_V2_0": 0.0074177463,
  "KDRealSpinOrbit_r_0": 1.1847720509,
  "KDRealSpinOrbit_r_A": 0.7309583964,
  "KDRealSpinOrbit_a_0": 0.6222118416,
  "KDImagSpinOrbit_W1_0": -5.2342435723,
  "KDImagSpinOrbit_W2_0": 110.6007975977,
  "KDImagVolume_W1_0_n": 24.8760637302,
  "KDImagVolume_W1_A_n": 0.0248684995,
  "KDImagVolume_W1_0_p": 21.7585114658,
  "KDImagVolume_W1_A_p": 0.0108480338,
  "KDImagVolume_W2_0": 144.7171801117,
  "KDImagVolume_W2_A": 0.0356228318,
  "KDImagSurface_D1_0": 11.5371039183,
  "KDImagSurface_D1_asymm": 9.4836186787,
  "KDImagSurface_D2_0": 0.0156233736,
  "KDImagSurface_D2_A": 0.0087439232,
  "KDImagSurface_D2_A2": 16.9445010795,
  "KDImagSurface_D2_A3": 243.0930998062,
  "KDImagSurface_D3_0": 12.8097972643,
  "KDImagSurface_r_0": 1.3491085424,
  "KDImagSurface_r_A": 0.0155175432,
  "KDImagSurface_a_0_n": 0.5582276635,
  "KDImagSurface_a_A_n": -0.0004646836,
  "KDImagSurface_a_0_p": 0.5011076972,
  "KDImagSurface_a_A_p": 0.001381198
}