{
  "KDHartreeFock_V1_0": 57.8219109037,
  "KDHartreeFock_V1_asymm": 15.6350305903,
  "KDHartreeFock_V1_A": 0.0192040071,
  "KDHartreeFock_V2_0_n": 0.0054862606,
  "KDHartreeFock_V2_A_n": 7.1097e-06,
  "KDHartreeFock_V3_0_n": 3.1781e-06,
  "KDHartreeFock_V3_A_n": -3.939e-07,
  "KDHartreeFock_V2_0_p": 0.0069624032,
  "KDHartreeFock_V2_A_p": -7.023e-07,
  "KDHartreeFock_V3_0_p": 1.38101e-05,
  "KDHartreeFock_V3_A_p": 7.79e-07,
  "KDHartreeFock_V4_0": 5.302e-07,
  "KDHartreeFock_r_0": 1.2195616232,
  "KDHartreeFock_r_A": 0.2190784195,
  "KDHartreeFock_a_0": 0.6771092613,
  "KDHartreeFock_a_A": -0.0004860763,
  "KDCoulomb_r_C_0": 1.4040574331,
  "KDCoulomb_r_C_A": 0.5124573853,
  "KDCoulomb_r_C_A2": 32.7068893228,
  "KDRealSpinOrbit_V1_0": 6.0768516425,
  "KDRealSpinOrbit_V1_A": 0.0102212439,
  "KDRealSpinOrbit_V2_0": 0.0093894721,
  "KDRealSpinOrbit_r_0": 1.2415774143,
  "KDRealSpinOrbit_r_A": 1.0462975884,
  "KDRealSpinOrbit_a_0": 0.5778061523,
  "KDImagSpinOrbit_W1_0": -7.4992239159,
  "KDImagSpinOrbit_W2_0": 214.2730443016,
  "KDImagVolume_W1_0_n": 25.1053268538,
  "KDImagVolume_W1_A_n": 0.001250643,
  "KDImagVolume_W1_0_p": 28.1850930488,
  "KDImagVolume_W1_A_p": 0.0215412278,
  "KDImagVolume_W2_0": 147.1132904287,
  "KDImagVolume_W2_A": -0.2160557404,
  "KDImagSurface_D1_0": 15.9055638555,
  "KDImagSurface_D1_asymm": -1.913441801,
  "KDImagSurface_D2_0": -0.0106220562,
  "KDImagSurface_D2_A": 0.0275658774,
  "KDImagSurface_D2_A2": 13.3465523327,
  "KDImagSurface_D2_A3": 704.6296887703,
  "KDImagSurface_D3_0": 10.9909466913,
  "KDImagSurface_r_0": 1.2469280296,
  "KDImagSurface_r_A": -0.006901413,
  "KDImagSurface_a_0_n": 0.54990088,
  "KDImagSurface_a_A_n": 0.0003493487,
  "KDImagSurface_a_0_p": 0.5631405191,
  "KDImagSurface_a_A_p": 0.0011816483
}