{
  "KDHartreeFock_V1_0": 55.520690356,
  "KDHartreeFock_V1_asymm": 19.0070975804,
  "KDHartreeFock_V1_A": 0.0094605058,
  "KDHartreeFock_V2_0_n": 0.0055721589,
  "KDHartreeFock_V2_A_n": 2.0076e-06,
  "KDHartreeFock_V3_0_n": 6.2059e-06,
  "KDHartreeFock_V3_A_n": 9.19e-08,
  "KDHartreeFock_V2_0_p": 0.0074062408,
  "KDHartreeFock_V2_A_p": 1.6829e-06,
  "KDHartreeFock_V3_0_p": 1.28234e-05,
  "KDHartreeFock_V3_A_p": -2.1e-08,
  "KDHartreeFock_V4_0": -5.26e-08,
  "KDHartreeFock_r_0": 1.2815500775,
  "KDHartreeFock_r_A": 0.2774795671,
  "KDHartreeFock_a_0": 0.7088899925,
  "KDHartreeFock_a_A": 0.0004483316,
  "KDCoulomb_r_C_0": 1.1200371586,
  "KDCoulomb_r_C_A": 0.8690032871,
  "KDCoulomb_r_C_A2": 19.0370872628,
  "KDRealSpinOrbit_V1_0": 5.9907675437,
  "KDRealSpinOrbit_V1_A": -0.0127050541,
  "KDRealSpinOrbit_V2_0": 0.0006019698,
  "KDRealSpinOrbit_r_0": 1.1947008988,
  "KDRealSpinOrbit_r_A": 0.6720420003,
  "KDRealSpinOrbit_a_0": 0.6246201991,
  "KDImagSpinOrbit_W1_0": -3.7381336097,
  "KDImagSpinOrbit_W2_0": 318.6052151472,
  "KDImagVolume_W1_0_n": 13.1955343793,
  "KDImagVolume_W1_A_n": 0.020193776,
  "KDImagVolume_W1_0_p": 16.2974803925,
  "KDImagVolume_W1_A_p": 0.0361761311,
  "KDImagVolume_W2_0": 66.9416862758,
  "KDImagVolume_W2_A": 0.1755601338,
  "KDImagSurface_D1_0": 31.7876943915,
  "KDImagSurface_D1_asymm": 31.8326370128,
  "KDImagSurface_D2_0": 0.0220966379,
  "KDImagSurface_D2_A": 0.0178828703,
  "KDImagSurface_D2_A2": 7.0813100787,
  "KDImagSurface_D2_A3": 40.8470413253,
  "KDImagSurface_D3_0": 20.7055282694,
  "KDImagSurface_r_0": 1.4526069324,
  "KDImagSurface_r_A": 0.0422781492,
  "KDImagSurface_a_0_n": 0.4815825438,
  "KDImagSurface_a_A_n": -0.0005332619,
  "KDImagSurface_a_0_p": 0.4399854008,
  "KDImagSurface_a_A_p": 0.0018616934
}