{
  "KDHartreeFock_V1_0": 61.2853641379,
  "KDHartreeFock_V1_asymm": 7.1370613593,
  "KDHartreeFock_V1_A": 0.0341259833,
  "KDHartreeFock_V2_0_n": 0.0071568628,
  "KDHartreeFock_V2_A_n": -3.48e-07,
  "KDHartreeFock_V3_0_n": 2.1788e-05,
  "KDHartreeFock_V3_A_n": 5.237e-07,
  "KDHartreeFock_V2_0_p": 0.0063799436,
  "KDHartreeFock_V2_A_p": 4.4984e-06,
  "KDHartreeFock_V3_0_p": 1.40874e-05,
  "KDHartreeFock_V3_A_p": -4.146e-06,
  "KDHartreeFock_V4_0": -8.51e-07,
  "KDHartreeFock_r_0": 1.2814364617,
  "KDHartreeFock_r_A": 0.4874490361,
  "KDHartreeFock_a_0": 0.6823550937,
  "KDHartreeFock_a_A": -0.0003847292,
  "KDCoulomb_r_C_0": 1.3420641557,
  "KDCoulomb_r_C_A": 1.5651591669,
  "KDCoulomb_r_C_A2": 20.2758607512,
  "KDRealSpinOrbit_V1_0": 4.6488332658,
  "KDRealSpinOrbit_V1_A": 0.010073746,
  "KDRealSpinOrbit_V2_0": 0.000419363,
  "KDRealSpinOrbit_r_0": 1.1064526744,
  "KDRealSpinOrbit_r_A": 0.4464851379,
  "KDRealSpinOrbit_a_0": 0.6464864064,
  "KDImagSpinOrbit_W1_0": -4.9679882538,
  "KDImagSpinOrbit_W2_0": 329.7023202314,
  "KDImagVolume_W1_0_n": 23.8863731889,
  "KDImagVolume_W1_A_n": -0.0077620003,
  "KDImagVolume_W1_0_p": 33.1432905375,
  "KDImagVolume_W1_A_p": 0.0408170298,
  "KDImagVolume_W2_0": 127.8779408836,
  "KDImagVolume_W2_A": 0.2733293554,
  "KDImagSurface_D1_0": 18.6215377294,
  "KDImagSurface_D1_asymm": -7.1737243091,
  "KDImagSurface_D2_0": 0.0027685481,
  "KDImagSurface_D2_A": 0.0186002961,
  "KDImagSurface_D2_A2": 5.2637807178,
  "KDImagSurface_D2_A3": 382.2484111186,
  "KDImagSurface_D3_0": 12.8668646473,
  "KDImagSurface_r_0": 1.4027548111,
  "KDImagSurface_r_A": 0.0343664435,
  "KDImagSurface_a_0_n": 0.5511485329,
  "KDImagSurface_a_A_n": 0.00046231,
  "KDImagSurface_a_0_p": 0.504717441,
  "KDImagSurface_a_A_p": 0.0018158946
}