{
  "KDHartreeFock_V1_0": 62.8625386303,
  "KDHartreeFock_V1_asymm": 26.2954665904,
  "KDHartreeFock_V1_A": 0.0348623988,
  "KDHartreeFock_V2_0_n": 0.0067301039,
  "KDHartreeFock_V2_A_n": 9.2997e-06,
  "KDHartreeFock_V3_0_n": 7.836e-06,
  "KDHartreeFock_V3_A_n": -6.897e-07,
  "KDHartreeFock_V2_0_p": 0.0067303699,
  "KDHartreeFock_V2_A_p": 3.2987e-06,
  "KDHartreeFock_V3_0_p": 7.3991e-06,
  "KDHartreeFock_V3_A_p": -7.466e-07,
  "KDHartreeFock_V4_0": 2.01e-08,
  "KDHartreeFock_r_0": 1.2665621179,
  "KDHartreeFock_r_A": 0.5061481038,
  "KDHartreeFock_a_0": 0.6875067733,
  "KDHartreeFock_a_A": -0.0001248921,
  "KDCoulomb_r_C_0": 1.1120319396,
  "KDCoulomb_r_C_A": 0.739098143,
  "KDCoulomb_r_C_A2": -3.9850280003,
  "KDRealSpinOrbit_V1_0": 8.0308624188,
  "KDRealSpinOrbit_V1_A": -0.0191420173,
  "KDRealSpinOrbit_V2_0": 0.0007282312,
  "KDRealSpinOrbit_r_0": 1.1875082403,
  "KDRealSpinOrbit_r_A": 0.6448831728,
  "KDRealSpinOrbit_a_0": 0.6673997301,
  "KDImagSpinOrbit_W1_0": -2.9463180825,
  "KDImagSpinOrbit_W2_0": 229.9377423142,
  "KDImagVolume_W1_0_n": 19.5347278124,
  "KDImagVolume_W1_A_n": 0.0289683415,
  "KDImagVolume_W1_0_p": 24.2320264323,
  "KDImagVolume_W1_A_p": 0.0255641093,
  "KDImagVolume_W2_0": 106.1205265428,
  "KDImagVolume_W2_A": 0.2341182824,
  "KDImagSurface_D1_0": 4.1558744682,
  "KDImagSurface_D1_asymm": -5.7870100891,
  "KDImagSurface_D2_0": 0.032313684,
  "KDImagSurface_D2_A": -0.0178169164,
  "KDImagSurface_D2_A2": 0.628120558,
  "KDImagSurface_D2_A3": 244.039615176,
  "KDImagSurface_D3_0": 11.0682456918,
  "KDImagSurface_r_0": 1.3850775643,
  "KDImagSurface_r_A": 0.0281288358,
  "KDImagSurface_a_0_n": 0.7050738303,
  "KDImagSurface_a_A_n": -5.52414e-05,
  "KDImagSurface_a_0_p": 0.549923426,
  "KDImagSurface_a_A_p": 0.0015634219
}