{
  "KDHartreeFock_V1_0": 63.1065019013,
  "KDHartreeFock_V1_asymm": 18.8791338212,
  "KDHartreeFock_V1_A": 0.0277731044,
  "KDHartreeFock_V2_0_n": 0.0077820484,
  "KDHartreeFock_V2_A_n": 1.9853e-06,
  "KDHartreeFock_V3_0_n": 2.74508e-05,
  "KDHartreeFock_V3_A_n": 2.5086e-06,
  "KDHartreeFock_V2_0_p": 0.0074083488,
  "KDHartreeFock_V2_A_p": 2.9154e-06,
  "KDHartreeFock_V3_0_p": 2.70476e-05,
  "KDHartreeFock_V3_A_p": -1.1686e-06,
  "KDHartreeFock_V4_0": -1.8139e-06,
  "KDHartreeFock_r_0": 1.2303786691,
  "KDHartreeFock_r_A": 0.3313276789,
  "KDHartreeFock_a_0": 0.6564355228,
  "KDHartreeFock_a_A": -0.0004829169,
  "KDCoulomb_r_C_0": 1.0459321057,
  "KDCoulomb_r_C_A": 0.3740379957,
  "KDCoulomb_r_C_A2": 25.0104476095,
  "KDRealSpinOrbit_V1_0": 6.9139672093,
  "KDRealSpinOrbit_V1_A": 0.0007120609,
  "KDRealSpinOrbit_V2_0": 0.0067664163,
  "KDRealSpinOrbit_r_0": 1.2330786739,
  "KDRealSpinOrbit_r_A": 0.9838777055,
  "KDRealSpinOrbit_a_0": 0.581073169,
  "KDImagSpinOrbit_W1_0": -2.0063701894,
  "KDImagSpinOrbit_W2_0": 275.0387780371,
  "KDImagVolume_W1_0_n": 17.2512347229,
  "KDImagVolume_W1_A_n": 0.0908916521,
  "KDImagVolume_W1_0_p": 24.1409527054,
  "KDImagVolume_W1_A_p": 0.0900599768,
  "KDImagVolume_W2_0": 111.2053225335,
  "KDImagVolume_W2_A": 0.4139286728,
  "KDImagSurface_D1_0": 3.2026081924,
  "KDImagSurface_D1_asymm": 11.5705083441,
  "KDImagSurface_D2_0": 0.0339128353,
  "KDImagSurface_D2_A": -0.0258727325,
  "KDImagSurface_D2_A2": -7.4399506698,
  "KDImagSurface_D2_A3": 138.5635710253,
  "KDImagSurface_D3_0": 7.5687680155,
  "KDImagSurface_r_0": 1.3518530169,
  "KDImagSurface_r_A": 0.0194291966,
  "KDImagSurface_a_0_n": 0.5434615916,
  "KDImagSurface_a_A_n": -0.0007731828,
  "KDImagSurface_a_0_p": 0.4540634608,
  "KDImagSurface_a_A_p": 0.0015781037
}