{
  "KDHartreeFock_V1_0": 59.7375437437,
  "KDHartreeFock_V1_asymm": 12.0812520792,
  "KDHartreeFock_V1_A": 0.0272828023,
  "KDHartreeFock_V2_0_n": 0.0062285521,
  "KDHartreeFock_V2_A_n": 3.6984e-06,
  "KDHartreeFock_V3_0_n": 6.4551e-06,
  "KDHartreeFock_V3_A_n": 1.7212e-06,
  "KDHartreeFock_V2_0_p": 0.0066786846,
  "KDHartreeFock_V2_A_p": -3.2729e-06,
  "KDHartreeFock_V3_0_p": 6.7634e-06,
  "KDHartreeFock_V3_A_p": -1.1203e-06,
  "KDHartreeFock_V4_0": 3.223e-07,
  "KDHartreeFock_r_0": 1.2102028463,
  "KDHartreeFock_r_A": 0.1841938484,
  "KDHartreeFock_a_0": 0.6856676507,
  "KDHartreeFock_a_A": -0.0003168998,
  "KDCoulomb_r_C_0": 1.1682906294,
  "KDCoulomb_r_C_A": 1.3311829971,
  "KDCoulomb_r_C_A2": 22.7389872254,
  "KDRealSpinOrbit_V1_0": 5.140473859,
  "KDRealSpinOrbit_V1_A": 0.0036946454,
  "KDRealSpinOrbit_V2_0": 0.0019171827,
  "KDRealSpinOrbit_r_0": 1.1589610861,
  "KDRealSpinOrbit_r_A": 0.4771550996,
  "KDRealSpinOrbit_a_0": 0.582586584,
  "KDImagSpinOrbit_W1_0": -2.7262274475,
  "KDImagSpinOrbit_W2_0": 299.9169735645,
  "KDImagVolume_W1_0_n": 13.6025695852,
  "KDImagVolume_W1_A_n": 0.0476679037,
  "KDImagVolume_W1_0_p": 18.7694246372,
  "KDImagVolume_W1_A_p": 0.039154548,
  "KDImagVolume_W2_0": 57.2975684011,
  "KDImagVolume_W2_A": 0.2955811705,
  "KDImagSurface_D1_0": 12.8865302878,
  "KDImagSurface_D1_asymm": 25.6356560049,
  "KDImagSurface_D2_0": 0.0228219065,
  "KDImagSurface_D2_A": 0.0018151921,
  "KDImagSurface_D2_A2": 14.8267845454,
  "KDImagSurface_D2_A3": 294.0073923077,
  "KDImagSurface_D3_0": 9.8267608615,
  "KDImagSurface_r_0": 1.3896936481,
  "KDImagSurface_r_A": 0.0261343414,
  "KDImagSurface_a_0_n": 0.5090139129,
  "KDImagSurface_a_A_n": -0.0007322959,
  "KDImagSurface_a_0_p": 0.5205409302,
  "KDImagSurface_a_A_p": 0.0013652311
}