{
  "KDHartreeFock_V1_0": 57.444633367,
  "KDHartreeFock_V1_asymm": 8.3080320864,
  "KDHartreeFock_V1_A": 0.021957865,
  "KDHartreeFock_V2_0_n": 0.0049815303,
  "KDHartreeFock_V2_A_n": -8.0518e-06,
  "KDHartreeFock_V3_0_n": 2.8737e-06,
  "KDHartreeFock_V3_A_n": 9.898e-07,
  "KDHartreeFock_V2_0_p": 0.0074705273,
  "KDHartreeFock_V2_A_p": 4.7015e-06,
  "KDHartreeFock_V3_0_p": 2.07976e-05,
  "KDHartreeFock_V3_A_p": 3.316e-06,
  "KDHartreeFock_V4_0": 8.418e-07,
  "KDHartreeFock_r_0": 1.3156286501,
  "KDHartreeFock_r_A": 0.498276271,
  "KDHartreeFock_a_0": 0.6684120131,
  "KDHartreeFock_a_A": 5.74172e-05,
  "KDCoulomb_r_C_0": 1.3812027858,
  "KDCoulomb_r_C_A": 0.4942612709,
  "KDCoulomb_r_C_A2": 42.4058616077,
  "KDRealSpinOrbit_V1_0": 4.6127665327,
  "KDRealSpinOrbit_V1_A": 0.0064709007,
  "KDRealSpinOrbit_V2_0": 0.0018428084,
  "KDRealSpinOrbit_r_0": 1.2248283625,
  "KDRealSpinOrbit_r_A": 0.9393731586,
  "KDRealSpinOrbit_a_0": 0.627495825,
  "KDImagSpinOrbit_W1_0": -2.7247092439,
  "KDImagSpinOrbit_W2_0": 297.716057523,
  "KDImagVolume_W1_0_n": 20.9805160198,
  "KDImagVolume_W1_A_n": -0.0288071112,
  "KDImagVolume_W1_0_p": 19.2311151317,
  "KDImagVolume_W1_A_p": 0.0308169274,
  "KDImagVolume_W2_0": 82.285456551,
  "KDImagVolume_W2_A": 0.1753700133,
  "KDImagSurface_D1_0": 15.8809478681,
  "KDImagSurface_D1_asymm": 0.9012149872,
  "KDImagSurface_D2_0": 0.0200297685,
  "KDImagSurface_D2_A": 0.0069153881,
  "KDImagSurface_D2_A2": 9.931499886,
  "KDImagSurface_D2_A3": -160.0090661211,
  "KDImagSurface_D3_0": 15.5209762692,
  "KDImagSurface_r_0": 1.3987870397,
  "KDImagSurface_r_A": 0.0223892621,
  "KDImagSurface_a_0_n": 0.4765078135,
  "KDImagSurface_a_A_n": -0.0002030735,
  "KDImagSurface_a_0_p": 0.498375335,
  "KDImagSurface_a_A_p": 0.0012445839
}