{
  "KDHartreeFock_V1_0": 61.1785029337,
  "KDHartreeFock_V1_asymm": 18.4103122738,
  "KDHartreeFock_V1_A": 0.0308969099,
  "KDHartreeFock_V2_0_n": 0.0058983516,
  "KDHartreeFock_V2_A_n": -2.4187e-06,
  "KDHartreeFock_V3_0_n": 9.9549e-06,
  "KDHartreeFock_V3_A_n": -7.537e-07,
  "KDHartreeFock_V2_0_p": 0.0071361292,
  "KDHartreeFock_V2_A_p": 2.1003e-06,
  "KDHartreeFock_V3_0_p": 1.38996e-05,
  "KDHartreeFock_V3_A_p": 1.2065e-06,
  "KDHartreeFock_V4_0": 2.648e-07,
  "KDHartreeFock_r_0": 1.2596540057,
  "KDHartreeFock_r_A": 0.3622874104,
  "KDHartreeFock_a_0": 0.6990031878,
  "KDHartreeFock_a_A": -0.0002412272,
  "KDCoulomb_r_C_0": 1.2119772611,
  "KDCoulomb_r_C_A": 0.5291701666,
  "KDCoulomb_r_C_A2": -2.8834043446,
  "KDRealSpinOrbit_V1_0": 4.685734745,
  "KDRealSpinOrbit_V1_A": 0.0008477285,
  "KDRealSpinOrbit_V2_0": -0.0023738135,
  "KDRealSpinOrbit_r_0": 1.1916315543,
  "KDRealSpinOrbit_r_A": 0.7019964304,
  "KDRealSpinOrbit_a_0": 0.6021450605,
  "KDImagSpinOrbit_W1_0": -3.3200831706,
  "KDImagSpinOrbit_W2_0": 207.1628042595,
  "KDImagVolume_W1_0_n": 21.8362828853,
  "KDImagVolume_W1_A_n": 0.0136906983,
  "KDImagVolume_W1_0_p": 19.1800960155,
  "KDImagVolume_W1_A_p": 0.0298395353,
  "KDImagVolume_W2_0": 117.4142401945,
  "KDImagVolume_W2_A": -0.0800593339,
  "KDImagSurface_D1_0": 18.1846021038,
  "KDImagSurface_D1_asymm": 16.1306229895,
  "KDImagSurface_D2_0": 0.030563899,
  "KDImagSurface_D2_A": -0.0045744476,
  "KDImagSurface_D2_A2": 2.2085533209,
  "KDImagSurface_D2_A3": 28.2817806011,
  "KDImagSurface_D3_0": 13.4188055973,
  "KDImagSurface_r_0": 1.2469973866,
  "KDImagSurface_r_A": -0.0031890037,
  "KDImagSurface_a_0_n": 0.572308113,
  "KDImagSurface_a_A_n": -0.0001004791,
  "KDImagSurface_a_0_p": 0.5332940077,
  "KDImagSurface_a_A_p": 0.0004581715
}