{
  "KDHartreeFock_V1_0": 56.6651635152,
  "KDHartreeFock_V1_asymm": 8.9375016184,
  "KDHartreeFock_V1_A": 0.0353074406,
  "KDHartreeFock_V2_0_n": 0.0052840268,
  "KDHartreeFock_V2_A_n": -4.4406e-06,
  "KDHartreeFock_V3_0_n": 2.882e-06,
  "KDHartreeFock_V3_A_n": -5.388e-07,
  "KDHartreeFock_V2_0_p": 0.0073358898,
  "KDHartreeFock_V2_A_p": -3.899e-07,
  "KDHartreeFock_V3_0_p": 1.18667e-05,
  "KDHartreeFock_V3_A_p": -1.9857e-06,
  "KDHartreeFock_V4_0": -3.822e-07,
  "KDHartreeFock_r_0": 1.3197300858,
  "KDHartreeFock_r_A": 0.43417434,
  "KDHartreeFock_a_0": 0.6899341619,
  "KDHartreeFock_a_A": 2.65767e-05,
  "KDCoulomb_r_C_0": 1.3249730993,
  "KDCoulomb_r_C_A": 1.4393046965,
  "KDCoulomb_r_C_A2": 11.5864025269,
  "KDRealSpinOrbit_V1_0": 4.1980024813,
  "KDRealSpinOrbit_V1_A": 0.0066613149,
  "KDRealSpinOrbit_V2_0": 0.0001030232,
  "KDRealSpinOrbit_r_0": 1.217430753,
  "KDRealSpinOrbit_r_A": 0.7868803595,
  "KDRealSpinOrbit_a_0": 0.6286962606,
  "KDImagSpinOrbit_W1_0": -3.6510633567,
  "KDImagSpinOrbit_W2_0": 374.4211660499,
  "KDImagVolume_W1_0_n": 10.949416094,
  "KDImagVolume_W1_A_n": 0.0029485681,
  "KDImagVolume_W1_0_p": 9.7920523382,
  "KDImagVolume_W1_A_p": 0.0178424751,
  "KDImagVolume_W2_0": 28.5576073006,
  "KDImagVolume_W2_A": 0.2216786545,
  "KDImagSurface_D1_0": 30.4102272967,
  "KDImagSurface_D1_asymm": 18.2140661425,
  "KDImagSurface_D2_0": 0.0575699691,
  "KDImagSurface_D2_A": -0.0181468588,
  "KDImagSurface_D2_A2": 4.9239113216,
  "KDImagSurface_D2_A3": 218.8979056823,
  "KDImagSurface_D3_0": 19.9231880384,
  "KDImagSurface_r_0": 1.2834116164,
  "KDImagSurface_r_A": 0.0067778056,
  "KDImagSurface_a_0_n": 0.5499075112,
  "KDImagSurface_a_A_n": 0.0004102903,
  "KDImagSurface_a_0_p": 0.4873098015,
  "KDImagSurface_a_A_p": 0.00167712
}