{
  "KDHartreeFock_V1_0": 57.3893740677,
  "KDHartreeFock_V1_asymm": 14.1376427393,
  "KDHartreeFock_V1_A": 0.0215871414,
  "KDHartreeFock_V2_0_n": 0.0057695844,
  "KDHartreeFock_V2_A_n": 2.4137e-06,
  "KDHartreeFock_V3_0_n": 2.0665e-06,
  "KDHartreeFock_V3_A_n": 1.0239e-06,
  "KDHartreeFock_V2_0_p": 0.0075262711,
  "KDHartreeFock_V2_A_p": -3.7226e-06,
  "KDHartreeFock_V3_0_p": 1.43106e-05,
  "KDHartreeFock_V3_A_p": 1.068e-07,
  "KDHartreeFock_V4_0": 2.326e-07,
  "KDHartreeFock_r_0": 1.2354256203,
  "KDHartreeFock_r_A": 0.1330283799,
  "KDHartreeFock_a_0": 0.6548420311,
  "KDHartreeFock_a_A": -0.0003167476,
  "KDCoulomb_r_C_0": 1.1997041301,
  "KDCoulomb_r_C_A": -0.30917114,
  "KDCoulomb_r_C_A2": 5.5356652266,
  "KDRealSpinOrbit_V1_0": 4.1458251663,
  "KDRealSpinOrbit_V1_A": 0.0082704158,
  "KDRealSpinOrbit_V2_0": 0.0003403504,
  "KDRealSpinOrbit_r_0": 1.2753755782,
  "KDRealSpinOrbit_r_A": 1.0501992816,
  "KDRealSpinOrbit_a_0": 0.5748508389,
  "KDImagSpinOrbit_W1_0": -2.2869187579,
  "KDImagSpinOrbit_W2_0": 14.5906840084,
  "KDImagVolume_W1_0_n": 20.8776464556,
  "KDImagVolume_W1_A_n": -0.0379332574,
  "KDImagVolume_W1_0_p": 19.064411023,
  "KDImagVolume_W1_A_p": 0.024290599,
  "KDImagVolume_W2_0": 98.8038306569,
  "KDImagVolume_W2_A": -0.3094771045,
  "KDImagSurface_D1_0": 26.1191364654,
  "KDImagSurface_D1_asymm": 15.8004554695,
  "KDImagSurface_D2_0": 0.0500403283,
  "KDImagSurface_D2_A": -0.0090799828,
  "KDImagSurface_D2_A2": 5.3743415498,
  "KDImagSurface_D2_A3": 265.5666468192,
  "KDImagSurface_D3_0": 15.8302998585,
  "KDImagSurface_r_0": 1.1996833199,
  "KDImagSurface_r_A": -0.0206734468,
  "KDImagSurface_a_0_n": 0.5509578035,
  "KDImagSurface_a_A_n": 0.0009205335,
  "KDImagSurface_a_0_p": 0.5310014172,
  "KDImagSurface_a_A_p": -0.0003073361
}