{
  "KDHartreeFock_V1_0": 60.8750201493,
  "KDHartreeFock_V1_asymm": 17.8142882625,
  "KDHartreeFock_V1_A": 0.022439489,
  "KDHartreeFock_V2_0_n": 0.0056891038,
  "KDHartreeFock_V2_A_n": -7.0741e-06,
  "KDHartreeFock_V3_0_n": 7.0466e-06,
  "KDHartreeFock_V3_A_n": 2.2887e-06,
  "KDHartreeFock_V2_0_p": 0.006481328,
  "KDHartreeFock_V2_A_p": 4.097e-06,
  "KDHartreeFock_V3_0_p": 1.87034e-05,
  "KDHartreeFock_V3_A_p": 5.013e-07,
  "KDHartreeFock_V4_0": -7.788e-07,
  "KDHartreeFock_r_0": 1.2209056765,
  "KDHartreeFock_r_A": 0.2936669,
  "KDHartreeFock_a_0": 0.7072912209,
  "KDHartreeFock_a_A": -0.0002897639,
  "KDCoulomb_r_C_0": 0.9550793028,
  "KDCoulomb_r_C_A": 0.8671029334,
  "KDCoulomb_r_C_A2": -12.8495427957,
  "KDRealSpinOrbit_V1_0": 6.0767054547,
  "KDRealSpinOrbit_V1_A": 0.0129079337,
  "KDRealSpinOrbit_V2_0": 0.012589665,
  "KDRealSpinOrbit_r_0": 1.1854763622,
  "KDRealSpinOrbit_r_A": 0.636001229,
  "KDRealSpinOrbit_a_0": 0.6137621878,
  "KDImagSpinOrbit_W1_0": -7.575850412,
  "KDImagSpinOrbit_W2_0": 150.176767755,
  "KDImagVolume_W1_0_n": 28.405569921,
  "KDImagVolume_W1_A_n": 0.0198003744,
  "KDImagVolume_W1_0_p": 23.9149295621,
  "KDImagVolume_W1_A_p": 0.0708032952,
  "KDImagVolume_W2_0": 138.0775818625,
  "KDImagVolume_W2_A": 0.270116219,
  "KDImagSurface_D1_0": 19.9726007868,
  "KDImagSurface_D1_asymm": 12.8932247005,
  "KDImagSurface_D2_0": 0.0719873192,
  "KDImagSurface_D2_A": -0.0445090367,
  "KDImagSurface_D2_A2": 11.8095571441,
  "KDImagSurface_D2_A3": 368.5391501258,
  "KDImagSurface_D3_0": 15.7427177634,
  "KDImagSurface_r_0": 1.3104861671,
  "KDImagSurface_r_A": 0.008425484,
  "KDImagSurface_a_0_n": 0.5015347851,
  "KDImagSurface_a_A_n": -0.0005854608,
  "KDImagSurface_a_0_p": 0.5161548062,
  "KDImagSurface_a_A_p": 0.0013020512
}