{
  "KDHartreeFock_V1_0": 61.1273739498,
  "KDHartreeFock_V1_asymm": 16.6041792921,
  "KDHartreeFock_V1_A": 0.0371537597,
  "KDHartreeFock_V2_0_n": 0.0061922506,
  "KDHartreeFock_V2_A_n": 3.1738e-06,
  "KDHartreeFock_V3_0_n": 8.8337e-06,
  "KDHartreeFock_V3_A_n": 8.646e-07,
  "KDHartreeFock_V2_0_p": 0.0062135386,
  "KDHartreeFock_V2_A_p": 1.6244e-06,
  "KDHartreeFock_V3_0_p": 1.03861e-05,
  "KDHartreeFock_V3_A_p": 1.3837e-06,
  "KDHartreeFock_V4_0": 1.5026e-06,
  "KDHartreeFock_r_0": 1.2909116976,
  "KDHartreeFock_r_A": 0.5154726491,
  "KDHartreeFock_a_0": 0.7099493762,
  "KDHartreeFock_a_A": -0.0001341968,
  "KDCoulomb_r_C_0": 1.3548097815,
  "KDCoulomb_r_C_A": 1.2626706006,
  "KDCoulomb_r_C_A2": 8.7903061642,
  "KDRealSpinOrbit_V1_0": 5.5944929814,
  "KDRealSpinOrbit_V1_A": 0.0030165669,
  "KDRealSpinOrbit_V2_0": 0.004401977,
  "KDRealSpinOrbit_r_0": 1.3283986109,
  "KDRealSpinOrbit_r_A": 1.1996798953,
  "KDRealSpinOrbit_a_0": 0.6013493069,
  "KDImagSpinOrbit_W1_0": -3.5175953721,
  "KDImagSpinOrbit_W2_0": 183.967973793,
  "KDImagVolume_W1_0_n": 18.9022748766,
  "KDImagVolume_W1_A_n": 0.0108264511,
  "KDImagVolume_W1_0_p": 21.9361191821,
  "KDImagVolume_W1_A_p": -0.0197182956,
  "KDImagVolume_W2_0": 50.1455424358,
  "KDImagVolume_W2_A": 0.3038153334,
  "KDImagSurface_D1_0": 16.5825227923,
  "KDImagSurface_D1_asymm": 15.1524756892,
  "KDImagSurface_D2_0": 0.0451099322,
  "KDImagSurface_D2_A": -0.0256642382,
  "KDImagSurface_D2_A2": 1.0694088951,
  "KDImagSurface_D2_A3": 304.3997420929,
  "KDImagSurface_D3_0": 11.8354351811,
  "KDImagSurface_r_0": 1.2331145202,
  "KDImagSurface_r_A": -0.0051317913,
  "KDImagSurface_a_0_n": 0.520013871,
  "KDImagSurface_a_A_n": -0.0004751445,
  "KDImagSurface_a_0_p": 0.5264449764,
  "KDImagSurface_a_A_p": 0.0001902459
}