{
  "KDHartreeFock_V1_0": 59.3649830935,
  "KDHartreeFock_V1_asymm": 15.0304915081,
  "KDHartreeFock_V1_A": 0.0309255217,
  "KDHartreeFock_V2_0_n": 0.007387083,
  "KDHartreeFock_V2_A_n": 4.0119e-06,
  "KDHartreeFock_V3_0_n": 1.65861e-05,
  "KDHartreeFock_V3_A_n": -3.475e-07,
  "KDHartreeFock_V2_0_p": 0.0073536203,
  "KDHartreeFock_V2_A_p": 8.4766e-06,
  "KDHartreeFock_V3_0_p": 1.4392e-05,
  "KDHartreeFock_V3_A_p": -4.927e-07,
  "KDHartreeFock_V4_0": -8.14e-07,
  "KDHartreeFock_r_0": 1.2104909058,
  "KDHartreeFock_r_A": 0.0143826757,
  "KDHartreeFock_a_0": 0.6398351971,
  "KDHartreeFock_a_A": -0.0004663086,
  "KDCoulomb_r_C_0": 1.3585313807,
  "KDCoulomb_r_C_A": 0.7359692105,
  "KDCoulomb_r_C_A2": -12.0055718856,
  "KDRealSpinOrbit_V1_0": 5.3271169303,
  "KDRealSpinOrbit_V1_A": 0.015562969,
  "KDRealSpinOrbit_V2_0": 0.0067725888,
  "KDRealSpinOrbit_r_0": 1.2829296308,
  "KDRealSpinOrbit_r_A": 0.692291523,
  "KDRealSpinOrbit_a_0": 0.5699196897,
  "KDImagSpinOrbit_W1_0": -3.6487109303,
  "KDImagSpinOrbit_W2_0": 120.6200125152,
  "KDImagVolume_W1_0_n": 21.3009969602,
  "KDImagVolume_W1_A_n": 0.0014313937,
  "KDImagVolume_W1_0_p": 9.7872910683,
  "KDImagVolume_W1_A_p": 0.0246910822,
  "KDImagVolume_W2_0": 102.3593436024,
  "KDImagVolume_W2_A": 0.0132417047,
  "KDImagSurface_D1_0": 17.052711357,
  "KDImagSurface_D1_asymm": 22.664113671,
  "KDImagSurface_D2_0": 0.0406645256,
  "KDImagSurface_D2_A": -0.0132264823,
  "KDImagSurface_D2_A2": 8.7165505144,
  "KDImagSurface_D2_A3": 526.6674336286,
  "KDImagSurface_D3_0": 9.995911246,
  "KDImagSurface_r_0": 1.3186424055,
  "KDImagSurface_r_A": 0.0176998682,
  "KDImagSurface_a_0_n": 0.4897948777,
  "KDImagSurface_a_A_n": -0.0007936309,
  "KDImagSurface_a_0_p": 0.4367141518,
  "KDImagSurface_a_A_p": 0.0017116155
}