{
  "KDHartreeFock_V1_0": 58.5124367755,
  "KDHartreeFock_V1_asymm": 9.9787631311,
  "KDHartreeFock_V1_A": 0.026354233,
  "KDHartreeFock_V2_0_n": 0.0049445275,
  "KDHartreeFock_V2_A_n": -5.389e-07,
  "KDHartreeFock_V3_0_n": -5.9869e-06,
  "KDHartreeFock_V3_A_n": -4.2064e-06,
  "KDHartreeFock_V2_0_p": 0.0074351288,
  "KDHartreeFock_V2_A_p": -1.00748e-05,
  "KDHartreeFock_V3_0_p": 1.28278e-05,
  "KDHartreeFock_V3_A_p": -1.1849e-06,
  "KDHartreeFock_V4_0": -4.857e-07,
  "KDHartreeFock_r_0": 1.2171147525,
  "KDHartreeFock_r_A": 0.1928728778,
  "KDHartreeFock_a_0": 0.6850403492,
  "KDHartreeFock_a_A": -0.0002377022,
  "KDCoulomb_r_C_0": 1.1497950286,
  "KDCoulomb_r_C_A": 1.7612821934,
  "KDCoulomb_r_C_A2": -0.3644550659,
  "KDRealSpinOrbit_V1_0": 6.8330035698,
  "KDRealSpinOrbit_V1_A": -0.0039026684,
  "KDRealSpinOrbit_V2_0": 0.0086647467,
  "KDRealSpinOrbit_r_0": 1.1776632867,
  "KDRealSpinOrbit_r_A": 0.5371369803,
  "KDRealSpinOrbit_a_0": 0.5276246614,
  "KDImagSpinOrbit_W1_0": -1.994229485,
  "KDImagSpinOrbit_W2_0": 146.0062556304,
  "KDImagVolume_W1_0_n": 23.8218589012,
  "KDImagVolume_W1_A_n": 0.0302863725,
  "KDImagVolume_W1_0_p": 20.2907379997,
  "KDImagVolume_W1_A_p": 0.0807128405,
  "KDImagVolume_W2_0": 115.2087419842,
  "KDImagVolume_W2_A": 0.0355903009,
  "KDImagSurface_D1_0": 16.6560666628,
  "KDImagSurface_D1_asymm": 15.2135541455,
  "KDImagSurface_D2_0": 0.0517274334,
  "KDImagSurface_D2_A": -0.0195994086,
  "KDImagSurface_D2_A2": -1.8049214792,
  "KDImagSurface_D2_A3": -18.5856866975,
  "KDImagSurface_D3_0": 12.8739788171,
  "KDImagSurface_r_0": 1.4701193018,
  "KDImagSurface_r_A": 0.0385927446,
  "KDImagSurface_a_0_n": 0.5390911217,
  "KDImagSurface_a_A_n": -0.0004291552,
  "KDImagSurface_a_0_p": 0.4480455263,
  "KDImagSurface_a_A_p": 0.0018718492
}