{
  "KDHartreeFock_V1_0": 58.2830632832,
  "KDHartreeFock_V1_asymm": 10.3923102055,
  "KDHartreeFock_V1_A": 0.025715882,
  "KDHartreeFock_V2_0_n": 0.0061359209,
  "KDHartreeFock_V2_A_n": -4.9694e-06,
  "KDHartreeFock_V3_0_n": 1.69716e-05,
  "KDHartreeFock_V3_A_n": -8.99e-07,
  "KDHartreeFock_V2_0_p": 0.0067831372,
  "KDHartreeFock_V2_A_p": 7.3364e-06,
  "KDHartreeFock_V3_0_p": 1.83862e-05,
  "KDHartreeFock_V3_A_p": -8.267e-07,
  "KDHartreeFock_V4_0": 8.882e-07,
  "KDHartreeFock_r_0": 1.2695230873,
  "KDHartreeFock_r_A": 0.3276632152,
  "KDHartreeFock_a_0": 0.6584352246,
  "KDHartreeFock_a_A": -0.0001022375,
  "KDCoulomb_r_C_0": 1.1774363445,
  "KDCoulomb_r_C_A": 1.7318657648,
  "KDCoulomb_r_C_A2": 11.5765093078,
  "KDRealSpinOrbit_V1_0": 6.7335198172,
  "KDRealSpinOrbit_V1_A": 0.0085480292,
  "KDRealSpinOrbit_V2_0": 0.0088441884,
  "KDRealSpinOrbit_r_0": 1.1728349453,
  "KDRealSpinOrbit_r_A": 0.5889479388,
  "KDRealSpinOrbit_a_0": 0.6154093589,
  "KDImagSpinOrbit_W1_0": -4.2089801906,
  "KDImagSpinOrbit_W2_0": 90.3083246255,
  "KDImagVolume_W1_0_n": 21.2851243902,
  "KDImagVolume_W1_A_n": 0.0062877609,
  "KDImagVolume_W1_0_p": 25.504920792,
  "KDImagVolume_W1_A_p": -0.0129596184,
  "KDImagVolume_W2_0": 128.1945295924,
  "KDImagVolume_W2_A": -0.0113499962,
  "KDImagSurface_D1_0": 24.2512144633,
  "KDImagSurface_D1_asymm": 7.0164412747,
  "KDImagSurface_D2_0": 0.0177334539,
  "KDImagSurface_D2_A": 0.0112182781,
  "KDImagSurface_D2_A2": 12.4725871115,
  "KDImagSurface_D2_A3": 316.3377956834,
  "KDImagSurface_D3_0": 17.7287655863,
  "KDImagSurface_r_0": 1.2410762876,
  "KDImagSurface_r_A": -0.0110164009,
  "KDImagSurface_a_0_n": 0.5642886489,
  "KDImagSurface_a_A_n": 3.34161e-05,
  "KDImagSurface_a_0_p": 0.4922281921,
  "KDImagSurface_a_A_p": 0.0018061201
}