{
  "KDHartreeFock_V1_0": 59.3927825185,
  "KDHartreeFock_V1_asymm": 22.4640508507,
  "KDHartreeFock_V1_A": 0.0239635344,
  "KDHartreeFock_V2_0_n": 0.0045596973,
  "KDHartreeFock_V2_A_n": 1.9393e-06,
  "KDHartreeFock_V3_0_n": -2.418e-07,
  "KDHartreeFock_V3_A_n": -8.411e-07,
  "KDHartreeFock_V2_0_p": 0.0074516935,
  "KDHartreeFock_V2_A_p": -3.5084e-06,
  "KDHartreeFock_V3_0_p": 1.90225e-05,
  "KDHartreeFock_V3_A_p": -1.14e-07,
  "KDHartreeFock_V4_0": 1.4932e-06,
  "KDHartreeFock_r_0": 1.2873492516,
  "KDHartreeFock_r_A": 0.4521340751,
  "KDHartreeFock_a_0": 0.6720608896,
  "KDHartreeFock_a_A": -9.523e-05,
  "KDCoulomb_r_C_0": 1.1832250533,
  "KDCoulomb_r_C_A": 1.2386562828,
  "KDCoulomb_r_C_A2": 19.7570301034,
  "KDRealSpinOrbit_V1_0": 6.9274367194,
  "KDRealSpinOrbit_V1_A": 0.0087895199,
  "KDRealSpinOrbit_V2_0": 0.0083436823,
  "KDRealSpinOrbit_r_0": 1.1619414338,
  "KDRealSpinOrbit_r_A": 0.6015841052,
  "KDRealSpinOrbit_a_0": 0.5875298794,
  "KDImagSpinOrbit_W1_0": -7.2888319507,
  "KDImagSpinOrbit_W2_0": 257.0944492105,
  "KDImagVolume_W1_0_n": 21.2504896035,
  "KDImagVolume_W1_A_n": 0.0004041789,
  "KDImagVolume_W1_0_p": 20.5621991354,
  "KDImagVolume_W1_A_p": 0.0567470245,
  "KDImagVolume_W2_0": 80.8576411287,
  "KDImagVolume_W2_A": 0.1018062809,
  "KDImagSurface_D1_0": 33.0812224787,
  "KDImagSurface_D1_asymm": 13.4884520651,
  "KDImagSurface_D2_0": 0.0300955964,
  "KDImagSurface_D2_A": 0.0041662693,
  "KDImagSurface_D2_A2": 14.314737673,
  "KDImagSurface_D2_A3": 165.6147975738,
  "KDImagSurface_D3_0": 24.6073151896,
  "KDImagSurface_r_0": 1.3440811038,
  "KDImagSurface_r_A": 0.0088330304,
  "KDImagSurface_a_0_n": 0.4895188942,
  "KDImagSurface_a_A_n": -0.0003532874,
  "KDImagSurface_a_0_p": 0.5111579793,
  "KDImagSurface_a_A_p": 0.000109695
}