{
  "KDHartreeFock_V1_0": 61.8534495631,
  "KDHartreeFock_V1_asymm": 20.3879683006,
  "KDHartreeFock_V1_A": 0.0382930722,
  "KDHartreeFock_V2_0_n": 0.0068160388,
  "KDHartreeFock_V2_A_n": 5.132e-06,
  "KDHartreeFock_V3_0_n": 1.7228e-05,
  "KDHartreeFock_V3_A_n": -1.0837e-06,
  "KDHartreeFock_V2_0_p": 0.0076073126,
  "KDHartreeFock_V2_A_p": 3.561e-07,
  "KDHartreeFock_V3_0_p": 2.14083e-05,
  "KDHartreeFock_V3_A_p": -9.141e-07,
  "KDHartreeFock_V4_0": 1.0719e-06,
  "KDHartreeFock_r_0": 1.3051891984,
  "KDHartreeFock_r_A": 0.5840645623,
  "KDHartreeFock_a_0": 0.6996018401,
  "KDHartreeFock_a_A": 7.8957e-05,
  "KDCoulomb_r_C_0": 1.0682442295,
  "KDCoulomb_r_C_A": -0.1742324745,
  "KDCoulomb_r_C_A2": 14.3952219416,
  "KDRealSpinOrbit_V1_0": 6.4117812064,
  "KDRealSpinOrbit_V1_A": 0.0027484147,
  "KDRealSpinOrbit_V2_0": 0.0091625221,
  "KDRealSpinOrbit_r_0": 1.1401724053,
  "KDRealSpinOrbit_r_A": 0.3705100039,
  "KDRealSpinOrbit_a_0": 0.6056402746,
  "KDImagSpinOrbit_W1_0": -6.4253247725,
  "KDImagSpinOrbit_W2_0": 194.1102217402,
  "KDImagVolume_W1_0_n": 23.513651173,
  "KDImagVolume_W1_A_n": 0.0264069464,
  "KDImagVolume_W1_0_p": 25.5010034564,
  "KDImagVolume_W1_A_p": 0.0118448822,
  "KDImagVolume_W2_0": 115.8689574753,
  "KDImagVolume_W2_A": 0.1567827855,
  "KDImagSurface_D1_0": 21.3323114527,
  "KDImagSurface_D1_asymm": 21.4995013797,
  "KDImagSurface_D2_0": 0.0333723239,
  "KDImagSurface_D2_A": -0.0081160137,
  "KDImagSurface_D2_A2": 19.7669975721,
  "KDImagSurface_D2_A3": 456.8526108877,
  "KDImagSurface_D3_0": 15.9896948129,
  "KDImagSurface_r_0": 1.3627703954,
  "KDImagSurface_r_A": 0.0257547769,
  "KDImagSurface_a_0_n": 0.5258759095,
  "KDImagSurface_a_A_n": -0.0008606993,
  "KDImagSurface_a_0_p": 0.503982666,
  "KDImagSurface_a_A_p": 0.0024494714
}