{
  "KDHartreeFock_V1_0": 58.6320357144,
  "KDHartreeFock_V1_asymm": 11.4241227002,
  "KDHartreeFock_V1_A": 0.0387615219,
  "KDHartreeFock_V2_0_n": 0.0054269349,
  "KDHartreeFock_V2_A_n": 3.44e-07,
  "KDHartreeFock_V3_0_n": 2.8083e-06,
  "KDHartreeFock_V3_A_n": -3.799e-07,
  "KDHartreeFock_V2_0_p": 0.0053057132,
  "KDHartreeFock_V2_A_p": 4.7835e-06,
  "KDHartreeFock_V3_0_p": 3.7409e-06,
  "KDHartreeFock_V3_A_p": 2.341e-07,
  "KDHartreeFock_V4_0": 3.561e-07,
  "KDHartreeFock_r_0": 1.317218013,
  "KDHartreeFock_r_A": 0.5064964,
  "KDHartreeFock_a_0": 0.6811277342,
  "KDHartreeFock_a_A": 0.0001100413,
  "KDCoulomb_r_C_0": 1.1987953874,
  "KDCoulomb_r_C_A": 1.542701013,
  "KDCoulomb_r_C_A2": 6.0857569592,
  "KDRealSpinOrbit_V1_0": 6.2065545335,
  "KDRealSpinOrbit_V1_A": 0.0079509386,
  "KDRealSpinOrbit_V2_0": 0.0105517207,
  "KDRealSpinOrbit_r_0": 1.2673156782,
  "KDRealSpinOrbit_r_A": 0.8923198486,
  "KDRealSpinOrbit_a_0": 0.6082838486,
  "KDImagSpinOrbit_W1_0": -2.8961905081,
  "KDImagSpinOrbit_W2_0": 229.008050975,
  "KDImagVolume_W1_0_n": 22.6390793791,
  "KDImagVolume_W1_A_n": -0.0540358556,
  "KDImagVolume_W1_0_p": 20.6241848779,
  "KDImagVolume_W1_A_p": -0.0812794285,
  "KDImagVolume_W2_0": 135.4209820944,
  "KDImagVolume_W2_A": -0.3512093275,
  "KDImagSurface_D1_0": 16.5750567162,
  "KDImagSurface_D1_asymm": 19.1741424552,
  "KDImagSurface_D2_0": 0.0388647974,
  "KDImagSurface_D2_A": -0.0190802755,
  "KDImagSurface_D2_A2": 4.5523935319,
  "KDImagSurface_D2_A3": 389.9633916367,
  "KDImagSurface_D3_0": 13.359624323,
  "KDImagSurface_r_0": 1.3314519513,
  "KDImagSurface_r_A": 0.0201668437,
  "KDImagSurface_a_0_n": 0.5707964366,
  "KDImagSurface_a_A_n": -0.0002469625,
  "KDImagSurface_a_0_p": 0.4628799427,
  "KDImagSurface_a_A_p": 0.0016655469
}