{
  "KDHartreeFock_V1_0": 54.6793363491,
  "KDHartreeFock_V1_asymm": 21.0416318656,
  "KDHartreeFock_V1_A": 0.0017682073,
  "KDHartreeFock_V2_0_n": 0.006132805,
  "KDHartreeFock_V2_A_n": -3.9977e-06,
  "KDHartreeFock_V3_0_n": 1.7793e-06,
  "KDHartreeFock_V3_A_n": 2.5388e-06,
  "KDHartreeFock_V2_0_p": 0.00772171,
  "KDHartreeFock_V2_A_p": 8.2868e-06,
  "KDHartreeFock_V3_0_p": 1.30055e-05,
  "KDHartreeFock_V3_A_p": -2.0004e-06,
  "KDHartreeFock_V4_0": 3.0352e-06,
  "KDHartreeFock_r_0": 1.2319311825,
  "KDHartreeFock_r_A": 0.0304928165,
  "KDHartreeFock_a_0": 0.7026646304,
  "KDHartreeFock_a_A": 0.0002478766,
  "KDCoulomb_r_C_0": 1.3080728985,
  "KDCoulomb_r_C_A": -0.2674370768,
  "KDCoulomb_r_C_A2": 17.7099567844,
  "KDRealSpinOrbit_V1_0": 4.9394145443,
  "KDRealSpinOrbit_V1_A": 0.0057376089,
  "KDRealSpinOrbit_V2_0": 0.0017641878,
  "KDRealSpinOrbit_r_0": 1.2726331877,
  "KDRealSpinOrbit_r_A": 0.8972329792,
  "KDRealSpinOrbit_a_0": 0.5624294326,
  "KDImagSpinOrbit_W1_0": -1.6435949479,
  "KDImagSpinOrbit_W2_0": 277.4615873095,
  "KDImagVolume_W1_0_n": 6.8150950741,
  "KDImagVolume_W1_A_n": 0.0306733932,
  "KDImagVolume_W1_0_p": 6.5736623421,
  "KDImagVolume_W1_A_p": 0.0578277509,
  "KDImagVolume_W2_0": 9.6262029306,
  "KDImagVolume_W2_A": 0.2435506526,
  "KDImagSurface_D1_0": 24.0492335961,
  "KDImagSurface_D1_asymm": 11.3774658528,
  "KDImagSurface_D2_0": 0.0591228643,
  "KDImagSurface_D2_A": -0.0234046856,
  "KDImagSurface_D2_A2": 12.0925275719,
  "KDImagSurface_D2_A3": -107.8763376972,
  "KDImagSurface_D3_0": 16.5892384057,
  "KDImagSurface_r_0": 1.2132088311,
  "KDImagSurface_r_A": -0.0108285562,
  "KDImagSurface_a_0_n": 0.5356356819,
  "KDImagSurface_a_A_n": 0.0003934916,
  "KDImagSurface_a_0_p": 0.4719656303,
  "KDImagSurface_a_A_p": 0.0012061732
}