{
  "KDHartreeFock_V1_0": 57.642398811,
  "KDHartreeFock_V1_asymm": 25.3138228884,
  "KDHartreeFock_V1_A": 0.0017684703,
  "KDHartreeFock_V2_0_n": 0.0048773087,
  "KDHartreeFock_V2_A_n": -7.472e-07,
  "KDHartreeFock_V3_0_n": 7.752e-07,
  "KDHartreeFock_V3_A_n": 1.192e-06,
  "KDHartreeFock_V2_0_p": 0.0053983614,
  "KDHartreeFock_V2_A_p": 1.27119e-05,
  "KDHartreeFock_V3_0_p": 1.9693e-06,
  "KDHartreeFock_V3_A_p": -1.8157e-06,
  "KDHartreeFock_V4_0": -1.678e-06,
  "KDHartreeFock_r_0": 1.2627410928,
  "KDHartreeFock_r_A": 0.4148207716,
  "KDHartreeFock_a_0": 0.7249230801,
  "KDHartreeFock_a_A": 3.42492e-05,
  "KDCoulomb_r_C_0": 0.9265203567,
  "KDCoulomb_r_C_A": 0.1969093781,
  "KDCoulomb_r_C_A2": 2.613680998,
  "KDRealSpinOrbit_V1_0": 6.614396108,
  "KDRealSpinOrbit_V1_A": -0.0032859806,
  "KDRealSpinOrbit_V2_0": 0.0044991538,
  "KDRealSpinOrbit_r_0": 1.1886793699,
  "KDRealSpinOrbit_r_A": 0.5512199733,
  "KDRealSpinOrbit_a_0": 0.5760305317,
  "KDImagSpinOrbit_W1_0": -5.8123113693,
  "KDImagSpinOrbit_W2_0": 95.1727546296,
  "KDImagVolume_W1_0_n": 21.8928650718,
  "KDImagVolume_W1_A_n": -9.5531e-06,
  "KDImagVolume_W1_0_p": 19.3635200805,
  "KDImagVolume_W1_A_p": 0.0767544143,
  "KDImagVolume_W2_0": 115.9129115542,
  "KDImagVolume_W2_A": 0.002497632,
  "KDImagSurface_D1_0": 15.9071953681,
  "KDImagSurface_D1_asymm": 5.5162379378,
  "KDImagSurface_D2_0": 0.0224030526,
  "KDImagSurface_D2_A": 0.0034994695,
  "KDImagSurface_D2_A2": 10.6570045941,
  "KDImagSurface_D2_A3": 191.5366365667,
  "KDImagSurface_D3_0": 13.6300117138,
  "KDImagSurface_r_0": 1.4916627454,
  "KDImagSurface_r_A": 0.0452130002,
  "KDImagSurface_a_0_n": 0.5799469946,
  "KDImagSurface_a_A_n": -0.0006247375,
  "KDImagSurface_a_0_p": 0.572900749,
  "KDImagSurface_a_A_p": 0.0003821446
}