{
  "KDHartreeFock_V1_0": 58.8252280395,
  "KDHartreeFock_V1_asymm": 18.595427071,
  "KDHartreeFock_V1_A": 0.000987377,
  "KDHartreeFock_V2_0_n": 0.0067025014,
  "KDHartreeFock_V2_A_n": -3.8841e-06,
  "KDHartreeFock_V3_0_n": 1.67889e-05,
  "KDHartreeFock_V3_A_n": -9.593e-07,
  "KDHartreeFock_V2_0_p": 0.0071958323,
  "KDHartreeFock_V2_A_p": 4.3477e-06,
  "KDHartreeFock_V3_0_p": 1.87108e-05,
  "KDHartreeFock_V3_A_p": -2.265e-07,
  "KDHartreeFock_V4_0": -3.3232e-06,
  "KDHartreeFock_r_0": 1.2166223444,
  "KDHartreeFock_r_A": 0.2170938571,
  "KDHartreeFock_a_0": 0.6676721767,
  "KDHartreeFock_a_A": -0.0003839895,
  "KDCoulomb_r_C_0": 1.3182853823,
  "KDCoulomb_r_C_A": -0.4378322577,
  "KDCoulomb_r_C_A2": 5.5229024116,
  "KDRealSpinOrbit_V1_0": 6.2987423738,
  "KDRealSpinOrbit_V1_A": 0.0033767294,
  "KDRealSpinOrbit_V2_0": 0.0057996884,
  "KDRealSpinOrbit_r_0": 1.1030895195,
  "KDRealSpinOrbit_r_A": 0.280077769,
  "KDRealSpinOrbit_a_0": 0.6130087682,
  "KDImagSpinOrbit_W1_0": -1.5908955386,
  "KDImagSpinOrbit_W2_0": 177.975890556,
  "KDImagVolume_W1_0_n": 15.6514656383,
  "KDImagVolume_W1_A_n": 0.0744833192,
  "KDImagVolume_W1_0_p": 17.7735544655,
  "KDImagVolume_W1_A_p": 0.0877955664,
  "KDImagVolume_W2_0": 87.1756375048,
  "KDImagVolume_W2_A": 0.2586308027,
  "KDImagSurface_D1_0": 18.1048630444,
  "KDImagSurface_D1_asymm": 21.1933071123,
  "KDImagSurface_D2_0": -0.0004416838,
  "KDImagSurface_D2_A": 0.0239738931,
  "KDImagSurface_D2_A2": 13.4366998321,
  "KDImagSurface_D2_A3": 184.6041492181,
  "KDImagSurface_D3_0": 14.6218626021,
  "KDImagSurface_r_0": 1.3489407186,
  "KDImagSurface_r_A": 0.0129150948,
  "KDImagSurface_a_0_n": 0.5621922266,
  "KDImagSurface_a_A_n": -0.0004644149,
  "KDImagSurface_a_0_p": 0.4810007705,
  "KDImagSurface_a_A_p": 0.0021996195
}