{
  "KDHartreeFock_V1_0": 61.1478338343,
  "KDHartreeFock_V1_asymm": 13.002841031,
  "KDHartreeFock_V1_A": 0.0243037003,
  "KDHartreeFock_V2_0_n": 0.0065954838,
  "KDHartreeFock_V2_A_n": -1.02638e-05,
  "KDHartreeFock_V3_0_n": 1.16275e-05,
  "KDHartreeFock_V3_A_n": -3.6574e-06,
  "KDHartreeFock_V2_0_p": 0.0061529589,
  "KDHartreeFock_V2_A_p": 8.0139e-06,
  "KDHartreeFock_V3_0_p": 7.9675e-06,
  "KDHartreeFock_V3_A_p": 9.581e-07,
  "KDHartreeFock_V4_0": -5.345e-07,
  "KDHartreeFock_r_0": 1.2418193394,
  "KDHartreeFock_r_A": 0.3442512215,
  "KDHartreeFock_a_0": 0.7194247862,
  "KDHartreeFock_a_A": -0.0002408436,
  "KDCoulomb_r_C_0": 1.3347705202,
  "KDCoulomb_r_C_A": 0.4567576074,
  "KDCoulomb_r_C_A2": -25.3781044679,
  "KDRealSpinOrbit_V1_0": 6.8562174434,
  "KDRealSpinOrbit_V1_A": -0.0078414018,
  "KDRealSpinOrbit_V2_0": 0.0029231905,
  "KDRealSpinOrbit_r_0": 1.1666800045,
  "KDRealSpinOrbit_r_A": 0.329234525,
  "KDRealSpinOrbit_a_0": 0.601196103,
  "KDImagSpinOrbit_W1_0": -5.9013569223,
  "KDImagSpinOrbit_W2_0": 510.9689969242,
  "KDImagVolume_W1_0_n": 20.0934842945,
  "KDImagVolume_W1_A_n": -0.0315511834,
  "KDImagVolume_W1_0_p": 15.1589033305,
  "KDImagVolume_W1_A_p": 0.0134617727,
  "KDImagVolume_W2_0": 70.9217038543,
  "KDImagVolume_W2_A": 0.1787289578,
  "KDImagSurface_D1_0": 14.076319708,
  "KDImagSurface_D1_asymm": 13.9825204958,
  "KDImagSurface_D2_0": 0.0300158119,
  "KDImagSurface_D2_A": -0.0030881553,
  "KDImagSurface_D2_A2": 17.2111200294,
  "KDImagSurface_D2_A3": 294.7939981528,
  "KDImagSurface_D3_0": 12.4193098003,
  "KDImagSurface_r_0": 1.3848644557,
  "KDImagSurface_r_A": 0.0201861243,
  "KDImagSurface_a_0_n": 0.5132854381,
  "KDImagSurface_a_A_n": -0.000594182,
  "KDImagSurface_a_0_p": 0.4671253439,
  "KDImagSurface_a_A_p": 0.0005883726
}