{
  "KDHartreeFock_V1_0": 60.3326634414,
  "KDHartreeFock_V1_asymm": 3.9465329247,
  "KDHartreeFock_V1_A": 0.0477930084,
  "KDHartreeFock_V2_0_n": 0.0065698851,
  "KDHartreeFock_V2_A_n": 1.11235e-05,
  "KDHartreeFock_V3_0_n": 1.57402e-05,
  "KDHartreeFock_V3_A_n": 2.8143e-06,
  "KDHartreeFock_V2_0_p": 0.0072728015,
  "KDHartreeFock_V2_A_p": -9.4644e-06,
  "KDHartreeFock_V3_0_p": 1.77154e-05,
  "KDHartreeFock_V3_A_p": -1.7004e-06,
  "KDHartreeFock_V4_0": 5.065e-07,
  "KDHartreeFock_r_0": 1.2716940778,
  "KDHartreeFock_r_A": 0.4035819149,
  "KDHartreeFock_a_0": 0.7119400836,
  "KDHartreeFock_a_A": 0.0001208158,
  "KDCoulomb_r_C_0": 1.2841662595,
  "KDCoulomb_r_C_A": 0.010701311,
  "KDCoulomb_r_C_A2": 21.0989854728,
  "KDRealSpinOrbit_V1_0": 6.1880962133,
  "KDRealSpinOrbit_V1_A": 0.0045113275,
  "KDRealSpinOrbit_V2_0": 0.0059723385,
  "KDRealSpinOrbit_r_0": 1.2428425581,
  "KDRealSpinOrbit_r_A": 0.9306998185,
  "KDRealSpinOrbit_a_0": 0.6052700627,
  "KDImagSpinOrbit_W1_0": -4.5826340153,
  "KDImagSpinOrbit_W2_0": 135.0464037472,
  "KDImagVolume_W1_0_n": 19.7650765465,
  "KDImagVolume_W1_A_n": 0.0385222253,
  "KDImagVolume_W1_0_p": 18.4322340924,
  "KDImagVolume_W1_A_p": 0.0471863825,
  "KDImagVolume_W2_0": 64.5823355329,
  "KDImagVolume_W2_A": 0.164415883,
  "KDImagSurface_D1_0": 23.5038238362,
  "KDImagSurface_D1_asymm": 19.3173237411,
  "KDImagSurface_D2_0": 0.043852211,
  "KDImagSurface_D2_A": -0.0094625555,
  "KDImagSurface_D2_A2": 1.1449326464,
  "KDImagSurface_D2_A3": 239.133216806,
  "KDImagSurface_D3_0": 20.472330482,
  "KDImagSurface_r_0": 1.2650876314,
  "KDImagSurface_r_A": -0.0143267097,
  "KDImagSurface_a_0_n": 0.5777578504,
  "KDImagSurface_a_A_n": 0.0002332786,
  "KDImagSurface_a_0_p": 0.4463330965,
  "KDImagSurface_a_A_p": 0.0025949
}