{
  "KDHartreeFock_V1_0": 61.0433950568,
  "KDHartreeFock_V1_asymm": 7.2257038033,
  "KDHartreeFock_V1_A": 0.0452078288,
  "KDHartreeFock_V2_0_n": 0.0072504862,
  "KDHartreeFock_V2_A_n": 8.4124e-06,
  "KDHartreeFock_V3_0_n": 2.38029e-05,
  "KDHartreeFock_V3_A_n": -6.815e-07,
  "KDHartreeFock_V2_0_p": 0.0080683212,
  "KDHartreeFock_V2_A_p": -1.04455e-05,
  "KDHartreeFock_V3_0_p": 3.0023e-05,
  "KDHartreeFock_V3_A_p": 3.501e-07,
  "KDHartreeFock_V4_0": 2.821e-07,
  "KDHartreeFock_r_0": 1.2888199872,
  "KDHartreeFock_r_A": 0.4601790312,
  "KDHartreeFock_a_0": 0.6977813627,
  "KDHartreeFock_a_A": 0.0001413908,
  "KDCoulomb_r_C_0": 1.2746651314,
  "KDCoulomb_r_C_A": 0.3645710967,
  "KDCoulomb_r_C_A2": 15.268977286,
  "KDRealSpinOrbit_V1_0": 7.0096470679,
  "KDRealSpinOrbit_V1_A": 0.0044833389,
  "KDRealSpinOrbit_V2_0": 0.0094001581,
  "KDRealSpinOrbit_r_0": 1.1832630215,
  "KDRealSpinOrbit_r_A": 0.7305158968,
  "KDRealSpinOrbit_a_0": 0.6105179642,
  "KDImagSpinOrbit_W1_0": -5.984506382,
  "KDImagSpinOrbit_W2_0": 275.4369745236,
  "KDImagVolume_W1_0_n": 19.824666442,
  "KDImagVolume_W1_A_n": 0.0204330634,
  "KDImagVolume_W1_0_p": 21.906166998,
  "KDImagVolume_W1_A_p": 0.0661521851,
  "KDImagVolume_W2_0": 112.7832723592,
  "KDImagVolume_W2_A": 0.1443690285,
  "KDImagSurface_D1_0": 27.6436480212,
  "KDImagSurface_D1_asymm": 17.8850764553,
  "KDImagSurface_D2_0": 0.019773078,
  "KDImagSurface_D2_A": 0.014163261,
  "KDImagSurface_D2_A2": 14.3484121572,
  "KDImagSurface_D2_A3": 273.7638322148,
  "KDImagSurface_D3_0": 17.6657820297,
  "KDImagSurface_r_0": 1.2127660653,
  "KDImagSurface_r_A": -0.0085946765,
  "KDImagSurface_a_0_n": 0.6133330105,
  "KDImagSurface_a_A_n": 9.57846e-05,
  "KDImagSurface_a_0_p": 0.5172488574,
  "KDImagSurface_a_A_p": 0.0018432445
}