{
  "KDHartreeFock_V1_0": 55.4108620329,
  "KDHartreeFock_V1_asymm": 14.7339991064,
  "KDHartreeFock_V1_A": 0.0084511462,
  "KDHartreeFock_V2_0_n": 0.0071422014,
  "KDHartreeFock_V2_A_n": 4.2207e-06,
  "KDHartreeFock_V3_0_n": 1.83982e-05,
  "KDHartreeFock_V3_A_n": 8.394e-07,
  "KDHartreeFock_V2_0_p": 0.0067996129,
  "KDHartreeFock_V2_A_p": 3.5627e-06,
  "KDHartreeFock_V3_0_p": 9.32e-06,
  "KDHartreeFock_V3_A_p": -7.954e-07,
  "KDHartreeFock_V4_0": -2.2002e-06,
  "KDHartreeFock_r_0": 1.2501683687,
  "KDHartreeFock_r_A": 0.1844393795,
  "KDHartreeFock_a_0": 0.6972063631,
  "KDHartreeFock_a_A": 0.000177665,
  "KDCoulomb_r_C_0": 1.2492552626,
  "KDCoulomb_r_C_A": 0.8157021461,
  "KDCoulomb_r_C_A2": 40.6438129935,
  "KDRealSpinOrbit_V1_0": 6.5266796888,
  "KDRealSpinOrbit_V1_A": -0.0168107128,
  "KDRealSpinOrbit_V2_0": 0.0018698967,
  "KDRealSpinOrbit_r_0": 1.193860151,
  "KDRealSpinOrbit_r_A": 0.6248528663,
  "KDRealSpinOrbit_a_0": 0.6155228243,
  "KDImagSpinOrbit_W1_0": -2.1274721762,
  "KDImagSpinOrbit_W2_0": 133.3589799014,
  "KDImagVolume_W1_0_n": 11.7291760123,
  "KDImagVolume_W1_A_n": 0.0526380708,
  "KDImagVolume_W1_0_p": 14.0043040938,
  "KDImagVolume_W1_A_p": 0.0519869603,
  "KDImagVolume_W2_0": 95.5556219887,
  "KDImagVolume_W2_A": 0.108484345,
  "KDImagSurface_D1_0": 21.0596526923,
  "KDImagSurface_D1_asymm": 12.9187145712,
  "KDImagSurface_D2_0": -0.0150389711,
  "KDImagSurface_D2_A": 0.0417775926,
  "KDImagSurface_D2_A2": 6.8030362961,
  "KDImagSurface_D2_A3": 316.2868919067,
  "KDImagSurface_D3_0": 18.9263203189,
  "KDImagSurface_r_0": 1.2938641563,
  "KDImagSurface_r_A": 0.0075537978,
  "KDImagSurface_a_0_n": 0.5978268105,
  "KDImagSurface_a_A_n": -0.0003723811,
  "KDImagSurface_a_0_p": 0.5076482891,
  "KDImagSurface_a_A_p": 0.0016601976
}