{
  "KDHartreeFock_V1_0": 58.4312108255,
  "KDHartreeFock_V1_asymm": 11.6067070786,
  "KDHartreeFock_V1_A": 0.0323116042,
  "KDHartreeFock_V2_0_n": 0.0068527338,
  "KDHartreeFock_V2_A_n": 9.054e-06,
  "KDHartreeFock_V3_0_n": 1.69356e-05,
  "KDHartreeFock_V3_A_n": -1.012e-07,
  "KDHartreeFock_V2_0_p": 0.005626454,
  "KDHartreeFock_V2_A_p": 5.4471e-06,
  "KDHartreeFock_V3_0_p": 9.5845e-06,
  "KDHartreeFock_V3_A_p": -1.045e-06,
  "KDHartreeFock_V4_0": -3.2591e-06,
  "KDHartreeFock_r_0": 1.3269068409,
  "KDHartreeFock_r_A": 0.562767986,
  "KDHartreeFock_a_0": 0.6838934126,
  "KDHartreeFock_a_A": 7.85825e-05,
  "KDCoulomb_r_C_0": 1.085241735,
  "KDCoulomb_r_C_A": 0.20674899,
  "KDCoulomb_r_C_A2": 6.3400923414,
  "KDRealSpinOrbit_V1_0": 6.676098584,
  "KDRealSpinOrbit_V1_A": -0.0040393415,
  "KDRealSpinOrbit_V2_0": 0.0062169323,
  "KDRealSpinOrbit_r_0": 1.1758800511,
  "KDRealSpinOrbit_r_A": 0.3999505076,
  "KDRealSpinOrbit_a_0": 0.6370386802,
  "KDImagSpinOrbit_W1_0": -4.9334523723,
  "KDImagSpinOrbit_W2_0": 290.7671231047,
  "KDImagVolume_W1_0_n": 17.5451088328,
  "KDImagVolume_W1_A_n": 0.0320124531,
  "KDImagVolume_W1_0_p": 8.8594625525,
  "KDImagVolume_W1_A_p": 0.0502387454,
  "KDImagVolume_W2_0": 77.8180854259,
  "KDImagVolume_W2_A": 0.1367576499,
  "KDImagSurface_D1_0": 16.805151097,
  "KDImagSurface_D1_asymm": 3.2191504818,
  "KDImagSurface_D2_0": 0.0960645514,
  "KDImagSurface_D2_A": -0.0680339299,
  "KDImagSurface_D2_A2": 12.14031851,
  "KDImagSurface_D2_A3": 213.4440078395,
  "KDImagSurface_D3_0": 14.1721069214,
  "KDImagSurface_r_0": 1.3308688131,
  "KDImagSurface_r_A": 0.0210187861,
  "KDImagSurface_a_0_n": 0.5609296412,
  "KDImagSurface_a_A_n": -1.08989e-05,
  "KDImagSurface_a_0_p": 0.4781623157,
  "KDImagSurface_a_A_p": 0.0018585665
}