{
  "KDHartreeFock_V1_0": 54.6888126034,
  "KDHartreeFock_V1_asymm": 10.6064440952,
  "KDHartreeFock_V1_A": 0.0034972589,
  "KDHartreeFock_V2_0_n": 0.0051487723,
  "KDHartreeFock_V2_A_n": -2.0045e-06,
  "KDHartreeFock_V3_0_n": 2.4166e-06,
  "KDHartreeFock_V3_A_n": 1.1084e-06,
  "KDHartreeFock_V2_0_p": 0.0041813245,
  "KDHartreeFock_V2_A_p": 1.67756e-05,
  "KDHartreeFock_V3_0_p": 1.5503e-06,
  "KDHartreeFock_V3_A_p": -5.951e-07,
  "KDHartreeFock_V4_0": 2.6914e-06,
  "KDHartreeFock_r_0": 1.250678497,
  "KDHartreeFock_r_A": 0.2431020885,
  "KDHartreeFock_a_0": 0.694479284,
  "KDHartreeFock_a_A": -0.0001324604,
  "KDCoulomb_r_C_0": 1.0991797187,
  "KDCoulomb_r_C_A": 1.4367915415,
  "KDCoulomb_r_C_A2": 27.7573664817,
  "KDRealSpinOrbit_V1_0": 5.1645886391,
  "KDRealSpinOrbit_V1_A": 0.0086096028,
  "KDRealSpinOrbit_V2_0": 0.0103361454,
  "KDRealSpinOrbit_r_0": 1.1980465785,
  "KDRealSpinOrbit_r_A": 0.5289867438,
  "KDRealSpinOrbit_a_0": 0.5168700931,
  "KDImagSpinOrbit_W1_0": -7.239657376,
  "KDImagSpinOrbit_W2_0": 170.8601122957,
  "KDImagVolume_W1_0_n": 25.4074225788,
  "KDImagVolume_W1_A_n": 0.0164825703,
  "KDImagVolume_W1_0_p": 26.7113969607,
  "KDImagVolume_W1_A_p": -0.0354777293,
  "KDImagVolume_W2_0": 140.2208249201,
  "KDImagVolume_W2_A": -0.078293812,
  "KDImagSurface_D1_0": 13.9680636204,
  "KDImagSurface_D1_asymm": 24.7762294975,
  "KDImagSurface_D2_0": 0.0208715695,
  "KDImagSurface_D2_A": 0.0032146151,
  "KDImagSurface_D2_A2": 11.7955089929,
  "KDImagSurface_D2_A3": 168.9652049284,
  "KDImagSurface_D3_0": 8.2125923227,
  "KDImagSurface_r_0": 1.2745030304,
  "KDImagSurface_r_A": -0.0014797239,
  "KDImagSurface_a_0_n": 0.4919159557,
  "KDImagSurface_a_A_n": -0.0001737476,
  "KDImagSurface_a_0_p": 0.5363601808,
  "KDImagSurface_a_A_p": 0.0004255771
}