{
  "KDHartreeFock_V1_0": 58.4141540126,
  "KDHartreeFock_V1_asymm": 16.4016107832,
  "KDHartreeFock_V1_A": 0.0195993703,
  "KDHartreeFock_V2_0_n": 0.006343827,
  "KDHartreeFock_V2_A_n": -2.3285e-06,
  "KDHartreeFock_V3_0_n": 1.18687e-05,
  "KDHartreeFock_V3_A_n": -9.303e-07,
  "KDHartreeFock_V2_0_p": 0.0063604749,
  "KDHartreeFock_V2_A_p": 9.4336e-06,
  "KDHartreeFock_V3_0_p": 9.4221e-06,
  "KDHartreeFock_V3_A_p": -2.082e-06,
  "KDHartreeFock_V4_0": -2.771e-06,
  "KDHartreeFock_r_0": 1.319046534,
  "KDHartreeFock_r_A": 0.5307805191,
  "KDHartreeFock_a_0": 0.6961080941,
  "KDHartreeFock_a_A": -5.76308e-05,
  "KDCoulomb_r_C_0": 1.2212721726,
  "KDCoulomb_r_C_A": 1.0070520337,
  "KDCoulomb_r_C_A2": 17.5837013266,
  "KDRealSpinOrbit_V1_0": 6.2761284304,
  "KDRealSpinOrbit_V1_A": -0.0041818846,
  "KDRealSpinOrbit_V2_0": 0.0020574023,
  "KDRealSpinOrbit_r_0": 1.0493856594,
  "KDRealSpinOrbit_r_A": -0.0129557743,
  "KDRealSpinOrbit_a_0": 0.6258705119,
  "KDImagSpinOrbit_W1_0": -1.4248345173,
  "KDImagSpinOrbit_W2_0": 265.1284515264,
  "KDImagVolume_W1_0_n": 18.7850729456,
  "KDImagVolume_W1_A_n": -0.0420821214,
  "KDImagVolume_W1_0_p": 18.5737427261,
  "KDImagVolume_W1_A_p": -0.0127568788,
  "KDImagVolume_W2_0": 89.3005485335,
  "KDImagVolume_W2_A": -0.1096750293,
  "KDImagSurface_D1_0": 22.2251022752,
  "KDImagSurface_D1_asymm": 11.6811037749,
  "KDImagSurface_D2_0": 0.0232222855,
  "KDImagSurface_D2_A": 0.008655342,
  "KDImagSurface_D2_A2": 21.484400026,
  "KDImagSurface_D2_A3": 256.9557417731,
  "KDImagSurface_D3_0": 14.9743182305,
  "KDImagSurface_r_0": 1.3462230795,
  "KDImagSurface_r_A": 0.0114015264,
  "KDImagSurface_a_0_n": 0.4651042271,
  "KDImagSurface_a_A_n": -0.0004312448,
  "KDImagSurface_a_0_p": 0.5109478052,
  "KDImagSurface_a_A_p": -2.51431e-05
}