{
  "KDHartreeFock_V1_0": 62.5054498573,
  "KDHartreeFock_V1_asymm": 15.3398242142,
  "KDHartreeFock_V1_A": 0.0363519597,
  "KDHartreeFock_V2_0_n": 0.0066293003,
  "KDHartreeFock_V2_A_n": -3.729e-07,
  "KDHartreeFock_V3_0_n": 1.72065e-05,
  "KDHartreeFock_V3_A_n": -1.9789e-06,
  "KDHartreeFock_V2_0_p": 0.0042702113,
  "KDHartreeFock_V2_A_p": 1.78665e-05,
  "KDHartreeFock_V3_0_p": 6.798e-07,
  "KDHartreeFock_V3_A_p": 1.4834e-06,
  "KDHartreeFock_V4_0": -2.7971e-06,
  "KDHartreeFock_r_0": 1.3097868123,
  "KDHartreeFock_r_A": 0.7055037203,
  "KDHartreeFock_a_0": 0.7627503174,
  "KDHartreeFock_a_A": 0.0003189828,
  "KDCoulomb_r_C_0": 1.1289470275,
  "KDCoulomb_r_C_A": -0.9778097307,
  "KDCoulomb_r_C_A2": 22.3394356432,
  "KDRealSpinOrbit_V1_0": 7.2304479969,
  "KDRealSpinOrbit_V1_A": -0.0018442136,
  "KDRealSpinOrbit_V2_0": 0.006764454,
  "KDRealSpinOrbit_r_0": 1.1235695523,
  "KDRealSpinOrbit_r_A": 0.3250201863,
  "KDRealSpinOrbit_a_0": 0.6019722073,
  "KDImagSpinOrbit_W1_0": -5.1374785973,
  "KDImagSpinOrbit_W2_0": 296.2509349478,
  "KDImagVolume_W1_0_n": 23.2013150735,
  "KDImagVolume_W1_A_n": 0.0028751588,
  "KDImagVolume_W1_0_p": 27.7443500133,
  "KDImagVolume_W1_A_p": 0.0327707769,
  "KDImagVolume_W2_0": 137.125394335,
  "KDImagVolume_W2_A": 0.0495140173,
  "KDImagSurface_D1_0": 20.1579268402,
  "KDImagSurface_D1_asymm": 23.1272429782,
  "KDImagSurface_D2_0": 0.0446713958,
  "KDImagSurface_D2_A": -0.0206940847,
  "KDImagSurface_D2_A2": 0.5119088182,
  "KDImagSurface_D2_A3": 137.1401863419,
  "KDImagSurface_D3_0": 16.8824274227,
  "KDImagSurface_r_0": 1.4029783762,
  "KDImagSurface_r_A": 0.0351701337,
  "KDImagSurface_a_0_n": 0.51729387,
  "KDImagSurface_a_A_n": -0.0009045722,
  "KDImagSurface_a_0_p": 0.4573128854,
  "KDImagSurface_a_A_p": 0.0027083314
}