{
  "KDHartreeFock_V1_0": 60.7063297722,
  "KDHartreeFock_V1_asymm": 14.4590956249,
  "KDHartreeFock_V1_A": 0.0358536157,
  "KDHartreeFock_V2_0_n": 0.0055200303,
  "KDHartreeFock_V2_A_n": 2.6194e-06,
  "KDHartreeFock_V3_0_n": 2.5254e-06,
  "KDHartreeFock_V3_A_n": -1.3246e-06,
  "KDHartreeFock_V2_0_p": 0.0082696431,
  "KDHartreeFock_V2_A_p": -9.6926e-06,
  "KDHartreeFock_V3_0_p": 2.22318e-05,
  "KDHartreeFock_V3_A_p": -9.849e-07,
  "KDHartreeFock_V4_0": -2.1256e-06,
  "KDHartreeFock_r_0": 1.2209027817,
  "KDHartreeFock_r_A": 0.2434271083,
  "KDHartreeFock_a_0": 0.6979740964,
  "KDHartreeFock_a_A": -0.0005125192,
  "KDCoulomb_r_C_0": 1.4365619604,
  "KDCoulomb_r_C_A": 1.0809984225,
  "KDCoulomb_r_C_A2": 18.222453431,
  "KDRealSpinOrbit_V1_0": 5.7058387533,
  "KDRealSpinOrbit_V1_A": -0.0044287544,
  "KDRealSpinOrbit_V2_0": 0.0015316061,
  "KDRealSpinOrbit_r_0": 1.2543436412,
  "KDRealSpinOrbit_r_A": 0.9313538585,
  "KDRealSpinOrbit_a_0": 0.5654053371,
  "KDImagSpinOrbit_W1_0": -5.5351276157,
  "KDImagSpinOrbit_W2_0": 238.8038889796,
  "KDImagVolume_W1_0_n": 23.7179346665,
  "KDImagVolume_W1_A_n": -0.003808727,
  "KDImagVolume_W1_0_p": 21.3671840475,
  "KDImagVolume_W1_A_p": 0.0810518683,
  "KDImagVolume_W2_0": 95.2464786689,
  "KDImagVolume_W2_A": 0.0830774851,
  "KDImagSurface_D1_0": 21.9216083748,
  "KDImagSurface_D1_asymm": 4.1785748492,
  "KDImagSurface_D2_0": 0.0410417201,
  "KDImagSurface_D2_A": -0.0073631008,
  "KDImagSurface_D2_A2": 7.8226240189,
  "KDImagSurface_D2_A3": 206.2900280642,
  "KDImagSurface_D3_0": 14.1083552292,
  "KDImagSurface_r_0": 1.3179385898,
  "KDImagSurface_r_A": 0.0047205332,
  "KDImagSurface_a_0_n": 0.4732706493,
  "KDImagSurface_a_A_n": -0.0001166716,
  "KDImagSurface_a_0_p": 0.4941990903,
  "KDImagSurface_a_A_p": 0.0013769398
}