{
  "KDHartreeFock_V1_0": 59.5481774612,
  "KDHartreeFock_V1_asymm": 19.7818527934,
  "KDHartreeFock_V1_A": 0.016163535,
  "KDHartreeFock_V2_0_n": 0.0051660242,
  "KDHartreeFock_V2_A_n": -8.8261e-06,
  "KDHartreeFock_V3_0_n": 8.1444e-06,
  "KDHartreeFock_V3_A_n": -7.074e-07,
  "KDHartreeFock_V2_0_p": 0.006769585,
  "KDHartreeFock_V2_A_p": 9.8941e-06,
  "KDHartreeFock_V3_0_p": 1.97259e-05,
  "KDHartreeFock_V3_A_p": 2.4567e-06,
  "KDHartreeFock_V4_0": -1.3263e-06,
  "KDHartreeFock_r_0": 1.2983344836,
  "KDHartreeFock_r_A": 0.5532690877,
  "KDHartreeFock_a_0": 0.7129380322,
  "KDHartreeFock_a_A": 0.0001278051,
  "KDCoulomb_r_C_0": 1.2939354661,
  "KDCoulomb_r_C_A": 0.1585962794,
  "KDCoulomb_r_C_A2": 31.8863335938,
  "KDRealSpinOrbit_V1_0": 6.3336331882,
  "KDRealSpinOrbit_V1_A": 0.0077167405,
  "KDRealSpinOrbit_V2_0": 0.0095227145,
  "KDRealSpinOrbit_r_0": 1.2268276156,
  "KDRealSpinOrbit_r_A": 0.7005501248,
  "KDRealSpinOrbit_a_0": 0.5271048666,
  "KDImagSpinOrbit_W1_0": -5.2021939727,
  "KDImagSpinOrbit_W2_0": 312.0470927908,
  "KDImagVolume_W1_0_n": 22.0017343657,
  "KDImagVolume_W1_A_n": -0.0084949674,
  "KDImagVolume_W1_0_p": 23.2583220942,
  "KDImagVolume_W1_A_p": -0.0026867782,
  "KDImagVolume_W2_0": 100.2360413828,
  "KDImagVolume_W2_A": 0.1203381763,
  "KDImagSurface_D1_0": 24.5913841505,
  "KDImagSurface_D1_asymm": 0.7616633445,
  "KDImagSurface_D2_0": 0.0070089595,
  "KDImagSurface_D2_A": 0.0266021274,
  "KDImagSurface_D2_A2": 6.8708871353,
  "KDImagSurface_D2_A3": 335.2393442636,
  "KDImagSurface_D3_0": 17.0183569472,
  "KDImagSurface_r_0": 1.3089338963,
  "KDImagSurface_r_A": 0.0099743264,
  "KDImagSurface_a_0_n": 0.5593925576,
  "KDImagSurface_a_A_n": -0.0001600872,
  "KDImagSurface_a_0_p": 0.5445961614,
  "KDImagSurface_a_A_p": 0.0016221388
}