{
  "KDHartreeFock_V1_0": 59.7327118562,
  "KDHartreeFock_V1_asymm": 14.6828842513,
  "KDHartreeFock_V1_A": 0.0353739889,
  "KDHartreeFock_V2_0_n": 0.0042346535,
  "KDHartreeFock_V2_A_n": -8.7408e-06,
  "KDHartreeFock_V3_0_n": -1.4396e-06,
  "KDHartreeFock_V3_A_n": 4.359e-07,
  "KDHartreeFock_V2_0_p": 0.0065714003,
  "KDHartreeFock_V2_A_p": 1.2848e-06,
  "KDHartreeFock_V3_0_p": 1.51747e-05,
  "KDHartreeFock_V3_A_p": 2.1119e-06,
  "KDHartreeFock_V4_0": -3.7607e-06,
  "KDHartreeFock_r_0": 1.3026759974,
  "KDHartreeFock_r_A": 0.4982713561,
  "KDHartreeFock_a_0": 0.6570783407,
  "KDHartreeFock_a_A": -0.0001402461,
  "KDCoulomb_r_C_0": 1.2091716949,
  "KDCoulomb_r_C_A": -0.3280470181,
  "KDCoulomb_r_C_A2": 9.0634429062,
  "KDRealSpinOrbit_V1_0": 7.1349704501,
  "KDRealSpinOrbit_V1_A": 0.0072139478,
  "KDRealSpinOrbit_V2_0": 0.0144224088,
  "KDRealSpinOrbit_r_0": 1.2823020039,
  "KDRealSpinOrbit_r_A": 0.8395285761,
  "KDRealSpinOrbit_a_0": 0.536423523,
  "KDImagSpinOrbit_W1_0": -4.9887016099,
  "KDImagSpinOrbit_W2_0": 299.4613636471,
  "KDImagVolume_W1_0_n": 19.0293933257,
  "KDImagVolume_W1_A_n": 0.0001927693,
  "KDImagVolume_W1_0_p": 18.0828039145,
  "KDImagVolume_W1_A_p": -0.007607916,
  "KDImagVolume_W2_0": 70.6476619784,
  "KDImagVolume_W2_A": -0.1402865871,
  "KDImagSurface_D1_0": 16.6328579395,
  "KDImagSurface_D1_asymm": 15.95230922,
  "KDImagSurface_D2_0": -0.0268239466,
  "KDImagSurface_D2_A": 0.0588518877,
  "KDImagSurface_D2_A2": 13.6605479899,
  "KDImagSurface_D2_A3": 118.1014542103,
  "KDImagSurface_D3_0": 10.5950991358,
  "KDImagSurface_r_0": 1.398146531,
  "KDImagSurface_r_A": 0.0306320713,
  "KDImagSurface_a_0_n": 0.5059006794,
  "KDImagSurface_a_A_n": -0.0003344032,
  "KDImagSurface_a_0_p": 0.5558776919,
  "KDImagSurface_a_A_p": 0.0004620121
}