{
  "KDHartreeFock_V1_0": 60.9930797287,
  "KDHartreeFock_V1_asymm": 13.840846903,
  "KDHartreeFock_V1_A": 0.0426121047,
  "KDHartreeFock_V2_0_n": 0.006489192,
  "KDHartreeFock_V2_A_n": -1.9796e-06,
  "KDHartreeFock_V3_0_n": 1.18765e-05,
  "KDHartreeFock_V3_A_n": 8.641e-07,
  "KDHartreeFock_V2_0_p": 0.0081519565,
  "KDHartreeFock_V2_A_p": 4.968e-07,
  "KDHartreeFock_V3_0_p": 2.90119e-05,
  "KDHartreeFock_V3_A_p": 9.273e-07,
  "KDHartreeFock_V4_0": 1.6717e-06,
  "KDHartreeFock_r_0": 1.3158757084,
  "KDHartreeFock_r_A": 0.5198448932,
  "KDHartreeFock_a_0": 0.7239053117,
  "KDHartreeFock_a_A": 0.0002276394,
  "KDCoulomb_r_C_0": 1.349948491,
  "KDCoulomb_r_C_A": 0.8440989914,
  "KDCoulomb_r_C_A2": 30.3573986728,
  "KDRealSpinOrbit_V1_0": 5.3586260403,
  "KDRealSpinOrbit_V1_A": 0.005698779,
  "KDRealSpinOrbit_V2_0": 0.0048680802,
  "KDRealSpinOrbit_r_0": 1.282127593,
  "KDRealSpinOrbit_r_A": 0.9651770303,
  "KDRealSpinOrbit_a_0": 0.565096974,
  "KDImagSpinOrbit_W1_0": -4.1114006992,
  "KDImagSpinOrbit_W2_0": 337.2397961024,
  "KDImagVolume_W1_0_n": 22.3386623285,
  "KDImagVolume_W1_A_n": -0.020513477,
  "KDImagVolume_W1_0_p": 13.4005092391,
  "KDImagVolume_W1_A_p": 0.0604669947,
  "KDImagVolume_W2_0": 134.2997196538,
  "KDImagVolume_W2_A": -0.2623536488,
  "KDImagSurface_D1_0": 22.1610834593,
  "KDImagSurface_D1_asymm": 9.6691054018,
  "KDImagSurface_D2_0": 0.0027071814,
  "KDImagSurface_D2_A": 0.0340238837,
  "KDImagSurface_D2_A2": 7.5667998401,
  "KDImagSurface_D2_A3": 291.0478424832,
  "KDImagSurface_D3_0": 15.5165670937,
  "KDImagSurface_r_0": 1.3270885695,
  "KDImagSurface_r_A": 0.0192477641,
  "KDImagSurface_a_0_n": 0.5750148781,
  "KDImagSurface_a_A_n": -0.0001100553,
  "KDImagSurface_a_0_p": 0.5572320287,
  "KDImagSurface_a_A_p": 0.000678617
}