{
  "KDHartreeFock_V1_0": 59.424086052,
  "KDHartreeFock_V1_asymm": 24.4840299913,
  "KDHartreeFock_V1_A": 0.0206027056,
  "KDHartreeFock_V2_0_n": 0.0057203842,
  "KDHartreeFock_V2_A_n": 1.8599e-06,
  "KDHartreeFock_V3_0_n": 6.1715e-06,
  "KDHartreeFock_V3_A_n": 4.031e-07,
  "KDHartreeFock_V2_0_p": 0.0051649214,
  "KDHartreeFock_V2_A_p": 1.70822e-05,
  "KDHartreeFock_V3_0_p": 6.9461e-06,
  "KDHartreeFock_V3_A_p": -9.39e-08,
  "KDHartreeFock_V4_0": -6.944e-07,
  "KDHartreeFock_r_0": 1.2988892258,
  "KDHartreeFock_r_A": 0.4641663582,
  "KDHartreeFock_a_0": 0.6783616006,
  "KDHartreeFock_a_A": -7.41955e-05,
  "KDCoulomb_r_C_0": 1.2235068037,
  "KDCoulomb_r_C_A": 0.5412805376,
  "KDCoulomb_r_C_A2": -3.7151011292,
  "KDRealSpinOrbit_V1_0": 4.2325965533,
  "KDRealSpinOrbit_V1_A": 0.0116059577,
  "KDRealSpinOrbit_V2_0": 0.0048071896,
  "KDRealSpinOrbit_r_0": 1.1501755972,
  "KDRealSpinOrbit_r_A": 0.4488322889,
  "KDRealSpinOrbit_a_0": 0.6151847619,
  "KDImagSpinOrbit_W1_0": -2.9366916171,
  "KDImagSpinOrbit_W2_0": 247.55186441,
  "KDImagVolume_W1_0_n": 20.4770119158,
  "KDImagVolume_W1_A_n": -0.0093864049,
  "KDImagVolume_W1_0_p": 20.8302161545,
  "KDImagVolume_W1_A_p": -0.0421994101,
  "KDImagVolume_W2_0": 88.6000573761,
  "KDImagVolume_W2_A": -0.0558830042,
  "KDImagSurface_D1_0": 22.1464851064,
  "KDImagSurface_D1_asymm": 9.3226163032,
  "KDImagSurface_D2_0": 0.0162387522,
  "KDImagSurface_D2_A": 0.0169546017,
  "KDImagSurface_D2_A2": 1.7488701532,
  "KDImagSurface_D2_A3": 313.7351557385,
  "KDImagSurface_D3_0": 15.0119773596,
  "KDImagSurface_r_0": 1.276929543,
  "KDImagSurface_r_A": 0.0070248565,
  "KDImagSurface_a_0_n": 0.5534138467,
  "KDImagSurface_a_A_n": 0.000693287,
  "KDImagSurface_a_0_p": 0.5440367664,
  "KDImagSurface_a_A_p": 0.0001289279
}