{
  "KDHartreeFock_V1_0": 55.926928656,
  "KDHartreeFock_V1_asymm": 7.6289526449,
  "KDHartreeFock_V1_A": 0.0159425201,
  "KDHartreeFock_V2_0_n": 0.0064101742,
  "KDHartreeFock_V2_A_n": 5.2306e-06,
  "KDHartreeFock_V3_0_n": 1.72384e-05,
  "KDHartreeFock_V3_A_n": -1.502e-06,
  "KDHartreeFock_V2_0_p": 0.0062246888,
  "KDHartreeFock_V2_A_p": 4.5863e-06,
  "KDHartreeFock_V3_0_p": 1.62947e-05,
  "KDHartreeFock_V3_A_p": 6.445e-07,
  "KDHartreeFock_V4_0": -5.851e-07,
  "KDHartreeFock_r_0": 1.2461423048,
  "KDHartreeFock_r_A": 0.2394563711,
  "KDHartreeFock_a_0": 0.7011302039,
  "KDHartreeFock_a_A": 0.0001899312,
  "KDCoulomb_r_C_0": 1.3824400343,
  "KDCoulomb_r_C_A": 1.5597300564,
  "KDCoulomb_r_C_A2": 44.4336488851,
  "KDRealSpinOrbit_V1_0": 4.0782248652,
  "KDRealSpinOrbit_V1_A": 0.01394822,
  "KDRealSpinOrbit_V2_0": 0.0038295811,
  "KDRealSpinOrbit_r_0": 1.2238488767,
  "KDRealSpinOrbit_r_A": 0.8746999586,
  "KDRealSpinOrbit_a_0": 0.6115758221,
  "KDImagSpinOrbit_W1_0": -3.6693049713,
  "KDImagSpinOrbit_W2_0": 190.521592707,
  "KDImagVolume_W1_0_n": 19.5787941778,
  "KDImagVolume_W1_A_n": -0.0031737365,
  "KDImagVolume_W1_0_p": 20.1047756017,
  "KDImagVolume_W1_A_p": 0.039293298,
  "KDImagVolume_W2_0": 115.5807707071,
  "KDImagVolume_W2_A": -0.3027382005,
  "KDImagSurface_D1_0": 22.2896287025,
  "KDImagSurface_D1_asymm": 6.5977767848,
  "KDImagSurface_D2_0": 0.0225903592,
  "KDImagSurface_D2_A": 0.0050444499,
  "KDImagSurface_D2_A2": -6.8568620419,
  "KDImagSurface_D2_A3": 21.0465687378,
  "KDImagSurface_D3_0": 18.146340792,
  "KDImagSurface_r_0": 1.3426836951,
  "KDImagSurface_r_A": 0.0111626366,
  "KDImagSurface_a_0_n": 0.5293734439,
  "KDImagSurface_a_A_n": 0.0001634977,
  "KDImagSurface_a_0_p": 0.4216558317,
  "KDImagSurface_a_A_p": 0.002874675
}