{
  "KDHartreeFock_V1_0": 58.1561910603,
  "KDHartreeFock_V1_asymm": 10.0364086196,
  "KDHartreeFock_V1_A": 0.0235198896,
  "KDHartreeFock_V2_0_n": 0.0052325936,
  "KDHartreeFock_V2_A_n": -1.4856e-06,
  "KDHartreeFock_V3_0_n": 4.7913e-06,
  "KDHartreeFock_V3_A_n": 1.186e-06,
  "KDHartreeFock_V2_0_p": 0.0058914008,
  "KDHartreeFock_V2_A_p": 3.07e-07,
  "KDHartreeFock_V3_0_p": 1.0643e-05,
  "KDHartreeFock_V3_A_p": 2.933e-07,
  "KDHartreeFock_V4_0": 3.624e-07,
  "KDHartreeFock_r_0": 1.2250999706,
  "KDHartreeFock_r_A": 0.2453452328,
  "KDHartreeFock_a_0": 0.6685773596,
  "KDHartreeFock_a_A": -0.0004785692,
  "KDCoulomb_r_C_0": 1.3358938986,
  "KDCoulomb_r_C_A": -1.0792200858,
  "KDCoulomb_r_C_A2": -2.6355292441,
  "KDRealSpinOrbit_V1_0": 4.388560845,
  "KDRealSpinOrbit_V1_A": 0.0153097467,
  "KDRealSpinOrbit_V2_0": 0.0020181648,
  "KDRealSpinOrbit_r_0": 1.2122826431,
  "KDRealSpinOrbit_r_A": 0.9045815382,
  "KDRealSpinOrbit_a_0": 0.6491007684,
  "KDImagSpinOrbit_W1_0": -2.6956623755,
  "KDImagSpinOrbit_W2_0": 73.0545487872,
  "KDImagVolume_W1_0_n": 27.6804928585,
  "KDImagVolume_W1_A_n": -0.0255236253,
  "KDImagVolume_W1_0_p": 34.317745197,
  "KDImagVolume_W1_A_p": -0.0009249471,
  "KDImagVolume_W2_0": 188.344295223,
  "KDImagVolume_W2_A": -0.408344111,
  "KDImagSurface_D1_0": 21.1694984027,
  "KDImagSurface_D1_asymm": 12.3124218308,
  "KDImagSurface_D2_0": -0.0071050063,
  "KDImagSurface_D2_A": 0.0456869702,
  "KDImagSurface_D2_A2": 13.4029404744,
  "KDImagSurface_D2_A3": 76.2987646165,
  "KDImagSurface_D3_0": 15.7354411466,
  "KDImagSurface_r_0": 1.3351899766,
  "KDImagSurface_r_A": 0.0107958405,
  "KDImagSurface_a_0_n": 0.6463275319,
  "KDImagSurface_a_A_n": 0.0004705794,
  "KDImagSurface_a_0_p": 0.5633414804,
  "KDImagSurface_a_A_p": 0.0013327973
}