{
  "KDHartreeFock_V1_0": 57.5490370451,
  "KDHartreeFock_V1_asymm": 4.1100504674,
  "KDHartreeFock_V1_A": 0.0334249502,
  "KDHartreeFock_V2_0_n": 0.0067250985,
  "KDHartreeFock_V2_A_n": 5.5367e-06,
  "KDHartreeFock_V3_0_n": 1.47538e-05,
  "KDHartreeFock_V3_A_n": -1.2352e-06,
  "KDHartreeFock_V2_0_p": 0.0076259181,
  "KDHartreeFock_V2_A_p": -8.2758e-06,
  "KDHartreeFock_V3_0_p": 2.03014e-05,
  "KDHartreeFock_V3_A_p": -1.8927e-06,
  "KDHartreeFock_V4_0": 1.697e-07,
  "KDHartreeFock_r_0": 1.2811303493,
  "KDHartreeFock_r_A": 0.2910845241,
  "KDHartreeFock_a_0": 0.6833708314,
  "KDHartreeFock_a_A": 7.14537e-05,
  "KDCoulomb_r_C_0": 1.0619162496,
  "KDCoulomb_r_C_A": 0.1833033858,
  "KDCoulomb_r_C_A2": 28.7151980021,
  "KDRealSpinOrbit_V1_0": 5.5479120281,
  "KDRealSpinOrbit_V1_A": 0.0095902758,
  "KDRealSpinOrbit_V2_0": 0.0082940334,
  "KDRealSpinOrbit_r_0": 1.1695075538,
  "KDRealSpinOrbit_r_A": 0.4607534537,
  "KDRealSpinOrbit_a_0": 0.5711575577,
  "KDImagSpinOrbit_W1_0": -2.6956902788,
  "KDImagSpinOrbit_W2_0": 180.7265020875,
  "KDImagVolume_W1_0_n": 26.0263643454,
  "KDImagVolume_W1_A_n": -0.0512824209,
  "KDImagVolume_W1_0_p": 22.1809590032,
  "KDImagVolume_W1_A_p": 0.0407601445,
  "KDImagVolume_W2_0": 155.5583014571,
  "KDImagVolume_W2_A": -0.1575302055,
  "KDImagSurface_D1_0": 19.2717551695,
  "KDImagSurface_D1_asymm": 1.0271194264,
  "KDImagSurface_D2_0": -0.0068912753,
  "KDImagSurface_D2_A": 0.0262612275,
  "KDImagSurface_D2_A2": 5.7428155592,
  "KDImagSurface_D2_A3": 391.2162529388,
  "KDImagSurface_D3_0": 13.9935601479,
  "KDImagSurface_r_0": 1.2744254956,
  "KDImagSurface_r_A": 0.0064207449,
  "KDImagSurface_a_0_n": 0.5274490022,
  "KDImagSurface_a_A_n": 0.0004683111,
  "KDImagSurface_a_0_p": 0.4526221781,
  "KDImagSurface_a_A_p": 0.0019961504
}