{
  "KDHartreeFock_V1_0": 56.6513342099,
  "KDHartreeFock_V1_asymm": 18.5634373789,
  "KDHartreeFock_V1_A": 0.0106312587,
  "KDHartreeFock_V2_0_n": 0.0049308696,
  "KDHartreeFock_V2_A_n": 5.1384e-06,
  "KDHartreeFock_V3_0_n": -1.7254e-06,
  "KDHartreeFock_V3_A_n": -2.5829e-06,
  "KDHartreeFock_V2_0_p": 0.0057615429,
  "KDHartreeFock_V2_A_p": 1.8088e-06,
  "KDHartreeFock_V3_0_p": 6.2259e-06,
  "KDHartreeFock_V3_A_p": 5.728e-07,
  "KDHartreeFock_V4_0": 4.4e-09,
  "KDHartreeFock_r_0": 1.2551401426,
  "KDHartreeFock_r_A": 0.2802755918,
  "KDHartreeFock_a_0": 0.7060984899,
  "KDHartreeFock_a_A": 7.49401e-05,
  "KDCoulomb_r_C_0": 1.1617695866,
  "KDCoulomb_r_C_A": 0.7364876724,
  "KDCoulomb_r_C_A2": 19.3275076807,
  "KDRealSpinOrbit_V1_0": 4.7111292482,
  "KDRealSpinOrbit_V1_A": 0.0086012636,
  "KDRealSpinOrbit_V2_0": 0.0021007938,
  "KDRealSpinOrbit_r_0": 1.1743290465,
  "KDRealSpinOrbit_r_A": 0.5607156797,
  "KDRealSpinOrbit_a_0": 0.6058684409,
  "KDImagSpinOrbit_W1_0": -2.4725296406,
  "KDImagSpinOrbit_W2_0": 84.2861063724,
  "KDImagVolume_W1_0_n": 22.2116786467,
  "KDImagVolume_W1_A_n": -0.0090726573,
  "KDImagVolume_W1_0_p": 20.7470354125,
  "KDImagVolume_W1_A_p": 0.0369075242,
  "KDImagVolume_W2_0": 130.7837328224,
  "KDImagVolume_W2_A": -0.0791924835,
  "KDImagSurface_D1_0": 19.2222648234,
  "KDImagSurface_D1_asymm": 17.6541526121,
  "KDImagSurface_D2_0": -0.0135616309,
  "KDImagSurface_D2_A": 0.0427925397,
  "KDImagSurface_D2_A2": 10.737349531,
  "KDImagSurface_D2_A3": 106.2271664359,
  "KDImagSurface_D3_0": 14.8634752212,
  "KDImagSurface_r_0": 1.2851827351,
  "KDImagSurface_r_A": 0.009187407,
  "KDImagSurface_a_0_n": 0.5842317644,
  "KDImagSurface_a_A_n": -0.0002349035,
  "KDImagSurface_a_0_p": 0.5323563786,
  "KDImagSurface_a_A_p": 0.000851004
}