{
  "KDHartreeFock_V1_0": 60.181402966,
  "KDHartreeFock_V1_asymm": 19.69808019,
  "KDHartreeFock_V1_A": 0.02912163,
  "KDHartreeFock_V2_0_n": 0.0081866517,
  "KDHartreeFock_V2_A_n": 1.02724e-05,
  "KDHartreeFock_V3_0_n": 2.21594e-05,
  "KDHartreeFock_V3_A_n": -2.346e-07,
  "KDHartreeFock_V2_0_p": 0.008216991,
  "KDHartreeFock_V2_A_p": 2.5484e-06,
  "KDHartreeFock_V3_0_p": 1.84007e-05,
  "KDHartreeFock_V3_A_p": -1.0423e-06,
  "KDHartreeFock_V4_0": -1.7173e-06,
  "KDHartreeFock_r_0": 1.2480101948,
  "KDHartreeFock_r_A": 0.254699605,
  "KDHartreeFock_a_0": 0.6603707544,
  "KDHartreeFock_a_A": -0.0006411587,
  "KDCoulomb_r_C_0": 1.1858377551,
  "KDCoulomb_r_C_A": 1.1631566373,
  "KDCoulomb_r_C_A2": 14.6175785651,
  "KDRealSpinOrbit_V1_0": 7.7006583762,
  "KDRealSpinOrbit_V1_A": -0.0121653516,
  "KDRealSpinOrbit_V2_0": 0.0041045237,
  "KDRealSpinOrbit_r_0": 1.2644347238,
  "KDRealSpinOrbit_r_A": 0.7943316844,
  "KDRealSpinOrbit_a_0": 0.5905225364,
  "KDImagSpinOrbit_W1_0": -1.5309358889,
  "KDImagSpinOrbit_W2_0": 68.6705357052,
  "KDImagVolume_W1_0_n": 19.1495522315,
  "KDImagVolume_W1_A_n": -0.0307190112,
  "KDImagVolume_W1_0_p": 15.6713061083,
  "KDImagVolume_W1_A_p": -0.0128435263,
  "KDImagVolume_W2_0": 81.6202117351,
  "KDImagVolume_W2_A": -0.0620865914,
  "KDImagSurface_D1_0": 19.7878557153,
  "KDImagSurface_D1_asymm": 7.8138955524,
  "KDImagSurface_D2_0": 0.0524156916,
  "KDImagSurface_D2_A": -0.0194696136,
  "KDImagSurface_D2_A2": 16.695074445,
  "KDImagSurface_D2_A3": 29.9806799849,
  "KDImagSurface_D3_0": 13.9701318905,
  "KDImagSurface_r_0": 1.4728511398,
  "KDImagSurface_r_A": 0.0414795137,
  "KDImagSurface_a_0_n": 0.4918651912,
  "KDImagSurface_a_A_n": -0.0010328224,
  "KDImagSurface_a_0_p": 0.4633025269,
  "KDImagSurface_a_A_p": 0.0019177877
}