{
  "KDHartreeFock_V1_0": 57.8372154404,
  "KDHartreeFock_V1_asymm": 4.6096842643,
  "KDHartreeFock_V1_A": 0.0388903754,
  "KDHartreeFock_V2_0_n": 0.0048418434,
  "KDHartreeFock_V2_A_n": -4.7208e-06,
  "KDHartreeFock_V3_0_n": -3.6596e-06,
  "KDHartreeFock_V3_A_n": 1.131e-06,
  "KDHartreeFock_V2_0_p": 0.0058441084,
  "KDHartreeFock_V2_A_p": -3.0413e-06,
  "KDHartreeFock_V3_0_p": 9.0003e-06,
  "KDHartreeFock_V3_A_p": -2.023e-07,
  "KDHartreeFock_V4_0": -4.911e-07,
  "KDHartreeFock_r_0": 1.3065236167,
  "KDHartreeFock_r_A": 0.4979337128,
  "KDHartreeFock_a_0": 0.6590542213,
  "KDHartreeFock_a_A": -0.0001616864,
  "KDCoulomb_r_C_0": 1.230483169,
  "KDCoulomb_r_C_A": 0.1411505452,
  "KDCoulomb_r_C_A2": 6.3859316821,
  "KDRealSpinOrbit_V1_0": 7.1166162446,
  "KDRealSpinOrbit_V1_A": 0.0105883791,
  "KDRealSpinOrbit_V2_0": 0.0137241873,
  "KDRealSpinOrbit_r_0": 1.2095453502,
  "KDRealSpinOrbit_r_A": 0.5690060028,
  "KDRealSpinOrbit_a_0": 0.5298854513,
  "KDImagSpinOrbit_W1_0": -3.0760053623,
  "KDImagSpinOrbit_W2_0": 188.817754601,
  "KDImagVolume_W1_0_n": 26.2649710529,
  "KDImagVolume_W1_A_n": -0.0036816093,
  "KDImagVolume_W1_0_p": 19.0363168001,
  "KDImagVolume_W1_A_p": 0.0612460123,
  "KDImagVolume_W2_0": 115.93398238,
  "KDImagVolume_W2_A": -0.1374869992,
  "KDImagSurface_D1_0": 17.3179968934,
  "KDImagSurface_D1_asymm": 14.2766037457,
  "KDImagSurface_D2_0": 0.0317067349,
  "KDImagSurface_D2_A": -0.0062412657,
  "KDImagSurface_D2_A2": 10.4059701901,
  "KDImagSurface_D2_A3": 226.6993518764,
  "KDImagSurface_D3_0": 12.5535558401,
  "KDImagSurface_r_0": 1.309827615,
  "KDImagSurface_r_A": 0.0083093182,
  "KDImagSurface_a_0_n": 0.5198333055,
  "KDImagSurface_a_A_n": -0.0002765883,
  "KDImagSurface_a_0_p": 0.5645521837,
  "KDImagSurface_a_A_p": 0.0008236459
}