{
  "KDHartreeFock_V1_0": 58.1530317856,
  "KDHartreeFock_V1_asymm": 12.2633334243,
  "KDHartreeFock_V1_A": 0.0326973615,
  "KDHartreeFock_V2_0_n": 0.0047556552,
  "KDHartreeFock_V2_A_n": -3.9856e-06,
  "KDHartreeFock_V3_0_n": -1.8564e-06,
  "KDHartreeFock_V3_A_n": 1.3189e-06,
  "KDHartreeFock_V2_0_p": 0.0059766191,
  "KDHartreeFock_V2_A_p": 8.2727e-06,
  "KDHartreeFock_V3_0_p": 7.6979e-06,
  "KDHartreeFock_V3_A_p": 5.47e-08,
  "KDHartreeFock_V4_0": 1.051e-07,
  "KDHartreeFock_r_0": 1.33194714,
  "KDHartreeFock_r_A": 0.5761641189,
  "KDHartreeFock_a_0": 0.6728724275,
  "KDHartreeFock_a_A": 4.20135e-05,
  "KDCoulomb_r_C_0": 1.1995994064,
  "KDCoulomb_r_C_A": 1.2782745902,
  "KDCoulomb_r_C_A2": 42.609833104,
  "KDRealSpinOrbit_V1_0": 5.0531389821,
  "KDRealSpinOrbit_V1_A": 0.0051360703,
  "KDRealSpinOrbit_V2_0": 0.0047816082,
  "KDRealSpinOrbit_r_0": 1.0919125076,
  "KDRealSpinOrbit_r_A": 0.3284665488,
  "KDRealSpinOrbit_a_0": 0.5336870607,
  "KDImagSpinOrbit_W1_0": 0.6805176005,
  "KDImagSpinOrbit_W2_0": 137.8452462074,
  "KDImagVolume_W1_0_n": 18.9801849579,
  "KDImagVolume_W1_A_n": -0.0127634786,
  "KDImagVolume_W1_0_p": 18.5363739135,
  "KDImagVolume_W1_A_p": 0.0532809957,
  "KDImagVolume_W2_0": 109.6807880844,
  "KDImagVolume_W2_A": -0.1993673075,
  "KDImagSurface_D1_0": 30.8667109023,
  "KDImagSurface_D1_asymm": 21.5479485136,
  "KDImagSurface_D2_0": 0.0473870553,
  "KDImagSurface_D2_A": -0.0160018701,
  "KDImagSurface_D2_A2": 23.3124382259,
  "KDImagSurface_D2_A3": 253.7544720851,
  "KDImagSurface_D3_0": 19.0262679458,
  "KDImagSurface_r_0": 1.2967920036,
  "KDImagSurface_r_A": 0.0069730457,
  "KDImagSurface_a_0_n": 0.5102535616,
  "KDImagSurface_a_A_n": 0.0004517953,
  "KDImagSurface_a_0_p": 0.5290107259,
  "KDImagSurface_a_A_p": 0.0012638682
}