{
  "KDHartreeFock_V1_0": 58.7187172686,
  "KDHartreeFock_V1_asymm": 16.5471114057,
  "KDHartreeFock_V1_A": 0.0315687312,
  "KDHartreeFock_V2_0_n": 0.0053245097,
  "KDHartreeFock_V2_A_n": -2.1287e-06,
  "KDHartreeFock_V3_0_n": 7.631e-06,
  "KDHartreeFock_V3_A_n": -1.0697e-06,
  "KDHartreeFock_V2_0_p": 0.0053480867,
  "KDHartreeFock_V2_A_p": 1.61749e-05,
  "KDHartreeFock_V3_0_p": 5.0382e-06,
  "KDHartreeFock_V3_A_p": 7.279e-07,
  "KDHartreeFock_V4_0": 3.1229e-06,
  "KDHartreeFock_r_0": 1.3209000212,
  "KDHartreeFock_r_A": 0.5982735939,
  "KDHartreeFock_a_0": 0.6880921386,
  "KDHartreeFock_a_A": -2.36376e-05,
  "KDCoulomb_r_C_0": 1.3204229078,
  "KDCoulomb_r_C_A": 0.1160199977,
  "KDCoulomb_r_C_A2": -11.9896118165,
  "KDRealSpinOrbit_V1_0": 6.2760333121,
  "KDRealSpinOrbit_V1_A": -0.0064074647,
  "KDRealSpinOrbit_V2_0": 0.0049014163,
  "KDRealSpinOrbit_r_0": 1.2992457401,
  "KDRealSpinOrbit_r_A": 1.1624496968,
  "KDRealSpinOrbit_a_0": 0.5579780376,
  "KDImagSpinOrbit_W1_0": -4.7469801686,
  "KDImagSpinOrbit_W2_0": 240.4149853719,
  "KDImagVolume_W1_0_n": 19.8889325301,
  "KDImagVolume_W1_A_n": 0.046170563,
  "KDImagVolume_W1_0_p": 31.0975524388,
  "KDImagVolume_W1_A_p": 0.0098131652,
  "KDImagVolume_W2_0": 129.3150628102,
  "KDImagVolume_W2_A": 0.1873366813,
  "KDImagSurface_D1_0": 10.4493957106,
  "KDImagSurface_D1_asymm": 12.4371834267,
  "KDImagSurface_D2_0": -0.0004172285,
  "KDImagSurface_D2_A": 0.0144229047,
  "KDImagSurface_D2_A2": 11.0522129998,
  "KDImagSurface_D2_A3": 155.4070070653,
  "KDImagSurface_D3_0": 12.1040250402,
  "KDImagSurface_r_0": 1.405698173,
  "KDImagSurface_r_A": 0.0352535782,
  "KDImagSurface_a_0_n": 0.59599069,
  "KDImagSurface_a_A_n": -0.000895888,
  "KDImagSurface_a_0_p": 0.5050879713,
  "KDImagSurface_a_A_p": 0.0021608979
}