{
  "KDHartreeFock_V1_0": 57.028725844,
  "KDHartreeFock_V1_asymm": 8.8941854272,
  "KDHartreeFock_V1_A": 0.0255885601,
  "KDHartreeFock_V2_0_n": 0.0055045054,
  "KDHartreeFock_V2_A_n": -2.814e-07,
  "KDHartreeFock_V3_0_n": 8.5531e-06,
  "KDHartreeFock_V3_A_n": 6.793e-07,
  "KDHartreeFock_V2_0_p": 0.0057608728,
  "KDHartreeFock_V2_A_p": 6.0331e-06,
  "KDHartreeFock_V3_0_p": 1.08063e-05,
  "KDHartreeFock_V3_A_p": 1.3491e-06,
  "KDHartreeFock_V4_0": 1.3201e-06,
  "KDHartreeFock_r_0": 1.3055330963,
  "KDHartreeFock_r_A": 0.4712746889,
  "KDHartreeFock_a_0": 0.7115218619,
  "KDHartreeFock_a_A": 4.56164e-05,
  "KDCoulomb_r_C_0": 0.9861357668,
  "KDCoulomb_r_C_A": 2.0770236002,
  "KDCoulomb_r_C_A2": 34.4074270352,
  "KDRealSpinOrbit_V1_0": 5.9280719483,
  "KDRealSpinOrbit_V1_A": 0.0013293716,
  "KDRealSpinOrbit_V2_0": 0.0050130483,
  "KDRealSpinOrbit_r_0": 1.3281621639,
  "KDRealSpinOrbit_r_A": 1.108750086,
  "KDRealSpinOrbit_a_0": 0.6035407407,
  "KDImagSpinOrbit_W1_0": -0.6691147239,
  "KDImagSpinOrbit_W2_0": 119.128497817,
  "KDImagVolume_W1_0_n": 24.0626738361,
  "KDImagVolume_W1_A_n": -0.0432546615,
  "KDImagVolume_W1_0_p": 20.0087990589,
  "KDImagVolume_W1_A_p": -0.0126359198,
  "KDImagVolume_W2_0": 138.9377824193,
  "KDImagVolume_W2_A": -0.2952444636,
  "KDImagSurface_D1_0": 20.6049100171,
  "KDImagSurface_D1_asymm": 23.2448460929,
  "KDImagSurface_D2_0": 0.00873469,
  "KDImagSurface_D2_A": 0.024000883,
  "KDImagSurface_D2_A2": 4.8131932612,
  "KDImagSurface_D2_A3": 373.032969957,
  "KDImagSurface_D3_0": 14.2862754117,
  "KDImagSurface_r_0": 1.4320605695,
  "KDImagSurface_r_A": 0.0369669422,
  "KDImagSurface_a_0_n": 0.5011689331,
  "KDImagSurface_a_A_n": -0.0003411222,
  "KDImagSurface_a_0_p": 0.5245882186,
  "KDImagSurface_a_A_p": 0.0007992135
}