{
  "KDHartreeFock_V1_0": 59.2659471963,
  "KDHartreeFock_V1_asymm": 12.6698139145,
  "KDHartreeFock_V1_A": 0.034695269,
  "KDHartreeFock_V2_0_n": 0.007119596,
  "KDHartreeFock_V2_A_n": 7.9284e-06,
  "KDHartreeFock_V3_0_n": 1.81911e-05,
  "KDHartreeFock_V3_A_n": -1.6911e-06,
  "KDHartreeFock_V2_0_p": 0.0078068405,
  "KDHartreeFock_V2_A_p": -5.2997e-06,
  "KDHartreeFock_V3_0_p": 2.38244e-05,
  "KDHartreeFock_V3_A_p": 4.698e-07,
  "KDHartreeFock_V4_0": 1.5838e-06,
  "KDHartreeFock_r_0": 1.257515596,
  "KDHartreeFock_r_A": 0.2490554684,
  "KDHartreeFock_a_0": 0.6500450787,
  "KDHartreeFock_a_A": -5.09155e-05,
  "KDCoulomb_r_C_0": 1.2839702243,
  "KDCoulomb_r_C_A": 1.2479980476,
  "KDCoulomb_r_C_A2": 30.7002089217,
  "KDRealSpinOrbit_V1_0": 7.688816506,
  "KDRealSpinOrbit_V1_A": -0.0171653522,
  "KDRealSpinOrbit_V2_0": 0.0076680504,
  "KDRealSpinOrbit_r_0": 1.2023576222,
  "KDRealSpinOrbit_r_A": 0.7765344735,
  "KDRealSpinOrbit_a_0": 0.5995257952,
  "KDImagSpinOrbit_W1_0": -6.9052343901,
  "KDImagSpinOrbit_W2_0": 412.1725143383,
  "KDImagVolume_W1_0_n": 20.7251801865,
  "KDImagVolume_W1_A_n": 0.0440706918,
  "KDImagVolume_W1_0_p": 18.2056973573,
  "KDImagVolume_W1_A_p": 0.1318933249,
  "KDImagVolume_W2_0": 96.0383750534,
  "KDImagVolume_W2_A": 0.4199547739,
  "KDImagSurface_D1_0": 26.9025733408,
  "KDImagSurface_D1_asymm": 7.437515138,
  "KDImagSurface_D2_0": 0.0370633518,
  "KDImagSurface_D2_A": -0.0125838731,
  "KDImagSurface_D2_A2": 15.7523413711,
  "KDImagSurface_D2_A3": 452.7614742356,
  "KDImagSurface_D3_0": 21.1062840337,
  "KDImagSurface_r_0": 1.3126079956,
  "KDImagSurface_r_A": 0.019777089,
  "KDImagSurface_a_0_n": 0.5260894823,
  "KDImagSurface_a_A_n": -0.0008957069,
  "KDImagSurface_a_0_p": 0.4843940656,
  "KDImagSurface_a_A_p": 0.0016708449
}