{
  "KDHartreeFock_V1_0": 56.64203241,
  "KDHartreeFock_V1_asymm": 14.6195540983,
  "KDHartreeFock_V1_A": 0.0245401772,
  "KDHartreeFock_V2_0_n": 0.0054577019,
  "KDHartreeFock_V2_A_n": 5.903e-06,
  "KDHartreeFock_V3_0_n": -5.695e-07,
  "KDHartreeFock_V3_A_n": -2.8109e-06,
  "KDHartreeFock_V2_0_p": 0.0060321545,
  "KDHartreeFock_V2_A_p": 2.7093e-06,
  "KDHartreeFock_V3_0_p": 1.1486e-06,
  "KDHartreeFock_V3_A_p": -2.0829e-06,
  "KDHartreeFock_V4_0": -3.466e-07,
  "KDHartreeFock_r_0": 1.262184821,
  "KDHartreeFock_r_A": 0.3041152241,
  "KDHartreeFock_a_0": 0.6931321605,
  "KDHartreeFock_a_A": -0.0002540324,
  "KDCoulomb_r_C_0": 1.3257447166,
  "KDCoulomb_r_C_A": 1.3523600504,
  "KDCoulomb_r_C_A2": 5.3225483452,
  "KDRealSpinOrbit_V1_0": 5.7245666192,
  "KDRealSpinOrbit_V1_A": -0.0205151669,
  "KDRealSpinOrbit_V2_0": -0.0006085848,
  "KDRealSpinOrbit_r_0": 1.2690718036,
  "KDRealSpinOrbit_r_A": 1.0450141844,
  "KDRealSpinOrbit_a_0": 0.660777832,
  "KDImagSpinOrbit_W1_0": -3.0036455721,
  "KDImagSpinOrbit_W2_0": 244.3908792493,
  "KDImagVolume_W1_0_n": 17.8792328375,
  "KDImagVolume_W1_A_n": 0.013978926,
  "KDImagVolume_W1_0_p": 19.218682202,
  "KDImagVolume_W1_A_p": 0.0049790695,
  "KDImagVolume_W2_0": 103.6036534431,
  "KDImagVolume_W2_A": 0.0882955055,
  "KDImagSurface_D1_0": 24.1448841257,
  "KDImagSurface_D1_asymm": 13.3752139261,
  "KDImagSurface_D2_0": 0.0234968101,
  "KDImagSurface_D2_A": 0.0116745333,
  "KDImagSurface_D2_A2": 10.1923238023,
  "KDImagSurface_D2_A3": 772.8437978284,
  "KDImagSurface_D3_0": 17.3519736301,
  "KDImagSurface_r_0": 1.2855542357,
  "KDImagSurface_r_A": 0.0019752594,
  "KDImagSurface_a_0_n": 0.5122799073,
  "KDImagSurface_a_A_n": -0.0005497437,
  "KDImagSurface_a_0_p": 0.4863019146,
  "KDImagSurface_a_A_p": 0.0006010757
}