{
  "KDHartreeFock_V1_0": 56.0243368094,
  "KDHartreeFock_V1_asymm": 18.5415375613,
  "KDHartreeFock_V1_A": 0.0114982534,
  "KDHartreeFock_V2_0_n": 0.0054275336,
  "KDHartreeFock_V2_A_n": 2.2303e-06,
  "KDHartreeFock_V3_0_n": 4.4615e-06,
  "KDHartreeFock_V3_A_n": 3.6686e-06,
  "KDHartreeFock_V2_0_p": 0.0076398173,
  "KDHartreeFock_V2_A_p": 2.137e-06,
  "KDHartreeFock_V3_0_p": 1.78795e-05,
  "KDHartreeFock_V3_A_p": -1.9052e-06,
  "KDHartreeFock_V4_0": 1.7365e-06,
  "KDHartreeFock_r_0": 1.2398558395,
  "KDHartreeFock_r_A": 0.1503106188,
  "KDHartreeFock_a_0": 0.6414413825,
  "KDHartreeFock_a_A": -0.0004025339,
  "KDCoulomb_r_C_0": 1.2840926932,
  "KDCoulomb_r_C_A": -0.1964010156,
  "KDCoulomb_r_C_A2": 16.6563905083,
  "KDRealSpinOrbit_V1_0": 5.7180759182,
  "KDRealSpinOrbit_V1_A": 0.0032899649,
  "KDRealSpinOrbit_V2_0": 0.0079040168,
  "KDRealSpinOrbit_r_0": 1.1006160016,
  "KDRealSpinOrbit_r_A": 0.2712008127,
  "KDRealSpinOrbit_a_0": 0.6277088431,
  "KDImagSpinOrbit_W1_0": -2.129393303,
  "KDImagSpinOrbit_W2_0": 57.3756535628,
  "KDImagVolume_W1_0_n": 24.2523923583,
  "KDImagVolume_W1_A_n": 0.0155289804,
  "KDImagVolume_W1_0_p": 15.1567364787,
  "KDImagVolume_W1_A_p": 0.0533920324,
  "KDImagVolume_W2_0": 119.969639609,
  "KDImagVolume_W2_A": 0.1417656432,
  "KDImagSurface_D1_0": 20.8834718459,
  "KDImagSurface_D1_asymm": 5.1029977551,
  "KDImagSurface_D2_0": 0.0343851397,
  "KDImagSurface_D2_A": -0.0012397483,
  "KDImagSurface_D2_A2": 12.7423589131,
  "KDImagSurface_D2_A3": 277.6892776411,
  "KDImagSurface_D3_0": 18.1994205021,
  "KDImagSurface_r_0": 1.2972115897,
  "KDImagSurface_r_A": -0.0040657425,
  "KDImagSurface_a_0_n": 0.5131910938,
  "KDImagSurface_a_A_n": 2.21413e-05,
  "KDImagSurface_a_0_p": 0.5035034237,
  "KDImagSurface_a_A_p": 0.0006621606
}