{
  "KDHartreeFock_V1_0": 60.1570177704,
  "KDHartreeFock_V1_asymm": 12.9076235126,
  "KDHartreeFock_V1_A": 0.0378701884,
  "KDHartreeFock_V2_0_n": 0.006138542,
  "KDHartreeFock_V2_A_n": 6.1776e-06,
  "KDHartreeFock_V3_0_n": 1.30681e-05,
  "KDHartreeFock_V3_A_n": 1.6485e-06,
  "KDHartreeFock_V2_0_p": 0.0052325046,
  "KDHartreeFock_V2_A_p": 7.9349e-06,
  "KDHartreeFock_V3_0_p": 5.4353e-06,
  "KDHartreeFock_V3_A_p": -9.544e-07,
  "KDHartreeFock_V4_0": -3.2843e-06,
  "KDHartreeFock_r_0": 1.2936501643,
  "KDHartreeFock_r_A": 0.5142656342,
  "KDHartreeFock_a_0": 0.7023401946,
  "KDHartreeFock_a_A": 4.24641e-05,
  "KDCoulomb_r_C_0": 1.0897478987,
  "KDCoulomb_r_C_A": 0.8148789295,
  "KDCoulomb_r_C_A2": 17.8308737113,
  "KDRealSpinOrbit_V1_0": 5.8022708757,
  "KDRealSpinOrbit_V1_A": 0.0018427501,
  "KDRealSpinOrbit_V2_0": 0.0054561352,
  "KDRealSpinOrbit_r_0": 1.184958231,
  "KDRealSpinOrbit_r_A": 0.558302417,
  "KDRealSpinOrbit_a_0": 0.6161628645,
  "KDImagSpinOrbit_W1_0": -3.5801444846,
  "KDImagSpinOrbit_W2_0": 207.8911930735,
  "KDImagVolume_W1_0_n": 18.7229956682,
  "KDImagVolume_W1_A_n": 0.0208603604,
  "KDImagVolume_W1_0_p": 11.2197372227,
  "KDImagVolume_W1_A_p": 0.0740005015,
  "KDImagVolume_W2_0": 84.0394614976,
  "KDImagVolume_W2_A": -0.1139129567,
  "KDImagSurface_D1_0": 31.1052267469,
  "KDImagSurface_D1_asymm": 15.1302913312,
  "KDImagSurface_D2_0": 0.0330200249,
  "KDImagSurface_D2_A": 0.0076838332,
  "KDImagSurface_D2_A2": 3.9906289813,
  "KDImagSurface_D2_A3": 220.4568586923,
  "KDImagSurface_D3_0": 22.5016461127,
  "KDImagSurface_r_0": 1.3333825139,
  "KDImagSurface_r_A": 0.0045934998,
  "KDImagSurface_a_0_n": 0.5461373973,
  "KDImagSurface_a_A_n": -3.32544e-05,
  "KDImagSurface_a_0_p": 0.5296579474,
  "KDImagSurface_a_A_p": 0.0010459497
}