{
  "KDHartreeFock_V1_0": 61.2774594418,
  "KDHartreeFock_V1_asymm": 19.9800979697,
  "KDHartreeFock_V1_A": 0.0243162335,
  "KDHartreeFock_V2_0_n": 0.0063221343,
  "KDHartreeFock_V2_A_n": 5.7762e-06,
  "KDHartreeFock_V3_0_n": 1.37015e-05,
  "KDHartreeFock_V3_A_n": 1.7013e-06,
  "KDHartreeFock_V2_0_p": 0.004590564,
  "KDHartreeFock_V2_A_p": 8.9944e-06,
  "KDHartreeFock_V3_0_p": 2.0767e-06,
  "KDHartreeFock_V3_A_p": -1.0864e-06,
  "KDHartreeFock_V4_0": -1.3917e-06,
  "KDHartreeFock_r_0": 1.1928733549,
  "KDHartreeFock_r_A": 0.2297083769,
  "KDHartreeFock_a_0": 0.6924211304,
  "KDHartreeFock_a_A": -0.0006945355,
  "KDCoulomb_r_C_0": 1.3327451936,
  "KDCoulomb_r_C_A": -0.4101511135,
  "KDCoulomb_r_C_A2": 15.9740326863,
  "KDRealSpinOrbit_V1_0": 4.1618898315,
  "KDRealSpinOrbit_V1_A": -0.0024565392,
  "KDRealSpinOrbit_V2_0": 0.0021334302,
  "KDRealSpinOrbit_r_0": 1.1974073119,
  "KDRealSpinOrbit_r_A": 0.6508570113,
  "KDRealSpinOrbit_a_0": 0.5214130032,
  "KDImagSpinOrbit_W1_0": -3.7555344211,
  "KDImagSpinOrbit_W2_0": 301.7073298768,
  "KDImagVolume_W1_0_n": 22.038253138,
  "KDImagVolume_W1_A_n": 0.0034744552,
  "KDImagVolume_W1_0_p": 33.9162421352,
  "KDImagVolume_W1_A_p": -0.0135811307,
  "KDImagVolume_W2_0": 155.5919793087,
  "KDImagVolume_W2_A": -0.1917331948,
  "KDImagSurface_D1_0": 23.8805089633,
  "KDImagSurface_D1_asymm": 24.3528754808,
  "KDImagSurface_D2_0": 0.0351197097,
  "KDImagSurface_D2_A": -0.0098466814,
  "KDImagSurface_D2_A2": -3.630697482,
  "KDImagSurface_D2_A3": 202.2640201834,
  "KDImagSurface_D3_0": 20.2043751766,
  "KDImagSurface_r_0": 1.2843699463,
  "KDImagSurface_r_A": 0.0079906449,
  "KDImagSurface_a_0_n": 0.5820336615,
  "KDImagSurface_a_A_n": -0.0006699727,
  "KDImagSurface_a_0_p": 0.4548395782,
  "KDImagSurface_a_A_p": 0.0015506179
}