{
  "KDHartreeFock_V1_0": 56.1886653438,
  "KDHartreeFock_V1_asymm": 9.7537745951,
  "KDHartreeFock_V1_A": 0.0143613962,
  "KDHartreeFock_V2_0_n": 0.0060787233,
  "KDHartreeFock_V2_A_n": 4.8335e-06,
  "KDHartreeFock_V3_0_n": 1.05422e-05,
  "KDHartreeFock_V3_A_n": 1.4716e-06,
  "KDHartreeFock_V2_0_p": 0.0071778273,
  "KDHartreeFock_V2_A_p": -5.1248e-06,
  "KDHartreeFock_V3_0_p": 1.81329e-05,
  "KDHartreeFock_V3_A_p": -1.94e-07,
  "KDHartreeFock_V4_0": -2.1256e-06,
  "KDHartreeFock_r_0": 1.25035461,
  "KDHartreeFock_r_A": 0.2050777607,
  "KDHartreeFock_a_0": 0.6875224222,
  "KDHartreeFock_a_A": 0.000328483,
  "KDCoulomb_r_C_0": 1.0665211238,
  "KDCoulomb_r_C_A": -0.0340165633,
  "KDCoulomb_r_C_A2": 20.9059447832,
  "KDRealSpinOrbit_V1_0": 7.5032407296,
  "KDRealSpinOrbit_V1_A": -0.0079302421,
  "KDRealSpinOrbit_V2_0": 0.008142038,
  "KDRealSpinOrbit_r_0": 1.2091627466,
  "KDRealSpinOrbit_r_A": 0.600102123,
  "KDRealSpinOrbit_a_0": 0.6084988364,
  "KDImagSpinOrbit_W1_0": -3.1598952843,
  "KDImagSpinOrbit_W2_0": 109.0768749638,
  "KDImagVolume_W1_0_n": 15.270057478,
  "KDImagVolume_W1_A_n": 0.0756093801,
  "KDImagVolume_W1_0_p": 5.756425306,
  "KDImagVolume_W1_A_p": 0.1261326775,
  "KDImagVolume_W2_0": 68.8767091753,
  "KDImagVolume_W2_A": 0.6223629008,
  "KDImagSurface_D1_0": 21.4302246468,
  "KDImagSurface_D1_asymm": 19.7495557676,
  "KDImagSurface_D2_0": 0.0070795652,
  "KDImagSurface_D2_A": 0.0131658019,
  "KDImagSurface_D2_A2": 4.8240095573,
  "KDImagSurface_D2_A3": 32.9503881218,
  "KDImagSurface_D3_0": 17.4227623285,
  "KDImagSurface_r_0": 1.3194804746,
  "KDImagSurface_r_A": 0.018864413,
  "KDImagSurface_a_0_n": 0.5462330302,
  "KDImagSurface_a_A_n": -0.0008678175,
  "KDImagSurface_a_0_p": 0.5111348222,
  "KDImagSurface_a_A_p": 0.0025975376
}