{
  "KDHartreeFock_V1_0": 61.3300493175,
  "KDHartreeFock_V1_asymm": 9.975084896,
  "KDHartreeFock_V1_A": 0.0474341965,
  "KDHartreeFock_V2_0_n": 0.0074730539,
  "KDHartreeFock_V2_A_n": 1.08893e-05,
  "KDHartreeFock_V3_0_n": 1.95805e-05,
  "KDHartreeFock_V3_A_n": -3.0962e-06,
  "KDHartreeFock_V2_0_p": 0.0083390603,
  "KDHartreeFock_V2_A_p": -9.2127e-06,
  "KDHartreeFock_V3_0_p": 2.93403e-05,
  "KDHartreeFock_V3_A_p": 3.1319e-06,
  "KDHartreeFock_V4_0": -1.116e-07,
  "KDHartreeFock_r_0": 1.2824498481,
  "KDHartreeFock_r_A": 0.4223574921,
  "KDHartreeFock_a_0": 0.681959842,
  "KDHartreeFock_a_A": -0.0002028726,
  "KDCoulomb_r_C_0": 1.1370799311,
  "KDCoulomb_r_C_A": 0.9885301402,
  "KDCoulomb_r_C_A2": 5.5395312171,
  "KDRealSpinOrbit_V1_0": 6.5472536768,
  "KDRealSpinOrbit_V1_A": 0.0026355927,
  "KDRealSpinOrbit_V2_0": 0.007620399,
  "KDRealSpinOrbit_r_0": 1.2231445105,
  "KDRealSpinOrbit_r_A": 0.622158702,
  "KDRealSpinOrbit_a_0": 0.5735664277,
  "KDImagSpinOrbit_W1_0": -3.3958787884,
  "KDImagSpinOrbit_W2_0": 120.5649229325,
  "KDImagVolume_W1_0_n": 25.5458764041,
  "KDImagVolume_W1_A_n": -0.007693977,
  "KDImagVolume_W1_0_p": 20.9789329094,
  "KDImagVolume_W1_A_p": 0.0092228803,
  "KDImagVolume_W2_0": 119.107599261,
  "KDImagVolume_W2_A": -0.0913787984,
  "KDImagSurface_D1_0": 10.0677980179,
  "KDImagSurface_D1_asymm": -0.9938999317,
  "KDImagSurface_D2_0": -0.0028355743,
  "KDImagSurface_D2_A": 0.0198741345,
  "KDImagSurface_D2_A2": 31.0040547215,
  "KDImagSurface_D2_A3": 315.6026213313,
  "KDImagSurface_D3_0": 8.4557847375,
  "KDImagSurface_r_0": 1.2778833722,
  "KDImagSurface_r_A": 0.0005724036,
  "KDImagSurface_a_0_n": 0.5814029831,
  "KDImagSurface_a_A_n": 0.0008160909,
  "KDImagSurface_a_0_p": 0.5685625843,
  "KDImagSurface_a_A_p": 0.0011493479
}