{
  "KDHartreeFock_V1_0": 58.2372803361,
  "KDHartreeFock_V1_asymm": 7.7319428024,
  "KDHartreeFock_V1_A": 0.0375019996,
  "KDHartreeFock_V2_0_n": 0.007381518,
  "KDHartreeFock_V2_A_n": 1.11406e-05,
  "KDHartreeFock_V3_0_n": 1.74393e-05,
  "KDHartreeFock_V3_A_n": 2.743e-07,
  "KDHartreeFock_V2_0_p": 0.0098797887,
  "KDHartreeFock_V2_A_p": -1.70539e-05,
  "KDHartreeFock_V3_0_p": 3.14009e-05,
  "KDHartreeFock_V3_A_p": -4.5409e-06,
  "KDHartreeFock_V4_0": 2.3924e-06,
  "KDHartreeFock_r_0": 1.2627040809,
  "KDHartreeFock_r_A": 0.2695421653,
  "KDHartreeFock_a_0": 0.7168126048,
  "KDHartreeFock_a_A": 0.0002525453,
  "KDCoulomb_r_C_0": 1.1655867503,
  "KDCoulomb_r_C_A": 0.8464953844,
  "KDCoulomb_r_C_A2": -3.0536997178,
  "KDRealSpinOrbit_V1_0": 5.9424561016,
  "KDRealSpinOrbit_V1_A": -0.0099241478,
  "KDRealSpinOrbit_V2_0": -0.0007323983,
  "KDRealSpinOrbit_r_0": 1.2222670407,
  "KDRealSpinOrbit_r_A": 0.8687062032,
  "KDRealSpinOrbit_a_0": 0.6316075424,
  "KDImagSpinOrbit_W1_0": -2.7113367177,
  "KDImagSpinOrbit_W2_0": 169.8112240485,
  "KDImagVolume_W1_0_n": 21.6684125457,
  "KDImagVolume_W1_A_n": 0.0223753087,
  "KDImagVolume_W1_0_p": 18.2475118318,
  "KDImagVolume_W1_A_p": 0.0461444284,
  "KDImagVolume_W2_0": 108.577742744,
  "KDImagVolume_W2_A": 0.2683491409,
  "KDImagSurface_D1_0": 13.7815499032,
  "KDImagSurface_D1_asymm": 15.7144573893,
  "KDImagSurface_D2_0": 0.0429774366,
  "KDImagSurface_D2_A": -0.0201306211,
  "KDImagSurface_D2_A2": 8.9218071171,
  "KDImagSurface_D2_A3": 192.9176121799,
  "KDImagSurface_D3_0": 13.0203025081,
  "KDImagSurface_r_0": 1.4035040769,
  "KDImagSurface_r_A": 0.0332440005,
  "KDImagSurface_a_0_n": 0.5595317309,
  "KDImagSurface_a_A_n": -0.0006367869,
  "KDImagSurface_a_0_p": 0.5030527634,
  "KDImagSurface_a_A_p": 0.0021343799
}