{
  "KDHartreeFock_V1_0": 58.0499146228,
  "KDHartreeFock_V1_asymm": 12.1000356234,
  "KDHartreeFock_V1_A": 0.0301709102,
  "KDHartreeFock_V2_0_n": 0.0061621122,
  "KDHartreeFock_V2_A_n": -2.9821e-06,
  "KDHartreeFock_V3_0_n": 8.1159e-06,
  "KDHartreeFock_V3_A_n": 1.7384e-06,
  "KDHartreeFock_V2_0_p": 0.0058603515,
  "KDHartreeFock_V2_A_p": 7.4105e-06,
  "KDHartreeFock_V3_0_p": 3.9303e-06,
  "KDHartreeFock_V3_A_p": 9.412e-07,
  "KDHartreeFock_V4_0": 1.953e-07,
  "KDHartreeFock_r_0": 1.3107296578,
  "KDHartreeFock_r_A": 0.4280793232,
  "KDHartreeFock_a_0": 0.6807014018,
  "KDHartreeFock_a_A": 4.45682e-05,
  "KDCoulomb_r_C_0": 0.9977257521,
  "KDCoulomb_r_C_A": 0.6921361241,
  "KDCoulomb_r_C_A2": 10.8775348467,
  "KDRealSpinOrbit_V1_0": 5.0208657533,
  "KDRealSpinOrbit_V1_A": 0.0020489657,
  "KDRealSpinOrbit_V2_0": 0.0021113401,
  "KDRealSpinOrbit_r_0": 1.1664394996,
  "KDRealSpinOrbit_r_A": 0.6142128817,
  "KDRealSpinOrbit_a_0": 0.6701744563,
  "KDImagSpinOrbit_W1_0": -3.273526255,
  "KDImagSpinOrbit_W2_0": 107.7908560114,
  "KDImagVolume_W1_0_n": 23.4741662364,
  "KDImagVolume_W1_A_n": -0.0753556809,
  "KDImagVolume_W1_0_p": 10.4465705013,
  "KDImagVolume_W1_A_p": 0.0486984237,
  "KDImagVolume_W2_0": 111.9110388482,
  "KDImagVolume_W2_A": -0.2170514942,
  "KDImagSurface_D1_0": 4.4884743653,
  "KDImagSurface_D1_asymm": 9.5678920029,
  "KDImagSurface_D2_0": 0.0545471842,
  "KDImagSurface_D2_A": -0.0400014484,
  "KDImagSurface_D2_A2": 10.178616978,
  "KDImagSurface_D2_A3": 127.038877667,
  "KDImagSurface_D3_0": 5.7449753274,
  "KDImagSurface_r_0": 1.3843831263,
  "KDImagSurface_r_A": 0.0213521251,
  "KDImagSurface_a_0_n": 0.5081496931,
  "KDImagSurface_a_A_n": 0.000175155,
  "KDImagSurface_a_0_p": 0.5076721911,
  "KDImagSurface_a_A_p": 0.0005373714
}