{
  "KDHartreeFock_V1_0": 55.3732061022,
  "KDHartreeFock_V1_asymm": 11.6087282993,
  "KDHartreeFock_V1_A": 0.0155346242,
  "KDHartreeFock_V2_0_n": 0.0036506353,
  "KDHartreeFock_V2_A_n": -5.035e-06,
  "KDHartreeFock_V3_0_n": -1.38538e-05,
  "KDHartreeFock_V3_A_n": 2.4858e-06,
  "KDHartreeFock_V2_0_p": 0.0063035733,
  "KDHartreeFock_V2_A_p": -3.9053e-06,
  "KDHartreeFock_V3_0_p": 1.6408e-06,
  "KDHartreeFock_V3_A_p": 7.582e-07,
  "KDHartreeFock_V4_0": -2.6838e-06,
  "KDHartreeFock_r_0": 1.2732704962,
  "KDHartreeFock_r_A": 0.3525654565,
  "KDHartreeFock_a_0": 0.7112282659,
  "KDHartreeFock_a_A": 0.0001539715,
  "KDCoulomb_r_C_0": 1.2862525678,
  "KDCoulomb_r_C_A": 1.1321467926,
  "KDCoulomb_r_C_A2": 20.9091405114,
  "KDRealSpinOrbit_V1_0": 5.9918432009,
  "KDRealSpinOrbit_V1_A": 0.0037049633,
  "KDRealSpinOrbit_V2_0": 0.0060771983,
  "KDRealSpinOrbit_r_0": 1.2814430021,
  "KDRealSpinOrbit_r_A": 1.0045102996,
  "KDRealSpinOrbit_a_0": 0.6135529731,
  "KDImagSpinOrbit_W1_0": -5.3479206185,
  "KDImagSpinOrbit_W2_0": 356.182433339,
  "KDImagVolume_W1_0_n": 23.5443440141,
  "KDImagVolume_W1_A_n": -0.0301795004,
  "KDImagVolume_W1_0_p": 13.5963201959,
  "KDImagVolume_W1_A_p": 0.0455308514,
  "KDImagVolume_W2_0": 91.9196572202,
  "KDImagVolume_W2_A": -0.0942829032,
  "KDImagSurface_D1_0": 25.2513856992,
  "KDImagSurface_D1_asymm": 12.9494482687,
  "KDImagSurface_D2_0": 0.0893148005,
  "KDImagSurface_D2_A": -0.0437015574,
  "KDImagSurface_D2_A2": 12.9409750174,
  "KDImagSurface_D2_A3": 452.7096689076,
  "KDImagSurface_D3_0": 14.697914712,
  "KDImagSurface_r_0": 1.4313744166,
  "KDImagSurface_r_A": 0.0342324138,
  "KDImagSurface_a_0_n": 0.4824851217,
  "KDImagSurface_a_A_n": -0.0001075507,
  "KDImagSurface_a_0_p": 0.5637777016,
  "KDImagSurface_a_A_p": 0.0009355717
}