{
  "KDHartreeFock_V1_0": 58.262627786,
  "KDHartreeFock_V1_asymm": 18.5046950953,
  "KDHartreeFock_V1_A": 0.0080476002,
  "KDHartreeFock_V2_0_n": 0.0076904132,
  "KDHartreeFock_V2_A_n": -1.8107e-06,
  "KDHartreeFock_V3_0_n": 2.958e-05,
  "KDHartreeFock_V3_A_n": -9.031e-07,
  "KDHartreeFock_V2_0_p": 0.0069656525,
  "KDHartreeFock_V2_A_p": 1.30512e-05,
  "KDHartreeFock_V3_0_p": 2.74515e-05,
  "KDHartreeFock_V3_A_p": -9.383e-07,
  "KDHartreeFock_V4_0": 8.999e-07,
  "KDHartreeFock_r_0": 1.2804954239,
  "KDHartreeFock_r_A": 0.3759875184,
  "KDHartreeFock_a_0": 0.6890121852,
  "KDHartreeFock_a_A": 0.0001283346,
  "KDCoulomb_r_C_0": 1.1114091824,
  "KDCoulomb_r_C_A": 0.247526909,
  "KDCoulomb_r_C_A2": 10.3671923877,
  "KDRealSpinOrbit_V1_0": 5.5220272828,
  "KDRealSpinOrbit_V1_A": 0.00343489,
  "KDRealSpinOrbit_V2_0": 0.0072897578,
  "KDRealSpinOrbit_r_0": 1.2506221619,
  "KDRealSpinOrbit_r_A": 0.9664133524,
  "KDRealSpinOrbit_a_0": 0.5977350882,
  "KDImagSpinOrbit_W1_0": -1.7210475086,
  "KDImagSpinOrbit_W2_0": 67.3846339671,
  "KDImagVolume_W1_0_n": 15.2692274786,
  "KDImagVolume_W1_A_n": 0.0287178645,
  "KDImagVolume_W1_0_p": 13.9693288414,
  "KDImagVolume_W1_A_p": 0.0622190723,
  "KDImagVolume_W2_0": 100.0184404532,
  "KDImagVolume_W2_A": 0.1476320515,
  "KDImagSurface_D1_0": 25.8040971417,
  "KDImagSurface_D1_asymm": 29.1829148065,
  "KDImagSurface_D2_0": 0.0055279134,
  "KDImagSurface_D2_A": 0.0219006332,
  "KDImagSurface_D2_A2": 13.3908160512,
  "KDImagSurface_D2_A3": 127.9173530946,
  "KDImagSurface_D3_0": 17.7359079146,
  "KDImagSurface_r_0": 1.4051541309,
  "KDImagSurface_r_A": 0.0354830434,
  "KDImagSurface_a_0_n": 0.5184792868,
  "KDImagSurface_a_A_n": -0.0007763385,
  "KDImagSurface_a_0_p": 0.4740499652,
  "KDImagSurface_a_A_p": 0.0023149107
}