{
  "KDHartreeFock_V1_0": 57.755204016,
  "KDHartreeFock_V1_asymm": 7.8950433647,
  "KDHartreeFock_V1_A": 0.0400051992,
  "KDHartreeFock_V2_0_n": 0.0067774941,
  "KDHartreeFock_V2_A_n": 1.03398e-05,
  "KDHartreeFock_V3_0_n": 1.73446e-05,
  "KDHartreeFock_V3_A_n": 5.884e-07,
  "KDHartreeFock_V2_0_p": 0.0055643409,
  "KDHartreeFock_V2_A_p": 2.6336e-06,
  "KDHartreeFock_V3_0_p": 7.3118e-06,
  "KDHartreeFock_V3_A_p": -3.728e-07,
  "KDHartreeFock_V4_0": -2.114e-07,
  "KDHartreeFock_r_0": 1.2750910629,
  "KDHartreeFock_r_A": 0.3615420622,
  "KDHartreeFock_a_0": 0.6983650002,
  "KDHartreeFock_a_A": -0.0001351209,
  "KDCoulomb_r_C_0": 1.2442076143,
  "KDCoulomb_r_C_A": 0.7504798706,
  "KDCoulomb_r_C_A2": 26.0167222207,
  "KDRealSpinOrbit_V1_0": 6.456632549,
  "KDRealSpinOrbit_V1_A": -0.0066045942,
  "KDRealSpinOrbit_V2_0": 0.0072130166,
  "KDRealSpinOrbit_r_0": 1.3319857496,
  "KDRealSpinOrbit_r_A": 1.1613548164,
  "KDRealSpinOrbit_a_0": 0.5924583519,
  "KDImagSpinOrbit_W1_0": -4.8298471918,
  "KDImagSpinOrbit_W2_0": 183.6662806526,
  "KDImagVolume_W1_0_n": 18.9212628767,
  "KDImagVolume_W1_A_n": 0.0490452976,
  "KDImagVolume_W1_0_p": 19.1007901357,
  "KDImagVolume_W1_A_p": 0.0804918644,
  "KDImagVolume_W2_0": 106.8508515733,
  "KDImagVolume_W2_A": 0.3665673957,
  "KDImagSurface_D1_0": 12.3535416406,
  "KDImagSurface_D1_asymm": 5.9836539101,
  "KDImagSurface_D2_0": 0.0340194613,
  "KDImagSurface_D2_A": -0.0181458015,
  "KDImagSurface_D2_A2": -1.1076731832,
  "KDImagSurface_D2_A3": 217.9804895609,
  "KDImagSurface_D3_0": 13.7325425659,
  "KDImagSurface_r_0": 1.2793885235,
  "KDImagSurface_r_A": 0.0017512588,
  "KDImagSurface_a_0_n": 0.5831192638,
  "KDImagSurface_a_A_n": -4.22811e-05,
  "KDImagSurface_a_0_p": 0.515221156,
  "KDImagSurface_a_A_p": 0.0016187594
}