{
  "KDHartreeFock_V1_0": 57.4693872482,
  "KDHartreeFock_V1_asymm": 6.5575908451,
  "KDHartreeFock_V1_A": 0.0306542382,
  "KDHartreeFock_V2_0_n": 0.0058415181,
  "KDHartreeFock_V2_A_n": 9.0961e-06,
  "KDHartreeFock_V3_0_n": -1.029e-06,
  "KDHartreeFock_V3_A_n": -2.4352e-06,
  "KDHartreeFock_V2_0_p": 0.0063413722,
  "KDHartreeFock_V2_A_p": -9.4358e-06,
  "KDHartreeFock_V3_0_p": 4.7468e-06,
  "KDHartreeFock_V3_A_p": 2.273e-06,
  "KDHartreeFock_V4_0": 2.281e-07,
  "KDHartreeFock_r_0": 1.2306099133,
  "KDHartreeFock_r_A": 0.1623711178,
  "KDHartreeFock_a_0": 0.6744705811,
  "KDHartreeFock_a_A": -1.76646e-05,
  "KDCoulomb_r_C_0": 1.1107373618,
  "KDCoulomb_r_C_A": 0.2434958966,
  "KDCoulomb_r_C_A2": 2.5949472724,
  "KDRealSpinOrbit_V1_0": 5.2942594862,
  "KDRealSpinOrbit_V1_A": 0.0029948073,
  "KDRealSpinOrbit_V2_0": 0.005128266,
  "KDRealSpinOrbit_r_0": 1.1676223645,
  "KDRealSpinOrbit_r_A": 0.559764671,
  "KDRealSpinOrbit_a_0": 0.6242216988,
  "KDImagSpinOrbit_W1_0": -3.8748467312,
  "KDImagSpinOrbit_W2_0": 81.114247444,
  "KDImagVolume_W1_0_n": 20.6071420046,
  "KDImagVolume_W1_A_n": 0.0102436488,
  "KDImagVolume_W1_0_p": 13.4879708859,
  "KDImagVolume_W1_A_p": 0.0660112929,
  "KDImagVolume_W2_0": 95.5947202038,
  "KDImagVolume_W2_A": 0.0039145786,
  "KDImagSurface_D1_0": 18.4314600922,
  "KDImagSurface_D1_asymm": 17.2489801628,
  "KDImagSurface_D2_0": 0.0147681041,
  "KDImagSurface_D2_A": 0.0168226902,
  "KDImagSurface_D2_A2": 20.5290229425,
  "KDImagSurface_D2_A3": 309.771512459,
  "KDImagSurface_D3_0": 11.879480462,
  "KDImagSurface_r_0": 1.4089300123,
  "KDImagSurface_r_A": 0.0390720951,
  "KDImagSurface_a_0_n": 0.5040560144,
  "KDImagSurface_a_A_n": -0.0008540799,
  "KDImagSurface_a_0_p": 0.5464087453,
  "KDImagSurface_a_A_p": 0.0014649736
}