{
  "KDHartreeFock_V1_0": 60.2529308422,
  "KDHartreeFock_V1_asymm": 19.6671519688,
  "KDHartreeFock_V1_A": 0.0205775103,
  "KDHartreeFock_V2_0_n": 0.006078057,
  "KDHartreeFock_V2_A_n": 3.9392e-06,
  "KDHartreeFock_V3_0_n": 1.46418e-05,
  "KDHartreeFock_V3_A_n": -5.28e-07,
  "KDHartreeFock_V2_0_p": 0.0075015506,
  "KDHartreeFock_V2_A_p": -1.781e-06,
  "KDHartreeFock_V3_0_p": 2.23703e-05,
  "KDHartreeFock_V3_A_p": -9.909e-07,
  "KDHartreeFock_V4_0": -7.981e-07,
  "KDHartreeFock_r_0": 1.2659644388,
  "KDHartreeFock_r_A": 0.4460993987,
  "KDHartreeFock_a_0": 0.7221842613,
  "KDHartreeFock_a_A": -6.66869e-05,
  "KDCoulomb_r_C_0": 1.2435346633,
  "KDCoulomb_r_C_A": 0.9306776005,
  "KDCoulomb_r_C_A2": 15.8041928443,
  "KDRealSpinOrbit_V1_0": 6.3989178966,
  "KDRealSpinOrbit_V1_A": -0.0034061241,
  "KDRealSpinOrbit_V2_0": 0.0041090852,
  "KDRealSpinOrbit_r_0": 1.3076888916,
  "KDRealSpinOrbit_r_A": 1.1423227427,
  "KDRealSpinOrbit_a_0": 0.6371877441,
  "KDImagSpinOrbit_W1_0": -1.1848509205,
  "KDImagSpinOrbit_W2_0": 236.5626942894,
  "KDImagVolume_W1_0_n": 20.2613014786,
  "KDImagVolume_W1_A_n": 0.0072219704,
  "KDImagVolume_W1_0_p": 18.1294877547,
  "KDImagVolume_W1_A_p": 0.0202310956,
  "KDImagVolume_W2_0": 86.4191549001,
  "KDImagVolume_W2_A": -0.0210955722,
  "KDImagSurface_D1_0": 30.050403862,
  "KDImagSurface_D1_asymm": 11.8644770622,
  "KDImagSurface_D2_0": 0.1074020223,
  "KDImagSurface_D2_A": -0.0664017782,
  "KDImagSurface_D2_A2": 8.8804447598,
  "KDImagSurface_D2_A3": -24.0373732088,
  "KDImagSurface_D3_0": 19.8940955952,
  "KDImagSurface_r_0": 1.4651276612,
  "KDImagSurface_r_A": 0.0315073264,
  "KDImagSurface_a_0_n": 0.4786936486,
  "KDImagSurface_a_A_n": -8.08456e-05,
  "KDImagSurface_a_0_p": 0.4655348124,
  "KDImagSurface_a_A_p": 0.0010439883
}