{
  "KDHartreeFock_V1_0": 62.6099942923,
  "KDHartreeFock_V1_asymm": 10.984611905,
  "KDHartreeFock_V1_A": 0.0425818637,
  "KDHartreeFock_V2_0_n": 0.0068599681,
  "KDHartreeFock_V2_A_n": -6.906e-07,
  "KDHartreeFock_V3_0_n": 1.5113e-05,
  "KDHartreeFock_V3_A_n": -2.2926e-06,
  "KDHartreeFock_V2_0_p": 0.0066478553,
  "KDHartreeFock_V2_A_p": 2.1342e-06,
  "KDHartreeFock_V3_0_p": 1.38501e-05,
  "KDHartreeFock_V3_A_p": -1.6854e-06,
  "KDHartreeFock_V4_0": -2.0539e-06,
  "KDHartreeFock_r_0": 1.2375827104,
  "KDHartreeFock_r_A": 0.3251345701,
  "KDHartreeFock_a_0": 0.7024256611,
  "KDHartreeFock_a_A": -0.0003945448,
  "KDCoulomb_r_C_0": 1.2268919577,
  "KDCoulomb_r_C_A": 0.2933644168,
  "KDCoulomb_r_C_A2": 2.6137260664,
  "KDRealSpinOrbit_V1_0": 6.4422558559,
  "KDRealSpinOrbit_V1_A": -0.011163016,
  "KDRealSpinOrbit_V2_0": 0.0025265015,
  "KDRealSpinOrbit_r_0": 1.3039684426,
  "KDRealSpinOrbit_r_A": 1.1903155519,
  "KDRealSpinOrbit_a_0": 0.5434347947,
  "KDImagSpinOrbit_W1_0": -5.1417651581,
  "KDImagSpinOrbit_W2_0": 151.7848823449,
  "KDImagVolume_W1_0_n": 20.0709748872,
  "KDImagVolume_W1_A_n": 0.000493172,
  "KDImagVolume_W1_0_p": 18.7136944903,
  "KDImagVolume_W1_A_p": 0.1014648506,
  "KDImagVolume_W2_0": 83.8009745636,
  "KDImagVolume_W2_A": 0.3017763387,
  "KDImagSurface_D1_0": 14.0457053396,
  "KDImagSurface_D1_asymm": -6.8001669296,
  "KDImagSurface_D2_0": 0.0069947514,
  "KDImagSurface_D2_A": 0.0155983709,
  "KDImagSurface_D2_A2": -4.2002774909,
  "KDImagSurface_D2_A3": 250.4760492269,
  "KDImagSurface_D3_0": 13.154580025,
  "KDImagSurface_r_0": 1.2722732338,
  "KDImagSurface_r_A": 0.0073483419,
  "KDImagSurface_a_0_n": 0.5148740312,
  "KDImagSurface_a_A_n": -0.0007763668,
  "KDImagSurface_a_0_p": 0.474797087,
  "KDImagSurface_a_A_p": 0.002010018
}