{
  "KDHartreeFock_V1_0": 58.4040583574,
  "KDHartreeFock_V1_asymm": 12.5442923035,
  "KDHartreeFock_V1_A": 0.0350171784,
  "KDHartreeFock_V2_0_n": 0.0052664435,
  "KDHartreeFock_V2_A_n": 2.9653e-06,
  "KDHartreeFock_V3_0_n": -1.7547e-06,
  "KDHartreeFock_V3_A_n": -1.132e-06,
  "KDHartreeFock_V2_0_p": 0.0070161983,
  "KDHartreeFock_V2_A_p": 3.4e-08,
  "KDHartreeFock_V3_0_p": 1.1077e-05,
  "KDHartreeFock_V3_A_p": 1.3742e-06,
  "KDHartreeFock_V4_0": 9.806e-07,
  "KDHartreeFock_r_0": 1.2825688902,
  "KDHartreeFock_r_A": 0.39657531,
  "KDHartreeFock_a_0": 0.7023673763,
  "KDHartreeFock_a_A": -1.55618e-05,
  "KDCoulomb_r_C_0": 1.3088448415,
  "KDCoulomb_r_C_A": 0.5516851318,
  "KDCoulomb_r_C_A2": 36.3333102949,
  "KDRealSpinOrbit_V1_0": 5.8384001539,
  "KDRealSpinOrbit_V1_A": -1.31842e-05,
  "KDRealSpinOrbit_V2_0": 0.0042780778,
  "KDRealSpinOrbit_r_0": 1.1864840902,
  "KDRealSpinOrbit_r_A": 0.575409886,
  "KDRealSpinOrbit_a_0": 0.5579014062,
  "KDImagSpinOrbit_W1_0": -4.0308508058,
  "KDImagSpinOrbit_W2_0": 278.3850678727,
  "KDImagVolume_W1_0_n": 17.9407827699,
  "KDImagVolume_W1_A_n": 0.0155908415,
  "KDImagVolume_W1_0_p": 11.2162828118,
  "KDImagVolume_W1_A_p": 0.1229423545,
  "KDImagVolume_W2_0": 85.2209313962,
  "KDImagVolume_W2_A": 0.0580968819,
  "KDImagSurface_D1_0": 28.2110556792,
  "KDImagSurface_D1_asymm": 9.8543718988,
  "KDImagSurface_D2_0": 0.0115125883,
  "KDImagSurface_D2_A": 0.0266198289,
  "KDImagSurface_D2_A2": 9.1351374207,
  "KDImagSurface_D2_A3": -361.0144120115,
  "KDImagSurface_D3_0": 19.3878681626,
  "KDImagSurface_r_0": 1.3414761915,
  "KDImagSurface_r_A": 0.0087429211,
  "KDImagSurface_a_0_n": 0.4941554256,
  "KDImagSurface_a_A_n": 0.0002223997,
  "KDImagSurface_a_0_p": 0.5041601054,
  "KDImagSurface_a_A_p": 0.0005590284
}