{
  "KDHartreeFock_V1_0": 61.0538557993,
  "KDHartreeFock_V1_asymm": 22.318566902,
  "KDHartreeFock_V1_A": 0.0214642441,
  "KDHartreeFock_V2_0_n": 0.00728611,
  "KDHartreeFock_V2_A_n": 1.091e-06,
  "KDHartreeFock_V3_0_n": 1.73218e-05,
  "KDHartreeFock_V3_A_n": 2.3993e-06,
  "KDHartreeFock_V2_0_p": 0.0080269156,
  "KDHartreeFock_V2_A_p": -1.6569e-06,
  "KDHartreeFock_V3_0_p": 2.00202e-05,
  "KDHartreeFock_V3_A_p": -2.352e-07,
  "KDHartreeFock_V4_0": -1.3424e-06,
  "KDHartreeFock_r_0": 1.2492371966,
  "KDHartreeFock_r_A": 0.3529390617,
  "KDHartreeFock_a_0": 0.7305105145,
  "KDHartreeFock_a_A": -3.90186e-05,
  "KDCoulomb_r_C_0": 1.1622585695,
  "KDCoulomb_r_C_A": 2.2433475439,
  "KDCoulomb_r_C_A2": -5.8600756852,
  "KDRealSpinOrbit_V1_0": 7.169042621,
  "KDRealSpinOrbit_V1_A": -0.011832535,
  "KDRealSpinOrbit_V2_0": 0.003120251,
  "KDRealSpinOrbit_r_0": 1.2296191099,
  "KDRealSpinOrbit_r_A": 0.7145233362,
  "KDRealSpinOrbit_a_0": 0.6072632036,
  "KDImagSpinOrbit_W1_0": -1.7617637513,
  "KDImagSpinOrbit_W2_0": 147.8582510003,
  "KDImagVolume_W1_0_n": 15.4880018124,
  "KDImagVolume_W1_A_n": 0.0253757425,
  "KDImagVolume_W1_0_p": 14.2744467093,
  "KDImagVolume_W1_A_p": 0.0794697167,
  "KDImagVolume_W2_0": 94.0434441946,
  "KDImagVolume_W2_A": -0.0631807889,
  "KDImagSurface_D1_0": 22.0007161552,
  "KDImagSurface_D1_asymm": 28.6680105592,
  "KDImagSurface_D2_0": 0.0599546092,
  "KDImagSurface_D2_A": -0.0370198259,
  "KDImagSurface_D2_A2": 15.4635600408,
  "KDImagSurface_D2_A3": 403.657220628,
  "KDImagSurface_D3_0": 12.6523842157,
  "KDImagSurface_r_0": 1.4078310851,
  "KDImagSurface_r_A": 0.0365335152,
  "KDImagSurface_a_0_n": 0.5067151079,
  "KDImagSurface_a_A_n": -0.0007745723,
  "KDImagSurface_a_0_p": 0.540509794,
  "KDImagSurface_a_A_p": 0.0002842871
}