{
  "KDHartreeFock_V1_0": 58.6275339397,
  "KDHartreeFock_V1_asymm": 7.7897873365,
  "KDHartreeFock_V1_A": 0.0348195629,
  "KDHartreeFock_V2_0_n": 0.0058230653,
  "KDHartreeFock_V2_A_n": 5.456e-07,
  "KDHartreeFock_V3_0_n": 5.4998e-06,
  "KDHartreeFock_V3_A_n": -9.1e-08,
  "KDHartreeFock_V2_0_p": 0.0062124329,
  "KDHartreeFock_V2_A_p": 3.7029e-06,
  "KDHartreeFock_V3_0_p": 9.7414e-06,
  "KDHartreeFock_V3_A_p": -1.0471e-06,
  "KDHartreeFock_V4_0": -4.319e-07,
  "KDHartreeFock_r_0": 1.2753639205,
  "KDHartreeFock_r_A": 0.3534157703,
  "KDHartreeFock_a_0": 0.695655574,
  "KDHartreeFock_a_A": -0.0001550625,
  "KDCoulomb_r_C_0": 1.2743704323,
  "KDCoulomb_r_C_A": -0.6526906163,
  "KDCoulomb_r_C_A2": 8.8801450382,
  "KDRealSpinOrbit_V1_0": 6.3694530318,
  "KDRealSpinOrbit_V1_A": 0.0001804208,
  "KDRealSpinOrbit_V2_0": 0.0053895422,
  "KDRealSpinOrbit_r_0": 1.2423478917,
  "KDRealSpinOrbit_r_A": 0.7986227142,
  "KDRealSpinOrbit_a_0": 0.5643525625,
  "KDImagSpinOrbit_W1_0": -3.8142259663,
  "KDImagSpinOrbit_W2_0": 208.2193441201,
  "KDImagVolume_W1_0_n": 19.189348684,
  "KDImagVolume_W1_A_n": 0.028154062,
  "KDImagVolume_W1_0_p": 23.4523214677,
  "KDImagVolume_W1_A_p": 0.0267935511,
  "KDImagVolume_W2_0": 102.2484592096,
  "KDImagVolume_W2_A": 0.2299268309,
  "KDImagSurface_D1_0": 15.3080344551,
  "KDImagSurface_D1_asymm": 20.2875814785,
  "KDImagSurface_D2_0": 0.058722899,
  "KDImagSurface_D2_A": -0.0390642661,
  "KDImagSurface_D2_A2": 4.7577630855,
  "KDImagSurface_D2_A3": 165.0353502249,
  "KDImagSurface_D3_0": 11.947518127,
  "KDImagSurface_r_0": 1.2853530093,
  "KDImagSurface_r_A": 0.0040817998,
  "KDImagSurface_a_0_n": 0.5530777448,
  "KDImagSurface_a_A_n": -0.0002747717,
  "KDImagSurface_a_0_p": 0.4900475982,
  "KDImagSurface_a_A_p": 0.0020008368
}