{
  "KDHartreeFock_V1_0": 63.1853074021,
  "KDHartreeFock_V1_asymm": 12.7564648982,
  "KDHartreeFock_V1_A": 0.0477877667,
  "KDHartreeFock_V2_0_n": 0.00569571,
  "KDHartreeFock_V2_A_n": -3.3215e-06,
  "KDHartreeFock_V3_0_n": 5.671e-06,
  "KDHartreeFock_V3_A_n": 1.9761e-06,
  "KDHartreeFock_V2_0_p": 0.0050359649,
  "KDHartreeFock_V2_A_p": 5.4323e-06,
  "KDHartreeFock_V3_0_p": 5.6697e-06,
  "KDHartreeFock_V3_A_p": -5.133e-07,
  "KDHartreeFock_V4_0": -1.15e-06,
  "KDHartreeFock_r_0": 1.2959532559,
  "KDHartreeFock_r_A": 0.6168048187,
  "KDHartreeFock_a_0": 0.7084303966,
  "KDHartreeFock_a_A": 0.0001589703,
  "KDCoulomb_r_C_0": 1.2094087588,
  "KDCoulomb_r_C_A": 0.4457652382,
  "KDCoulomb_r_C_A2": 7.5167568796,
  "KDRealSpinOrbit_V1_0": 7.4742572429,
  "KDRealSpinOrbit_V1_A": 0.0039198986,
  "KDRealSpinOrbit_V2_0": 0.0093015432,
  "KDRealSpinOrbit_r_0": 1.2760719011,
  "KDRealSpinOrbit_r_A": 1.0725091552,
  "KDRealSpinOrbit_a_0": 0.6596034123,
  "KDImagSpinOrbit_W1_0": -5.3639900756,
  "KDImagSpinOrbit_W2_0": 112.2895943635,
  "KDImagVolume_W1_0_n": 29.7156587543,
  "KDImagVolume_W1_A_n": -0.0225348162,
  "KDImagVolume_W1_0_p": 29.3387021089,
  "KDImagVolume_W1_A_p": 0.0428303104,
  "KDImagVolume_W2_0": 139.0482882276,
  "KDImagVolume_W2_A": -0.0199120633,
  "KDImagSurface_D1_0": 8.9568736888,
  "KDImagSurface_D1_asymm": 12.9966837664,
  "KDImagSurface_D2_0": 0.0076007747,
  "KDImagSurface_D2_A": 0.0036365185,
  "KDImagSurface_D2_A2": -1.4099918098,
  "KDImagSurface_D2_A3": -30.3250387353,
  "KDImagSurface_D3_0": 9.4737720313,
  "KDImagSurface_r_0": 1.3494757902,
  "KDImagSurface_r_A": 0.0248988825,
  "KDImagSurface_a_0_n": 0.562393226,
  "KDImagSurface_a_A_n": -0.0011625524,
  "KDImagSurface_a_0_p": 0.5299337949,
  "KDImagSurface_a_A_p": 0.0022403987
}