{
  "KDHartreeFock_V1_0": 57.9836683653,
  "KDHartreeFock_V1_asymm": 26.6694011234,
  "KDHartreeFock_V1_A": 0.0116979485,
  "KDHartreeFock_V2_0_n": 0.0041380545,
  "KDHartreeFock_V2_A_n": -2.898e-07,
  "KDHartreeFock_V3_0_n": -6.4489e-06,
  "KDHartreeFock_V3_A_n": -9.247e-07,
  "KDHartreeFock_V2_0_p": 0.0063410585,
  "KDHartreeFock_V2_A_p": 9.1737e-06,
  "KDHartreeFock_V3_0_p": 8.1494e-06,
  "KDHartreeFock_V3_A_p": 3.5103e-06,
  "KDHartreeFock_V4_0": -3.968e-07,
  "KDHartreeFock_r_0": 1.2860919692,
  "KDHartreeFock_r_A": 0.5036068252,
  "KDHartreeFock_a_0": 0.6961422665,
  "KDHartreeFock_a_A": 0.0002736265,
  "KDCoulomb_r_C_0": 1.0826201135,
  "KDCoulomb_r_C_A": 1.2377887834,
  "KDCoulomb_r_C_A2": 24.1568004599,
  "KDRealSpinOrbit_V1_0": 6.6702196618,
  "KDRealSpinOrbit_V1_A": 0.0130658022,
  "KDRealSpinOrbit_V2_0": 0.0126560057,
  "KDRealSpinOrbit_r_0": 1.1378132997,
  "KDRealSpinOrbit_r_A": 0.4609708032,
  "KDRealSpinOrbit_a_0": 0.5844307173,
  "KDImagSpinOrbit_W1_0": -6.2250192833,
  "KDImagSpinOrbit_W2_0": 123.5091689522,
  "KDImagVolume_W1_0_n": 30.1043900728,
  "KDImagVolume_W1_A_n": 0.0162057872,
  "KDImagVolume_W1_0_p": 26.3714452358,
  "KDImagVolume_W1_A_p": 0.0215457051,
  "KDImagVolume_W2_0": 172.2827509609,
  "KDImagVolume_W2_A": -0.0867126322,
  "KDImagSurface_D1_0": 21.2906219582,
  "KDImagSurface_D1_asymm": 23.956806873,
  "KDImagSurface_D2_0": -0.0572412386,
  "KDImagSurface_D2_A": 0.0861720576,
  "KDImagSurface_D2_A2": 16.436117096,
  "KDImagSurface_D2_A3": 542.6243428865,
  "KDImagSurface_D3_0": 18.2651047793,
  "KDImagSurface_r_0": 1.4469016198,
  "KDImagSurface_r_A": 0.0406671869,
  "KDImagSurface_a_0_n": 0.629481578,
  "KDImagSurface_a_A_n": -0.0006194398,
  "KDImagSurface_a_0_p": 0.5572854037,
  "KDImagSurface_a_A_p": 0.0020689281
}