{
  "KDHartreeFock_V1_0": 56.8570323834,
  "KDHartreeFock_V1_asymm": 17.4267625578,
  "KDHartreeFock_V1_A": 0.0111137858,
  "KDHartreeFock_V2_0_n": 0.0072555938,
  "KDHartreeFock_V2_A_n": 1.3715e-05,
  "KDHartreeFock_V3_0_n": 2.07279e-05,
  "KDHartreeFock_V3_A_n": -2.6087e-06,
  "KDHartreeFock_V2_0_p": 0.0094218786,
  "KDHartreeFock_V2_A_p": -8.718e-06,
  "KDHartreeFock_V3_0_p": 3.11877e-05,
  "KDHartreeFock_V3_A_p": 3.521e-07,
  "KDHartreeFock_V4_0": 4.987e-07,
  "KDHartreeFock_r_0": 1.2040883435,
  "KDHartreeFock_r_A": 0.0556453798,
  "KDHartreeFock_a_0": 0.6358338069,
  "KDHartreeFock_a_A": -0.000516109,
  "KDCoulomb_r_C_0": 1.3898356276,
  "KDCoulomb_r_C_A": 0.7673798746,
  "KDCoulomb_r_C_A2": 6.8478877639,
  "KDRealSpinOrbit_V1_0": 6.8650052307,
  "KDRealSpinOrbit_V1_A": -0.0056930711,
  "KDRealSpinOrbit_V2_0": 0.0102647909,
  "KDRealSpinOrbit_r_0": 1.1767596703,
  "KDRealSpinOrbit_r_A": 0.5643316972,
  "KDRealSpinOrbit_a_0": 0.5266125894,
  "KDImagSpinOrbit_W1_0": -4.8065944072,
  "KDImagSpinOrbit_W2_0": 246.6223540226,
  "KDImagVolume_W1_0_n": 14.9562639592,
  "KDImagVolume_W1_A_n": 0.0562845931,
  "KDImagVolume_W1_0_p": 15.2569825557,
  "KDImagVolume_W1_A_p": 0.0782571496,
  "KDImagVolume_W2_0": 97.4922866784,
  "KDImagVolume_W2_A": 0.0230324214,
  "KDImagSurface_D1_0": 31.4790376959,
  "KDImagSurface_D1_asymm": 17.8526517382,
  "KDImagSurface_D2_0": 0.0156152612,
  "KDImagSurface_D2_A": 0.0317394798,
  "KDImagSurface_D2_A2": 4.7974381485,
  "KDImagSurface_D2_A3": 352.9948895505,
  "KDImagSurface_D3_0": 21.3873723718,
  "KDImagSurface_r_0": 1.4402711254,
  "KDImagSurface_r_A": 0.0335080626,
  "KDImagSurface_a_0_n": 0.584506654,
  "KDImagSurface_a_A_n": 0.0002558507,
  "KDImagSurface_a_0_p": 0.5340525068,
  "KDImagSurface_a_A_p": 0.0012944355
}