{
  "KDHartreeFock_V1_0": 59.7893285154,
  "KDHartreeFock_V1_asymm": 19.6036797662,
  "KDHartreeFock_V1_A": 0.0278691858,
  "KDHartreeFock_V2_0_n": 0.0065609407,
  "KDHartreeFock_V2_A_n": -1.5177e-06,
  "KDHartreeFock_V3_0_n": 1.12354e-05,
  "KDHartreeFock_V3_A_n": -1.2025e-06,
  "KDHartreeFock_V2_0_p": 0.0073417332,
  "KDHartreeFock_V2_A_p": 3.0229e-06,
  "KDHartreeFock_V3_0_p": 2.19697e-05,
  "KDHartreeFock_V3_A_p": -1.3966e-06,
  "KDHartreeFock_V4_0": 1.2343e-06,
  "KDHartreeFock_r_0": 1.269653787,
  "KDHartreeFock_r_A": 0.3528958145,
  "KDHartreeFock_a_0": 0.6976194367,
  "KDHartreeFock_a_A": -5.29487e-05,
  "KDCoulomb_r_C_0": 1.1705875416,
  "KDCoulomb_r_C_A": 0.5788706194,
  "KDCoulomb_r_C_A2": 23.6030496446,
  "KDRealSpinOrbit_V1_0": 5.406377141,
  "KDRealSpinOrbit_V1_A": 0.012724409,
  "KDRealSpinOrbit_V2_0": 0.0078156816,
  "KDRealSpinOrbit_r_0": 1.2994933328,
  "KDRealSpinOrbit_r_A": 1.1051109191,
  "KDRealSpinOrbit_a_0": 0.5308104298,
  "KDImagSpinOrbit_W1_0": -4.1661552742,
  "KDImagSpinOrbit_W2_0": 129.3842588988,
  "KDImagVolume_W1_0_n": 25.1186226821,
  "KDImagVolume_W1_A_n": -0.0210894335,
  "KDImagVolume_W1_0_p": 19.2971311026,
  "KDImagVolume_W1_A_p": 0.0600707034,
  "KDImagVolume_W2_0": 84.7066868548,
  "KDImagVolume_W2_A": 0.084176667,
  "KDImagSurface_D1_0": 27.9474853042,
  "KDImagSurface_D1_asymm": 20.5829632317,
  "KDImagSurface_D2_0": 0.0686178606,
  "KDImagSurface_D2_A": -0.0315020878,
  "KDImagSurface_D2_A2": 3.781213636,
  "KDImagSurface_D2_A3": 134.8663037165,
  "KDImagSurface_D3_0": 19.4492805471,
  "KDImagSurface_r_0": 1.2249111933,
  "KDImagSurface_r_A": -0.0141352359,
  "KDImagSurface_a_0_n": 0.559064944,
  "KDImagSurface_a_A_n": -0.0001212269,
  "KDImagSurface_a_0_p": 0.4758660612,
  "KDImagSurface_a_A_p": 0.0002024394
}