{
  "KDHartreeFock_V1_0": 60.4406972674,
  "KDHartreeFock_V1_asymm": 18.9657574646,
  "KDHartreeFock_V1_A": 0.0251635069,
  "KDHartreeFock_V2_0_n": 0.0075972261,
  "KDHartreeFock_V2_A_n": 6.595e-06,
  "KDHartreeFock_V3_0_n": 2.5361e-05,
  "KDHartreeFock_V3_A_n": -2.1778e-06,
  "KDHartreeFock_V2_0_p": 0.0076186588,
  "KDHartreeFock_V2_A_p": 1.2779e-06,
  "KDHartreeFock_V3_0_p": 3.13911e-05,
  "KDHartreeFock_V3_A_p": -5.05e-08,
  "KDHartreeFock_V4_0": -5.842e-07,
  "KDHartreeFock_r_0": 1.2639041915,
  "KDHartreeFock_r_A": 0.3441196808,
  "KDHartreeFock_a_0": 0.6541611695,
  "KDHartreeFock_a_A": -0.0002686913,
  "KDCoulomb_r_C_0": 0.9852064403,
  "KDCoulomb_r_C_A": 0.7698066199,
  "KDCoulomb_r_C_A2": 11.5261983713,
  "KDRealSpinOrbit_V1_0": 6.2358766804,
  "KDRealSpinOrbit_V1_A": 0.0101147093,
  "KDRealSpinOrbit_V2_0": 0.0140613291,
  "KDRealSpinOrbit_r_0": 1.2435093932,
  "KDRealSpinOrbit_r_A": 0.7707931235,
  "KDRealSpinOrbit_a_0": 0.6188826066,
  "KDImagSpinOrbit_W1_0": -4.1597268062,
  "KDImagSpinOrbit_W2_0": 178.3696176594,
  "KDImagVolume_W1_0_n": 23.0992009226,
  "KDImagVolume_W1_A_n": 0.0200492859,
  "KDImagVolume_W1_0_p": 14.1130906978,
  "KDImagVolume_W1_A_p": 0.0868025015,
  "KDImagVolume_W2_0": 100.3626412896,
  "KDImagVolume_W2_A": 0.0344548938,
  "KDImagSurface_D1_0": 10.6994701233,
  "KDImagSurface_D1_asymm": 13.9581656931,
  "KDImagSurface_D2_0": 0.0077331024,
  "KDImagSurface_D2_A": 0.0096950971,
  "KDImagSurface_D2_A2": 5.2498816616,
  "KDImagSurface_D2_A3": 109.059669675,
  "KDImagSurface_D3_0": 13.356341506,
  "KDImagSurface_r_0": 1.3177921648,
  "KDImagSurface_r_A": 0.0160956276,
  "KDImagSurface_a_0_n": 0.5958342047,
  "KDImagSurface_a_A_n": -0.0007612777,
  "KDImagSurface_a_0_p": 0.5531318526,
  "KDImagSurface_a_A_p": 0.0008957588
}