{
  "KDHartreeFock_V1_0": 62.1685380435,
  "KDHartreeFock_V1_asymm": 17.255560674,
  "KDHartreeFock_V1_A": 0.0446706635,
  "KDHartreeFock_V2_0_n": 0.0060446355,
  "KDHartreeFock_V2_A_n": -2.8643e-06,
  "KDHartreeFock_V3_0_n": 1.08719e-05,
  "KDHartreeFock_V3_A_n": 3.4215e-06,
  "KDHartreeFock_V2_0_p": 0.0076653961,
  "KDHartreeFock_V2_A_p": -1.129e-06,
  "KDHartreeFock_V3_0_p": 2.28641e-05,
  "KDHartreeFock_V3_A_p": 9.907e-07,
  "KDHartreeFock_V4_0": -2.2454e-06,
  "KDHartreeFock_r_0": 1.3265979395,
  "KDHartreeFock_r_A": 0.6109740083,
  "KDHartreeFock_a_0": 0.679811396,
  "KDHartreeFock_a_A": -0.000160259,
  "KDCoulomb_r_C_0": 1.3108068782,
  "KDCoulomb_r_C_A": -1.0104997695,
  "KDCoulomb_r_C_A2": 27.018937127,
  "KDRealSpinOrbit_V1_0": 6.9765778554,
  "KDRealSpinOrbit_V1_A": 0.0010416648,
  "KDRealSpinOrbit_V2_0": 0.0080490462,
  "KDRealSpinOrbit_r_0": 1.1950662355,
  "KDRealSpinOrbit_r_A": 0.7963702553,
  "KDRealSpinOrbit_a_0": 0.5693784491,
  "KDImagSpinOrbit_W1_0": -5.6482963415,
  "KDImagSpinOrbit_W2_0": 200.9025837839,
  "KDImagVolume_W1_0_n": 25.7231094102,
  "KDImagVolume_W1_A_n": -0.0063918888,
  "KDImagVolume_W1_0_p": 20.5942972791,
  "KDImagVolume_W1_A_p": 0.099985605,
  "KDImagVolume_W2_0": 142.3484842158,
  "KDImagVolume_W2_A": 0.2811557178,
  "KDImagSurface_D1_0": 6.0024367363,
  "KDImagSurface_D1_asymm": 18.0510353296,
  "KDImagSurface_D2_0": 0.0210537784,
  "KDImagSurface_D2_A": -0.0149313007,
  "KDImagSurface_D2_A2": 5.1506578363,
  "KDImagSurface_D2_A3": 388.8060768152,
  "KDImagSurface_D3_0": 9.9089531057,
  "KDImagSurface_r_0": 1.4400740954,
  "KDImagSurface_r_A": 0.0474345413,
  "KDImagSurface_a_0_n": 0.5539457097,
  "KDImagSurface_a_A_n": -0.0014107927,
  "KDImagSurface_a_0_p": 0.450640643,
  "KDImagSurface_a_A_p": 0.0022255312
}