{
  "CH89RealCentral_V_0": 55.3541600325,
  "CH89RealCentral_V_t": 6.8230669881,
  "CH89RealCentral_V_e": -0.3549864125,
  "CH89RealCentral_r_o": 1.1894693118,
  "CH89RealCentral_r_o_0": -0.0622661781,
  "CH89RealCentral_a_0": 0.7332498818,
  "CH89Coulomb_r_c": 1.2907037347,
  "CH89Coulomb_r_c_0": 0.0966989428,
  "CH89SpinOrbit_V_so": 3.8657569113,
  "CH89SpinOrbit_r_so": 1.2030651187,
  "CH89SpinOrbit_r_so_0": -1.0319167226,
  "CH89SpinOrbit_a_so": 0.5928530918,
  "CH89ImagCentral_W_v0": 12.3426073483,
  "CH89ImagCentral_W_ve0": 60.8238381251,
  "CH89ImagCentral_W_vew": 28.023616639,
  "CH89ImagCentral_W_s0": 16.9172263775,
  "CH89ImagCentral_W_st": 37.9918711624,
  "CH89ImagCentral_W_se0": 8.5183629604,
  "CH89ImagCentral_W_sew": 18.5788505858,
  "CH89ImagCentral_r_w": 1.3926151995,
  "CH89ImagCentral_r_w0": -0.8031309167,
  "CH89ImagCentral_a_w": 0.6241969281
}