{
  "CH89RealCentral_V_0": 55.9713768267,
  "CH89RealCentral_V_t": 14.2150892712,
  "CH89RealCentral_V_e": -0.3765989452,
  "CH89RealCentral_r_o": 1.2140433212,
  "CH89RealCentral_r_o_0": -0.2514991638,
  "CH89RealCentral_a_0": 0.7129171873,
  "CH89Coulomb_r_c": 1.2138967251,
  "CH89Coulomb_r_c_0": 0.0453588158,
  "CH89SpinOrbit_V_so": 6.6714386071,
  "CH89SpinOrbit_r_so": 1.3180874557,
  "CH89SpinOrbit_r_so_0": -1.2382165376,
  "CH89SpinOrbit_a_so": 0.6341406768,
  "CH89ImagCentral_W_v0": 12.2607315961,
  "CH89ImagCentral_W_ve0": 24.4578030058,
  "CH89ImagCentral_W_vew": 25.178432501,
  "CH89ImagCentral_W_s0": 7.5446330221,
  "CH89ImagCentral_W_st": 29.7343367614,
  "CH89ImagCentral_W_se0": -1.7171058325,
  "CH89ImagCentral_W_sew": 43.3218205213,
  "CH89ImagCentral_r_w": 1.1839129596,
  "CH89ImagCentral_r_w0": 0.5200785602,
  "CH89ImagCentral_a_w": 0.7529897485
}