{
  "CH89RealCentral_V_0": 56.50185848,
  "CH89RealCentral_V_t": 22.5499670135,
  "CH89RealCentral_V_e": -0.3329717669,
  "CH89RealCentral_r_o": 1.1802015516,
  "CH89RealCentral_r_o_0": -0.2031471388,
  "CH89RealCentral_a_0": 0.7802666393,
  "CH89Coulomb_r_c": 1.0141275127,
  "CH89Coulomb_r_c_0": 0.2793557509,
  "CH89SpinOrbit_V_so": 5.431120321,
  "CH89SpinOrbit_r_so": 1.3095673627,
  "CH89SpinOrbit_r_so_0": -1.1422489588,
  "CH89SpinOrbit_a_so": 0.6195514951,
  "CH89ImagCentral_W_v0": 5.6735324596,
  "CH89ImagCentral_W_ve0": 48.9500725842,
  "CH89ImagCentral_W_vew": 26.060939045,
  "CH89ImagCentral_W_s0": 12.6272223162,
  "CH89ImagCentral_W_st": 17.9810553786,
  "CH89ImagCentral_W_se0": 40.8893510135,
  "CH89ImagCentral_W_sew": 79.1479261911,
  "CH89ImagCentral_r_w": 1.3686459402,
  "CH89ImagCentral_r_w0": -0.8653294509,
  "CH89ImagCentral_a_w": 0.7256095001
}