{
  "CH89RealCentral_V_0": 56.4463634625,
  "CH89RealCentral_V_t": 21.2050788019,
  "CH89RealCentral_V_e": -0.3828415461,
  "CH89RealCentral_r_o": 1.18989798,
  "CH89RealCentral_r_o_0": -0.1469767229,
  "CH89RealCentral_a_0": 0.727701583,
  "CH89Coulomb_r_c": 1.2226837314,
  "CH89Coulomb_r_c_0": 0.1988250953,
  "CH89SpinOrbit_V_so": 4.2014193768,
  "CH89SpinOrbit_r_so": 1.4925709287,
  "CH89SpinOrbit_r_so_0": -1.9790578441,
  "CH89SpinOrbit_a_so": 0.5006102617,
  "CH89ImagCentral_W_v0": 8.8080616962,
  "CH89ImagCentral_W_ve0": 34.0249823618,
  "CH89ImagCentral_W_vew": 22.876993163,
  "CH89ImagCentral_W_s0": 7.2861280571,
  "CH89ImagCentral_W_st": 3.5190079219,
  "CH89ImagCentral_W_se0": 45.8398055951,
  "CH89ImagCentral_W_sew": 39.6571359366,
  "CH89ImagCentral_r_w": 1.4078295154,
  "CH89ImagCentral_r_w0": -1.0425069707,
  "CH89ImagCentral_a_w": 0.6930678685
}