{
  "CH89RealCentral_V_0": 58.7639242511,
  "CH89RealCentral_V_t": 12.370835658,
  "CH89RealCentral_V_e": -0.4174056178,
  "CH89RealCentral_r_o": 1.2381095611,
  "CH89RealCentral_r_o_0": -0.3809716096,
  "CH89RealCentral_a_0": 0.7181213673,
  "CH89Coulomb_r_c": 1.2415424893,
  "CH89Coulomb_r_c_0": -0.0264723328,
  "CH89SpinOrbit_V_so": 6.0314698568,
  "CH89SpinOrbit_r_so": 1.2452369722,
  "CH89SpinOrbit_r_so_0": -1.0099542621,
  "CH89SpinOrbit_a_so": 0.6057770434,
  "CH89ImagCentral_W_v0": 7.6031018885,
  "CH89ImagCentral_W_ve0": 22.3829673886,
  "CH89ImagCentral_W_vew": 32.6209798358,
  "CH89ImagCentral_W_s0": 8.5844957981,
  "CH89ImagCentral_W_st": 11.3726249196,
  "CH89ImagCentral_W_se0": 22.0430233887,
  "CH89ImagCentral_W_sew": 85.9612459121,
  "CH89ImagCentral_r_w": 1.2617130973,
  "CH89ImagCentral_r_w0": -0.5302943913,
  "CH89ImagCentral_a_w": 0.7407690357
}