{
  "CH89RealCentral_V_0": 54.4724996999,
  "CH89RealCentral_V_t": 12.0125005391,
  "CH89RealCentral_V_e": -0.3122845301,
  "CH89RealCentral_r_o": 1.2315135048,
  "CH89RealCentral_r_o_0": -0.3165547098,
  "CH89RealCentral_a_0": 0.7478468063,
  "CH89Coulomb_r_c": 1.2289041701,
  "CH89Coulomb_r_c_0": 0.01291987,
  "CH89SpinOrbit_V_so": 5.5227482873,
  "CH89SpinOrbit_r_so": 1.1914199706,
  "CH89SpinOrbit_r_so_0": -0.4442111854,
  "CH89SpinOrbit_a_so": 0.6284004493,
  "CH89ImagCentral_W_v0": 16.7490170966,
  "CH89ImagCentral_W_ve0": 66.1697453892,
  "CH89ImagCentral_W_vew": 25.8425693233,
  "CH89ImagCentral_W_s0": 9.9695793104,
  "CH89ImagCentral_W_st": 22.7705287057,
  "CH89ImagCentral_W_se0": 28.3454401063,
  "CH89ImagCentral_W_sew": 38.9419753501,
  "CH89ImagCentral_r_w": 1.2155914105,
  "CH89ImagCentral_r_w0": 0.1032114825,
  "CH89ImagCentral_a_w": 0.7753801492
}