{
  "CH89RealCentral_V_0": 58.150334289,
  "CH89RealCentral_V_t": 3.3086490138,
  "CH89RealCentral_V_e": -0.3804778844,
  "CH89RealCentral_r_o": 1.2514281842,
  "CH89RealCentral_r_o_0": -0.408295519,
  "CH89RealCentral_a_0": 0.688759772,
  "CH89Coulomb_r_c": 1.16955685,
  "CH89Coulomb_r_c_0": 0.1056568168,
  "CH89SpinOrbit_V_so": 5.260600417,
  "CH89SpinOrbit_r_so": 1.2352429284,
  "CH89SpinOrbit_r_so_0": -0.8821080032,
  "CH89SpinOrbit_a_so": 0.6513583851,
  "CH89ImagCentral_W_v0": 13.0086624188,
  "CH89ImagCentral_W_ve0": 39.0527647293,
  "CH89ImagCentral_W_vew": 28.2864338617,
  "CH89ImagCentral_W_s0": 6.1763750342,
  "CH89ImagCentral_W_st": 38.158315119,
  "CH89ImagCentral_W_se0": 34.652497649,
  "CH89ImagCentral_W_sew": 36.1021053908,
  "CH89ImagCentral_r_w": 1.3275164805,
  "CH89ImagCentral_r_w0": -0.6804679207,
  "CH89ImagCentral_a_w": 0.7361519707
}