{
  "CH89RealCentral_V_0": 56.1902595751,
  "CH89RealCentral_V_t": 17.4127354826,
  "CH89RealCentral_V_e": -0.3542830904,
  "CH89RealCentral_r_o": 1.1904009037,
  "CH89RealCentral_r_o_0": -0.1520442519,
  "CH89RealCentral_a_0": 0.7220081986,
  "CH89Coulomb_r_c": 1.1909577978,
  "CH89Coulomb_r_c_0": 0.0662654608,
  "CH89SpinOrbit_V_so": 5.6769257002,
  "CH89SpinOrbit_r_so": 1.4011705908,
  "CH89SpinOrbit_r_so_0": -1.6775159443,
  "CH89SpinOrbit_a_so": 0.6331658954,
  "CH89ImagCentral_W_v0": 16.7092334029,
  "CH89ImagCentral_W_ve0": 76.0793075487,
  "CH89ImagCentral_W_vew": 40.4645680483,
  "CH89ImagCentral_W_s0": 14.4790213246,
  "CH89ImagCentral_W_st": 30.2149655481,
  "CH89ImagCentral_W_se0": 3.0529671671,
  "CH89ImagCentral_W_sew": 52.482257095,
  "CH89ImagCentral_r_w": 1.2643791028,
  "CH89ImagCentral_r_w0": -0.1981249958,
  "CH89ImagCentral_a_w": 0.7022528603
}