{
  "CH89RealCentral_V_0": 54.5544805027,
  "CH89RealCentral_V_t": 17.1634224489,
  "CH89RealCentral_V_e": -0.3747105612,
  "CH89RealCentral_r_o": 1.2311411073,
  "CH89RealCentral_r_o_0": -0.2326246427,
  "CH89RealCentral_a_0": 0.7061531015,
  "CH89Coulomb_r_c": 1.0904860327,
  "CH89Coulomb_r_c_0": 0.1779842548,
  "CH89SpinOrbit_V_so": 4.9959598747,
  "CH89SpinOrbit_r_so": 1.3657684185,
  "CH89SpinOrbit_r_so_0": -1.5598979548,
  "CH89SpinOrbit_a_so": 0.5826027564,
  "CH89ImagCentral_W_v0": 16.906896845,
  "CH89ImagCentral_W_ve0": 50.4107330219,
  "CH89ImagCentral_W_vew": 30.3321884739,
  "CH89ImagCentral_W_s0": 9.7455228923,
  "CH89ImagCentral_W_st": 34.0081020379,
  "CH89ImagCentral_W_se0": 17.2173417576,
  "CH89ImagCentral_W_sew": 36.8526378574,
  "CH89ImagCentral_r_w": 1.3513476958,
  "CH89ImagCentral_r_w0": -0.6758994963,
  "CH89ImagCentral_a_w": 0.6939302387
}