{
  "CH89RealCentral_V_0": 56.046288984,
  "CH89RealCentral_V_t": 14.0716329003,
  "CH89RealCentral_V_e": -0.3897108783,
  "CH89RealCentral_r_o": 1.2261837668,
  "CH89RealCentral_r_o_0": -0.2900837918,
  "CH89RealCentral_a_0": 0.7172141094,
  "CH89Coulomb_r_c": 1.1617486517,
  "CH89Coulomb_r_c_0": 0.3325363938,
  "CH89SpinOrbit_V_so": 6.0652488356,
  "CH89SpinOrbit_r_so": 1.3237057992,
  "CH89SpinOrbit_r_so_0": -0.9796033825,
  "CH89SpinOrbit_a_so": 0.5638289256,
  "CH89ImagCentral_W_v0": 7.9870609313,
  "CH89ImagCentral_W_ve0": 2.0404350936,
  "CH89ImagCentral_W_vew": 9.4866182831,
  "CH89ImagCentral_W_s0": 7.3140353499,
  "CH89ImagCentral_W_st": 34.5984473069,
  "CH89ImagCentral_W_se0": 4.9122819983,
  "CH89ImagCentral_W_sew": 28.6756343009,
  "CH89ImagCentral_r_w": 1.2821993219,
  "CH89ImagCentral_r_w0": 0.0466728643,
  "CH89ImagCentral_a_w": 0.660666831
}