{
  "CH89RealCentral_V_0": 53.6868664655,
  "CH89RealCentral_V_t": 10.3513090956,
  "CH89RealCentral_V_e": -0.3571025795,
  "CH89RealCentral_r_o": 1.2371724516,
  "CH89RealCentral_r_o_0": -0.1976447271,
  "CH89RealCentral_a_0": 0.7149742319,
  "CH89Coulomb_r_c": 1.5392464081,
  "CH89Coulomb_r_c_0": 0.2591548056,
  "CH89SpinOrbit_V_so": 4.7624146205,
  "CH89SpinOrbit_r_so": 1.3558625563,
  "CH89SpinOrbit_r_so_0": -1.2836831972,
  "CH89SpinOrbit_a_so": 0.5764271936,
  "CH89ImagCentral_W_v0": 18.8656020024,
  "CH89ImagCentral_W_ve0": 88.3082866211,
  "CH89ImagCentral_W_vew": 25.9839089916,
  "CH89ImagCentral_W_s0": 5.7702275379,
  "CH89ImagCentral_W_st": -4.7863302772,
  "CH89ImagCentral_W_se0": 84.5811889981,
  "CH89ImagCentral_W_sew": 45.694287111,
  "CH89ImagCentral_r_w": 1.2093431488,
  "CH89ImagCentral_r_w0": -0.3204293907,
  "CH89ImagCentral_a_w": 0.6678885422
}