{
  "CH89RealCentral_V_0": 56.2609976501,
  "CH89RealCentral_V_t": 15.7712137664,
  "CH89RealCentral_V_e": -0.3567236806,
  "CH89RealCentral_r_o": 1.2436547572,
  "CH89RealCentral_r_o_0": -0.4418752203,
  "CH89RealCentral_a_0": 0.7551904433,
  "CH89Coulomb_r_c": 1.3654202555,
  "CH89Coulomb_r_c_0": -0.0577343428,
  "CH89SpinOrbit_V_so": 4.8942590252,
  "CH89SpinOrbit_r_so": 1.3179431807,
  "CH89SpinOrbit_r_so_0": -1.042866802,
  "CH89SpinOrbit_a_so": 0.5720121036,
  "CH89ImagCentral_W_v0": 13.0924108623,
  "CH89ImagCentral_W_ve0": 64.0721056298,
  "CH89ImagCentral_W_vew": 41.038653575,
  "CH89ImagCentral_W_s0": 10.9406475666,
  "CH89ImagCentral_W_st": 24.3515520425,
  "CH89ImagCentral_W_se0": 34.5445263682,
  "CH89ImagCentral_W_sew": 56.3857054704,
  "CH89ImagCentral_r_w": 1.3253592488,
  "CH89ImagCentral_r_w0": -0.2862466967,
  "CH89ImagCentral_a_w": 0.7114767198
}