{
  "CH89RealCentral_V_0": 58.6285782373,
  "CH89RealCentral_V_t": 10.6719973341,
  "CH89RealCentral_V_e": -0.3955280266,
  "CH89RealCentral_r_o": 1.186377057,
  "CH89RealCentral_r_o_0": -0.1947188055,
  "CH89RealCentral_a_0": 0.7426947694,
  "CH89Coulomb_r_c": 1.0190225176,
  "CH89Coulomb_r_c_0": 0.0770188576,
  "CH89SpinOrbit_V_so": 6.3155226796,
  "CH89SpinOrbit_r_so": 1.2457172536,
  "CH89SpinOrbit_r_so_0": -0.695195126,
  "CH89SpinOrbit_a_so": 0.5479918351,
  "CH89ImagCentral_W_v0": 10.9634148038,
  "CH89ImagCentral_W_ve0": 9.9856312528,
  "CH89ImagCentral_W_vew": 7.1350700081,
  "CH89ImagCentral_W_s0": 4.7595939649,
  "CH89ImagCentral_W_st": 28.9005226222,
  "CH89ImagCentral_W_se0": 18.5618964682,
  "CH89ImagCentral_W_sew": 36.2198315487,
  "CH89ImagCentral_r_w": 1.4097729271,
  "CH89ImagCentral_r_w0": -0.8178970949,
  "CH89ImagCentral_a_w": 0.7413202221
}