{
  "CH89RealCentral_V_0": 54.8017497713,
  "CH89RealCentral_V_t": 12.7307393715,
  "CH89RealCentral_V_e": -0.3620228612,
  "CH89RealCentral_r_o": 1.2037645889,
  "CH89RealCentral_r_o_0": -0.170911377,
  "CH89RealCentral_a_0": 0.7356607714,
  "CH89Coulomb_r_c": 1.2022803411,
  "CH89Coulomb_r_c_0": 0.1386208492,
  "CH89SpinOrbit_V_so": 6.2841618285,
  "CH89SpinOrbit_r_so": 1.2397949168,
  "CH89SpinOrbit_r_so_0": -0.8974958912,
  "CH89SpinOrbit_a_so": 0.6294788463,
  "CH89ImagCentral_W_v0": 12.4032650061,
  "CH89ImagCentral_W_ve0": 60.6651228106,
  "CH89ImagCentral_W_vew": 21.8578502991,
  "CH89ImagCentral_W_s0": 19.0541682492,
  "CH89ImagCentral_W_st": 38.4442187868,
  "CH89ImagCentral_W_se0": 9.729852178,
  "CH89ImagCentral_W_sew": 54.2908316472,
  "CH89ImagCentral_r_w": 1.2914724838,
  "CH89ImagCentral_r_w0": -0.2454547045,
  "CH89ImagCentral_a_w": 0.7360110922
}