{
  "CH89RealCentral_V_0": 59.9753493618,
  "CH89RealCentral_V_t": 8.9163929846,
  "CH89RealCentral_V_e": -0.4345935122,
  "CH89RealCentral_r_o": 1.2381817945,
  "CH89RealCentral_r_o_0": -0.426932494,
  "CH89RealCentral_a_0": 0.7189068906,
  "CH89Coulomb_r_c": 1.1312777682,
  "CH89Coulomb_r_c_0": 0.189624345,
  "CH89SpinOrbit_V_so": 5.7412782389,
  "CH89SpinOrbit_r_so": 1.4623896069,
  "CH89SpinOrbit_r_so_0": -1.991728134,
  "CH89SpinOrbit_a_so": 0.5594551586,
  "CH89ImagCentral_W_v0": 9.7524277265,
  "CH89ImagCentral_W_ve0": 10.0672664711,
  "CH89ImagCentral_W_vew": 30.2319055631,
  "CH89ImagCentral_W_s0": 2.9937318707,
  "CH89ImagCentral_W_st": 21.9381393703,
  "CH89ImagCentral_W_se0": 34.4154562006,
  "CH89ImagCentral_W_sew": 3.7913824882,
  "CH89ImagCentral_r_w": 1.3696865747,
  "CH89ImagCentral_r_w0": -0.5348196422,
  "CH89ImagCentral_a_w": 0.6650399918
}