{
  "CH89RealCentral_V_0": 55.1679063106,
  "CH89RealCentral_V_t": 15.9496527495,
  "CH89RealCentral_V_e": -0.3570822052,
  "CH89RealCentral_r_o": 1.1929544386,
  "CH89RealCentral_r_o_0": -0.1201542259,
  "CH89RealCentral_a_0": 0.7258169555,
  "CH89Coulomb_r_c": 1.3375735485,
  "CH89Coulomb_r_c_0": 0.1843301176,
  "CH89SpinOrbit_V_so": 4.3592647522,
  "CH89SpinOrbit_r_so": 1.555838424,
  "CH89SpinOrbit_r_so_0": -2.2293574726,
  "CH89SpinOrbit_a_so": 0.519596377,
  "CH89ImagCentral_W_v0": 12.7022019573,
  "CH89ImagCentral_W_ve0": 29.8958935104,
  "CH89ImagCentral_W_vew": 25.1512737457,
  "CH89ImagCentral_W_s0": 12.4846395458,
  "CH89ImagCentral_W_st": 33.6293694072,
  "CH89ImagCentral_W_se0": -0.5870254713,
  "CH89ImagCentral_W_sew": 44.9124865499,
  "CH89ImagCentral_r_w": 1.3242015248,
  "CH89ImagCentral_r_w0": -0.3454231848,
  "CH89ImagCentral_a_w": 0.6874921961
}