{
  "CH89RealCentral_V_0": 57.7556675261,
  "CH89RealCentral_V_t": 14.4527456379,
  "CH89RealCentral_V_e": -0.3467739808,
  "CH89RealCentral_r_o": 1.1542858541,
  "CH89RealCentral_r_o_0": -0.0794415931,
  "CH89RealCentral_a_0": 0.7457254683,
  "CH89Coulomb_r_c": 1.1197859745,
  "CH89Coulomb_r_c_0": 0.0936324551,
  "CH89SpinOrbit_V_so": 5.643548715,
  "CH89SpinOrbit_r_so": 1.1158450673,
  "CH89SpinOrbit_r_so_0": -0.5354451613,
  "CH89SpinOrbit_a_so": 0.6673842061,
  "CH89ImagCentral_W_v0": 13.1590621123,
  "CH89ImagCentral_W_ve0": 47.0089035749,
  "CH89ImagCentral_W_vew": 47.8002869077,
  "CH89ImagCentral_W_s0": 6.8822666659,
  "CH89ImagCentral_W_st": 31.5823939951,
  "CH89ImagCentral_W_se0": 31.473059423,
  "CH89ImagCentral_W_sew": 17.4075106851,
  "CH89ImagCentral_r_w": 1.3907038322,
  "CH89ImagCentral_r_w0": -0.3874547745,
  "CH89ImagCentral_a_w": 0.6163931052
}