{
  "CH89RealCentral_V_0": 53.9390458428,
  "CH89RealCentral_V_t": 11.7777832464,
  "CH89RealCentral_V_e": -0.3515369723,
  "CH89RealCentral_r_o": 1.2317254607,
  "CH89RealCentral_r_o_0": -0.2767091584,
  "CH89RealCentral_a_0": 0.7349625623,
  "CH89Coulomb_r_c": 1.2190490026,
  "CH89Coulomb_r_c_0": 0.3802652474,
  "CH89SpinOrbit_V_so": 5.198035564,
  "CH89SpinOrbit_r_so": 1.1211830565,
  "CH89SpinOrbit_r_so_0": -0.4723540705,
  "CH89SpinOrbit_a_so": 0.6437416686,
  "CH89ImagCentral_W_v0": 14.08018242,
  "CH89ImagCentral_W_ve0": 41.9253748864,
  "CH89ImagCentral_W_vew": 36.8817505623,
  "CH89ImagCentral_W_s0": 10.2515208359,
  "CH89ImagCentral_W_st": 36.9727227858,
  "CH89ImagCentral_W_se0": -5.6899859618,
  "CH89ImagCentral_W_sew": 74.6827956511,
  "CH89ImagCentral_r_w": 1.2376789704,
  "CH89ImagCentral_r_w0": 0.0081796111,
  "CH89ImagCentral_a_w": 0.7291021559
}