{
  "CH89RealCentral_V_0": 56.6038959433,
  "CH89RealCentral_V_t": 7.4334969985,
  "CH89RealCentral_V_e": -0.3551247571,
  "CH89RealCentral_r_o": 1.2059090611,
  "CH89RealCentral_r_o_0": -0.2192737068,
  "CH89RealCentral_a_0": 0.7581468391,
  "CH89Coulomb_r_c": 1.226175617,
  "CH89Coulomb_r_c_0": 0.2602262919,
  "CH89SpinOrbit_V_so": 6.4348785346,
  "CH89SpinOrbit_r_so": 1.4901349556,
  "CH89SpinOrbit_r_so_0": -1.7712953859,
  "CH89SpinOrbit_a_so": 0.6748313045,
  "CH89ImagCentral_W_v0": 9.0569107403,
  "CH89ImagCentral_W_ve0": 42.3064461749,
  "CH89ImagCentral_W_vew": 26.8156065456,
  "CH89ImagCentral_W_s0": 14.9127847047,
  "CH89ImagCentral_W_st": 32.2016087832,
  "CH89ImagCentral_W_se0": -3.8146268137,
  "CH89ImagCentral_W_sew": 72.9930952805,
  "CH89ImagCentral_r_w": 1.3397497602,
  "CH89ImagCentral_r_w0": -0.5559304519,
  "CH89ImagCentral_a_w": 0.7288386345
}