{
  "CH89RealCentral_V_0": 54.254259699,
  "CH89RealCentral_V_t": 17.4396099919,
  "CH89RealCentral_V_e": -0.3505530351,
  "CH89RealCentral_r_o": 1.1821189161,
  "CH89RealCentral_r_o_0": -0.062789868,
  "CH89RealCentral_a_0": 0.7258597336,
  "CH89Coulomb_r_c": 1.2451854632,
  "CH89Coulomb_r_c_0": 0.0308967066,
  "CH89SpinOrbit_V_so": 4.8961966447,
  "CH89SpinOrbit_r_so": 1.3882707246,
  "CH89SpinOrbit_r_so_0": -1.4105978511,
  "CH89SpinOrbit_a_so": 0.5606324322,
  "CH89ImagCentral_W_v0": 18.0815065348,
  "CH89ImagCentral_W_ve0": 84.7991816763,
  "CH89ImagCentral_W_vew": 19.1919340655,
  "CH89ImagCentral_W_s0": 11.4152682137,
  "CH89ImagCentral_W_st": 35.0474550239,
  "CH89ImagCentral_W_se0": 30.9534017286,
  "CH89ImagCentral_W_sew": 12.3893358048,
  "CH89ImagCentral_r_w": 1.2536246419,
  "CH89ImagCentral_r_w0": -0.2532138727,
  "CH89ImagCentral_a_w": 0.6594399173
}