{
  "CH89RealCentral_V_0": 58.4020169094,
  "CH89RealCentral_V_t": 24.1375671313,
  "CH89RealCentral_V_e": -0.3673253598,
  "CH89RealCentral_r_o": 1.1688754311,
  "CH89RealCentral_r_o_0": -0.1820183718,
  "CH89RealCentral_a_0": 0.7276439669,
  "CH89Coulomb_r_c": 1.2958449883,
  "CH89Coulomb_r_c_0": -0.0066458978,
  "CH89SpinOrbit_V_so": 5.862550483,
  "CH89SpinOrbit_r_so": 1.3826865065,
  "CH89SpinOrbit_r_so_0": -1.5738581659,
  "CH89SpinOrbit_a_so": 0.6283871187,
  "CH89ImagCentral_W_v0": 7.5474513338,
  "CH89ImagCentral_W_ve0": 28.2286808584,
  "CH89ImagCentral_W_vew": 21.8048357675,
  "CH89ImagCentral_W_s0": 13.9783025906,
  "CH89ImagCentral_W_st": 27.4940243815,
  "CH89ImagCentral_W_se0": 10.8695561734,
  "CH89ImagCentral_W_sew": 53.0775663626,
  "CH89ImagCentral_r_w": 1.3859808441,
  "CH89ImagCentral_r_w0": -1.2011994269,
  "CH89ImagCentral_a_w": 0.8439545046
}