{
  "CH89RealCentral_V_0": 55.9129632416,
  "CH89RealCentral_V_t": 12.1460365544,
  "CH89RealCentral_V_e": -0.3927708604,
  "CH89RealCentral_r_o": 1.2042359245,
  "CH89RealCentral_r_o_0": -0.2156553175,
  "CH89RealCentral_a_0": 0.7436185542,
  "CH89Coulomb_r_c": 1.4046086015,
  "CH89Coulomb_r_c_0": 0.1622488347,
  "CH89SpinOrbit_V_so": 5.2331269802,
  "CH89SpinOrbit_r_so": 1.1976025939,
  "CH89SpinOrbit_r_so_0": -0.728262395,
  "CH89SpinOrbit_a_so": 0.6186316043,
  "CH89ImagCentral_W_v0": 13.1363829067,
  "CH89ImagCentral_W_ve0": 48.9315872933,
  "CH89ImagCentral_W_vew": 45.7532777515,
  "CH89ImagCentral_W_s0": 13.0888913722,
  "CH89ImagCentral_W_st": 45.8897800424,
  "CH89ImagCentral_W_se0": -16.1606011356,
  "CH89ImagCentral_W_sew": 45.0420612085,
  "CH89ImagCentral_r_w": 1.4339572462,
  "CH89ImagCentral_r_w0": -0.9051454682,
  "CH89ImagCentral_a_w": 0.665368602
}