{
  "CH89RealCentral_V_0": 54.2307221126,
  "CH89RealCentral_V_t": 2.3929300553,
  "CH89RealCentral_V_e": -0.3492890726,
  "CH89RealCentral_r_o": 1.238354757,
  "CH89RealCentral_r_o_0": -0.2915346537,
  "CH89RealCentral_a_0": 0.7364595341,
  "CH89Coulomb_r_c": 1.3792410898,
  "CH89Coulomb_r_c_0": 0.0983388896,
  "CH89SpinOrbit_V_so": 4.4001316712,
  "CH89SpinOrbit_r_so": 1.3180096362,
  "CH89SpinOrbit_r_so_0": -1.2198702142,
  "CH89SpinOrbit_a_so": 0.523913266,
  "CH89ImagCentral_W_v0": 7.4507907311,
  "CH89ImagCentral_W_ve0": 51.3341533994,
  "CH89ImagCentral_W_vew": 50.7092770733,
  "CH89ImagCentral_W_s0": 14.3358451208,
  "CH89ImagCentral_W_st": 47.7503424865,
  "CH89ImagCentral_W_se0": 21.2239025783,
  "CH89ImagCentral_W_sew": 35.170650454,
  "CH89ImagCentral_r_w": 1.302292331,
  "CH89ImagCentral_r_w0": -0.1921405786,
  "CH89ImagCentral_a_w": 0.6649221199
}