{
  "CH89RealCentral_V_0": 59.3210588472,
  "CH89RealCentral_V_t": 20.8580483279,
  "CH89RealCentral_V_e": -0.3890270229,
  "CH89RealCentral_r_o": 1.1337320238,
  "CH89RealCentral_r_o_0": -0.1012561943,
  "CH89RealCentral_a_0": 0.740391237,
  "CH89Coulomb_r_c": 1.2036464626,
  "CH89Coulomb_r_c_0": 0.1274897206,
  "CH89SpinOrbit_V_so": 5.6751281,
  "CH89SpinOrbit_r_so": 1.3612210114,
  "CH89SpinOrbit_r_so_0": -1.8090011326,
  "CH89SpinOrbit_a_so": 0.5842078155,
  "CH89ImagCentral_W_v0": 9.2748161194,
  "CH89ImagCentral_W_ve0": 39.0260057079,
  "CH89ImagCentral_W_vew": 42.2770884548,
  "CH89ImagCentral_W_s0": 8.0034801468,
  "CH89ImagCentral_W_st": 21.4323606636,
  "CH89ImagCentral_W_se0": 27.3592643488,
  "CH89ImagCentral_W_sew": 32.4709853724,
  "CH89ImagCentral_r_w": 1.428250349,
  "CH89ImagCentral_r_w0": -0.8242448717,
  "CH89ImagCentral_a_w": 0.7469071613
}