{
  "CH89RealCentral_V_0": 53.5884599777,
  "CH89RealCentral_V_t": 9.0272487412,
  "CH89RealCentral_V_e": -0.3095612544,
  "CH89RealCentral_r_o": 1.2070068546,
  "CH89RealCentral_r_o_0": -0.1201867671,
  "CH89RealCentral_a_0": 0.7627989863,
  "CH89Coulomb_r_c": 1.3216648986,
  "CH89Coulomb_r_c_0": -0.00617174,
  "CH89SpinOrbit_V_so": 4.7696524896,
  "CH89SpinOrbit_r_so": 1.2910532079,
  "CH89SpinOrbit_r_so_0": -0.8076559725,
  "CH89SpinOrbit_a_so": 0.5848586859,
  "CH89ImagCentral_W_v0": 3.342871788,
  "CH89ImagCentral_W_ve0": 6.6311225243,
  "CH89ImagCentral_W_vew": 38.3391132107,
  "CH89ImagCentral_W_s0": 9.0089903534,
  "CH89ImagCentral_W_st": 24.7526158828,
  "CH89ImagCentral_W_se0": 44.5476056059,
  "CH89ImagCentral_W_sew": 63.7328647232,
  "CH89ImagCentral_r_w": 1.3262777568,
  "CH89ImagCentral_r_w0": -0.5499040333,
  "CH89ImagCentral_a_w": 0.6538249732
}