{
  "CH89RealCentral_V_0": 57.320005448,
  "CH89RealCentral_V_t": 16.1815233815,
  "CH89RealCentral_V_e": -0.3058097939,
  "CH89RealCentral_r_o": 1.1562778887,
  "CH89RealCentral_r_o_0": -0.1269364277,
  "CH89RealCentral_a_0": 0.7621762399,
  "CH89Coulomb_r_c": 1.3510767226,
  "CH89Coulomb_r_c_0": 0.0715274953,
  "CH89SpinOrbit_V_so": 5.1706899273,
  "CH89SpinOrbit_r_so": 1.3316756639,
  "CH89SpinOrbit_r_so_0": -1.2865740794,
  "CH89SpinOrbit_a_so": 0.5902752922,
  "CH89ImagCentral_W_v0": 4.0410368643,
  "CH89ImagCentral_W_ve0": 11.1685082786,
  "CH89ImagCentral_W_vew": 31.2559695075,
  "CH89ImagCentral_W_s0": 6.2881926871,
  "CH89ImagCentral_W_st": 11.0898818734,
  "CH89ImagCentral_W_se0": 50.8598300661,
  "CH89ImagCentral_W_sew": 47.2295885179,
  "CH89ImagCentral_r_w": 1.3184998717,
  "CH89ImagCentral_r_w0": -0.5365801286,
  "CH89ImagCentral_a_w": 0.7561188129
}