{
  "CH89RealCentral_V_0": 55.1678179064,
  "CH89RealCentral_V_t": 19.9344895372,
  "CH89RealCentral_V_e": -0.3332772753,
  "CH89RealCentral_r_o": 1.2027791067,
  "CH89RealCentral_r_o_0": -0.2046416678,
  "CH89RealCentral_a_0": 0.717110282,
  "CH89Coulomb_r_c": 1.2277471951,
  "CH89Coulomb_r_c_0": 0.0114580579,
  "CH89SpinOrbit_V_so": 6.5618689003,
  "CH89SpinOrbit_r_so": 1.4440659487,
  "CH89SpinOrbit_r_so_0": -1.6219020264,
  "CH89SpinOrbit_a_so": 0.6565455712,
  "CH89ImagCentral_W_v0": 5.4134396318,
  "CH89ImagCentral_W_ve0": 30.6962717795,
  "CH89ImagCentral_W_vew": 14.9900726988,
  "CH89ImagCentral_W_s0": 16.2296378728,
  "CH89ImagCentral_W_st": 38.3615265361,
  "CH89ImagCentral_W_se0": 37.1692083474,
  "CH89ImagCentral_W_sew": 77.3854035087,
  "CH89ImagCentral_r_w": 1.2625166355,
  "CH89ImagCentral_r_w0": -0.5257346822,
  "CH89ImagCentral_a_w": 0.7830003201
}