{
  "CH89RealCentral_V_0": 57.4640513497,
  "CH89RealCentral_V_t": 27.6726314511,
  "CH89RealCentral_V_e": -0.3893610782,
  "CH89RealCentral_r_o": 1.1652204737,
  "CH89RealCentral_r_o_0": -0.1333800143,
  "CH89RealCentral_a_0": 0.7249934057,
  "CH89Coulomb_r_c": 0.9976044202,
  "CH89Coulomb_r_c_0": 0.0503995325,
  "CH89SpinOrbit_V_so": 5.8911892546,
  "CH89SpinOrbit_r_so": 1.2106714855,
  "CH89SpinOrbit_r_so_0": -1.1623247856,
  "CH89SpinOrbit_a_so": 0.6511653081,
  "CH89ImagCentral_W_v0": 16.2627257868,
  "CH89ImagCentral_W_ve0": 63.9721852859,
  "CH89ImagCentral_W_vew": 39.9238962929,
  "CH89ImagCentral_W_s0": 9.4305227509,
  "CH89ImagCentral_W_st": 22.6816567168,
  "CH89ImagCentral_W_se0": 15.0768777802,
  "CH89ImagCentral_W_sew": 40.2026331539,
  "CH89ImagCentral_r_w": 1.3835205367,
  "CH89ImagCentral_r_w0": -0.4717592714,
  "CH89ImagCentral_a_w": 0.6598667039
}