{
  "CH89RealCentral_V_0": 56.3235592633,
  "CH89RealCentral_V_t": 20.3607706606,
  "CH89RealCentral_V_e": -0.3916523095,
  "CH89RealCentral_r_o": 1.1838230215,
  "CH89RealCentral_r_o_0": -0.1555776593,
  "CH89RealCentral_a_0": 0.7674628077,
  "CH89Coulomb_r_c": 1.1605434972,
  "CH89Coulomb_r_c_0": 0.260237211,
  "CH89SpinOrbit_V_so": 5.1678645022,
  "CH89SpinOrbit_r_so": 1.4523703383,
  "CH89SpinOrbit_r_so_0": -1.7749493102,
  "CH89SpinOrbit_a_so": 0.5779639826,
  "CH89ImagCentral_W_v0": 15.7137148995,
  "CH89ImagCentral_W_ve0": 72.6648240662,
  "CH89ImagCentral_W_vew": 42.7861306463,
  "CH89ImagCentral_W_s0": 13.509404109,
  "CH89ImagCentral_W_st": 19.9951359462,
  "CH89ImagCentral_W_se0": -3.5455809054,
  "CH89ImagCentral_W_sew": 52.2493479215,
  "CH89ImagCentral_r_w": 1.3634007649,
  "CH89ImagCentral_r_w0": -0.3847443554,
  "CH89ImagCentral_a_w": 0.6615144929
}