{
  "CH89RealCentral_V_0": 53.2462611583,
  "CH89RealCentral_V_t": 7.4056436281,
  "CH89RealCentral_V_e": -0.3567352165,
  "CH89RealCentral_r_o": 1.2180835246,
  "CH89RealCentral_r_o_0": -0.1589119815,
  "CH89RealCentral_a_0": 0.721417221,
  "CH89Coulomb_r_c": 1.4270641558,
  "CH89Coulomb_r_c_0": 0.0948299111,
  "CH89SpinOrbit_V_so": 4.7271703486,
  "CH89SpinOrbit_r_so": 1.3159177279,
  "CH89SpinOrbit_r_so_0": -0.9429403412,
  "CH89SpinOrbit_a_so": 0.623888894,
  "CH89ImagCentral_W_v0": 14.4211963686,
  "CH89ImagCentral_W_ve0": 42.8310820825,
  "CH89ImagCentral_W_vew": 30.5418539884,
  "CH89ImagCentral_W_s0": 10.1370430711,
  "CH89ImagCentral_W_st": 26.1785606863,
  "CH89ImagCentral_W_se0": 23.8525741782,
  "CH89ImagCentral_W_sew": 36.5570436905,
  "CH89ImagCentral_r_w": 1.3608572868,
  "CH89ImagCentral_r_w0": -0.2335198812,
  "CH89ImagCentral_a_w": 0.5832861483
}