{
  "CH89RealCentral_V_0": 57.0191662431,
  "CH89RealCentral_V_t": 13.4515913842,
  "CH89RealCentral_V_e": -0.3723633264,
  "CH89RealCentral_r_o": 1.1720849099,
  "CH89RealCentral_r_o_0": -0.1714817574,
  "CH89RealCentral_a_0": 0.7741442407,
  "CH89Coulomb_r_c": 1.4549810279,
  "CH89Coulomb_r_c_0": 0.1873995095,
  "CH89SpinOrbit_V_so": 5.7102735487,
  "CH89SpinOrbit_r_so": 1.1924833233,
  "CH89SpinOrbit_r_so_0": -0.9181496974,
  "CH89SpinOrbit_a_so": 0.6207055024,
  "CH89ImagCentral_W_v0": 14.777707119,
  "CH89ImagCentral_W_ve0": 59.5076948324,
  "CH89ImagCentral_W_vew": 30.5364174047,
  "CH89ImagCentral_W_s0": 10.8733552782,
  "CH89ImagCentral_W_st": 31.3122349436,
  "CH89ImagCentral_W_se0": 16.2676296307,
  "CH89ImagCentral_W_sew": 26.8072262286,
  "CH89ImagCentral_r_w": 1.3259333458,
  "CH89ImagCentral_r_w0": -0.1388667048,
  "CH89ImagCentral_a_w": 0.6557288314
}