{
  "CH89RealCentral_V_0": 57.4184160544,
  "CH89RealCentral_V_t": 12.0238196701,
  "CH89RealCentral_V_e": -0.344646027,
  "CH89RealCentral_r_o": 1.1481068234,
  "CH89RealCentral_r_o_0": -0.0410182408,
  "CH89RealCentral_a_0": 0.7183206729,
  "CH89Coulomb_r_c": 1.325892109,
  "CH89Coulomb_r_c_0": -0.0104856844,
  "CH89SpinOrbit_V_so": 6.182566443,
  "CH89SpinOrbit_r_so": 1.250731728,
  "CH89SpinOrbit_r_so_0": -0.8437053415,
  "CH89SpinOrbit_a_so": 0.6110158182,
  "CH89ImagCentral_W_v0": 7.4915574744,
  "CH89ImagCentral_W_ve0": 44.0569139177,
  "CH89ImagCentral_W_vew": 34.5085561882,
  "CH89ImagCentral_W_s0": 10.7785565196,
  "CH89ImagCentral_W_st": 14.8682767593,
  "CH89ImagCentral_W_se0": 26.6681241309,
  "CH89ImagCentral_W_sew": 69.9493651455,
  "CH89ImagCentral_r_w": 1.4019974407,
  "CH89ImagCentral_r_w0": -0.7384843626,
  "CH89ImagCentral_a_w": 0.7657150168
}