{
  "CH89RealCentral_V_0": 55.7117913565,
  "CH89RealCentral_V_t": 19.1325775679,
  "CH89RealCentral_V_e": -0.373239927,
  "CH89RealCentral_r_o": 1.2005042754,
  "CH89RealCentral_r_o_0": -0.155315896,
  "CH89RealCentral_a_0": 0.6990644544,
  "CH89Coulomb_r_c": 1.2452551216,
  "CH89Coulomb_r_c_0": 0.0389979125,
  "CH89SpinOrbit_V_so": 5.6383331827,
  "CH89SpinOrbit_r_so": 1.3000689784,
  "CH89SpinOrbit_r_so_0": -1.1044697718,
  "CH89SpinOrbit_a_so": 0.5542935095,
  "CH89ImagCentral_W_v0": 7.8216619304,
  "CH89ImagCentral_W_ve0": 38.3963408084,
  "CH89ImagCentral_W_vew": 26.7286133798,
  "CH89ImagCentral_W_s0": 4.1021409803,
  "CH89ImagCentral_W_st": 4.8112849047,
  "CH89ImagCentral_W_se0": 60.2460474769,
  "CH89ImagCentral_W_sew": 51.4723977964,
  "CH89ImagCentral_r_w": 1.3293586173,
  "CH89ImagCentral_r_w0": -0.3796679282,
  "CH89ImagCentral_a_w": 0.6574770089
}