{
  "CH89RealCentral_V_0": 55.7263660838,
  "CH89RealCentral_V_t": 18.9307349012,
  "CH89RealCentral_V_e": -0.3041627377,
  "CH89RealCentral_r_o": 1.166906862,
  "CH89RealCentral_r_o_0": -0.0962371046,
  "CH89RealCentral_a_0": 0.7390850348,
  "CH89Coulomb_r_c": 1.2471601518,
  "CH89Coulomb_r_c_0": 0.0985277723,
  "CH89SpinOrbit_V_so": 5.9176143261,
  "CH89SpinOrbit_r_so": 1.3811804209,
  "CH89SpinOrbit_r_so_0": -1.8907691563,
  "CH89SpinOrbit_a_so": 0.631887372,
  "CH89ImagCentral_W_v0": 9.3996524774,
  "CH89ImagCentral_W_ve0": 37.5374477163,
  "CH89ImagCentral_W_vew": 26.1680796399,
  "CH89ImagCentral_W_s0": 16.3519221558,
  "CH89ImagCentral_W_st": 48.8676118627,
  "CH89ImagCentral_W_se0": -8.6262811223,
  "CH89ImagCentral_W_sew": 40.3611718435,
  "CH89ImagCentral_r_w": 1.2037190464,
  "CH89ImagCentral_r_w0": 0.1941967345,
  "CH89ImagCentral_a_w": 0.7064186887
}