{
  "CH89RealCentral_V_0": 54.7158353164,
  "CH89RealCentral_V_t": 12.2588271276,
  "CH89RealCentral_V_e": -0.3810754071,
  "CH89RealCentral_r_o": 1.2583848141,
  "CH89RealCentral_r_o_0": -0.3884668334,
  "CH89RealCentral_a_0": 0.7267564764,
  "CH89Coulomb_r_c": 1.3537122627,
  "CH89Coulomb_r_c_0": 0.0228569657,
  "CH89SpinOrbit_V_so": 5.366263229,
  "CH89SpinOrbit_r_so": 1.3088356954,
  "CH89SpinOrbit_r_so_0": -1.1161692356,
  "CH89SpinOrbit_a_so": 0.5489515545,
  "CH89ImagCentral_W_v0": 11.9248122421,
  "CH89ImagCentral_W_ve0": 38.0079225292,
  "CH89ImagCentral_W_vew": 30.2899563423,
  "CH89ImagCentral_W_s0": 16.040740906,
  "CH89ImagCentral_W_st": 33.0177346251,
  "CH89ImagCentral_W_se0": 13.934572474,
  "CH89ImagCentral_W_sew": 79.297477559,
  "CH89ImagCentral_r_w": 1.2108955202,
  "CH89ImagCentral_r_w0": 0.077661148,
  "CH89ImagCentral_a_w": 0.7241255971
}