{
  "CH89RealCentral_V_0": 55.5176382664,
  "CH89RealCentral_V_t": 5.7452164262,
  "CH89RealCentral_V_e": -0.3454501301,
  "CH89RealCentral_r_o": 1.1793267575,
  "CH89RealCentral_r_o_0": -0.1165986177,
  "CH89RealCentral_a_0": 0.7215916134,
  "CH89Coulomb_r_c": 1.3261787296,
  "CH89Coulomb_r_c_0": -0.0245684498,
  "CH89SpinOrbit_V_so": 5.4975180346,
  "CH89SpinOrbit_r_so": 1.2738699523,
  "CH89SpinOrbit_r_so_0": -1.5158445352,
  "CH89SpinOrbit_a_so": 0.6085938866,
  "CH89ImagCentral_W_v0": 7.4316088873,
  "CH89ImagCentral_W_ve0": 16.8573381014,
  "CH89ImagCentral_W_vew": 13.2472708135,
  "CH89ImagCentral_W_s0": 7.4543842799,
  "CH89ImagCentral_W_st": 27.2488281181,
  "CH89ImagCentral_W_se0": 32.3204233522,
  "CH89ImagCentral_W_sew": 13.7719582342,
  "CH89ImagCentral_r_w": 1.4546377408,
  "CH89ImagCentral_r_w0": -0.7068152605,
  "CH89ImagCentral_a_w": 0.650418814
}