{
  "CH89RealCentral_V_0": 56.0320334462,
  "CH89RealCentral_V_t": 16.9606702164,
  "CH89RealCentral_V_e": -0.3249118677,
  "CH89RealCentral_r_o": 1.2077748769,
  "CH89RealCentral_r_o_0": -0.2369610123,
  "CH89RealCentral_a_0": 0.6939377021,
  "CH89Coulomb_r_c": 1.2040225674,
  "CH89Coulomb_r_c_0": 0.0793391964,
  "CH89SpinOrbit_V_so": 5.8195488497,
  "CH89SpinOrbit_r_so": 1.2836474778,
  "CH89SpinOrbit_r_so_0": -1.0166413301,
  "CH89SpinOrbit_a_so": 0.5724241147,
  "CH89ImagCentral_W_v0": 7.5215792396,
  "CH89ImagCentral_W_ve0": 14.6614923147,
  "CH89ImagCentral_W_vew": 18.0817600682,
  "CH89ImagCentral_W_s0": 8.8461859538,
  "CH89ImagCentral_W_st": 30.5664428995,
  "CH89ImagCentral_W_se0": 31.8297102417,
  "CH89ImagCentral_W_sew": 70.2962606095,
  "CH89ImagCentral_r_w": 1.2537058788,
  "CH89ImagCentral_r_w0": -0.2536064284,
  "CH89ImagCentral_a_w": 0.7184092375
}