{
  "CH89RealCentral_V_0": 55.4952050555,
  "CH89RealCentral_V_t": 22.4928987986,
  "CH89RealCentral_V_e": -0.3651798093,
  "CH89RealCentral_r_o": 1.1798048923,
  "CH89RealCentral_r_o_0": -0.1813562169,
  "CH89RealCentral_a_0": 0.7476420646,
  "CH89Coulomb_r_c": 1.4451529798,
  "CH89Coulomb_r_c_0": 0.3188110875,
  "CH89SpinOrbit_V_so": 5.2280495707,
  "CH89SpinOrbit_r_so": 1.1334742342,
  "CH89SpinOrbit_r_so_0": -0.613823405,
  "CH89SpinOrbit_a_so": 0.5694996532,
  "CH89ImagCentral_W_v0": 8.7542628003,
  "CH89ImagCentral_W_ve0": 30.9255525737,
  "CH89ImagCentral_W_vew": 18.4189775935,
  "CH89ImagCentral_W_s0": 9.1652169385,
  "CH89ImagCentral_W_st": 22.4573961765,
  "CH89ImagCentral_W_se0": 45.3649923521,
  "CH89ImagCentral_W_sew": 32.9538982988,
  "CH89ImagCentral_r_w": 1.324819928,
  "CH89ImagCentral_r_w0": -0.4243793633,
  "CH89ImagCentral_a_w": 0.6931842785
}