{
  "CH89RealCentral_V_0": 57.6264690719,
  "CH89RealCentral_V_t": 28.6842084957,
  "CH89RealCentral_V_e": -0.328076914,
  "CH89RealCentral_r_o": 1.1703498763,
  "CH89RealCentral_r_o_0": -0.2012515943,
  "CH89RealCentral_a_0": 0.7781347067,
  "CH89Coulomb_r_c": 1.2108036992,
  "CH89Coulomb_r_c_0": 0.0573025809,
  "CH89SpinOrbit_V_so": 4.988359434,
  "CH89SpinOrbit_r_so": 1.4260466513,
  "CH89SpinOrbit_r_so_0": -1.50672494,
  "CH89SpinOrbit_a_so": 0.5869618728,
  "CH89ImagCentral_W_v0": 10.0040106747,
  "CH89ImagCentral_W_ve0": 49.972216481,
  "CH89ImagCentral_W_vew": 30.7284246576,
  "CH89ImagCentral_W_s0": 11.90429121,
  "CH89ImagCentral_W_st": 31.0255439883,
  "CH89ImagCentral_W_se0": 45.8384487532,
  "CH89ImagCentral_W_sew": 58.4146500241,
  "CH89ImagCentral_r_w": 1.1730599395,
  "CH89ImagCentral_r_w0": 0.0918138999,
  "CH89ImagCentral_a_w": 0.6302892418
}