{
  "CH89RealCentral_V_0": 57.2773614493,
  "CH89RealCentral_V_t": 0.0943625445,
  "CH89RealCentral_V_e": -0.3408018513,
  "CH89RealCentral_r_o": 1.2233340284,
  "CH89RealCentral_r_o_0": -0.3583160081,
  "CH89RealCentral_a_0": 0.7448045803,
  "CH89Coulomb_r_c": 1.2042392538,
  "CH89Coulomb_r_c_0": 0.1520756273,
  "CH89SpinOrbit_V_so": 5.9377639772,
  "CH89SpinOrbit_r_so": 1.1079918148,
  "CH89SpinOrbit_r_so_0": -0.2854282656,
  "CH89SpinOrbit_a_so": 0.601091169,
  "CH89ImagCentral_W_v0": 9.6217838148,
  "CH89ImagCentral_W_ve0": 16.5729089397,
  "CH89ImagCentral_W_vew": 19.1602685409,
  "CH89ImagCentral_W_s0": 12.5354521855,
  "CH89ImagCentral_W_st": 57.712586883,
  "CH89ImagCentral_W_se0": -5.234402782,
  "CH89ImagCentral_W_sew": 1.1246374083,
  "CH89ImagCentral_r_w": 1.3032597334,
  "CH89ImagCentral_r_w0": -0.0298441955,
  "CH89ImagCentral_a_w": 0.7081570612
}