{
  "CH89RealCentral_V_0": 53.6560655435,
  "CH89RealCentral_V_t": 10.1761443845,
  "CH89RealCentral_V_e": -0.3391048893,
  "CH89RealCentral_r_o": 1.25032209,
  "CH89RealCentral_r_o_0": -0.2804624031,
  "CH89RealCentral_a_0": 0.7421074699,
  "CH89Coulomb_r_c": 1.321565689,
  "CH89Coulomb_r_c_0": 0.1748700101,
  "CH89SpinOrbit_V_so": 5.6065145716,
  "CH89SpinOrbit_r_so": 1.2982358375,
  "CH89SpinOrbit_r_so_0": -0.9004871043,
  "CH89SpinOrbit_a_so": 0.5587778902,
  "CH89ImagCentral_W_v0": 9.8814814369,
  "CH89ImagCentral_W_ve0": 43.1857558993,
  "CH89ImagCentral_W_vew": 31.6463310091,
  "CH89ImagCentral_W_s0": 7.5918084006,
  "CH89ImagCentral_W_st": 18.179717316,
  "CH89ImagCentral_W_se0": 47.5672271357,
  "CH89ImagCentral_W_sew": 51.6689176963,
  "CH89ImagCentral_r_w": 1.2796835074,
  "CH89ImagCentral_r_w0": -0.2304735726,
  "CH89ImagCentral_a_w": 0.6280463199
}