{
  "CH89RealCentral_V_0": 54.2257804429,
  "CH89RealCentral_V_t": 13.6697469609,
  "CH89RealCentral_V_e": -0.292366783,
  "CH89RealCentral_r_o": 1.2048104392,
  "CH89RealCentral_r_o_0": -0.2430712531,
  "CH89RealCentral_a_0": 0.7688896149,
  "CH89Coulomb_r_c": 1.4104964026,
  "CH89Coulomb_r_c_0": 0.2802285314,
  "CH89SpinOrbit_V_so": 4.9695193617,
  "CH89SpinOrbit_r_so": 1.4730145111,
  "CH89SpinOrbit_r_so_0": -1.5656677535,
  "CH89SpinOrbit_a_so": 0.6000334798,
  "CH89ImagCentral_W_v0": 10.0910143712,
  "CH89ImagCentral_W_ve0": 59.267520054,
  "CH89ImagCentral_W_vew": 23.2748274917,
  "CH89ImagCentral_W_s0": 13.6850195741,
  "CH89ImagCentral_W_st": 23.44427568,
  "CH89ImagCentral_W_se0": 26.8306419539,
  "CH89ImagCentral_W_sew": 5.0433273775,
  "CH89ImagCentral_r_w": 1.2669561522,
  "CH89ImagCentral_r_w0": -0.2098089118,
  "CH89ImagCentral_a_w": 0.7563174323
}