{
  "CH89RealCentral_V_0": 54.9529676007,
  "CH89RealCentral_V_t": 5.9062615687,
  "CH89RealCentral_V_e": -0.3542304854,
  "CH89RealCentral_r_o": 1.222671658,
  "CH89RealCentral_r_o_0": -0.2320977465,
  "CH89RealCentral_a_0": 0.7298333313,
  "CH89Coulomb_r_c": 1.1960016035,
  "CH89Coulomb_r_c_0": 0.2597500924,
  "CH89SpinOrbit_V_so": 5.0674016977,
  "CH89SpinOrbit_r_so": 1.0504567198,
  "CH89SpinOrbit_r_so_0": 0.0949428683,
  "CH89SpinOrbit_a_so": 0.6751078672,
  "CH89ImagCentral_W_v0": 5.1544772737,
  "CH89ImagCentral_W_ve0": 29.839759025,
  "CH89ImagCentral_W_vew": 16.3676364731,
  "CH89ImagCentral_W_s0": 12.7095597202,
  "CH89ImagCentral_W_st": 32.7874999556,
  "CH89ImagCentral_W_se0": 6.9264682979,
  "CH89ImagCentral_W_sew": 43.0367180916,
  "CH89ImagCentral_r_w": 1.3414674997,
  "CH89ImagCentral_r_w0": -0.2752909666,
  "CH89ImagCentral_a_w": 0.6228366722
}