{
  "CH89RealCentral_V_0": 55.2355214066,
  "CH89RealCentral_V_t": 9.4078569686,
  "CH89RealCentral_V_e": -0.4073551087,
  "CH89RealCentral_r_o": 1.1795188737,
  "CH89RealCentral_r_o_0": -0.0351065558,
  "CH89RealCentral_a_0": 0.6907579108,
  "CH89Coulomb_r_c": 1.0984844917,
  "CH89Coulomb_r_c_0": -0.0099615324,
  "CH89SpinOrbit_V_so": 5.252878251,
  "CH89SpinOrbit_r_so": 1.422634898,
  "CH89SpinOrbit_r_so_0": -1.8258193626,
  "CH89SpinOrbit_a_so": 0.6479593103,
  "CH89ImagCentral_W_v0": 11.125985465,
  "CH89ImagCentral_W_ve0": 33.2562069469,
  "CH89ImagCentral_W_vew": 30.6322629073,
  "CH89ImagCentral_W_s0": 4.6734065836,
  "CH89ImagCentral_W_st": 27.472242215,
  "CH89ImagCentral_W_se0": 27.7640432914,
  "CH89ImagCentral_W_sew": 21.7712688063,
  "CH89ImagCentral_r_w": 1.4461472403,
  "CH89ImagCentral_r_w0": -0.8945476508,
  "CH89ImagCentral_a_w": 0.6916106938
}