{
  "CH89RealCentral_V_0": 54.0269403174,
  "CH89RealCentral_V_t": 13.6847373564,
  "CH89RealCentral_V_e": -0.3788279834,
  "CH89RealCentral_r_o": 1.1627099803,
  "CH89RealCentral_r_o_0": 0.0151184995,
  "CH89RealCentral_a_0": 0.7397762416,
  "CH89Coulomb_r_c": 1.2329316911,
  "CH89Coulomb_r_c_0": 0.0702775218,
  "CH89SpinOrbit_V_so": 6.2326225312,
  "CH89SpinOrbit_r_so": 1.1495121148,
  "CH89SpinOrbit_r_so_0": -0.3826608528,
  "CH89SpinOrbit_a_so": 0.61867172,
  "CH89ImagCentral_W_v0": 13.16810275,
  "CH89ImagCentral_W_ve0": 65.0729711797,
  "CH89ImagCentral_W_vew": 27.1577736568,
  "CH89ImagCentral_W_s0": 13.6550690822,
  "CH89ImagCentral_W_st": 28.0317169982,
  "CH89ImagCentral_W_se0": 30.0345540717,
  "CH89ImagCentral_W_sew": 31.820114506,
  "CH89ImagCentral_r_w": 1.3103604858,
  "CH89ImagCentral_r_w0": -0.1820322102,
  "CH89ImagCentral_a_w": 0.6831447238
}