{
  "CH89RealCentral_V_0": 56.2374600589,
  "CH89RealCentral_V_t": 15.122470403,
  "CH89RealCentral_V_e": -0.3324178047,
  "CH89RealCentral_r_o": 1.1827703362,
  "CH89RealCentral_r_o_0": -0.2638794884,
  "CH89RealCentral_a_0": 0.7706532583,
  "CH89Coulomb_r_c": 1.2933804066,
  "CH89Coulomb_r_c_0": -0.0098771172,
  "CH89SpinOrbit_V_so": 5.7449731649,
  "CH89SpinOrbit_r_so": 1.2156327008,
  "CH89SpinOrbit_r_so_0": -0.9349786496,
  "CH89SpinOrbit_a_so": 0.5467449846,
  "CH89ImagCentral_W_v0": 11.9155659486,
  "CH89ImagCentral_W_ve0": 47.7789393748,
  "CH89ImagCentral_W_vew": 32.3659513454,
  "CH89ImagCentral_W_s0": 9.6864667357,
  "CH89ImagCentral_W_st": 22.2769845139,
  "CH89ImagCentral_W_se0": 10.9353641267,
  "CH89ImagCentral_W_sew": 28.0414232558,
  "CH89ImagCentral_r_w": 1.4802754342,
  "CH89ImagCentral_r_w0": -0.7988858975,
  "CH89ImagCentral_a_w": 0.7528528516
}