{
  "CH89RealCentral_V_0": 56.3124658866,
  "CH89RealCentral_V_t": 8.7853110384,
  "CH89RealCentral_V_e": -0.3653987593,
  "CH89RealCentral_r_o": 1.2308728795,
  "CH89RealCentral_r_o_0": -0.3426523278,
  "CH89RealCentral_a_0": 0.7148419705,
  "CH89Coulomb_r_c": 1.3872907836,
  "CH89Coulomb_r_c_0": 0.0998300497,
  "CH89SpinOrbit_V_so": 5.3760823877,
  "CH89SpinOrbit_r_so": 1.2748417674,
  "CH89SpinOrbit_r_so_0": -0.6217766778,
  "CH89SpinOrbit_a_so": 0.606355639,
  "CH89ImagCentral_W_v0": 8.4689162656,
  "CH89ImagCentral_W_ve0": 23.0910293602,
  "CH89ImagCentral_W_vew": 15.4935363477,
  "CH89ImagCentral_W_s0": 12.5601222238,
  "CH89ImagCentral_W_st": 47.6612289451,
  "CH89ImagCentral_W_se0": 9.5184605984,
  "CH89ImagCentral_W_sew": 20.3670377506,
  "CH89ImagCentral_r_w": 1.262674055,
  "CH89ImagCentral_r_w0": -0.1755536029,
  "CH89ImagCentral_a_w": 0.7766937691
}