{
  "CH89RealCentral_V_0": 55.8271666207,
  "CH89RealCentral_V_t": 11.6450417431,
  "CH89RealCentral_V_e": -0.3799329893,
  "CH89RealCentral_r_o": 1.2078631054,
  "CH89RealCentral_r_o_0": -0.2015855651,
  "CH89RealCentral_a_0": 0.7087987065,
  "CH89Coulomb_r_c": 1.1696234577,
  "CH89Coulomb_r_c_0": 0.0582707679,
  "CH89SpinOrbit_V_so": 5.1107738118,
  "CH89SpinOrbit_r_so": 1.3425237041,
  "CH89SpinOrbit_r_so_0": -1.3582199751,
  "CH89SpinOrbit_a_so": 0.5586719885,
  "CH89ImagCentral_W_v0": 10.7120293829,
  "CH89ImagCentral_W_ve0": 34.0821565644,
  "CH89ImagCentral_W_vew": 25.7803770928,
  "CH89ImagCentral_W_s0": 11.0174050579,
  "CH89ImagCentral_W_st": 42.9325937053,
  "CH89ImagCentral_W_se0": -6.8760788583,
  "CH89ImagCentral_W_sew": 12.314900974,
  "CH89ImagCentral_r_w": 1.4661559297,
  "CH89ImagCentral_r_w0": -1.0808202139,
  "CH89ImagCentral_a_w": 0.7295907145
}