{
  "CH89RealCentral_V_0": 58.2562385611,
  "CH89RealCentral_V_t": 10.6078787017,
  "CH89RealCentral_V_e": -0.3658231329,
  "CH89RealCentral_r_o": 1.2185485593,
  "CH89RealCentral_r_o_0": -0.3521109801,
  "CH89RealCentral_a_0": 0.7388123945,
  "CH89Coulomb_r_c": 1.3394500521,
  "CH89Coulomb_r_c_0": 0.1334347066,
  "CH89SpinOrbit_V_so": 4.998026074,
  "CH89SpinOrbit_r_so": 1.3110983707,
  "CH89SpinOrbit_r_so_0": -1.220268131,
  "CH89SpinOrbit_a_so": 0.5939205973,
  "CH89ImagCentral_W_v0": 5.7081332166,
  "CH89ImagCentral_W_ve0": -9.8017691893,
  "CH89ImagCentral_W_vew": -1.6952719784,
  "CH89ImagCentral_W_s0": 10.4953879679,
  "CH89ImagCentral_W_st": 35.7703196574,
  "CH89ImagCentral_W_se0": 30.5344126952,
  "CH89ImagCentral_W_sew": 30.1373645175,
  "CH89ImagCentral_r_w": 1.3785725652,
  "CH89ImagCentral_r_w0": -0.8087028979,
  "CH89ImagCentral_a_w": 0.7288451969
}