{
  "CH89RealCentral_V_0": 56.7886650757,
  "CH89RealCentral_V_t": 8.5380007937,
  "CH89RealCentral_V_e": -0.3394143033,
  "CH89RealCentral_r_o": 1.1677660686,
  "CH89RealCentral_r_o_0": -0.0748071885,
  "CH89RealCentral_a_0": 0.7207058371,
  "CH89Coulomb_r_c": 1.0919614653,
  "CH89Coulomb_r_c_0": 0.1606662733,
  "CH89SpinOrbit_V_so": 5.1537192212,
  "CH89SpinOrbit_r_so": 1.3099896101,
  "CH89SpinOrbit_r_so_0": -1.0720517148,
  "CH89SpinOrbit_a_so": 0.6016682435,
  "CH89ImagCentral_W_v0": 6.2428522358,
  "CH89ImagCentral_W_ve0": -19.7016487593,
  "CH89ImagCentral_W_vew": 9.9542138119,
  "CH89ImagCentral_W_s0": 12.886259705,
  "CH89ImagCentral_W_st": 48.2236182107,
  "CH89ImagCentral_W_se0": -14.6466992462,
  "CH89ImagCentral_W_sew": 34.887476071,
  "CH89ImagCentral_r_w": 1.5238580974,
  "CH89ImagCentral_r_w0": -1.0507878234,
  "CH89ImagCentral_a_w": 0.6451920259
}