{
  "CH89RealCentral_V_0": 54.6223590747,
  "CH89RealCentral_V_t": 3.8907746411,
  "CH89RealCentral_V_e": -0.3435382724,
  "CH89RealCentral_r_o": 1.2200027971,
  "CH89RealCentral_r_o_0": -0.1611233164,
  "CH89RealCentral_a_0": 0.727009242,
  "CH89Coulomb_r_c": 1.1833777206,
  "CH89Coulomb_r_c_0": 0.0890981521,
  "CH89SpinOrbit_V_so": 5.0587113985,
  "CH89SpinOrbit_r_so": 1.2992380224,
  "CH89SpinOrbit_r_so_0": -0.8412652549,
  "CH89SpinOrbit_a_so": 0.6532659842,
  "CH89ImagCentral_W_v0": 15.2044237256,
  "CH89ImagCentral_W_ve0": 57.6753783817,
  "CH89ImagCentral_W_vew": 19.1519959683,
  "CH89ImagCentral_W_s0": 13.9757372468,
  "CH89ImagCentral_W_st": 23.5730688056,
  "CH89ImagCentral_W_se0": 17.2750996645,
  "CH89ImagCentral_W_sew": 19.9194849841,
  "CH89ImagCentral_r_w": 1.2745671704,
  "CH89ImagCentral_r_w0": -0.278699028,
  "CH89ImagCentral_a_w": 0.7096595179
}