{
  "CH89RealCentral_V_0": 57.1311464278,
  "CH89RealCentral_V_t": 10.2692714381,
  "CH89RealCentral_V_e": -0.3863609376,
  "CH89RealCentral_r_o": 1.2036336245,
  "CH89RealCentral_r_o_0": -0.1855802958,
  "CH89RealCentral_a_0": 0.7027086344,
  "CH89Coulomb_r_c": 1.1941772298,
  "CH89Coulomb_r_c_0": 0.2144279924,
  "CH89SpinOrbit_V_so": 4.7999648636,
  "CH89SpinOrbit_r_so": 1.2302531489,
  "CH89SpinOrbit_r_so_0": -0.8390296034,
  "CH89SpinOrbit_a_so": 0.531009092,
  "CH89ImagCentral_W_v0": 9.3521609362,
  "CH89ImagCentral_W_ve0": 31.6795228739,
  "CH89ImagCentral_W_vew": 30.6215147192,
  "CH89ImagCentral_W_s0": 5.6583059474,
  "CH89ImagCentral_W_st": 22.3119505547,
  "CH89ImagCentral_W_se0": 49.0043063679,
  "CH89ImagCentral_W_sew": 82.7840314266,
  "CH89ImagCentral_r_w": 1.3376156605,
  "CH89ImagCentral_r_w0": -0.5753894309,
  "CH89ImagCentral_a_w": 0.6701801896
}