{
  "CH89RealCentral_V_0": 56.735611661,
  "CH89RealCentral_V_t": 23.3913318747,
  "CH89RealCentral_V_e": -0.3514809793,
  "CH89RealCentral_r_o": 1.2190172408,
  "CH89RealCentral_r_o_0": -0.3096481722,
  "CH89RealCentral_a_0": 0.7355780774,
  "CH89Coulomb_r_c": 1.2492891286,
  "CH89Coulomb_r_c_0": 0.0260410893,
  "CH89SpinOrbit_V_so": 5.5705322748,
  "CH89SpinOrbit_r_so": 1.4255144867,
  "CH89SpinOrbit_r_so_0": -1.648388757,
  "CH89SpinOrbit_a_so": 0.5665670536,
  "CH89ImagCentral_W_v0": -1.4697892022,
  "CH89ImagCentral_W_ve0": -9.9715871205,
  "CH89ImagCentral_W_vew": 8.2890685359,
  "CH89ImagCentral_W_s0": 17.0665681301,
  "CH89ImagCentral_W_st": 25.7019514261,
  "CH89ImagCentral_W_se0": 32.4560820123,
  "CH89ImagCentral_W_sew": 64.117438044,
  "CH89ImagCentral_r_w": 1.2881424504,
  "CH89ImagCentral_r_w0": -0.5946911377,
  "CH89ImagCentral_a_w": 0.7069122577
}