{
  "CH89RealCentral_V_0": 55.4452318328,
  "CH89RealCentral_V_t": 4.0756574236,
  "CH89RealCentral_V_e": -0.3677672624,
  "CH89RealCentral_r_o": 1.1801807089,
  "CH89RealCentral_r_o_0": -0.0707700463,
  "CH89RealCentral_a_0": 0.7489706842,
  "CH89Coulomb_r_c": 1.3964543265,
  "CH89Coulomb_r_c_0": 0.058853553,
  "CH89SpinOrbit_V_so": 5.3667728239,
  "CH89SpinOrbit_r_so": 1.0739686079,
  "CH89SpinOrbit_r_so_0": 0.075072763,
  "CH89SpinOrbit_a_so": 0.6155933976,
  "CH89ImagCentral_W_v0": 10.0807445022,
  "CH89ImagCentral_W_ve0": 34.4483368953,
  "CH89ImagCentral_W_vew": 23.1125495367,
  "CH89ImagCentral_W_s0": 10.9938805312,
  "CH89ImagCentral_W_st": 35.3116972466,
  "CH89ImagCentral_W_se0": 21.6417990192,
  "CH89ImagCentral_W_sew": 8.3812968865,
  "CH89ImagCentral_r_w": 1.4400463416,
  "CH89ImagCentral_r_w0": -0.9691057585,
  "CH89ImagCentral_a_w": 0.7022725709
}