{
  "CH89RealCentral_V_0": 55.2861603277,
  "CH89RealCentral_V_t": 18.5497054883,
  "CH89RealCentral_V_e": -0.3628284097,
  "CH89RealCentral_r_o": 1.1626459898,
  "CH89RealCentral_r_o_0": 0.0351069312,
  "CH89RealCentral_a_0": 0.729511336,
  "CH89Coulomb_r_c": 1.2744269433,
  "CH89Coulomb_r_c_0": 0.0144569435,
  "CH89SpinOrbit_V_so": 5.8088181376,
  "CH89SpinOrbit_r_so": 1.3310179815,
  "CH89SpinOrbit_r_so_0": -1.0403604362,
  "CH89SpinOrbit_a_so": 0.6172770712,
  "CH89ImagCentral_W_v0": 12.6164298649,
  "CH89ImagCentral_W_ve0": 28.1483191903,
  "CH89ImagCentral_W_vew": 12.738160211,
  "CH89ImagCentral_W_s0": 19.485947295,
  "CH89ImagCentral_W_st": 50.0187967518,
  "CH89ImagCentral_W_se0": -25.7940929068,
  "CH89ImagCentral_W_sew": 61.4886011469,
  "CH89ImagCentral_r_w": 1.3395851792,
  "CH89ImagCentral_r_w0": -0.8301458979,
  "CH89ImagCentral_a_w": 0.7031738708
}