{
  "CH89RealCentral_V_0": 56.4117005728,
  "CH89RealCentral_V_t": 0.1896771216,
  "CH89RealCentral_V_e": -0.296680891,
  "CH89RealCentral_r_o": 1.2256612066,
  "CH89RealCentral_r_o_0": -0.3014132345,
  "CH89RealCentral_a_0": 0.7339385986,
  "CH89Coulomb_r_c": 1.4004004716,
  "CH89Coulomb_r_c_0": -0.0179305047,
  "CH89SpinOrbit_V_so": 6.2181846339,
  "CH89SpinOrbit_r_so": 1.3129514231,
  "CH89SpinOrbit_r_so_0": -1.016742885,
  "CH89SpinOrbit_a_so": 0.653136381,
  "CH89ImagCentral_W_v0": 10.4823523511,
  "CH89ImagCentral_W_ve0": 26.0329794055,
  "CH89ImagCentral_W_vew": 35.0765108827,
  "CH89ImagCentral_W_s0": 7.9418126541,
  "CH89ImagCentral_W_st": 26.5607330656,
  "CH89ImagCentral_W_se0": 17.0074286255,
  "CH89ImagCentral_W_sew": 32.9841433068,
  "CH89ImagCentral_r_w": 1.4182529904,
  "CH89ImagCentral_r_w0": -0.8124921516,
  "CH89ImagCentral_a_w": 0.6978437073
}