{
  "CH89RealCentral_V_0": 56.2357152291,
  "CH89RealCentral_V_t": 11.9282328751,
  "CH89RealCentral_V_e": -0.3586347254,
  "CH89RealCentral_r_o": 1.2333806854,
  "CH89RealCentral_r_o_0": -0.3084598849,
  "CH89RealCentral_a_0": 0.7352387241,
  "CH89Coulomb_r_c": 1.2075812542,
  "CH89Coulomb_r_c_0": 0.2166447214,
  "CH89SpinOrbit_V_so": 5.8028814071,
  "CH89SpinOrbit_r_so": 1.4717043806,
  "CH89SpinOrbit_r_so_0": -1.8306009716,
  "CH89SpinOrbit_a_so": 0.6260454423,
  "CH89ImagCentral_W_v0": 14.0216712386,
  "CH89ImagCentral_W_ve0": 43.4669106238,
  "CH89ImagCentral_W_vew": 27.7587372399,
  "CH89ImagCentral_W_s0": 13.0089802638,
  "CH89ImagCentral_W_st": 39.5611930271,
  "CH89ImagCentral_W_se0": -4.7661217196,
  "CH89ImagCentral_W_sew": 45.7361263844,
  "CH89ImagCentral_r_w": 1.2977364887,
  "CH89ImagCentral_r_w0": -0.2705280371,
  "CH89ImagCentral_a_w": 0.6571706286
}