{
  "CH89RealCentral_V_0": 60.4914945937,
  "CH89RealCentral_V_t": 14.9389358607,
  "CH89RealCentral_V_e": -0.3879207513,
  "CH89RealCentral_r_o": 1.1986033229,
  "CH89RealCentral_r_o_0": -0.4031516744,
  "CH89RealCentral_a_0": 0.7470907843,
  "CH89Coulomb_r_c": 1.1695568519,
  "CH89Coulomb_r_c_0": 0.0817153441,
  "CH89SpinOrbit_V_so": 5.7845767268,
  "CH89SpinOrbit_r_so": 1.2987524817,
  "CH89SpinOrbit_r_so_0": -1.0004122604,
  "CH89SpinOrbit_a_so": 0.6636938014,
  "CH89ImagCentral_W_v0": 9.4702145049,
  "CH89ImagCentral_W_ve0": 15.8348396702,
  "CH89ImagCentral_W_vew": 31.3873823077,
  "CH89ImagCentral_W_s0": 3.0223899595,
  "CH89ImagCentral_W_st": 22.8678145378,
  "CH89ImagCentral_W_se0": 59.7352968975,
  "CH89ImagCentral_W_sew": 23.4497762948,
  "CH89ImagCentral_r_w": 1.3078652873,
  "CH89ImagCentral_r_w0": -0.2092644032,
  "CH89ImagCentral_a_w": 0.7822618377
}