{
  "CH89RealCentral_V_0": 55.6956733362,
  "CH89RealCentral_V_t": 11.2052459142,
  "CH89RealCentral_V_e": -0.3652944519,
  "CH89RealCentral_r_o": 1.1768912824,
  "CH89RealCentral_r_o_0": -0.1399877875,
  "CH89RealCentral_a_0": 0.7524601189,
  "CH89Coulomb_r_c": 1.5102997913,
  "CH89Coulomb_r_c_0": 0.0225016308,
  "CH89SpinOrbit_V_so": 5.9343434896,
  "CH89SpinOrbit_r_so": 1.2118808908,
  "CH89SpinOrbit_r_so_0": -0.656423662,
  "CH89SpinOrbit_a_so": 0.5974306573,
  "CH89ImagCentral_W_v0": 8.974433773,
  "CH89ImagCentral_W_ve0": 41.2091199347,
  "CH89ImagCentral_W_vew": 27.6152782507,
  "CH89ImagCentral_W_s0": 12.6693603673,
  "CH89ImagCentral_W_st": 26.50462513,
  "CH89ImagCentral_W_se0": 6.7813376392,
  "CH89ImagCentral_W_sew": 70.7006086284,
  "CH89ImagCentral_r_w": 1.3326513044,
  "CH89ImagCentral_r_w0": -0.6153735694,
  "CH89ImagCentral_a_w": 0.7708962971
}