{
  "CH89RealCentral_V_0": 57.751662716,
  "CH89RealCentral_V_t": 8.2094814219,
  "CH89RealCentral_V_e": -0.3556432337,
  "CH89RealCentral_r_o": 1.2027597667,
  "CH89RealCentral_r_o_0": -0.2645384741,
  "CH89RealCentral_a_0": 0.729956118,
  "CH89Coulomb_r_c": 1.2093980323,
  "CH89Coulomb_r_c_0": 0.1662398753,
  "CH89SpinOrbit_V_so": 5.6559983775,
  "CH89SpinOrbit_r_so": 1.1587786092,
  "CH89SpinOrbit_r_so_0": -0.3415569558,
  "CH89SpinOrbit_a_so": 0.6352387043,
  "CH89ImagCentral_W_v0": 13.2510424392,
  "CH89ImagCentral_W_ve0": 22.2082785724,
  "CH89ImagCentral_W_vew": 14.990259502,
  "CH89ImagCentral_W_s0": 9.6029752046,
  "CH89ImagCentral_W_st": 36.9909724647,
  "CH89ImagCentral_W_se0": 15.4173482669,
  "CH89ImagCentral_W_sew": 36.3781567964,
  "CH89ImagCentral_r_w": 1.3734829783,
  "CH89ImagCentral_r_w0": -0.4836947691,
  "CH89ImagCentral_a_w": 0.7216187816
}