{
  "CH89RealCentral_V_0": 55.2236166322,
  "CH89RealCentral_V_t": 10.3999928758,
  "CH89RealCentral_V_e": -0.3632469119,
  "CH89RealCentral_r_o": 1.2277855175,
  "CH89RealCentral_r_o_0": -0.2410539521,
  "CH89RealCentral_a_0": 0.7060043377,
  "CH89Coulomb_r_c": 1.1513328611,
  "CH89Coulomb_r_c_0": 0.0259685625,
  "CH89SpinOrbit_V_so": 6.132493766,
  "CH89SpinOrbit_r_so": 1.2137197093,
  "CH89SpinOrbit_r_so_0": -0.836349092,
  "CH89SpinOrbit_a_so": 0.6759577281,
  "CH89ImagCentral_W_v0": 2.8591872804,
  "CH89ImagCentral_W_ve0": -4.2569286676,
  "CH89ImagCentral_W_vew": 10.9852666569,
  "CH89ImagCentral_W_s0": 15.3027726355,
  "CH89ImagCentral_W_st": 41.6268671043,
  "CH89ImagCentral_W_se0": -25.3903930023,
  "CH89ImagCentral_W_sew": 56.0775970362,
  "CH89ImagCentral_r_w": 1.3134747762,
  "CH89ImagCentral_r_w0": -0.3758178897,
  "CH89ImagCentral_a_w": 0.6393386307
}