{
  "CH89RealCentral_V_0": 57.1517161559,
  "CH89RealCentral_V_t": 14.5285529343,
  "CH89RealCentral_V_e": -0.3521877384,
  "CH89RealCentral_r_o": 1.1559591682,
  "CH89RealCentral_r_o_0": -0.115321305,
  "CH89RealCentral_a_0": 0.7649581996,
  "CH89Coulomb_r_c": 1.2369088454,
  "CH89Coulomb_r_c_0": 0.0266655286,
  "CH89SpinOrbit_V_so": 5.5014235105,
  "CH89SpinOrbit_r_so": 1.4047437563,
  "CH89SpinOrbit_r_so_0": -1.7152694353,
  "CH89SpinOrbit_a_so": 0.6113437638,
  "CH89ImagCentral_W_v0": 12.517279935,
  "CH89ImagCentral_W_ve0": 62.2750020071,
  "CH89ImagCentral_W_vew": 44.3035241979,
  "CH89ImagCentral_W_s0": 7.5190169245,
  "CH89ImagCentral_W_st": 29.7765442099,
  "CH89ImagCentral_W_se0": 41.934987861,
  "CH89ImagCentral_W_sew": 56.2357300647,
  "CH89ImagCentral_r_w": 1.2564784041,
  "CH89ImagCentral_r_w0": -0.1539743627,
  "CH89ImagCentral_a_w": 0.752852236
}