{
  "CH89RealCentral_V_0": 53.8314870939,
  "CH89RealCentral_V_t": 13.5614330326,
  "CH89RealCentral_V_e": -0.3327183644,
  "CH89RealCentral_r_o": 1.2127157308,
  "CH89RealCentral_r_o_0": -0.1858635248,
  "CH89RealCentral_a_0": 0.7120962438,
  "CH89Coulomb_r_c": 1.3121089173,
  "CH89Coulomb_r_c_0": 0.1251429433,
  "CH89SpinOrbit_V_so": 4.0679670166,
  "CH89SpinOrbit_r_so": 1.3457251068,
  "CH89SpinOrbit_r_so_0": -1.3352914419,
  "CH89SpinOrbit_a_so": 0.5476794911,
  "CH89ImagCentral_W_v0": 4.9872283981,
  "CH89ImagCentral_W_ve0": 36.5189138975,
  "CH89ImagCentral_W_vew": 25.8445103293,
  "CH89ImagCentral_W_s0": 15.6948682606,
  "CH89ImagCentral_W_st": 31.3366309157,
  "CH89ImagCentral_W_se0": 0.4470319169,
  "CH89ImagCentral_W_sew": 30.1361524317,
  "CH89ImagCentral_r_w": 1.339712669,
  "CH89ImagCentral_r_w0": -0.5312347798,
  "CH89ImagCentral_a_w": 0.7035904351
}