{
  "CH89RealCentral_V_0": 53.7560153964,
  "CH89RealCentral_V_t": 12.9399950343,
  "CH89RealCentral_V_e": -0.3386504152,
  "CH89RealCentral_r_o": 1.285826347,
  "CH89RealCentral_r_o_0": -0.3767194089,
  "CH89RealCentral_a_0": 0.6797801534,
  "CH89Coulomb_r_c": 1.2922191936,
  "CH89Coulomb_r_c_0": 0.3573831568,
  "CH89SpinOrbit_V_so": 5.2394990198,
  "CH89SpinOrbit_r_so": 1.3397438083,
  "CH89SpinOrbit_r_so_0": -1.1642622746,
  "CH89SpinOrbit_a_so": 0.5829698753,
  "CH89ImagCentral_W_v0": 13.6518332654,
  "CH89ImagCentral_W_ve0": 56.3436281741,
  "CH89ImagCentral_W_vew": 29.1019391831,
  "CH89ImagCentral_W_s0": 10.1597485862,
  "CH89ImagCentral_W_st": 22.0614051475,
  "CH89ImagCentral_W_se0": 42.8873566239,
  "CH89ImagCentral_W_sew": 94.0591110105,
  "CH89ImagCentral_r_w": 1.288952919,
  "CH89ImagCentral_r_w0": -1.0402448549,
  "CH89ImagCentral_a_w": 0.7768402494
}