{
  "CH89RealCentral_V_0": 55.2165610466,
  "CH89RealCentral_V_t": 15.6490989422,
  "CH89RealCentral_V_e": -0.3594509191,
  "CH89RealCentral_r_o": 1.2503466843,
  "CH89RealCentral_r_o_0": -0.4477844931,
  "CH89RealCentral_a_0": 0.7227758722,
  "CH89Coulomb_r_c": 1.3038831032,
  "CH89Coulomb_r_c_0": 0.0436033693,
  "CH89SpinOrbit_V_so": 6.191755642,
  "CH89SpinOrbit_r_so": 1.2653047492,
  "CH89SpinOrbit_r_so_0": -0.7510665137,
  "CH89SpinOrbit_a_so": 0.649692057,
  "CH89ImagCentral_W_v0": 12.463851141,
  "CH89ImagCentral_W_ve0": 45.1466382439,
  "CH89ImagCentral_W_vew": 15.0743860507,
  "CH89ImagCentral_W_s0": 10.1767098961,
  "CH89ImagCentral_W_st": 24.2168960693,
  "CH89ImagCentral_W_se0": 8.2768315192,
  "CH89ImagCentral_W_sew": 30.5049716541,
  "CH89ImagCentral_r_w": 1.2569626751,
  "CH89ImagCentral_r_w0": 0.0349415468,
  "CH89ImagCentral_a_w": 0.7461523216
}