{
  "CH89RealCentral_V_0": 56.0072552406,
  "CH89RealCentral_V_t": 26.082586776,
  "CH89RealCentral_V_e": -0.3070921068,
  "CH89RealCentral_r_o": 1.0954430264,
  "CH89RealCentral_r_o_0": 0.2599840022,
  "CH89RealCentral_a_0": 0.7561355078,
  "CH89Coulomb_r_c": 1.1541655367,
  "CH89Coulomb_r_c_0": 0.0522490252,
  "CH89SpinOrbit_V_so": 4.5692167829,
  "CH89SpinOrbit_r_so": 1.2867094714,
  "CH89SpinOrbit_r_so_0": -0.8598274706,
  "CH89SpinOrbit_a_so": 0.6189904592,
  "CH89ImagCentral_W_v0": 9.0927280239,
  "CH89ImagCentral_W_ve0": 53.2387947816,
  "CH89ImagCentral_W_vew": 25.2155760579,
  "CH89ImagCentral_W_s0": 12.2892470353,
  "CH89ImagCentral_W_st": 29.8108046861,
  "CH89ImagCentral_W_se0": 43.6722835141,
  "CH89ImagCentral_W_sew": 40.1431043111,
  "CH89ImagCentral_r_w": 1.416556797,
  "CH89ImagCentral_r_w0": -1.3257131189,
  "CH89ImagCentral_a_w": 0.644782028
}