{
  "CH89RealCentral_V_0": 54.5621518265,
  "CH89RealCentral_V_t": 19.7962883764,
  "CH89RealCentral_V_e": -0.3306727468,
  "CH89RealCentral_r_o": 1.1713759522,
  "CH89RealCentral_r_o_0": -0.1174397309,
  "CH89RealCentral_a_0": 0.7472913406,
  "CH89Coulomb_r_c": 1.2512021298,
  "CH89Coulomb_r_c_0": 0.0594684585,
  "CH89SpinOrbit_V_so": 6.1287486122,
  "CH89SpinOrbit_r_so": 1.4069442416,
  "CH89SpinOrbit_r_so_0": -1.7401355116,
  "CH89SpinOrbit_a_so": 0.6152510171,
  "CH89ImagCentral_W_v0": 11.968447755,
  "CH89ImagCentral_W_ve0": 58.0794587287,
  "CH89ImagCentral_W_vew": 40.280335404,
  "CH89ImagCentral_W_s0": 9.9748124929,
  "CH89ImagCentral_W_st": 29.3468954615,
  "CH89ImagCentral_W_se0": 52.138794921,
  "CH89ImagCentral_W_sew": 50.6371421338,
  "CH89ImagCentral_r_w": 1.3510274295,
  "CH89ImagCentral_r_w0": -0.325757225,
  "CH89ImagCentral_a_w": 0.741566732
}