{
  "CH89RealCentral_V_0": 56.1418505932,
  "CH89RealCentral_V_t": 21.8568121844,
  "CH89RealCentral_V_e": -0.4627640683,
  "CH89RealCentral_r_o": 1.2254574965,
  "CH89RealCentral_r_o_0": -0.3067705272,
  "CH89RealCentral_a_0": 0.7020834113,
  "CH89Coulomb_r_c": 1.3065414792,
  "CH89Coulomb_r_c_0": -0.0027744728,
  "CH89SpinOrbit_V_so": 5.4193762278,
  "CH89SpinOrbit_r_so": 1.4723759539,
  "CH89SpinOrbit_r_so_0": -1.9705282405,
  "CH89SpinOrbit_a_so": 0.5702446001,
  "CH89ImagCentral_W_v0": 16.6640536735,
  "CH89ImagCentral_W_ve0": 51.6763706965,
  "CH89ImagCentral_W_vew": 26.2101323932,
  "CH89ImagCentral_W_s0": 10.6688002792,
  "CH89ImagCentral_W_st": 18.4367358291,
  "CH89ImagCentral_W_se0": 31.966777972,
  "CH89ImagCentral_W_sew": 50.5362705758,
  "CH89ImagCentral_r_w": 1.2144117423,
  "CH89ImagCentral_r_w0": -0.1286693674,
  "CH89ImagCentral_a_w": 0.7776138944
}