{
  "CH89RealCentral_V_0": 57.6845094495,
  "CH89RealCentral_V_t": 10.9780033364,
  "CH89RealCentral_V_e": -0.4151721445,
  "CH89RealCentral_r_o": 1.2192074808,
  "CH89RealCentral_r_o_0": -0.264647392,
  "CH89RealCentral_a_0": 0.7359960235,
  "CH89Coulomb_r_c": 1.279562436,
  "CH89Coulomb_r_c_0": 0.0707779175,
  "CH89SpinOrbit_V_so": 5.5723802491,
  "CH89SpinOrbit_r_so": 1.5016494696,
  "CH89SpinOrbit_r_so_0": -1.841022025,
  "CH89SpinOrbit_a_so": 0.5736317512,
  "CH89ImagCentral_W_v0": 11.7494294897,
  "CH89ImagCentral_W_ve0": 26.209169917,
  "CH89ImagCentral_W_vew": 32.736949392,
  "CH89ImagCentral_W_s0": 6.0826468093,
  "CH89ImagCentral_W_st": 26.9985377189,
  "CH89ImagCentral_W_se0": 25.4615971707,
  "CH89ImagCentral_W_sew": 30.6080056554,
  "CH89ImagCentral_r_w": 1.3582761586,
  "CH89ImagCentral_r_w0": -0.4942169171,
  "CH89ImagCentral_a_w": 0.6948031478
}