{
  "CH89RealCentral_V_0": 58.9797278952,
  "CH89RealCentral_V_t": 21.1824559323,
  "CH89RealCentral_V_e": -0.375460503,
  "CH89RealCentral_r_o": 1.1418511274,
  "CH89RealCentral_r_o_0": -0.1610914294,
  "CH89RealCentral_a_0": 0.788595656,
  "CH89Coulomb_r_c": 1.1604945475,
  "CH89Coulomb_r_c_0": 0.1800652421,
  "CH89SpinOrbit_V_so": 6.121550596,
  "CH89SpinOrbit_r_so": 1.3347031274,
  "CH89SpinOrbit_r_so_0": -1.445205433,
  "CH89SpinOrbit_a_so": 0.6039291835,
  "CH89ImagCentral_W_v0": 11.8145413962,
  "CH89ImagCentral_W_ve0": 52.5445164773,
  "CH89ImagCentral_W_vew": 34.6464510824,
  "CH89ImagCentral_W_s0": 17.6948855593,
  "CH89ImagCentral_W_st": 51.5489544136,
  "CH89ImagCentral_W_se0": -16.3856056617,
  "CH89ImagCentral_W_sew": 40.4268535005,
  "CH89ImagCentral_r_w": 1.3906786026,
  "CH89ImagCentral_r_w0": -0.7501188064,
  "CH89ImagCentral_a_w": 0.753536474
}