{
  "CH89RealCentral_V_0": 57.0589199606,
  "CH89RealCentral_V_t": 11.5187445936,
  "CH89RealCentral_V_e": -0.3691049259,
  "CH89RealCentral_r_o": 1.2406035257,
  "CH89RealCentral_r_o_0": -0.4239749903,
  "CH89RealCentral_a_0": 0.7262838691,
  "CH89Coulomb_r_c": 1.2438296905,
  "CH89Coulomb_r_c_0": 0.1943867687,
  "CH89SpinOrbit_V_so": 5.4788319525,
  "CH89SpinOrbit_r_so": 1.1262314218,
  "CH89SpinOrbit_r_so_0": -0.3057565252,
  "CH89SpinOrbit_a_so": 0.6171370436,
  "CH89ImagCentral_W_v0": 6.7201155337,
  "CH89ImagCentral_W_ve0": 45.4664433416,
  "CH89ImagCentral_W_vew": 24.9755255393,
  "CH89ImagCentral_W_s0": 7.493983464,
  "CH89ImagCentral_W_st": 18.6612941712,
  "CH89ImagCentral_W_se0": 50.0586600515,
  "CH89ImagCentral_W_sew": 35.8921238929,
  "CH89ImagCentral_r_w": 1.2878937115,
  "CH89ImagCentral_r_w0": -0.3158539352,
  "CH89ImagCentral_a_w": 0.7653245098
}