{
  "CH89RealCentral_V_0": 56.6413850661,
  "CH89RealCentral_V_t": 23.3856824588,
  "CH89RealCentral_V_e": -0.3339724902,
  "CH89RealCentral_r_o": 1.1518435646,
  "CH89RealCentral_r_o_0": -0.0734464016,
  "CH89RealCentral_a_0": 0.7535223492,
  "CH89Coulomb_r_c": 1.1598859878,
  "CH89Coulomb_r_c_0": 0.0640575709,
  "CH89SpinOrbit_V_so": 5.5200229281,
  "CH89SpinOrbit_r_so": 1.2581341579,
  "CH89SpinOrbit_r_so_0": -0.9748402548,
  "CH89SpinOrbit_a_so": 0.6673867562,
  "CH89ImagCentral_W_v0": 15.7772638082,
  "CH89ImagCentral_W_ve0": 49.8838178007,
  "CH89ImagCentral_W_vew": 33.6024579445,
  "CH89ImagCentral_W_s0": 15.3608741835,
  "CH89ImagCentral_W_st": 40.308251119,
  "CH89ImagCentral_W_se0": -4.3506437099,
  "CH89ImagCentral_W_sew": 40.9349862347,
  "CH89ImagCentral_r_w": 1.1800249912,
  "CH89ImagCentral_r_w0": 0.2251434543,
  "CH89ImagCentral_a_w": 0.6677968159
}