{
  "CH89RealCentral_V_0": 57.6667647391,
  "CH89RealCentral_V_t": 6.596153591,
  "CH89RealCentral_V_e": -0.316231523,
  "CH89RealCentral_r_o": 1.1754131932,
  "CH89RealCentral_r_o_0": -0.2168727449,
  "CH89RealCentral_a_0": 0.7657520283,
  "CH89Coulomb_r_c": 1.1640379847,
  "CH89Coulomb_r_c_0": 0.1296980446,
  "CH89SpinOrbit_V_so": 5.229321078,
  "CH89SpinOrbit_r_so": 1.199373552,
  "CH89SpinOrbit_r_so_0": -0.4091170964,
  "CH89SpinOrbit_a_so": 0.6572510727,
  "CH89ImagCentral_W_v0": 11.2498829387,
  "CH89ImagCentral_W_ve0": 48.1418660963,
  "CH89ImagCentral_W_vew": 21.1143202718,
  "CH89ImagCentral_W_s0": 12.7944925612,
  "CH89ImagCentral_W_st": 35.4848657839,
  "CH89ImagCentral_W_se0": -1.3951460186,
  "CH89ImagCentral_W_sew": 2.3300147655,
  "CH89ImagCentral_r_w": 1.4452115363,
  "CH89ImagCentral_r_w0": -0.5630457259,
  "CH89ImagCentral_a_w": 0.7141866926
}