{
  "CH89RealCentral_V_0": 57.0946600027,
  "CH89RealCentral_V_t": 11.9150339636,
  "CH89RealCentral_V_e": -0.3701189702,
  "CH89RealCentral_r_o": 1.2084959497,
  "CH89RealCentral_r_o_0": -0.2792568702,
  "CH89RealCentral_a_0": 0.7374784265,
  "CH89Coulomb_r_c": 1.2484833146,
  "CH89Coulomb_r_c_0": 0.0583275916,
  "CH89SpinOrbit_V_so": 5.6677575167,
  "CH89SpinOrbit_r_so": 1.3800727143,
  "CH89SpinOrbit_r_so_0": -1.2527749158,
  "CH89SpinOrbit_a_so": 0.5660075788,
  "CH89ImagCentral_W_v0": 10.2678889083,
  "CH89ImagCentral_W_ve0": -0.5694997196,
  "CH89ImagCentral_W_vew": 17.9934285657,
  "CH89ImagCentral_W_s0": 7.2906751586,
  "CH89ImagCentral_W_st": 40.725517734,
  "CH89ImagCentral_W_se0": 22.0173482123,
  "CH89ImagCentral_W_sew": 44.0382440601,
  "CH89ImagCentral_r_w": 1.3053341482,
  "CH89ImagCentral_r_w0": -0.2317403784,
  "CH89ImagCentral_a_w": 0.7075531992
}