{
  "CH89RealCentral_V_0": 58.0824231539,
  "CH89RealCentral_V_t": 16.255838359,
  "CH89RealCentral_V_e": -0.369363799,
  "CH89RealCentral_r_o": 1.1899753072,
  "CH89RealCentral_r_o_0": -0.2455916532,
  "CH89RealCentral_a_0": 0.7518596899,
  "CH89Coulomb_r_c": 1.2217314261,
  "CH89Coulomb_r_c_0": 0.1349502792,
  "CH89SpinOrbit_V_so": 5.7064161157,
  "CH89SpinOrbit_r_so": 1.2392530709,
  "CH89SpinOrbit_r_so_0": -0.8765816806,
  "CH89SpinOrbit_a_so": 0.6592099666,
  "CH89ImagCentral_W_v0": 9.8031422282,
  "CH89ImagCentral_W_ve0": 43.2929505832,
  "CH89ImagCentral_W_vew": 30.4568313023,
  "CH89ImagCentral_W_s0": 8.2284441018,
  "CH89ImagCentral_W_st": 21.7205051836,
  "CH89ImagCentral_W_se0": 22.9056632785,
  "CH89ImagCentral_W_sew": 41.5150062837,
  "CH89ImagCentral_r_w": 1.2630144064,
  "CH89ImagCentral_r_w0": -0.1853661668,
  "CH89ImagCentral_a_w": 0.74989783
}