{
  "CH89RealCentral_V_0": 57.730299512,
  "CH89RealCentral_V_t": 9.831591049,
  "CH89RealCentral_V_e": -0.3634715415,
  "CH89RealCentral_r_o": 1.2022780861,
  "CH89RealCentral_r_o_0": -0.3575202405,
  "CH89RealCentral_a_0": 0.780452419,
  "CH89Coulomb_r_c": 1.3628417556,
  "CH89Coulomb_r_c_0": 0.1598390561,
  "CH89SpinOrbit_V_so": 5.7195729469,
  "CH89SpinOrbit_r_so": 1.4470626247,
  "CH89SpinOrbit_r_so_0": -1.8063928613,
  "CH89SpinOrbit_a_so": 0.5999816176,
  "CH89ImagCentral_W_v0": 2.7825015634,
  "CH89ImagCentral_W_ve0": 4.4488323649,
  "CH89ImagCentral_W_vew": 18.6279715803,
  "CH89ImagCentral_W_s0": 16.0293466073,
  "CH89ImagCentral_W_st": 44.8628799071,
  "CH89ImagCentral_W_se0": -9.1485796766,
  "CH89ImagCentral_W_sew": 43.8444251234,
  "CH89ImagCentral_r_w": 1.3148181635,
  "CH89ImagCentral_r_w0": -0.3399979973,
  "CH89ImagCentral_a_w": 0.7867550738
}