{
  "CH89RealCentral_V_0": 55.2206605109,
  "CH89RealCentral_V_t": 8.0031357912,
  "CH89RealCentral_V_e": -0.3404335736,
  "CH89RealCentral_r_o": 1.2012254825,
  "CH89RealCentral_r_o_0": -0.1791111405,
  "CH89RealCentral_a_0": 0.7066059147,
  "CH89Coulomb_r_c": 1.1876970761,
  "CH89Coulomb_r_c_0": 0.219834761,
  "CH89SpinOrbit_V_so": 5.7169037297,
  "CH89SpinOrbit_r_so": 1.2865589697,
  "CH89SpinOrbit_r_so_0": -0.9785828256,
  "CH89SpinOrbit_a_so": 0.6446334705,
  "CH89ImagCentral_W_v0": 10.51826346,
  "CH89ImagCentral_W_ve0": 46.9246413188,
  "CH89ImagCentral_W_vew": 38.4685688877,
  "CH89ImagCentral_W_s0": 7.8518367538,
  "CH89ImagCentral_W_st": 12.5224477327,
  "CH89ImagCentral_W_se0": 33.3408479357,
  "CH89ImagCentral_W_sew": 32.6560042498,
  "CH89ImagCentral_r_w": 1.4264262692,
  "CH89ImagCentral_r_w0": -0.8418662924,
  "CH89ImagCentral_a_w": 0.7822584284
}