{
  "CH89RealCentral_V_0": 55.5647001648,
  "CH89RealCentral_V_t": 14.3005698922,
  "CH89RealCentral_V_e": -0.4092312056,
  "CH89RealCentral_r_o": 1.2242444557,
  "CH89RealCentral_r_o_0": -0.2196384955,
  "CH89RealCentral_a_0": 0.7124271084,
  "CH89Coulomb_r_c": 1.2428409227,
  "CH89Coulomb_r_c_0": 0.0534432264,
  "CH89SpinOrbit_V_so": 5.2494669889,
  "CH89SpinOrbit_r_so": 1.157794057,
  "CH89SpinOrbit_r_so_0": -0.2536652515,
  "CH89SpinOrbit_a_so": 0.6243891051,
  "CH89ImagCentral_W_v0": 11.7516763956,
  "CH89ImagCentral_W_ve0": 56.3677371808,
  "CH89ImagCentral_W_vew": 24.2809246357,
  "CH89ImagCentral_W_s0": 6.4149613526,
  "CH89ImagCentral_W_st": 12.9245929032,
  "CH89ImagCentral_W_se0": 75.6948609335,
  "CH89ImagCentral_W_sew": 55.109742054,
  "CH89ImagCentral_r_w": 1.1546900336,
  "CH89ImagCentral_r_w0": -0.1797974745,
  "CH89ImagCentral_a_w": 0.7820272127
}