{
  "CH89RealCentral_V_0": 56.3787874684,
  "CH89RealCentral_V_t": 9.7127031072,
  "CH89RealCentral_V_e": -0.3730100566,
  "CH89RealCentral_r_o": 1.2090587445,
  "CH89RealCentral_r_o_0": -0.1657197704,
  "CH89RealCentral_a_0": 0.7289104805,
  "CH89Coulomb_r_c": 1.3539564878,
  "CH89Coulomb_r_c_0": -0.0153279085,
  "CH89SpinOrbit_V_so": 5.27000703,
  "CH89SpinOrbit_r_so": 1.2997297703,
  "CH89SpinOrbit_r_so_0": -1.0543963215,
  "CH89SpinOrbit_a_so": 0.5782176455,
  "CH89ImagCentral_W_v0": 12.8413447184,
  "CH89ImagCentral_W_ve0": 33.556600703,
  "CH89ImagCentral_W_vew": 21.356975533,
  "CH89ImagCentral_W_s0": 11.5024638707,
  "CH89ImagCentral_W_st": 25.5296070987,
  "CH89ImagCentral_W_se0": 16.3479026445,
  "CH89ImagCentral_W_sew": 42.6522807649,
  "CH89ImagCentral_r_w": 1.3340991008,
  "CH89ImagCentral_r_w0": -0.4080070245,
  "CH89ImagCentral_a_w": 0.6001925469
}