{
  "CH89RealCentral_V_0": 54.3451674039,
  "CH89RealCentral_V_t": 11.894945845,
  "CH89RealCentral_V_e": -0.3573659142,
  "CH89RealCentral_r_o": 1.2024711456,
  "CH89RealCentral_r_o_0": -0.1679166848,
  "CH89RealCentral_a_0": 0.7367677704,
  "CH89Coulomb_r_c": 1.3211816875,
  "CH89Coulomb_r_c_0": 0.1979366163,
  "CH89SpinOrbit_V_so": 5.3521341216,
  "CH89SpinOrbit_r_so": 1.25819155,
  "CH89SpinOrbit_r_so_0": -0.9005316766,
  "CH89SpinOrbit_a_so": 0.6094595509,
  "CH89ImagCentral_W_v0": 11.179427779,
  "CH89ImagCentral_W_ve0": 30.7365797044,
  "CH89ImagCentral_W_vew": 23.5533076745,
  "CH89ImagCentral_W_s0": 8.4670077997,
  "CH89ImagCentral_W_st": 33.53019378,
  "CH89ImagCentral_W_se0": 4.7251770312,
  "CH89ImagCentral_W_sew": 17.3611509102,
  "CH89ImagCentral_r_w": 1.2050195548,
  "CH89ImagCentral_r_w0": 0.327072443,
  "CH89ImagCentral_a_w": 0.6832413233
}