{
  "CH89RealCentral_V_0": 55.6218529286,
  "CH89RealCentral_V_t": 11.6007174759,
  "CH89RealCentral_V_e": -0.3304433984,
  "CH89RealCentral_r_o": 1.1946948077,
  "CH89RealCentral_r_o_0": -0.1994320983,
  "CH89RealCentral_a_0": 0.7276480321,
  "CH89Coulomb_r_c": 1.3426997586,
  "CH89Coulomb_r_c_0": 0.0596215582,
  "CH89SpinOrbit_V_so": 5.1757625132,
  "CH89SpinOrbit_r_so": 1.2705093148,
  "CH89SpinOrbit_r_so_0": -1.0972303173,
  "CH89SpinOrbit_a_so": 0.623430112,
  "CH89ImagCentral_W_v0": 15.106865678,
  "CH89ImagCentral_W_ve0": 28.4914411473,
  "CH89ImagCentral_W_vew": 27.3955828247,
  "CH89ImagCentral_W_s0": 5.4519869795,
  "CH89ImagCentral_W_st": 31.5613185453,
  "CH89ImagCentral_W_se0": 30.8143787796,
  "CH89ImagCentral_W_sew": 6.7054262797,
  "CH89ImagCentral_r_w": 1.3245150025,
  "CH89ImagCentral_r_w0": -0.1026257241,
  "CH89ImagCentral_a_w": 0.6653377451
}