{
  "CH89RealCentral_V_0": 56.4200222427,
  "CH89RealCentral_V_t": 15.521880454,
  "CH89RealCentral_V_e": -0.3697061935,
  "CH89RealCentral_r_o": 1.1410781906,
  "CH89RealCentral_r_o_0": 0.0491415622,
  "CH89RealCentral_a_0": 0.7373611157,
  "CH89Coulomb_r_c": 1.2853793189,
  "CH89Coulomb_r_c_0": 0.1636950993,
  "CH89SpinOrbit_V_so": 5.2393359064,
  "CH89SpinOrbit_r_so": 1.3019860918,
  "CH89SpinOrbit_r_so_0": -1.2131112339,
  "CH89SpinOrbit_a_so": 0.6213231741,
  "CH89ImagCentral_W_v0": 10.8033369929,
  "CH89ImagCentral_W_ve0": 56.1671550237,
  "CH89ImagCentral_W_vew": 26.7075445227,
  "CH89ImagCentral_W_s0": 13.8710756496,
  "CH89ImagCentral_W_st": 31.4760497214,
  "CH89ImagCentral_W_se0": 8.8838089839,
  "CH89ImagCentral_W_sew": 99.1713731446,
  "CH89ImagCentral_r_w": 1.4196479058,
  "CH89ImagCentral_r_w0": -1.0811684171,
  "CH89ImagCentral_a_w": 0.7228494419
}