{
  "CH89RealCentral_V_0": 58.6193723037,
  "CH89RealCentral_V_t": 9.4952626219,
  "CH89RealCentral_V_e": -0.3480600644,
  "CH89RealCentral_r_o": 1.1867582273,
  "CH89RealCentral_r_o_0": -0.2667039287,
  "CH89RealCentral_a_0": 0.7467226641,
  "CH89Coulomb_r_c": 1.1794266566,
  "CH89Coulomb_r_c_0": 0.3177533221,
  "CH89SpinOrbit_V_so": 5.4448047836,
  "CH89SpinOrbit_r_so": 1.3892367975,
  "CH89SpinOrbit_r_so_0": -1.5656800404,
  "CH89SpinOrbit_a_so": 0.5425594274,
  "CH89ImagCentral_W_v0": 10.7546906908,
  "CH89ImagCentral_W_ve0": 9.7150204316,
  "CH89ImagCentral_W_vew": 12.8540446773,
  "CH89ImagCentral_W_s0": 11.5564886094,
  "CH89ImagCentral_W_st": 41.7604203063,
  "CH89ImagCentral_W_se0": 0.1774242147,
  "CH89ImagCentral_W_sew": 49.0855441091,
  "CH89ImagCentral_r_w": 1.5234957995,
  "CH89ImagCentral_r_w0": -1.1010857243,
  "CH89ImagCentral_a_w": 0.7421276613
}