{
  "CH89RealCentral_V_0": 57.4512725244,
  "CH89RealCentral_V_t": 8.2904513401,
  "CH89RealCentral_V_e": -0.3529791861,
  "CH89RealCentral_r_o": 1.220833792,
  "CH89RealCentral_r_o_0": -0.286011749,
  "CH89RealCentral_a_0": 0.717643605,
  "CH89Coulomb_r_c": 1.1146060131,
  "CH89Coulomb_r_c_0": 0.3431583591,
  "CH89SpinOrbit_V_so": 5.2877344809,
  "CH89SpinOrbit_r_so": 1.2821295334,
  "CH89SpinOrbit_r_so_0": -1.0256741469,
  "CH89SpinOrbit_a_so": 0.5762141815,
  "CH89ImagCentral_W_v0": 13.3838872419,
  "CH89ImagCentral_W_ve0": 39.4996602669,
  "CH89ImagCentral_W_vew": 38.5258338626,
  "CH89ImagCentral_W_s0": 9.5159874605,
  "CH89ImagCentral_W_st": 30.8714685045,
  "CH89ImagCentral_W_se0": -0.7316744513,
  "CH89ImagCentral_W_sew": 52.3318620913,
  "CH89ImagCentral_r_w": 1.2779465609,
  "CH89ImagCentral_r_w0": -0.2710146218,
  "CH89ImagCentral_a_w": 0.7253849287
}