{
  "CH89RealCentral_V_0": 54.5401642267,
  "CH89RealCentral_V_t": 19.8447154857,
  "CH89RealCentral_V_e": -0.3622968447,
  "CH89RealCentral_r_o": 1.1903250123,
  "CH89RealCentral_r_o_0": -0.1605422493,
  "CH89RealCentral_a_0": 0.7297308567,
  "CH89Coulomb_r_c": 1.261100009,
  "CH89Coulomb_r_c_0": 0.1257883241,
  "CH89SpinOrbit_V_so": 4.852622526,
  "CH89SpinOrbit_r_so": 1.3363115635,
  "CH89SpinOrbit_r_so_0": -1.3571919825,
  "CH89SpinOrbit_a_so": 0.6387608055,
  "CH89ImagCentral_W_v0": 15.9085862201,
  "CH89ImagCentral_W_ve0": 50.7886388394,
  "CH89ImagCentral_W_vew": 32.9135629885,
  "CH89ImagCentral_W_s0": 16.7388838295,
  "CH89ImagCentral_W_st": 38.7502177312,
  "CH89ImagCentral_W_se0": -22.6720237212,
  "CH89ImagCentral_W_sew": 45.9366762755,
  "CH89ImagCentral_r_w": 1.3856043595,
  "CH89ImagCentral_r_w0": -0.49904672,
  "CH89ImagCentral_a_w": 0.6955227459
}