{
  "CH89RealCentral_V_0": 57.8844203372,
  "CH89RealCentral_V_t": 11.3377228449,
  "CH89RealCentral_V_e": -0.3996597053,
  "CH89RealCentral_r_o": 1.1887751678,
  "CH89RealCentral_r_o_0": -0.2473581833,
  "CH89RealCentral_a_0": 0.768395663,
  "CH89Coulomb_r_c": 1.3247313655,
  "CH89Coulomb_r_c_0": 0.0917746147,
  "CH89SpinOrbit_V_so": 6.2521804401,
  "CH89SpinOrbit_r_so": 1.1174670544,
  "CH89SpinOrbit_r_so_0": -0.2011762622,
  "CH89SpinOrbit_a_so": 0.6878935258,
  "CH89ImagCentral_W_v0": 15.1300605279,
  "CH89ImagCentral_W_ve0": 51.8003957698,
  "CH89ImagCentral_W_vew": 17.2347997255,
  "CH89ImagCentral_W_s0": 16.2351789847,
  "CH89ImagCentral_W_st": 37.4824191282,
  "CH89ImagCentral_W_se0": -25.1841077585,
  "CH89ImagCentral_W_sew": 27.4401622403,
  "CH89ImagCentral_r_w": 1.3796052294,
  "CH89ImagCentral_r_w0": -0.6656390023,
  "CH89ImagCentral_a_w": 0.7390024176
}