{
  "CH89RealCentral_V_0": 56.2675753313,
  "CH89RealCentral_V_t": 13.4514303401,
  "CH89RealCentral_V_e": -0.3542895993,
  "CH89RealCentral_r_o": 1.2082806969,
  "CH89RealCentral_r_o_0": -0.3267591975,
  "CH89RealCentral_a_0": 0.7699169034,
  "CH89Coulomb_r_c": 1.2988647959,
  "CH89Coulomb_r_c_0": 0.1009129957,
  "CH89SpinOrbit_V_so": 5.9966718438,
  "CH89SpinOrbit_r_so": 1.4509043813,
  "CH89SpinOrbit_r_so_0": -1.8793633776,
  "CH89SpinOrbit_a_so": 0.5263769744,
  "CH89ImagCentral_W_v0": 13.7518068778,
  "CH89ImagCentral_W_ve0": 17.6084780104,
  "CH89ImagCentral_W_vew": 31.2938648355,
  "CH89ImagCentral_W_s0": 7.3488790272,
  "CH89ImagCentral_W_st": 44.3657898242,
  "CH89ImagCentral_W_se0": 24.7369738194,
  "CH89ImagCentral_W_sew": 16.3220182625,
  "CH89ImagCentral_r_w": 1.3687262648,
  "CH89ImagCentral_r_w0": -0.2450926579,
  "CH89ImagCentral_a_w": 0.6710151212
}