{
  "CH89RealCentral_V_0": 55.3914131849,
  "CH89RealCentral_V_t": 8.2206405532,
  "CH89RealCentral_V_e": -0.317324931,
  "CH89RealCentral_r_o": 1.1649431456,
  "CH89RealCentral_r_o_0": -0.0798213861,
  "CH89RealCentral_a_0": 0.8014244882,
  "CH89Coulomb_r_c": 1.1963892575,
  "CH89Coulomb_r_c_0": 0.0462516413,
  "CH89SpinOrbit_V_so": 4.7693210663,
  "CH89SpinOrbit_r_so": 1.3162829038,
  "CH89SpinOrbit_r_so_0": -0.9816678432,
  "CH89SpinOrbit_a_so": 0.5926395952,
  "CH89ImagCentral_W_v0": 8.0978658313,
  "CH89ImagCentral_W_ve0": 32.9751858978,
  "CH89ImagCentral_W_vew": 0.0148886657,
  "CH89ImagCentral_W_s0": 19.4652568588,
  "CH89ImagCentral_W_st": 44.4702849335,
  "CH89ImagCentral_W_se0": -11.6574352717,
  "CH89ImagCentral_W_sew": 25.2061290769,
  "CH89ImagCentral_r_w": 1.3960443833,
  "CH89ImagCentral_r_w0": -0.5314538258,
  "CH89ImagCentral_a_w": 0.6641669036
}