{
  "CH89RealCentral_V_0": 53.2392434014,
  "CH89RealCentral_V_t": 12.8959361662,
  "CH89RealCentral_V_e": -0.3304267732,
  "CH89RealCentral_r_o": 1.1963574478,
  "CH89RealCentral_r_o_0": 0.0100286964,
  "CH89RealCentral_a_0": 0.7131097333,
  "CH89Coulomb_r_c": 1.3459574504,
  "CH89Coulomb_r_c_0": 0.0974738606,
  "CH89SpinOrbit_V_so": 4.1327834205,
  "CH89SpinOrbit_r_so": 1.3109682407,
  "CH89SpinOrbit_r_so_0": -1.254415617,
  "CH89SpinOrbit_a_so": 0.6245503908,
  "CH89ImagCentral_W_v0": 6.2674633751,
  "CH89ImagCentral_W_ve0": 15.4180700329,
  "CH89ImagCentral_W_vew": 28.0045353403,
  "CH89ImagCentral_W_s0": 11.0198818657,
  "CH89ImagCentral_W_st": 37.3744657483,
  "CH89ImagCentral_W_se0": 29.8831309701,
  "CH89ImagCentral_W_sew": 49.6331182448,
  "CH89ImagCentral_r_w": 1.3088485995,
  "CH89ImagCentral_r_w0": -0.3916970982,
  "CH89ImagCentral_a_w": 0.5783179113
}