{
  "CH89RealCentral_V_0": 55.535975947,
  "CH89RealCentral_V_t": 17.1951981582,
  "CH89RealCentral_V_e": -0.3671077655,
  "CH89RealCentral_r_o": 1.2026862555,
  "CH89RealCentral_r_o_0": -0.2539811583,
  "CH89RealCentral_a_0": 0.7447684794,
  "CH89Coulomb_r_c": 1.3258045085,
  "CH89Coulomb_r_c_0": 0.1248401169,
  "CH89SpinOrbit_V_so": 6.8943974771,
  "CH89SpinOrbit_r_so": 1.2520458115,
  "CH89SpinOrbit_r_so_0": -0.9027576964,
  "CH89SpinOrbit_a_so": 0.5861076514,
  "CH89ImagCentral_W_v0": 15.3057702758,
  "CH89ImagCentral_W_ve0": 53.9912703186,
  "CH89ImagCentral_W_vew": 21.0774263704,
  "CH89ImagCentral_W_s0": 9.8011239686,
  "CH89ImagCentral_W_st": 25.0665526169,
  "CH89ImagCentral_W_se0": -0.8516714491,
  "CH89ImagCentral_W_sew": 58.1741022976,
  "CH89ImagCentral_r_w": 1.3313068447,
  "CH89ImagCentral_r_w0": -0.3960009106,
  "CH89ImagCentral_a_w": 0.7593698973
}