{
  "CH89RealCentral_V_0": 59.3608492996,
  "CH89RealCentral_V_t": 17.215815769,
  "CH89RealCentral_V_e": -0.3480347628,
  "CH89RealCentral_r_o": 1.1901909033,
  "CH89RealCentral_r_o_0": -0.3679223785,
  "CH89RealCentral_a_0": 0.7427814484,
  "CH89Coulomb_r_c": 1.0001819235,
  "CH89Coulomb_r_c_0": -0.0678715695,
  "CH89SpinOrbit_V_so": 6.0119837712,
  "CH89SpinOrbit_r_so": 1.0809473466,
  "CH89SpinOrbit_r_so_0": -0.0813609188,
  "CH89SpinOrbit_a_so": 0.6121505498,
  "CH89ImagCentral_W_v0": 13.9561987658,
  "CH89ImagCentral_W_ve0": 56.6985159978,
  "CH89ImagCentral_W_vew": 29.6655760042,
  "CH89ImagCentral_W_s0": 7.9072691652,
  "CH89ImagCentral_W_st": 19.5426934272,
  "CH89ImagCentral_W_se0": 43.597059828,
  "CH89ImagCentral_W_sew": 22.6674732113,
  "CH89ImagCentral_r_w": 1.4032317761,
  "CH89ImagCentral_r_w0": -0.7301707198,
  "CH89ImagCentral_a_w": 0.778540324
}