{
  "CH89RealCentral_V_0": 56.3438840077,
  "CH89RealCentral_V_t": 12.6280194484,
  "CH89RealCentral_V_e": -0.355268485,
  "CH89RealCentral_r_o": 1.16388863,
  "CH89RealCentral_r_o_0": -0.0406714313,
  "CH89RealCentral_a_0": 0.7354169158,
  "CH89Coulomb_r_c": 1.0740165693,
  "CH89Coulomb_r_c_0": 0.1102066591,
  "CH89SpinOrbit_V_so": 5.3845316225,
  "CH89SpinOrbit_r_so": 1.2113194704,
  "CH89SpinOrbit_r_so_0": -0.5449149176,
  "CH89SpinOrbit_a_so": 0.6420875987,
  "CH89ImagCentral_W_v0": 9.287558344,
  "CH89ImagCentral_W_ve0": -1.1866597405,
  "CH89ImagCentral_W_vew": 22.6414094842,
  "CH89ImagCentral_W_s0": 10.510296145,
  "CH89ImagCentral_W_st": 38.0371205186,
  "CH89ImagCentral_W_se0": 9.8382025818,
  "CH89ImagCentral_W_sew": 53.6998841204,
  "CH89ImagCentral_r_w": 1.2726688394,
  "CH89ImagCentral_r_w0": -0.2481448448,
  "CH89ImagCentral_a_w": 0.70758965
}