{
  "CH89RealCentral_V_0": 55.0329075318,
  "CH89RealCentral_V_t": 26.4868336834,
  "CH89RealCentral_V_e": -0.3177513795,
  "CH89RealCentral_r_o": 1.1550795977,
  "CH89RealCentral_r_o_0": 0.0026280614,
  "CH89RealCentral_a_0": 0.75669112,
  "CH89Coulomb_r_c": 1.2960910649,
  "CH89Coulomb_r_c_0": 0.2944993265,
  "CH89SpinOrbit_V_so": 5.6056782757,
  "CH89SpinOrbit_r_so": 1.3702953605,
  "CH89SpinOrbit_r_so_0": -1.0842725846,
  "CH89SpinOrbit_a_so": 0.5827173621,
  "CH89ImagCentral_W_v0": 5.2394846223,
  "CH89ImagCentral_W_ve0": 36.3118188371,
  "CH89ImagCentral_W_vew": 28.5770038044,
  "CH89ImagCentral_W_s0": 8.5149751072,
  "CH89ImagCentral_W_st": 17.9726238791,
  "CH89ImagCentral_W_se0": 58.7575049283,
  "CH89ImagCentral_W_sew": 77.5832804473,
  "CH89ImagCentral_r_w": 1.2705429583,
  "CH89ImagCentral_r_w0": -0.5465347899,
  "CH89ImagCentral_a_w": 0.6834630885
}