{
  "CH89RealCentral_V_0": 56.6492371643,
  "CH89RealCentral_V_t": 27.1086853715,
  "CH89RealCentral_V_e": -0.3446334671,
  "CH89RealCentral_r_o": 1.1780103877,
  "CH89RealCentral_r_o_0": -0.1795778787,
  "CH89RealCentral_a_0": 0.7462165993,
  "CH89Coulomb_r_c": 1.2138569285,
  "CH89Coulomb_r_c_0": 0.0715732116,
  "CH89SpinOrbit_V_so": 6.3130177604,
  "CH89SpinOrbit_r_so": 1.7088502605,
  "CH89SpinOrbit_r_so_0": -2.9029408363,
  "CH89SpinOrbit_a_so": 0.583986282,
  "CH89ImagCentral_W_v0": 10.8602449677,
  "CH89ImagCentral_W_ve0": 36.0059623967,
  "CH89ImagCentral_W_vew": 35.3357885788,
  "CH89ImagCentral_W_s0": 16.4291484259,
  "CH89ImagCentral_W_st": 46.4474920783,
  "CH89ImagCentral_W_se0": -19.1768226049,
  "CH89ImagCentral_W_sew": 98.9724350381,
  "CH89ImagCentral_r_w": 1.2201295758,
  "CH89ImagCentral_r_w0": -0.1053754561,
  "CH89ImagCentral_a_w": 0.770619885
}