{
  "CH89RealCentral_V_0": 53.8655318266,
  "CH89RealCentral_V_t": 17.1531307397,
  "CH89RealCentral_V_e": -0.3539487073,
  "CH89RealCentral_r_o": 1.230104236,
  "CH89RealCentral_r_o_0": -0.2356852509,
  "CH89RealCentral_a_0": 0.6945133115,
  "CH89Coulomb_r_c": 1.2065532833,
  "CH89Coulomb_r_c_0": -0.0409093367,
  "CH89SpinOrbit_V_so": 5.2291406286,
  "CH89SpinOrbit_r_so": 1.1578899886,
  "CH89SpinOrbit_r_so_0": -0.5065349938,
  "CH89SpinOrbit_a_so": 0.5965540091,
  "CH89ImagCentral_W_v0": 10.6656694076,
  "CH89ImagCentral_W_ve0": 37.7591733683,
  "CH89ImagCentral_W_vew": 22.610031186,
  "CH89ImagCentral_W_s0": 15.5953149345,
  "CH89ImagCentral_W_st": 45.4543939939,
  "CH89ImagCentral_W_se0": -9.9951716873,
  "CH89ImagCentral_W_sew": 58.7141996196,
  "CH89ImagCentral_r_w": 1.2585887784,
  "CH89ImagCentral_r_w0": -0.0498308771,
  "CH89ImagCentral_a_w": 0.663306148
}