{
  "CH89RealCentral_V_0": 57.4895459175,
  "CH89RealCentral_V_t": 14.504378336,
  "CH89RealCentral_V_e": -0.3817369479,
  "CH89RealCentral_r_o": 1.1500423895,
  "CH89RealCentral_r_o_0": -0.0396404228,
  "CH89RealCentral_a_0": 0.7541780963,
  "CH89Coulomb_r_c": 1.1760284212,
  "CH89Coulomb_r_c_0": -0.0298880483,
  "CH89SpinOrbit_V_so": 6.0138822253,
  "CH89SpinOrbit_r_so": 1.3184712025,
  "CH89SpinOrbit_r_so_0": -1.1601340252,
  "CH89SpinOrbit_a_so": 0.7160454484,
  "CH89ImagCentral_W_v0": 5.6124754874,
  "CH89ImagCentral_W_ve0": 37.2581959623,
  "CH89ImagCentral_W_vew": 36.4965825162,
  "CH89ImagCentral_W_s0": 10.9115684493,
  "CH89ImagCentral_W_st": 24.1746804335,
  "CH89ImagCentral_W_se0": 9.9982105716,
  "CH89ImagCentral_W_sew": 54.4555418027,
  "CH89ImagCentral_r_w": 1.3665795561,
  "CH89ImagCentral_r_w0": -0.5060210888,
  "CH89ImagCentral_a_w": 0.7161091625
}