{
  "CH89RealCentral_V_0": 55.8301151335,
  "CH89RealCentral_V_t": 14.8289920526,
  "CH89RealCentral_V_e": -0.3368955067,
  "CH89RealCentral_r_o": 1.2349475174,
  "CH89RealCentral_r_o_0": -0.2342225778,
  "CH89RealCentral_a_0": 0.7159204346,
  "CH89Coulomb_r_c": 1.1061994628,
  "CH89Coulomb_r_c_0": 0.1492250758,
  "CH89SpinOrbit_V_so": 5.7586649555,
  "CH89SpinOrbit_r_so": 1.265279333,
  "CH89SpinOrbit_r_so_0": -0.7515320201,
  "CH89SpinOrbit_a_so": 0.6563643624,
  "CH89ImagCentral_W_v0": 7.6100663327,
  "CH89ImagCentral_W_ve0": 43.0942352886,
  "CH89ImagCentral_W_vew": 16.4468781178,
  "CH89ImagCentral_W_s0": 10.5671917486,
  "CH89ImagCentral_W_st": 10.5766087115,
  "CH89ImagCentral_W_se0": 68.342736676,
  "CH89ImagCentral_W_sew": 75.9622637961,
  "CH89ImagCentral_r_w": 1.202342467,
  "CH89ImagCentral_r_w0": -0.3136196438,
  "CH89ImagCentral_a_w": 0.5970455357
}