{
  "CH89RealCentral_V_0": 56.1686687864,
  "CH89RealCentral_V_t": 12.6054786273,
  "CH89RealCentral_V_e": -0.4227099726,
  "CH89RealCentral_r_o": 1.2164507555,
  "CH89RealCentral_r_o_0": -0.2061020705,
  "CH89RealCentral_a_0": 0.7151530858,
  "CH89Coulomb_r_c": 1.277691988,
  "CH89Coulomb_r_c_0": -0.0119115867,
  "CH89SpinOrbit_V_so": 5.044363537,
  "CH89SpinOrbit_r_so": 1.2375056766,
  "CH89SpinOrbit_r_so_0": -0.7856292658,
  "CH89SpinOrbit_a_so": 0.5474405096,
  "CH89ImagCentral_W_v0": 9.3990379637,
  "CH89ImagCentral_W_ve0": 38.0614380364,
  "CH89ImagCentral_W_vew": 29.1332606743,
  "CH89ImagCentral_W_s0": 11.1235308012,
  "CH89ImagCentral_W_st": 35.7539336497,
  "CH89ImagCentral_W_se0": 0.7323467495,
  "CH89ImagCentral_W_sew": 77.8052341079,
  "CH89ImagCentral_r_w": 1.3742946524,
  "CH89ImagCentral_r_w0": -0.7142530604,
  "CH89ImagCentral_a_w": 0.6663972728
}