{
  "CH89RealCentral_V_0": 53.9905359969,
  "CH89RealCentral_V_t": 16.5254618376,
  "CH89RealCentral_V_e": -0.3412999512,
  "CH89RealCentral_r_o": 1.1959980863,
  "CH89RealCentral_r_o_0": -0.1311929072,
  "CH89RealCentral_a_0": 0.7347955699,
  "CH89Coulomb_r_c": 1.3649471882,
  "CH89Coulomb_r_c_0": -0.0323298177,
  "CH89SpinOrbit_V_so": 5.7362083832,
  "CH89SpinOrbit_r_so": 1.3151449602,
  "CH89SpinOrbit_r_so_0": -1.0683602658,
  "CH89SpinOrbit_a_so": 0.5644575749,
  "CH89ImagCentral_W_v0": 9.1569255957,
  "CH89ImagCentral_W_ve0": 53.3775814751,
  "CH89ImagCentral_W_vew": 19.7054906148,
  "CH89ImagCentral_W_s0": 15.5040687132,
  "CH89ImagCentral_W_st": 28.0408523859,
  "CH89ImagCentral_W_se0": 18.5921912753,
  "CH89ImagCentral_W_sew": 54.8009668384,
  "CH89ImagCentral_r_w": 1.265667458,
  "CH89ImagCentral_r_w0": -0.2204337628,
  "CH89ImagCentral_a_w": 0.6956935106
}