{
  "CH89RealCentral_V_0": 57.4138652203,
  "CH89RealCentral_V_t": 8.4034996428,
  "CH89RealCentral_V_e": -0.3578563826,
  "CH89RealCentral_r_o": 1.209784941,
  "CH89RealCentral_r_o_0": -0.2931382343,
  "CH89RealCentral_a_0": 0.7259347793,
  "CH89Coulomb_r_c": 1.1290506985,
  "CH89Coulomb_r_c_0": 0.1653780564,
  "CH89SpinOrbit_V_so": 6.0448369292,
  "CH89SpinOrbit_r_so": 1.0043762829,
  "CH89SpinOrbit_r_so_0": 0.0360350605,
  "CH89SpinOrbit_a_so": 0.6901755811,
  "CH89ImagCentral_W_v0": 10.135091515,
  "CH89ImagCentral_W_ve0": 18.3018118335,
  "CH89ImagCentral_W_vew": 17.2473099167,
  "CH89ImagCentral_W_s0": 12.206113826,
  "CH89ImagCentral_W_st": 30.9239748762,
  "CH89ImagCentral_W_se0": -0.4267994506,
  "CH89ImagCentral_W_sew": 27.4946129708,
  "CH89ImagCentral_r_w": 1.3660716458,
  "CH89ImagCentral_r_w0": -0.4364912138,
  "CH89ImagCentral_a_w": 0.7347596348
}