{
  "CH89RealCentral_V_0": 58.0740764253,
  "CH89RealCentral_V_t": 16.9677768558,
  "CH89RealCentral_V_e": -0.348825717,
  "CH89RealCentral_r_o": 1.1977243594,
  "CH89RealCentral_r_o_0": -0.2627749597,
  "CH89RealCentral_a_0": 0.7314560692,
  "CH89Coulomb_r_c": 1.1716832905,
  "CH89Coulomb_r_c_0": 0.0006191638,
  "CH89SpinOrbit_V_so": 5.1184252319,
  "CH89SpinOrbit_r_so": 1.2334241744,
  "CH89SpinOrbit_r_so_0": -0.6791862261,
  "CH89SpinOrbit_a_so": 0.6296128626,
  "CH89ImagCentral_W_v0": 5.6890772597,
  "CH89ImagCentral_W_ve0": 26.8369786955,
  "CH89ImagCentral_W_vew": 21.0325657262,
  "CH89ImagCentral_W_s0": 17.3412026273,
  "CH89ImagCentral_W_st": 30.8091000329,
  "CH89ImagCentral_W_se0": -8.7389946992,
  "CH89ImagCentral_W_sew": 50.2456408356,
  "CH89ImagCentral_r_w": 1.2651188514,
  "CH89ImagCentral_r_w0": -0.1906944279,
  "CH89ImagCentral_a_w": 0.686860335
}