{
  "CH89RealCentral_V_0": 57.2291152399,
  "CH89RealCentral_V_t": 27.0292203522,
  "CH89RealCentral_V_e": -0.4167173093,
  "CH89RealCentral_r_o": 1.1396956592,
  "CH89RealCentral_r_o_0": 0.0647911143,
  "CH89RealCentral_a_0": 0.7069620565,
  "CH89Coulomb_r_c": 1.085855804,
  "CH89Coulomb_r_c_0": 0.0134475662,
  "CH89SpinOrbit_V_so": 6.3153346395,
  "CH89SpinOrbit_r_so": 1.3145417081,
  "CH89SpinOrbit_r_so_0": -1.3104915577,
  "CH89SpinOrbit_a_so": 0.5584971631,
  "CH89ImagCentral_W_v0": 14.0557780726,
  "CH89ImagCentral_W_ve0": 43.7228960048,
  "CH89ImagCentral_W_vew": 22.7047013378,
  "CH89ImagCentral_W_s0": 17.0022203411,
  "CH89ImagCentral_W_st": 25.6206892465,
  "CH89ImagCentral_W_se0": 6.8512750195,
  "CH89ImagCentral_W_sew": 60.1670227015,
  "CH89ImagCentral_r_w": 1.3482517267,
  "CH89ImagCentral_r_w0": -0.7937076274,
  "CH89ImagCentral_a_w": 0.6869814072
}