{
  "CH89RealCentral_V_0": 56.9362770233,
  "CH89RealCentral_V_t": 14.8803264708,
  "CH89RealCentral_V_e": -0.3744115683,
  "CH89RealCentral_r_o": 1.2323460126,
  "CH89RealCentral_r_o_0": -0.4085626729,
  "CH89RealCentral_a_0": 0.735763347,
  "CH89Coulomb_r_c": 1.2936496632,
  "CH89Coulomb_r_c_0": 0.2727396958,
  "CH89SpinOrbit_V_so": 5.295714686,
  "CH89SpinOrbit_r_so": 1.2052156365,
  "CH89SpinOrbit_r_so_0": -0.6335239746,
  "CH89SpinOrbit_a_so": 0.5572163568,
  "CH89ImagCentral_W_v0": 18.6466506059,
  "CH89ImagCentral_W_ve0": 66.4365248541,
  "CH89ImagCentral_W_vew": 8.4643762202,
  "CH89ImagCentral_W_s0": 12.4275690783,
  "CH89ImagCentral_W_st": 26.5857849582,
  "CH89ImagCentral_W_se0": -13.1857704384,
  "CH89ImagCentral_W_sew": 25.0432392907,
  "CH89ImagCentral_r_w": 1.19953526,
  "CH89ImagCentral_r_w0": 0.0670948618,
  "CH89ImagCentral_a_w": 0.7786109425
}