{
  "CH89RealCentral_V_0": 57.2333754266,
  "CH89RealCentral_V_t": 11.4249089877,
  "CH89RealCentral_V_e": -0.3544123489,
  "CH89RealCentral_r_o": 1.2050094803,
  "CH89RealCentral_r_o_0": -0.2973867529,
  "CH89RealCentral_a_0": 0.7511070613,
  "CH89Coulomb_r_c": 1.1191489468,
  "CH89Coulomb_r_c_0": 0.0419371831,
  "CH89SpinOrbit_V_so": 4.8478848838,
  "CH89SpinOrbit_r_so": 1.4276214015,
  "CH89SpinOrbit_r_so_0": -1.7200023499,
  "CH89SpinOrbit_a_so": 0.658627794,
  "CH89ImagCentral_W_v0": 3.373170421,
  "CH89ImagCentral_W_ve0": 27.0721732319,
  "CH89ImagCentral_W_vew": 16.7960480434,
  "CH89ImagCentral_W_s0": 8.7256560388,
  "CH89ImagCentral_W_st": 12.3705888277,
  "CH89ImagCentral_W_se0": 33.8707627321,
  "CH89ImagCentral_W_sew": 37.5783332128,
  "CH89ImagCentral_r_w": 1.3503029716,
  "CH89ImagCentral_r_w0": -0.3897927986,
  "CH89ImagCentral_a_w": 0.7431223747
}