{
  "CH89RealCentral_V_0": 54.5478393865,
  "CH89RealCentral_V_t": 4.8715071314,
  "CH89RealCentral_V_e": -0.380182556,
  "CH89RealCentral_r_o": 1.2358490885,
  "CH89RealCentral_r_o_0": -0.2588820735,
  "CH89RealCentral_a_0": 0.7225435057,
  "CH89Coulomb_r_c": 1.260680817,
  "CH89Coulomb_r_c_0": 0.2757495522,
  "CH89SpinOrbit_V_so": 5.678987524,
  "CH89SpinOrbit_r_so": 1.2778647411,
  "CH89SpinOrbit_r_so_0": -1.0854764604,
  "CH89SpinOrbit_a_so": 0.646324577,
  "CH89ImagCentral_W_v0": 13.8907632831,
  "CH89ImagCentral_W_ve0": 68.1069238613,
  "CH89ImagCentral_W_vew": 30.41916921,
  "CH89ImagCentral_W_s0": 11.3876233965,
  "CH89ImagCentral_W_st": 25.2599121786,
  "CH89ImagCentral_W_se0": 53.8636680155,
  "CH89ImagCentral_W_sew": 50.0646917218,
  "CH89ImagCentral_r_w": 1.2401461385,
  "CH89ImagCentral_r_w0": -0.3196854801,
  "CH89ImagCentral_a_w": 0.7280007122
}