{
  "CH89RealCentral_V_0": 58.5295246749,
  "CH89RealCentral_V_t": 8.4119365957,
  "CH89RealCentral_V_e": -0.3523571353,
  "CH89RealCentral_r_o": 1.2078150502,
  "CH89RealCentral_r_o_0": -0.3869930942,
  "CH89RealCentral_a_0": 0.7892246464,
  "CH89Coulomb_r_c": 1.3854116677,
  "CH89Coulomb_r_c_0": -0.0120924208,
  "CH89SpinOrbit_V_so": 5.5469340716,
  "CH89SpinOrbit_r_so": 1.4428977041,
  "CH89SpinOrbit_r_so_0": -1.5926345911,
  "CH89SpinOrbit_a_so": 0.5777417515,
  "CH89ImagCentral_W_v0": 11.3968970412,
  "CH89ImagCentral_W_ve0": 46.8753982146,
  "CH89ImagCentral_W_vew": 33.2856758785,
  "CH89ImagCentral_W_s0": 13.0853296394,
  "CH89ImagCentral_W_st": 34.1733238915,
  "CH89ImagCentral_W_se0": 6.8873821881,
  "CH89ImagCentral_W_sew": 48.0737016725,
  "CH89ImagCentral_r_w": 1.3057149081,
  "CH89ImagCentral_r_w0": -0.2454393142,
  "CH89ImagCentral_a_w": 0.7221049495
}