{
  "CH89RealCentral_V_0": 55.3395021476,
  "CH89RealCentral_V_t": 5.483710167,
  "CH89RealCentral_V_e": -0.3121084937,
  "CH89RealCentral_r_o": 1.2045289731,
  "CH89RealCentral_r_o_0": -0.2145119112,
  "CH89RealCentral_a_0": 0.7420684265,
  "CH89Coulomb_r_c": 1.1695066758,
  "CH89Coulomb_r_c_0": 0.1998704734,
  "CH89SpinOrbit_V_so": 5.2742918796,
  "CH89SpinOrbit_r_so": 1.2669917831,
  "CH89SpinOrbit_r_so_0": -1.0362797125,
  "CH89SpinOrbit_a_so": 0.5902815075,
  "CH89ImagCentral_W_v0": 13.7987809268,
  "CH89ImagCentral_W_ve0": 37.040091711,
  "CH89ImagCentral_W_vew": 25.6331235987,
  "CH89ImagCentral_W_s0": 15.3531591701,
  "CH89ImagCentral_W_st": 50.5582265469,
  "CH89ImagCentral_W_se0": 3.1503426341,
  "CH89ImagCentral_W_sew": 25.2872728095,
  "CH89ImagCentral_r_w": 1.4411612894,
  "CH89ImagCentral_r_w0": -0.857456831,
  "CH89ImagCentral_a_w": 0.6909830332
}