{
  "CH89RealCentral_V_0": 56.9384084417,
  "CH89RealCentral_V_t": 18.1608892494,
  "CH89RealCentral_V_e": -0.3761210162,
  "CH89RealCentral_r_o": 1.2091663173,
  "CH89RealCentral_r_o_0": -0.3096032659,
  "CH89RealCentral_a_0": 0.7281952686,
  "CH89Coulomb_r_c": 1.2696585717,
  "CH89Coulomb_r_c_0": 0.0788129711,
  "CH89SpinOrbit_V_so": 5.9511639238,
  "CH89SpinOrbit_r_so": 1.3397744472,
  "CH89SpinOrbit_r_so_0": -1.1265684242,
  "CH89SpinOrbit_a_so": 0.5877003067,
  "CH89ImagCentral_W_v0": 7.8294136066,
  "CH89ImagCentral_W_ve0": 15.3281475808,
  "CH89ImagCentral_W_vew": 2.4753801956,
  "CH89ImagCentral_W_s0": 6.8977615309,
  "CH89ImagCentral_W_st": 21.6720929054,
  "CH89ImagCentral_W_se0": 39.4252469908,
  "CH89ImagCentral_W_sew": 35.2049534097,
  "CH89ImagCentral_r_w": 1.3112763332,
  "CH89ImagCentral_r_w0": -0.3726452494,
  "CH89ImagCentral_a_w": 0.6806146239
}