{
  "CH89RealCentral_V_0": 55.5342623121,
  "CH89RealCentral_V_t": 14.4347574362,
  "CH89RealCentral_V_e": -0.3523319672,
  "CH89RealCentral_r_o": 1.2051179434,
  "CH89RealCentral_r_o_0": -0.2350245976,
  "CH89RealCentral_a_0": 0.7282548472,
  "CH89Coulomb_r_c": 1.3087210489,
  "CH89Coulomb_r_c_0": -0.1026338148,
  "CH89SpinOrbit_V_so": 6.2356854437,
  "CH89SpinOrbit_r_so": 1.2192794501,
  "CH89SpinOrbit_r_so_0": -0.7272727262,
  "CH89SpinOrbit_a_so": 0.6505750926,
  "CH89ImagCentral_W_v0": 13.6856775027,
  "CH89ImagCentral_W_ve0": 53.612974183,
  "CH89ImagCentral_W_vew": 22.4101622878,
  "CH89ImagCentral_W_s0": 8.8087132278,
  "CH89ImagCentral_W_st": 20.6055675786,
  "CH89ImagCentral_W_se0": 32.5564466963,
  "CH89ImagCentral_W_sew": 43.9049009541,
  "CH89ImagCentral_r_w": 1.1968811561,
  "CH89ImagCentral_r_w0": 0.3918652824,
  "CH89ImagCentral_a_w": 0.6921490675
}