{
  "CH89RealCentral_V_0": 56.4288429329,
  "CH89RealCentral_V_t": 8.1000419022,
  "CH89RealCentral_V_e": -0.3433369907,
  "CH89RealCentral_r_o": 1.2263529026,
  "CH89RealCentral_r_o_0": -0.3258415099,
  "CH89RealCentral_a_0": 0.7091362606,
  "CH89Coulomb_r_c": 1.4084922183,
  "CH89Coulomb_r_c_0": 0.0417477305,
  "CH89SpinOrbit_V_so": 4.7384007113,
  "CH89SpinOrbit_r_so": 1.3807643612,
  "CH89SpinOrbit_r_so_0": -1.3943160393,
  "CH89SpinOrbit_a_so": 0.577019021,
  "CH89ImagCentral_W_v0": 12.1394741273,
  "CH89ImagCentral_W_ve0": 36.5319546297,
  "CH89ImagCentral_W_vew": 23.6795509475,
  "CH89ImagCentral_W_s0": 5.4946777787,
  "CH89ImagCentral_W_st": 9.6277152619,
  "CH89ImagCentral_W_se0": 56.2271309963,
  "CH89ImagCentral_W_sew": 40.8647509641,
  "CH89ImagCentral_r_w": 1.3451210824,
  "CH89ImagCentral_r_w0": -0.4840714108,
  "CH89ImagCentral_a_w": 0.6989589217
}