{
  "CH89RealCentral_V_0": 58.6722079393,
  "CH89RealCentral_V_t": 13.7909075236,
  "CH89RealCentral_V_e": -0.365731876,
  "CH89RealCentral_r_o": 1.1771609999,
  "CH89RealCentral_r_o_0": -0.2617756351,
  "CH89RealCentral_a_0": 0.7809595707,
  "CH89Coulomb_r_c": 1.3635830686,
  "CH89Coulomb_r_c_0": 0.1279883827,
  "CH89SpinOrbit_V_so": 6.1045216555,
  "CH89SpinOrbit_r_so": 1.320912919,
  "CH89SpinOrbit_r_so_0": -1.1675718252,
  "CH89SpinOrbit_a_so": 0.6246223004,
  "CH89ImagCentral_W_v0": 11.1550070377,
  "CH89ImagCentral_W_ve0": 46.9007948858,
  "CH89ImagCentral_W_vew": 22.7938489627,
  "CH89ImagCentral_W_s0": 11.1420444317,
  "CH89ImagCentral_W_st": 26.909912529,
  "CH89ImagCentral_W_se0": -9.9169584788,
  "CH89ImagCentral_W_sew": 68.4569736115,
  "CH89ImagCentral_r_w": 1.3852879117,
  "CH89ImagCentral_r_w0": -0.7728137316,
  "CH89ImagCentral_a_w": 0.7832844807
}