{
  "CH89RealCentral_V_0": 54.2544212603,
  "CH89RealCentral_V_t": 14.9966027625,
  "CH89RealCentral_V_e": -0.3029809893,
  "CH89RealCentral_r_o": 1.2169569923,
  "CH89RealCentral_r_o_0": -0.1827682413,
  "CH89RealCentral_a_0": 0.7004570308,
  "CH89Coulomb_r_c": 1.0803658703,
  "CH89Coulomb_r_c_0": 0.358953753,
  "CH89SpinOrbit_V_so": 5.4611384674,
  "CH89SpinOrbit_r_so": 1.192712046,
  "CH89SpinOrbit_r_so_0": -0.3213441977,
  "CH89SpinOrbit_a_so": 0.5825328317,
  "CH89ImagCentral_W_v0": 12.4396159041,
  "CH89ImagCentral_W_ve0": 41.7687158977,
  "CH89ImagCentral_W_vew": 31.8063187252,
  "CH89ImagCentral_W_s0": 4.3342691246,
  "CH89ImagCentral_W_st": 16.386153964,
  "CH89ImagCentral_W_se0": 62.4043269379,
  "CH89ImagCentral_W_sew": 67.0732709568,
  "CH89ImagCentral_r_w": 1.2098518163,
  "CH89ImagCentral_r_w0": 0.0088971792,
  "CH89ImagCentral_a_w": 0.6868437381
}