{
  "CH89RealCentral_V_0": 54.8899131658,
  "CH89RealCentral_V_t": 6.8471984715,
  "CH89RealCentral_V_e": -0.3855268763,
  "CH89RealCentral_r_o": 1.2279681982,
  "CH89RealCentral_r_o_0": -0.2879945005,
  "CH89RealCentral_a_0": 0.7093538729,
  "CH89Coulomb_r_c": 1.325715367,
  "CH89Coulomb_r_c_0": 0.1048130849,
  "CH89SpinOrbit_V_so": 5.2960659736,
  "CH89SpinOrbit_r_so": 1.2217236511,
  "CH89SpinOrbit_r_so_0": -0.9038582036,
  "CH89SpinOrbit_a_so": 0.5642720658,
  "CH89ImagCentral_W_v0": 7.03487783,
  "CH89ImagCentral_W_ve0": 19.1098829402,
  "CH89ImagCentral_W_vew": 11.4013213222,
  "CH89ImagCentral_W_s0": 12.4458218027,
  "CH89ImagCentral_W_st": 47.524986674,
  "CH89ImagCentral_W_se0": -5.3207260192,
  "CH89ImagCentral_W_sew": 22.6707520134,
  "CH89ImagCentral_r_w": 1.39850091,
  "CH89ImagCentral_r_w0": -0.4841863699,
  "CH89ImagCentral_a_w": 0.6955945381
}