{
  "CH89RealCentral_V_0": 56.3479361826,
  "CH89RealCentral_V_t": 13.026645393,
  "CH89RealCentral_V_e": -0.4281133169,
  "CH89RealCentral_r_o": 1.2113581603,
  "CH89RealCentral_r_o_0": -0.1806159197,
  "CH89RealCentral_a_0": 0.7052552995,
  "CH89Coulomb_r_c": 1.3536910986,
  "CH89Coulomb_r_c_0": 0.1335557442,
  "CH89SpinOrbit_V_so": 5.4452572863,
  "CH89SpinOrbit_r_so": 1.4031735857,
  "CH89SpinOrbit_r_so_0": -1.6873922757,
  "CH89SpinOrbit_a_so": 0.5507258665,
  "CH89ImagCentral_W_v0": 13.8812214914,
  "CH89ImagCentral_W_ve0": 16.456119113,
  "CH89ImagCentral_W_vew": 28.5047830791,
  "CH89ImagCentral_W_s0": 4.9417827752,
  "CH89ImagCentral_W_st": 8.8807840206,
  "CH89ImagCentral_W_se0": 46.366210671,
  "CH89ImagCentral_W_sew": 51.5557561881,
  "CH89ImagCentral_r_w": 1.3329709353,
  "CH89ImagCentral_r_w0": -0.4940750632,
  "CH89ImagCentral_a_w": 0.6737045828
}