{
  "CH89RealCentral_V_0": 56.8050939305,
  "CH89RealCentral_V_t": 19.1792987696,
  "CH89RealCentral_V_e": -0.3257881965,
  "CH89RealCentral_r_o": 1.1704691092,
  "CH89RealCentral_r_o_0": -0.162548305,
  "CH89RealCentral_a_0": 0.7409761751,
  "CH89Coulomb_r_c": 1.2755686612,
  "CH89Coulomb_r_c_0": 0.0656926101,
  "CH89SpinOrbit_V_so": 5.6696525909,
  "CH89SpinOrbit_r_so": 1.2945596037,
  "CH89SpinOrbit_r_so_0": -1.458404814,
  "CH89SpinOrbit_a_so": 0.5583515376,
  "CH89ImagCentral_W_v0": 12.9383275463,
  "CH89ImagCentral_W_ve0": 60.2851988226,
  "CH89ImagCentral_W_vew": 32.9354215845,
  "CH89ImagCentral_W_s0": 9.315099586,
  "CH89ImagCentral_W_st": 35.8161015051,
  "CH89ImagCentral_W_se0": 21.5624684976,
  "CH89ImagCentral_W_sew": 34.990944582,
  "CH89ImagCentral_r_w": 1.3246654983,
  "CH89ImagCentral_r_w0": -0.2165415814,
  "CH89ImagCentral_a_w": 0.6259568068
}