{
  "CH89RealCentral_V_0": 56.3159798877,
  "CH89RealCentral_V_t": 22.6922702728,
  "CH89RealCentral_V_e": -0.3245244207,
  "CH89RealCentral_r_o": 1.1109301948,
  "CH89RealCentral_r_o_0": 0.1271136573,
  "CH89RealCentral_a_0": 0.7763992914,
  "CH89Coulomb_r_c": 1.2409906292,
  "CH89Coulomb_r_c_0": -0.028952449,
  "CH89SpinOrbit_V_so": 6.386128175,
  "CH89SpinOrbit_r_so": 1.3659779244,
  "CH89SpinOrbit_r_so_0": -1.3950628431,
  "CH89SpinOrbit_a_so": 0.5494960488,
  "CH89ImagCentral_W_v0": 7.3966457774,
  "CH89ImagCentral_W_ve0": 19.1607416955,
  "CH89ImagCentral_W_vew": 25.4702910987,
  "CH89ImagCentral_W_s0": 14.4073455399,
  "CH89ImagCentral_W_st": 30.2589655296,
  "CH89ImagCentral_W_se0": -6.9912552737,
  "CH89ImagCentral_W_sew": 46.9787441513,
  "CH89ImagCentral_r_w": 1.3702820476,
  "CH89ImagCentral_r_w0": -0.579659343,
  "CH89ImagCentral_a_w": 0.6609089952
}