{
  "CH89RealCentral_V_0": 56.7793808181,
  "CH89RealCentral_V_t": 6.7739793277,
  "CH89RealCentral_V_e": -0.3301994619,
  "CH89RealCentral_r_o": 1.1891706974,
  "CH89RealCentral_r_o_0": -0.1804136181,
  "CH89RealCentral_a_0": 0.7713392499,
  "CH89Coulomb_r_c": 1.2584037635,
  "CH89Coulomb_r_c_0": 0.1398201472,
  "CH89SpinOrbit_V_so": 4.7111142491,
  "CH89SpinOrbit_r_so": 1.3416912119,
  "CH89SpinOrbit_r_so_0": -1.0888933174,
  "CH89SpinOrbit_a_so": 0.6173147688,
  "CH89ImagCentral_W_v0": 13.3431546794,
  "CH89ImagCentral_W_ve0": 21.3165439098,
  "CH89ImagCentral_W_vew": 19.0633845873,
  "CH89ImagCentral_W_s0": 7.6082563974,
  "CH89ImagCentral_W_st": 43.0169544189,
  "CH89ImagCentral_W_se0": 2.7794522129,
  "CH89ImagCentral_W_sew": 1.551179009,
  "CH89ImagCentral_r_w": 1.3980800803,
  "CH89ImagCentral_r_w0": -0.4514970776,
  "CH89ImagCentral_a_w": 0.6353332946
}