{
  "CH89RealCentral_V_0": 56.0927630314,
  "CH89RealCentral_V_t": 11.197083164,
  "CH89RealCentral_V_e": -0.3551928893,
  "CH89RealCentral_r_o": 1.1880062424,
  "CH89RealCentral_r_o_0": -0.1774898675,
  "CH89RealCentral_a_0": 0.7320048855,
  "CH89Coulomb_r_c": 1.2978702067,
  "CH89Coulomb_r_c_0": 0.2282644447,
  "CH89SpinOrbit_V_so": 5.8146817171,
  "CH89SpinOrbit_r_so": 1.0388159844,
  "CH89SpinOrbit_r_so_0": -0.0416909686,
  "CH89SpinOrbit_a_so": 0.636870761,
  "CH89ImagCentral_W_v0": 7.1569301088,
  "CH89ImagCentral_W_ve0": 12.8399098758,
  "CH89ImagCentral_W_vew": 21.0703214164,
  "CH89ImagCentral_W_s0": 10.0796290705,
  "CH89ImagCentral_W_st": 34.9606970358,
  "CH89ImagCentral_W_se0": 0.4047407846,
  "CH89ImagCentral_W_sew": 47.4248053893,
  "CH89ImagCentral_r_w": 1.3698837091,
  "CH89ImagCentral_r_w0": -0.3226608861,
  "CH89ImagCentral_a_w": 0.7027978393
}