{
  "CH89RealCentral_V_0": 56.131077199,
  "CH89RealCentral_V_t": 21.2161213749,
  "CH89RealCentral_V_e": -0.3603290088,
  "CH89RealCentral_r_o": 1.1730667409,
  "CH89RealCentral_r_o_0": -0.0697800648,
  "CH89RealCentral_a_0": 0.7154181645,
  "CH89Coulomb_r_c": 1.2644977326,
  "CH89Coulomb_r_c_0": 0.2663083348,
  "CH89SpinOrbit_V_so": 5.271708448,
  "CH89SpinOrbit_r_so": 1.4015923626,
  "CH89SpinOrbit_r_so_0": -1.4809903304,
  "CH89SpinOrbit_a_so": 0.5834879116,
  "CH89ImagCentral_W_v0": 5.3991055585,
  "CH89ImagCentral_W_ve0": 10.3743589908,
  "CH89ImagCentral_W_vew": 20.8194977792,
  "CH89ImagCentral_W_s0": 13.9866504363,
  "CH89ImagCentral_W_st": 38.5670751989,
  "CH89ImagCentral_W_se0": -16.4016465107,
  "CH89ImagCentral_W_sew": 83.8109725861,
  "CH89ImagCentral_r_w": 1.2815613852,
  "CH89ImagCentral_r_w0": -0.4299082911,
  "CH89ImagCentral_a_w": 0.6943648103
}