{
  "CH89RealCentral_V_0": 55.2366984094,
  "CH89RealCentral_V_t": 11.074915455,
  "CH89RealCentral_V_e": -0.3640842535,
  "CH89RealCentral_r_o": 1.1904759193,
  "CH89RealCentral_r_o_0": -0.1079865861,
  "CH89RealCentral_a_0": 0.7380264679,
  "CH89Coulomb_r_c": 1.25684084,
  "CH89Coulomb_r_c_0": 0.2494324879,
  "CH89SpinOrbit_V_so": 5.4222701024,
  "CH89SpinOrbit_r_so": 1.1838419076,
  "CH89SpinOrbit_r_so_0": -0.542976758,
  "CH89SpinOrbit_a_so": 0.628110135,
  "CH89ImagCentral_W_v0": 7.305477267,
  "CH89ImagCentral_W_ve0": 29.5736415295,
  "CH89ImagCentral_W_vew": 22.6621906495,
  "CH89ImagCentral_W_s0": 8.639278623,
  "CH89ImagCentral_W_st": 15.0189258181,
  "CH89ImagCentral_W_se0": 48.4328278219,
  "CH89ImagCentral_W_sew": 59.494265893,
  "CH89ImagCentral_r_w": 1.1954649622,
  "CH89ImagCentral_r_w0": -0.1325930869,
  "CH89ImagCentral_a_w": 0.696266672
}