{
  "CH89RealCentral_V_0": 55.6515258761,
  "CH89RealCentral_V_t": 10.4500164768,
  "CH89RealCentral_V_e": -0.3931890228,
  "CH89RealCentral_r_o": 1.2325363088,
  "CH89RealCentral_r_o_0": -0.3111713682,
  "CH89RealCentral_a_0": 0.708644657,
  "CH89Coulomb_r_c": 1.3358484972,
  "CH89Coulomb_r_c_0": 0.1083458616,
  "CH89SpinOrbit_V_so": 5.204837087,
  "CH89SpinOrbit_r_so": 1.1236638363,
  "CH89SpinOrbit_r_so_0": -0.4452172726,
  "CH89SpinOrbit_a_so": 0.5564221469,
  "CH89ImagCentral_W_v0": 16.7745959749,
  "CH89ImagCentral_W_ve0": 38.2545810866,
  "CH89ImagCentral_W_vew": 13.4480306655,
  "CH89ImagCentral_W_s0": 7.7101748131,
  "CH89ImagCentral_W_st": 27.7595112244,
  "CH89ImagCentral_W_se0": 3.6013661822,
  "CH89ImagCentral_W_sew": 29.4630466038,
  "CH89ImagCentral_r_w": 1.3827665202,
  "CH89ImagCentral_r_w0": -0.518192769,
  "CH89ImagCentral_a_w": 0.6831546349
}