{
  "CH89RealCentral_V_0": 57.7441452409,
  "CH89RealCentral_V_t": 13.4021025704,
  "CH89RealCentral_V_e": -0.3652580304,
  "CH89RealCentral_r_o": 1.2067951173,
  "CH89RealCentral_r_o_0": -0.2362405441,
  "CH89RealCentral_a_0": 0.7072538079,
  "CH89Coulomb_r_c": 1.2768419997,
  "CH89Coulomb_r_c_0": 0.1628882262,
  "CH89SpinOrbit_V_so": 5.0427615054,
  "CH89SpinOrbit_r_so": 1.1402523461,
  "CH89SpinOrbit_r_so_0": -0.3745654543,
  "CH89SpinOrbit_a_so": 0.5969373314,
  "CH89ImagCentral_W_v0": 9.6597271167,
  "CH89ImagCentral_W_ve0": -7.8705862098,
  "CH89ImagCentral_W_vew": 18.6394801732,
  "CH89ImagCentral_W_s0": 9.1536051389,
  "CH89ImagCentral_W_st": 36.4789365812,
  "CH89ImagCentral_W_se0": 3.8673885182,
  "CH89ImagCentral_W_sew": 44.3868403197,
  "CH89ImagCentral_r_w": 1.3222868109,
  "CH89ImagCentral_r_w0": -0.2585853788,
  "CH89ImagCentral_a_w": 0.6099939185
}