{
  "CH89RealCentral_V_0": 57.9909152108,
  "CH89RealCentral_V_t": 13.8329401833,
  "CH89RealCentral_V_e": -0.3867915508,
  "CH89RealCentral_r_o": 1.2362103144,
  "CH89RealCentral_r_o_0": -0.5249691346,
  "CH89RealCentral_a_0": 0.766605913,
  "CH89Coulomb_r_c": 1.2706899813,
  "CH89Coulomb_r_c_0": 0.3644961605,
  "CH89SpinOrbit_V_so": 5.5567993093,
  "CH89SpinOrbit_r_so": 1.1480729462,
  "CH89SpinOrbit_r_so_0": -0.8195600026,
  "CH89SpinOrbit_a_so": 0.6000908179,
  "CH89ImagCentral_W_v0": 8.9423467027,
  "CH89ImagCentral_W_ve0": 8.8226246873,
  "CH89ImagCentral_W_vew": 2.4961651354,
  "CH89ImagCentral_W_s0": 12.0032503494,
  "CH89ImagCentral_W_st": 29.8152689182,
  "CH89ImagCentral_W_se0": -1.157078302,
  "CH89ImagCentral_W_sew": 10.5986607738,
  "CH89ImagCentral_r_w": 1.2953158925,
  "CH89ImagCentral_r_w0": -0.1452390594,
  "CH89ImagCentral_a_w": 0.8022412797
}