{
  "CH89RealCentral_V_0": 55.6465635708,
  "CH89RealCentral_V_t": 12.4179678054,
  "CH89RealCentral_V_e": -0.3720052226,
  "CH89RealCentral_r_o": 1.2017583492,
  "CH89RealCentral_r_o_0": -0.2254309313,
  "CH89RealCentral_a_0": 0.7306345318,
  "CH89Coulomb_r_c": 1.2440740096,
  "CH89Coulomb_r_c_0": -0.0642402678,
  "CH89SpinOrbit_V_so": 5.6424547865,
  "CH89SpinOrbit_r_so": 1.0683535593,
  "CH89SpinOrbit_r_so_0": -0.136687619,
  "CH89SpinOrbit_a_so": 0.6193002565,
  "CH89ImagCentral_W_v0": 10.6990535922,
  "CH89ImagCentral_W_ve0": 27.106469785,
  "CH89ImagCentral_W_vew": 16.967353409,
  "CH89ImagCentral_W_s0": 10.0679638067,
  "CH89ImagCentral_W_st": 39.7686074871,
  "CH89ImagCentral_W_se0": -5.2193926274,
  "CH89ImagCentral_W_sew": 19.673501893,
  "CH89ImagCentral_r_w": 1.409698798,
  "CH89ImagCentral_r_w0": -0.3801258628,
  "CH89ImagCentral_a_w": 0.7137751212
}