{
  "CH89RealCentral_V_0": 55.7771002388,
  "CH89RealCentral_V_t": 16.7588062741,
  "CH89RealCentral_V_e": -0.3352942614,
  "CH89RealCentral_r_o": 1.1882424883,
  "CH89RealCentral_r_o_0": -0.1171024274,
  "CH89RealCentral_a_0": 0.7236477351,
  "CH89Coulomb_r_c": 1.1355017822,
  "CH89Coulomb_r_c_0": 0.2692690945,
  "CH89SpinOrbit_V_so": 6.2800873638,
  "CH89SpinOrbit_r_so": 1.4615647443,
  "CH89SpinOrbit_r_so_0": -1.6237161628,
  "CH89SpinOrbit_a_so": 0.5812392652,
  "CH89ImagCentral_W_v0": 18.1963099567,
  "CH89ImagCentral_W_ve0": 46.6381605488,
  "CH89ImagCentral_W_vew": 14.5134347113,
  "CH89ImagCentral_W_s0": 0.8050733052,
  "CH89ImagCentral_W_st": 23.5057073686,
  "CH89ImagCentral_W_se0": 57.2043049068,
  "CH89ImagCentral_W_sew": 25.0361327427,
  "CH89ImagCentral_r_w": 1.2465584291,
  "CH89ImagCentral_r_w0": -0.0952341584,
  "CH89ImagCentral_a_w": 0.6811459808
}