{
  "CH89RealCentral_V_0": 58.2788124124,
  "CH89RealCentral_V_t": 12.7271199646,
  "CH89RealCentral_V_e": -0.3834327871,
  "CH89RealCentral_r_o": 1.2002898199,
  "CH89RealCentral_r_o_0": -0.3464764436,
  "CH89RealCentral_a_0": 0.7766671706,
  "CH89Coulomb_r_c": 1.223401604,
  "CH89Coulomb_r_c_0": 0.071843615,
  "CH89SpinOrbit_V_so": 6.5046802906,
  "CH89SpinOrbit_r_so": 1.2106326796,
  "CH89SpinOrbit_r_so_0": -0.8100784015,
  "CH89SpinOrbit_a_so": 0.6000290882,
  "CH89ImagCentral_W_v0": 2.0348013985,
  "CH89ImagCentral_W_ve0": -4.5470607249,
  "CH89ImagCentral_W_vew": 11.2715009309,
  "CH89ImagCentral_W_s0": 12.0912372669,
  "CH89ImagCentral_W_st": 19.3958541149,
  "CH89ImagCentral_W_se0": 9.6771908415,
  "CH89ImagCentral_W_sew": 57.7072370352,
  "CH89ImagCentral_r_w": 1.3598921801,
  "CH89ImagCentral_r_w0": -0.5193419399,
  "CH89ImagCentral_a_w": 0.7707586275
}