{
  "CH89RealCentral_V_0": 55.0827054345,
  "CH89RealCentral_V_t": 4.4072583914,
  "CH89RealCentral_V_e": -0.3360905933,
  "CH89RealCentral_r_o": 1.1950286022,
  "CH89RealCentral_r_o_0": -0.0338437491,
  "CH89RealCentral_a_0": 0.7016737458,
  "CH89Coulomb_r_c": 1.1489814035,
  "CH89Coulomb_r_c_0": 0.1623972122,
  "CH89SpinOrbit_V_so": 4.9810943775,
  "CH89SpinOrbit_r_so": 1.1965180698,
  "CH89SpinOrbit_r_so_0": -0.6124612184,
  "CH89SpinOrbit_a_so": 0.6529424107,
  "CH89ImagCentral_W_v0": 11.841169827,
  "CH89ImagCentral_W_ve0": 74.9749865911,
  "CH89ImagCentral_W_vew": 42.06548045,
  "CH89ImagCentral_W_s0": 14.9250038817,
  "CH89ImagCentral_W_st": 31.5935164143,
  "CH89ImagCentral_W_se0": 26.0135335797,
  "CH89ImagCentral_W_sew": 72.5419437331,
  "CH89ImagCentral_r_w": 1.4181914338,
  "CH89ImagCentral_r_w0": -1.0927776125,
  "CH89ImagCentral_a_w": 0.6505826373
}