{
  "CH89RealCentral_V_0": 56.377023131,
  "CH89RealCentral_V_t": 15.5370065991,
  "CH89RealCentral_V_e": -0.3437446677,
  "CH89RealCentral_r_o": 1.1385081494,
  "CH89RealCentral_r_o_0": 0.0698289921,
  "CH89RealCentral_a_0": 0.724119964,
  "CH89Coulomb_r_c": 1.150858376,
  "CH89Coulomb_r_c_0": 0.220242372,
  "CH89SpinOrbit_V_so": 5.7949116889,
  "CH89SpinOrbit_r_so": 1.2071897903,
  "CH89SpinOrbit_r_so_0": -0.4601609414,
  "CH89SpinOrbit_a_so": 0.5770418958,
  "CH89ImagCentral_W_v0": 12.8795518609,
  "CH89ImagCentral_W_ve0": 36.1331402123,
  "CH89ImagCentral_W_vew": 24.3148405998,
  "CH89ImagCentral_W_s0": 10.3253845558,
  "CH89ImagCentral_W_st": 38.2539928281,
  "CH89ImagCentral_W_se0": 21.9146551611,
  "CH89ImagCentral_W_sew": 61.0580614003,
  "CH89ImagCentral_r_w": 1.2242876752,
  "CH89ImagCentral_r_w0": 0.0524900525,
  "CH89ImagCentral_a_w": 0.6900550765
}