{
  "CH89RealCentral_V_0": 56.0371830477,
  "CH89RealCentral_V_t": 21.4500102755,
  "CH89RealCentral_V_e": -0.351755422,
  "CH89RealCentral_r_o": 1.1535327259,
  "CH89RealCentral_r_o_0": -0.0660895178,
  "CH89RealCentral_a_0": 0.7329362594,
  "CH89Coulomb_r_c": 1.2462652639,
  "CH89Coulomb_r_c_0": 0.0529784738,
  "CH89SpinOrbit_V_so": 5.5884217296,
  "CH89SpinOrbit_r_so": 1.3805783812,
  "CH89SpinOrbit_r_so_0": -1.5438912043,
  "CH89SpinOrbit_a_so": 0.6185991985,
  "CH89ImagCentral_W_v0": 13.5611932128,
  "CH89ImagCentral_W_ve0": 34.3064388092,
  "CH89ImagCentral_W_vew": 33.1823386542,
  "CH89ImagCentral_W_s0": 14.9044812946,
  "CH89ImagCentral_W_st": 44.1163790894,
  "CH89ImagCentral_W_se0": -12.8030370992,
  "CH89ImagCentral_W_sew": 36.180661293,
  "CH89ImagCentral_r_w": 1.3519214454,
  "CH89ImagCentral_r_w0": -0.6581677947,
  "CH89ImagCentral_a_w": 0.7684742394
}