{
  "CH89RealCentral_V_0": 55.723237511,
  "CH89RealCentral_V_t": 12.1852602093,
  "CH89RealCentral_V_e": -0.385056347,
  "CH89RealCentral_r_o": 1.1941643147,
  "CH89RealCentral_r_o_0": -0.1227702777,
  "CH89RealCentral_a_0": 0.7351476171,
  "CH89Coulomb_r_c": 1.4375569673,
  "CH89Coulomb_r_c_0": 0.0847626616,
  "CH89SpinOrbit_V_so": 5.095068976,
  "CH89SpinOrbit_r_so": 1.262640741,
  "CH89SpinOrbit_r_so_0": -0.7495573829,
  "CH89SpinOrbit_a_so": 0.5807128826,
  "CH89ImagCentral_W_v0": 12.4611281185,
  "CH89ImagCentral_W_ve0": 66.0516390034,
  "CH89ImagCentral_W_vew": 28.191461459,
  "CH89ImagCentral_W_s0": 9.4188515329,
  "CH89ImagCentral_W_st": 7.3628179416,
  "CH89ImagCentral_W_se0": 42.5092336993,
  "CH89ImagCentral_W_sew": 63.9382896145,
  "CH89ImagCentral_r_w": 1.3643820385,
  "CH89ImagCentral_r_w0": -0.9379208216,
  "CH89ImagCentral_a_w": 0.7327009245
}