{
  "CH89RealCentral_V_0": 54.920009276,
  "CH89RealCentral_V_t": 15.954072109,
  "CH89RealCentral_V_e": -0.3682693436,
  "CH89RealCentral_r_o": 1.1969587884,
  "CH89RealCentral_r_o_0": -0.148246318,
  "CH89RealCentral_a_0": 0.6978352895,
  "CH89Coulomb_r_c": 1.2107583026,
  "CH89Coulomb_r_c_0": 0.04910971,
  "CH89SpinOrbit_V_so": 5.9635474288,
  "CH89SpinOrbit_r_so": 1.2710958637,
  "CH89SpinOrbit_r_so_0": -1.1718220163,
  "CH89SpinOrbit_a_so": 0.6225848623,
  "CH89ImagCentral_W_v0": 6.8962819409,
  "CH89ImagCentral_W_ve0": 41.3883870844,
  "CH89ImagCentral_W_vew": 38.6004098712,
  "CH89ImagCentral_W_s0": 1.9001633041,
  "CH89ImagCentral_W_st": 10.9561234484,
  "CH89ImagCentral_W_se0": 71.645628893,
  "CH89ImagCentral_W_sew": 38.1693134814,
  "CH89ImagCentral_r_w": 1.3714080112,
  "CH89ImagCentral_r_w0": -0.6145412898,
  "CH89ImagCentral_a_w": 0.7331315758
}