{
  "CH89RealCentral_V_0": 54.9640098148,
  "CH89RealCentral_V_t": 22.0116000584,
  "CH89RealCentral_V_e": -0.3458848488,
  "CH89RealCentral_r_o": 1.1648628641,
  "CH89RealCentral_r_o_0": 0.0007832072,
  "CH89RealCentral_a_0": 0.7237896612,
  "CH89Coulomb_r_c": 1.2484275237,
  "CH89Coulomb_r_c_0": -0.0335368031,
  "CH89SpinOrbit_V_so": 4.9486125126,
  "CH89SpinOrbit_r_so": 1.3188095827,
  "CH89SpinOrbit_r_so_0": -1.1275588905,
  "CH89SpinOrbit_a_so": 0.6293910767,
  "CH89ImagCentral_W_v0": 13.4891034267,
  "CH89ImagCentral_W_ve0": 61.3806619478,
  "CH89ImagCentral_W_vew": 41.8246871356,
  "CH89ImagCentral_W_s0": 6.9567363194,
  "CH89ImagCentral_W_st": 29.9615088623,
  "CH89ImagCentral_W_se0": 46.5202052418,
  "CH89ImagCentral_W_sew": 54.1827502781,
  "CH89ImagCentral_r_w": 1.3122903277,
  "CH89ImagCentral_r_w0": -0.4773839053,
  "CH89ImagCentral_a_w": 0.6593296869
}