{
  "CH89RealCentral_V_0": 55.1583519026,
  "CH89RealCentral_V_t": 14.3099783673,
  "CH89RealCentral_V_e": -0.3039381855,
  "CH89RealCentral_r_o": 1.1789715837,
  "CH89RealCentral_r_o_0": -0.0781140812,
  "CH89RealCentral_a_0": 0.7354849897,
  "CH89Coulomb_r_c": 1.1803135335,
  "CH89Coulomb_r_c_0": 0.1157348757,
  "CH89SpinOrbit_V_so": 5.0604333888,
  "CH89SpinOrbit_r_so": 1.3443006411,
  "CH89SpinOrbit_r_so_0": -1.0826272094,
  "CH89SpinOrbit_a_so": 0.5934046069,
  "CH89ImagCentral_W_v0": 16.9133368955,
  "CH89ImagCentral_W_ve0": 49.3814177918,
  "CH89ImagCentral_W_vew": 36.7416826073,
  "CH89ImagCentral_W_s0": 15.9715654902,
  "CH89ImagCentral_W_st": 54.8845385481,
  "CH89ImagCentral_W_se0": -12.6549084854,
  "CH89ImagCentral_W_sew": 21.3535890821,
  "CH89ImagCentral_r_w": 1.3004672224,
  "CH89ImagCentral_r_w0": -0.2579904334,
  "CH89ImagCentral_a_w": 0.6594915483
}