{
  "CH89RealCentral_V_0": 57.9416896547,
  "CH89RealCentral_V_t": 26.5814187591,
  "CH89RealCentral_V_e": -0.430093174,
  "CH89RealCentral_r_o": 1.2127058194,
  "CH89RealCentral_r_o_0": -0.3754137905,
  "CH89RealCentral_a_0": 0.78503799,
  "CH89Coulomb_r_c": 1.3125523669,
  "CH89Coulomb_r_c_0": -0.0230571367,
  "CH89SpinOrbit_V_so": 5.3472408366,
  "CH89SpinOrbit_r_so": 1.4526837892,
  "CH89SpinOrbit_r_so_0": -1.8012246604,
  "CH89SpinOrbit_a_so": 0.5333731201,
  "CH89ImagCentral_W_v0": 7.7751172458,
  "CH89ImagCentral_W_ve0": 21.2843784767,
  "CH89ImagCentral_W_vew": 9.530178023,
  "CH89ImagCentral_W_s0": 16.0521835502,
  "CH89ImagCentral_W_st": 32.9705723714,
  "CH89ImagCentral_W_se0": 9.9646841414,
  "CH89ImagCentral_W_sew": 54.6422863584,
  "CH89ImagCentral_r_w": 1.1743873242,
  "CH89ImagCentral_r_w0": -0.1504692283,
  "CH89ImagCentral_a_w": 0.7508025096
}