{
  "CH89RealCentral_V_0": 55.9300112735,
  "CH89RealCentral_V_t": 17.4488441789,
  "CH89RealCentral_V_e": -0.3993599345,
  "CH89RealCentral_r_o": 1.2182243235,
  "CH89RealCentral_r_o_0": -0.2679020663,
  "CH89RealCentral_a_0": 0.7283750352,
  "CH89Coulomb_r_c": 1.3896913846,
  "CH89Coulomb_r_c_0": 0.1141503181,
  "CH89SpinOrbit_V_so": 5.9132239796,
  "CH89SpinOrbit_r_so": 1.4042681764,
  "CH89SpinOrbit_r_so_0": -1.6429883057,
  "CH89SpinOrbit_a_so": 0.6105819796,
  "CH89ImagCentral_W_v0": 15.3727587754,
  "CH89ImagCentral_W_ve0": 72.0121082454,
  "CH89ImagCentral_W_vew": 41.0651805424,
  "CH89ImagCentral_W_s0": 20.4353467576,
  "CH89ImagCentral_W_st": 34.9524890381,
  "CH89ImagCentral_W_se0": -6.5164329515,
  "CH89ImagCentral_W_sew": 73.247455866,
  "CH89ImagCentral_r_w": 1.350823369,
  "CH89ImagCentral_r_w0": -0.7540720764,
  "CH89ImagCentral_a_w": 0.7023377704
}