{
  "CH89RealCentral_V_0": 55.3454928268,
  "CH89RealCentral_V_t": 7.8065436942,
  "CH89RealCentral_V_e": -0.3387893105,
  "CH89RealCentral_r_o": 1.217634625,
  "CH89RealCentral_r_o_0": -0.2460437777,
  "CH89RealCentral_a_0": 0.7093833567,
  "CH89Coulomb_r_c": 1.3916296785,
  "CH89Coulomb_r_c_0": 0.1822680065,
  "CH89SpinOrbit_V_so": 4.6689612495,
  "CH89SpinOrbit_r_so": 1.2560031792,
  "CH89SpinOrbit_r_so_0": -0.9628871248,
  "CH89SpinOrbit_a_so": 0.6272154964,
  "CH89ImagCentral_W_v0": 7.9865732553,
  "CH89ImagCentral_W_ve0": 45.4790942224,
  "CH89ImagCentral_W_vew": 10.2871844199,
  "CH89ImagCentral_W_s0": 11.9049261713,
  "CH89ImagCentral_W_st": 24.5801396383,
  "CH89ImagCentral_W_se0": 26.6856962883,
  "CH89ImagCentral_W_sew": 35.3592476374,
  "CH89ImagCentral_r_w": 1.3784341801,
  "CH89ImagCentral_r_w0": -0.7644897108,
  "CH89ImagCentral_a_w": 0.7120037713
}