{
  "CH89RealCentral_V_0": 55.2439487144,
  "CH89RealCentral_V_t": 24.7258209872,
  "CH89RealCentral_V_e": -0.3268341855,
  "CH89RealCentral_r_o": 1.1704284331,
  "CH89RealCentral_r_o_0": -0.1599382276,
  "CH89RealCentral_a_0": 0.788905452,
  "CH89Coulomb_r_c": 1.1171227339,
  "CH89Coulomb_r_c_0": 0.2475937322,
  "CH89SpinOrbit_V_so": 5.1694629742,
  "CH89SpinOrbit_r_so": 1.4017610642,
  "CH89SpinOrbit_r_so_0": -1.5719776929,
  "CH89SpinOrbit_a_so": 0.6001216556,
  "CH89ImagCentral_W_v0": 13.2690637179,
  "CH89ImagCentral_W_ve0": 68.3848374149,
  "CH89ImagCentral_W_vew": 19.0467035701,
  "CH89ImagCentral_W_s0": 17.3151566756,
  "CH89ImagCentral_W_st": 30.9567300438,
  "CH89ImagCentral_W_se0": 7.3494691602,
  "CH89ImagCentral_W_sew": 49.0222276491,
  "CH89ImagCentral_r_w": 1.2402329088,
  "CH89ImagCentral_r_w0": -0.1462987913,
  "CH89ImagCentral_a_w": 0.7242214789
}