{
  "CH89RealCentral_V_0": 56.9495411377,
  "CH89RealCentral_V_t": 9.5175810943,
  "CH89RealCentral_V_e": -0.394372654,
  "CH89RealCentral_r_o": 1.2163097519,
  "CH89RealCentral_r_o_0": -0.2824160294,
  "CH89RealCentral_a_0": 0.7371507295,
  "CH89Coulomb_r_c": 1.2270111713,
  "CH89Coulomb_r_c_0": 0.1642189613,
  "CH89SpinOrbit_V_so": 6.737112163,
  "CH89SpinOrbit_r_so": 1.1419445967,
  "CH89SpinOrbit_r_so_0": -0.4815533632,
  "CH89SpinOrbit_a_so": 0.5704534748,
  "CH89ImagCentral_W_v0": 8.7346611112,
  "CH89ImagCentral_W_ve0": 17.1293910479,
  "CH89ImagCentral_W_vew": 16.5007921176,
  "CH89ImagCentral_W_s0": 4.914504193,
  "CH89ImagCentral_W_st": 20.5213625037,
  "CH89ImagCentral_W_se0": 37.3118198292,
  "CH89ImagCentral_W_sew": 19.5973244892,
  "CH89ImagCentral_r_w": 1.3183360573,
  "CH89ImagCentral_r_w0": -0.4331779561,
  "CH89ImagCentral_a_w": 0.7719558992
}