{
  "CH89RealCentral_V_0": 57.0382978558,
  "CH89RealCentral_V_t": 7.6818733647,
  "CH89RealCentral_V_e": -0.3990991211,
  "CH89RealCentral_r_o": 1.2290595436,
  "CH89RealCentral_r_o_0": -0.3344125267,
  "CH89RealCentral_a_0": 0.733683955,
  "CH89Coulomb_r_c": 1.1785716589,
  "CH89Coulomb_r_c_0": 0.1798981489,
  "CH89SpinOrbit_V_so": 4.8315053007,
  "CH89SpinOrbit_r_so": 1.22651863,
  "CH89SpinOrbit_r_so_0": -0.7551812963,
  "CH89SpinOrbit_a_so": 0.5963174205,
  "CH89ImagCentral_W_v0": 6.1570596949,
  "CH89ImagCentral_W_ve0": -2.7981301745,
  "CH89ImagCentral_W_vew": -1.0607477591,
  "CH89ImagCentral_W_s0": 15.5975459021,
  "CH89ImagCentral_W_st": 43.4596761302,
  "CH89ImagCentral_W_se0": 3.059305591,
  "CH89ImagCentral_W_sew": 22.9876026885,
  "CH89ImagCentral_r_w": 1.3626084658,
  "CH89ImagCentral_r_w0": -0.7137678023,
  "CH89ImagCentral_a_w": 0.7294420701
}