{
  "CH89RealCentral_V_0": 56.4787335383,
  "CH89RealCentral_V_t": 6.1005218259,
  "CH89RealCentral_V_e": -0.381704215,
  "CH89RealCentral_r_o": 1.1983658137,
  "CH89RealCentral_r_o_0": -0.0953988049,
  "CH89RealCentral_a_0": 0.70363228,
  "CH89Coulomb_r_c": 1.3120701828,
  "CH89Coulomb_r_c_0": -0.0296775807,
  "CH89SpinOrbit_V_so": 5.7248545263,
  "CH89SpinOrbit_r_so": 1.3058998659,
  "CH89SpinOrbit_r_so_0": -1.1304369779,
  "CH89SpinOrbit_a_so": 0.6285276448,
  "CH89ImagCentral_W_v0": 15.1889910201,
  "CH89ImagCentral_W_ve0": 71.819093116,
  "CH89ImagCentral_W_vew": 23.5050277382,
  "CH89ImagCentral_W_s0": 11.7927774621,
  "CH89ImagCentral_W_st": 13.80395872,
  "CH89ImagCentral_W_se0": 38.9676439646,
  "CH89ImagCentral_W_sew": 62.5557488078,
  "CH89ImagCentral_r_w": 1.256755194,
  "CH89ImagCentral_r_w0": -0.404710305,
  "CH89ImagCentral_a_w": 0.6811621455
}