{
  "CH89RealCentral_V_0": 56.3743941324,
  "CH89RealCentral_V_t": 9.3729047521,
  "CH89RealCentral_V_e": -0.3739798884,
  "CH89RealCentral_r_o": 1.2167595154,
  "CH89RealCentral_r_o_0": -0.3251687907,
  "CH89RealCentral_a_0": 0.7712665662,
  "CH89Coulomb_r_c": 1.2118112059,
  "CH89Coulomb_r_c_0": 0.3220376547,
  "CH89SpinOrbit_V_so": 5.685402165,
  "CH89SpinOrbit_r_so": 1.2282724692,
  "CH89SpinOrbit_r_so_0": -0.7397331643,
  "CH89SpinOrbit_a_so": 0.6135931289,
  "CH89ImagCentral_W_v0": 5.4104480578,
  "CH89ImagCentral_W_ve0": 13.6350003841,
  "CH89ImagCentral_W_vew": 21.3508710909,
  "CH89ImagCentral_W_s0": 12.8879823075,
  "CH89ImagCentral_W_st": 40.8996554939,
  "CH89ImagCentral_W_se0": -5.0237260806,
  "CH89ImagCentral_W_sew": 31.7529057404,
  "CH89ImagCentral_r_w": 1.3045327385,
  "CH89ImagCentral_r_w0": 0.0343975919,
  "CH89ImagCentral_a_w": 0.666198093
}