{
  "CH89RealCentral_V_0": 57.3961364479,
  "CH89RealCentral_V_t": 17.9800422431,
  "CH89RealCentral_V_e": -0.359227371,
  "CH89RealCentral_r_o": 1.1821176363,
  "CH89RealCentral_r_o_0": -0.13204826,
  "CH89RealCentral_a_0": 0.7194661325,
  "CH89Coulomb_r_c": 1.1744635536,
  "CH89Coulomb_r_c_0": 0.0137172737,
  "CH89SpinOrbit_V_so": 5.3670998057,
  "CH89SpinOrbit_r_so": 1.3939461081,
  "CH89SpinOrbit_r_so_0": -1.3931624911,
  "CH89SpinOrbit_a_so": 0.6028390787,
  "CH89ImagCentral_W_v0": 12.6865910277,
  "CH89ImagCentral_W_ve0": 59.2562420424,
  "CH89ImagCentral_W_vew": 34.0877977596,
  "CH89ImagCentral_W_s0": 7.2741476377,
  "CH89ImagCentral_W_st": 32.7210780629,
  "CH89ImagCentral_W_se0": 65.7746785569,
  "CH89ImagCentral_W_sew": 27.7577898211,
  "CH89ImagCentral_r_w": 1.3440826638,
  "CH89ImagCentral_r_w0": -0.5884937166,
  "CH89ImagCentral_a_w": 0.6208393194
}