{
  "CH89RealCentral_V_0": 56.4758089358,
  "CH89RealCentral_V_t": 6.4239599244,
  "CH89RealCentral_V_e": -0.3473612918,
  "CH89RealCentral_r_o": 1.189493293,
  "CH89RealCentral_r_o_0": -0.1838617674,
  "CH89RealCentral_a_0": 0.7482977361,
  "CH89Coulomb_r_c": 1.0447251739,
  "CH89Coulomb_r_c_0": 0.2339983767,
  "CH89SpinOrbit_V_so": 5.5476923857,
  "CH89SpinOrbit_r_so": 1.2822685455,
  "CH89SpinOrbit_r_so_0": -0.7228582482,
  "CH89SpinOrbit_a_so": 0.6046816896,
  "CH89ImagCentral_W_v0": 13.3161587236,
  "CH89ImagCentral_W_ve0": 75.7470737638,
  "CH89ImagCentral_W_vew": 38.4131033733,
  "CH89ImagCentral_W_s0": 21.9551026935,
  "CH89ImagCentral_W_st": 53.5271432078,
  "CH89ImagCentral_W_se0": -14.80524099,
  "CH89ImagCentral_W_sew": 46.9094033704,
  "CH89ImagCentral_r_w": 1.4487827626,
  "CH89ImagCentral_r_w0": -1.119107425,
  "CH89ImagCentral_a_w": 0.7857409937
}