{
  "CH89RealCentral_V_0": 54.9126504813,
  "CH89RealCentral_V_t": 15.9974673755,
  "CH89RealCentral_V_e": -0.3206364592,
  "CH89RealCentral_r_o": 1.1688343102,
  "CH89RealCentral_r_o_0": -0.0941894043,
  "CH89RealCentral_a_0": 0.7707026652,
  "CH89Coulomb_r_c": 1.3122128522,
  "CH89Coulomb_r_c_0": 0.3190335148,
  "CH89SpinOrbit_V_so": 5.689668153,
  "CH89SpinOrbit_r_so": 1.2221600424,
  "CH89SpinOrbit_r_so_0": -0.5084459069,
  "CH89SpinOrbit_a_so": 0.5922810676,
  "CH89ImagCentral_W_v0": 11.7996310828,
  "CH89ImagCentral_W_ve0": 62.130954379,
  "CH89ImagCentral_W_vew": 27.4053730981,
  "CH89ImagCentral_W_s0": 10.8279471266,
  "CH89ImagCentral_W_st": 22.8379548092,
  "CH89ImagCentral_W_se0": 38.1076788606,
  "CH89ImagCentral_W_sew": 35.1997712077,
  "CH89ImagCentral_r_w": 1.3690268314,
  "CH89ImagCentral_r_w0": -0.8050281145,
  "CH89ImagCentral_a_w": 0.7444732724
}