{
  "CH89RealCentral_V_0": 55.4045087023,
  "CH89RealCentral_V_t": 11.4451121165,
  "CH89RealCentral_V_e": -0.3716270241,
  "CH89RealCentral_r_o": 1.2324059359,
  "CH89RealCentral_r_o_0": -0.2731928487,
  "CH89RealCentral_a_0": 0.7113591895,
  "CH89Coulomb_r_c": 1.1273341208,
  "CH89Coulomb_r_c_0": 0.1680580762,
  "CH89SpinOrbit_V_so": 4.5770322029,
  "CH89SpinOrbit_r_so": 1.2785412039,
  "CH89SpinOrbit_r_so_0": -1.2111821766,
  "CH89SpinOrbit_a_so": 0.5608338556,
  "CH89ImagCentral_W_v0": 11.1623216149,
  "CH89ImagCentral_W_ve0": 38.1067830042,
  "CH89ImagCentral_W_vew": 19.2098461573,
  "CH89ImagCentral_W_s0": 9.6506434216,
  "CH89ImagCentral_W_st": 21.6158429615,
  "CH89ImagCentral_W_se0": 54.401534848,
  "CH89ImagCentral_W_sew": -4.5965146323,
  "CH89ImagCentral_r_w": 1.3767868516,
  "CH89ImagCentral_r_w0": -0.6404658925,
  "CH89ImagCentral_a_w": 0.6537709178
}