{
  "CH89RealCentral_V_0": 56.1115237851,
  "CH89RealCentral_V_t": 2.6294932595,
  "CH89RealCentral_V_e": -0.2994457888,
  "CH89RealCentral_r_o": 1.1946185437,
  "CH89RealCentral_r_o_0": -0.1868961756,
  "CH89RealCentral_a_0": 0.7356904293,
  "CH89Coulomb_r_c": 1.2543666445,
  "CH89Coulomb_r_c_0": 0.3185750771,
  "CH89SpinOrbit_V_so": 4.7871900661,
  "CH89SpinOrbit_r_so": 1.1203206671,
  "CH89SpinOrbit_r_so_0": -0.2940798499,
  "CH89SpinOrbit_a_so": 0.5914253094,
  "CH89ImagCentral_W_v0": 14.3875033644,
  "CH89ImagCentral_W_ve0": 82.2331221376,
  "CH89ImagCentral_W_vew": 49.3810837134,
  "CH89ImagCentral_W_s0": 10.0888965857,
  "CH89ImagCentral_W_st": 18.6563942366,
  "CH89ImagCentral_W_se0": 20.6803775816,
  "CH89ImagCentral_W_sew": 11.008050706,
  "CH89ImagCentral_r_w": 1.4388993541,
  "CH89ImagCentral_r_w0": -0.5837987516,
  "CH89ImagCentral_a_w": 0.6787150305
}