{
  "CH89RealCentral_V_0": 56.0935984489,
  "CH89RealCentral_V_t": 22.3074864374,
  "CH89RealCentral_V_e": -0.3693250697,
  "CH89RealCentral_r_o": 1.1940215074,
  "CH89RealCentral_r_o_0": -0.1699250516,
  "CH89RealCentral_a_0": 0.6784601824,
  "CH89Coulomb_r_c": 1.1397135904,
  "CH89Coulomb_r_c_0": 0.1440931385,
  "CH89SpinOrbit_V_so": 5.5864367139,
  "CH89SpinOrbit_r_so": 1.338216347,
  "CH89SpinOrbit_r_so_0": -1.3307561665,
  "CH89SpinOrbit_a_so": 0.6986667682,
  "CH89ImagCentral_W_v0": 14.3186383556,
  "CH89ImagCentral_W_ve0": 55.18651867,
  "CH89ImagCentral_W_vew": 20.1092098469,
  "CH89ImagCentral_W_s0": 10.172514955,
  "CH89ImagCentral_W_st": 22.097957948,
  "CH89ImagCentral_W_se0": 28.2274718429,
  "CH89ImagCentral_W_sew": 52.1280877742,
  "CH89ImagCentral_r_w": 1.4324528622,
  "CH89ImagCentral_r_w0": -1.0979197017,
  "CH89ImagCentral_a_w": 0.7443497627
}