{
  "CH89RealCentral_V_0": 55.1997139147,
  "CH89RealCentral_V_t": 5.3015120087,
  "CH89RealCentral_V_e": -0.3785509201,
  "CH89RealCentral_r_o": 1.2152056785,
  "CH89RealCentral_r_o_0": -0.2481644222,
  "CH89RealCentral_a_0": 0.7483741511,
  "CH89Coulomb_r_c": 1.3028065387,
  "CH89Coulomb_r_c_0": -0.0425693671,
  "CH89SpinOrbit_V_so": 6.3398045435,
  "CH89SpinOrbit_r_so": 1.2771096769,
  "CH89SpinOrbit_r_so_0": -0.7342189382,
  "CH89SpinOrbit_a_so": 0.6411386188,
  "CH89ImagCentral_W_v0": 11.3162690745,
  "CH89ImagCentral_W_ve0": 31.3226757763,
  "CH89ImagCentral_W_vew": 32.7346305227,
  "CH89ImagCentral_W_s0": 6.4043720936,
  "CH89ImagCentral_W_st": 28.7823061438,
  "CH89ImagCentral_W_se0": 22.3189225327,
  "CH89ImagCentral_W_sew": 18.0143070987,
  "CH89ImagCentral_r_w": 1.3335252477,
  "CH89ImagCentral_r_w0": -0.0542574609,
  "CH89ImagCentral_a_w": 0.7164782547
}