{
  "CH89RealCentral_V_0": 58.4186597753,
  "CH89RealCentral_V_t": 9.5977095,
  "CH89RealCentral_V_e": -0.3851309131,
  "CH89RealCentral_r_o": 1.1874189654,
  "CH89RealCentral_r_o_0": -0.2748173797,
  "CH89RealCentral_a_0": 0.7360069708,
  "CH89Coulomb_r_c": 1.369486165,
  "CH89Coulomb_r_c_0": 0.1133378607,
  "CH89SpinOrbit_V_so": 5.1031497489,
  "CH89SpinOrbit_r_so": 1.362183943,
  "CH89SpinOrbit_r_so_0": -2.0461749974,
  "CH89SpinOrbit_a_so": 0.5193797956,
  "CH89ImagCentral_W_v0": 11.9845522747,
  "CH89ImagCentral_W_ve0": 14.2791808488,
  "CH89ImagCentral_W_vew": 26.0499251487,
  "CH89ImagCentral_W_s0": 9.2386274177,
  "CH89ImagCentral_W_st": 18.9940054486,
  "CH89ImagCentral_W_se0": 14.5360428114,
  "CH89ImagCentral_W_sew": 23.3655231872,
  "CH89ImagCentral_r_w": 1.3823519875,
  "CH89ImagCentral_r_w0": -0.2153181085,
  "CH89ImagCentral_a_w": 0.6601528637
}