{
  "CH89RealCentral_V_0": 54.0435122364,
  "CH89RealCentral_V_t": 15.0470104748,
  "CH89RealCentral_V_e": -0.400464517,
  "CH89RealCentral_r_o": 1.1801667435,
  "CH89RealCentral_r_o_0": 0.0730533869,
  "CH89RealCentral_a_0": 0.7009211914,
  "CH89Coulomb_r_c": 1.3326724618,
  "CH89Coulomb_r_c_0": 0.2438650821,
  "CH89SpinOrbit_V_so": 5.5396103517,
  "CH89SpinOrbit_r_so": 1.5376353789,
  "CH89SpinOrbit_r_so_0": -1.9271061367,
  "CH89SpinOrbit_a_so": 0.5297865502,
  "CH89ImagCentral_W_v0": 13.2739645315,
  "CH89ImagCentral_W_ve0": 40.275686909,
  "CH89ImagCentral_W_vew": 21.5762835996,
  "CH89ImagCentral_W_s0": 12.9088010583,
  "CH89ImagCentral_W_st": 25.8881178213,
  "CH89ImagCentral_W_se0": 5.4194640504,
  "CH89ImagCentral_W_sew": 26.1516270712,
  "CH89ImagCentral_r_w": 1.3334516722,
  "CH89ImagCentral_r_w0": -0.7099154996,
  "CH89ImagCentral_a_w": 0.6344097415
}