{
  "CH89RealCentral_V_0": 57.3329819286,
  "CH89RealCentral_V_t": 11.3587354862,
  "CH89RealCentral_V_e": -0.4222109721,
  "CH89RealCentral_r_o": 1.1999556242,
  "CH89RealCentral_r_o_0": -0.1842390491,
  "CH89RealCentral_a_0": 0.7303945996,
  "CH89Coulomb_r_c": 1.2489406074,
  "CH89Coulomb_r_c_0": 0.3317721276,
  "CH89SpinOrbit_V_so": 5.7267011892,
  "CH89SpinOrbit_r_so": 1.2030768923,
  "CH89SpinOrbit_r_so_0": -0.8610556552,
  "CH89SpinOrbit_a_so": 0.5917997854,
  "CH89ImagCentral_W_v0": 11.4207928472,
  "CH89ImagCentral_W_ve0": 59.2546233197,
  "CH89ImagCentral_W_vew": 35.7426511315,
  "CH89ImagCentral_W_s0": 11.5158541716,
  "CH89ImagCentral_W_st": 27.0848997466,
  "CH89ImagCentral_W_se0": 9.4944034094,
  "CH89ImagCentral_W_sew": 74.7073572056,
  "CH89ImagCentral_r_w": 1.3808995112,
  "CH89ImagCentral_r_w0": -0.755760199,
  "CH89ImagCentral_a_w": 0.711519187
}