{
  "CH89RealCentral_V_0": 54.2918698094,
  "CH89RealCentral_V_t": 10.2265852684,
  "CH89RealCentral_V_e": -0.3460581156,
  "CH89RealCentral_r_o": 1.2203232567,
  "CH89RealCentral_r_o_0": -0.1879737435,
  "CH89RealCentral_a_0": 0.6993847153,
  "CH89Coulomb_r_c": 1.325451184,
  "CH89Coulomb_r_c_0": 0.2614010823,
  "CH89SpinOrbit_V_so": 5.5516132008,
  "CH89SpinOrbit_r_so": 1.5099932999,
  "CH89SpinOrbit_r_so_0": -2.015404459,
  "CH89SpinOrbit_a_so": 0.6486525237,
  "CH89ImagCentral_W_v0": 15.165830685,
  "CH89ImagCentral_W_ve0": 64.3898781527,
  "CH89ImagCentral_W_vew": 30.1129798177,
  "CH89ImagCentral_W_s0": 14.0200112367,
  "CH89ImagCentral_W_st": 28.9967862145,
  "CH89ImagCentral_W_se0": 15.7129792647,
  "CH89ImagCentral_W_sew": 41.643984925,
  "CH89ImagCentral_r_w": 1.2839385458,
  "CH89ImagCentral_r_w0": -0.4950473229,
  "CH89ImagCentral_a_w": 0.716085127
}