{
  "CH89RealCentral_V_0": 57.9111783714,
  "CH89RealCentral_V_t": 13.8527943818,
  "CH89RealCentral_V_e": -0.4064642157,
  "CH89RealCentral_r_o": 1.2264801177,
  "CH89RealCentral_r_o_0": -0.4477327092,
  "CH89RealCentral_a_0": 0.7550074497,
  "CH89Coulomb_r_c": 1.1199724727,
  "CH89Coulomb_r_c_0": 0.1325542321,
  "CH89SpinOrbit_V_so": 5.3769825323,
  "CH89SpinOrbit_r_so": 1.2744079986,
  "CH89SpinOrbit_r_so_0": -1.1885994596,
  "CH89SpinOrbit_a_so": 0.6210253972,
  "CH89ImagCentral_W_v0": 9.6047003059,
  "CH89ImagCentral_W_ve0": 16.7337582467,
  "CH89ImagCentral_W_vew": 37.7797271288,
  "CH89ImagCentral_W_s0": 0.6678348476,
  "CH89ImagCentral_W_st": 10.1194948202,
  "CH89ImagCentral_W_se0": 59.0698265279,
  "CH89ImagCentral_W_sew": 31.1493262202,
  "CH89ImagCentral_r_w": 1.42593699,
  "CH89ImagCentral_r_w0": -0.5618127035,
  "CH89ImagCentral_a_w": 0.8038549007
}