{
  "CH89RealCentral_V_0": 55.4207547706,
  "CH89RealCentral_V_t": 10.8691580582,
  "CH89RealCentral_V_e": -0.3995400557,
  "CH89RealCentral_r_o": 1.2046047291,
  "CH89RealCentral_r_o_0": -0.1522271403,
  "CH89RealCentral_a_0": 0.7238124533,
  "CH89Coulomb_r_c": 1.1504094508,
  "CH89Coulomb_r_c_0": 0.1283496795,
  "CH89SpinOrbit_V_so": 6.1420980653,
  "CH89SpinOrbit_r_so": 1.2991426363,
  "CH89SpinOrbit_r_so_0": -1.4275339833,
  "CH89SpinOrbit_a_so": 0.6496020194,
  "CH89ImagCentral_W_v0": 10.5775201938,
  "CH89ImagCentral_W_ve0": -6.070908189,
  "CH89ImagCentral_W_vew": 26.7858288943,
  "CH89ImagCentral_W_s0": 13.2183875721,
  "CH89ImagCentral_W_st": 53.1822200917,
  "CH89ImagCentral_W_se0": -0.4176876496,
  "CH89ImagCentral_W_sew": 30.2923176857,
  "CH89ImagCentral_r_w": 1.4143412436,
  "CH89ImagCentral_r_w0": -0.4803823765,
  "CH89ImagCentral_a_w": 0.5803366623
}