{
  "CH89RealCentral_V_0": 56.1703046175,
  "CH89RealCentral_V_t": 12.6956644209,
  "CH89RealCentral_V_e": -0.3739120549,
  "CH89RealCentral_r_o": 1.19464532,
  "CH89RealCentral_r_o_0": -0.2385680711,
  "CH89RealCentral_a_0": 0.7464256242,
  "CH89Coulomb_r_c": 1.3906805877,
  "CH89Coulomb_r_c_0": 0.2298963615,
  "CH89SpinOrbit_V_so": 5.7196201953,
  "CH89SpinOrbit_r_so": 1.2378416703,
  "CH89SpinOrbit_r_so_0": -1.1512562975,
  "CH89SpinOrbit_a_so": 0.5899034129,
  "CH89ImagCentral_W_v0": 8.5353397211,
  "CH89ImagCentral_W_ve0": 36.4177765026,
  "CH89ImagCentral_W_vew": 11.9807219758,
  "CH89ImagCentral_W_s0": 10.9212617428,
  "CH89ImagCentral_W_st": 20.3005076886,
  "CH89ImagCentral_W_se0": 33.151214408,
  "CH89ImagCentral_W_sew": 2.802883189,
  "CH89ImagCentral_r_w": 1.3286197306,
  "CH89ImagCentral_r_w0": -0.3039961985,
  "CH89ImagCentral_a_w": 0.7363832971
}