{
  "CH89RealCentral_V_0": 55.5323412383,
  "CH89RealCentral_V_t": 9.0156333773,
  "CH89RealCentral_V_e": -0.3192653049,
  "CH89RealCentral_r_o": 1.1655782341,
  "CH89RealCentral_r_o_0": -0.0594975131,
  "CH89RealCentral_a_0": 0.7381260847,
  "CH89Coulomb_r_c": 1.0669864795,
  "CH89Coulomb_r_c_0": 0.1134906072,
  "CH89SpinOrbit_V_so": 6.1094049091,
  "CH89SpinOrbit_r_so": 1.1474189851,
  "CH89SpinOrbit_r_so_0": -0.4592453157,
  "CH89SpinOrbit_a_so": 0.6732254036,
  "CH89ImagCentral_W_v0": 11.9376177751,
  "CH89ImagCentral_W_ve0": 56.2292917999,
  "CH89ImagCentral_W_vew": 41.131365492,
  "CH89ImagCentral_W_s0": 10.804084103,
  "CH89ImagCentral_W_st": 33.1683595969,
  "CH89ImagCentral_W_se0": -0.065082375,
  "CH89ImagCentral_W_sew": 28.7003173795,
  "CH89ImagCentral_r_w": 1.3035190465,
  "CH89ImagCentral_r_w0": 0.0319672557,
  "CH89ImagCentral_a_w": 0.6599879214
}