{
  "CH89RealCentral_V_0": 57.1134918526,
  "CH89RealCentral_V_t": 5.2202428526,
  "CH89RealCentral_V_e": -0.3947141573,
  "CH89RealCentral_r_o": 1.2506625392,
  "CH89RealCentral_r_o_0": -0.404406129,
  "CH89RealCentral_a_0": 0.7192450578,
  "CH89Coulomb_r_c": 1.3147210527,
  "CH89Coulomb_r_c_0": 0.0370346135,
  "CH89SpinOrbit_V_so": 7.1868749924,
  "CH89SpinOrbit_r_so": 1.1910512549,
  "CH89SpinOrbit_r_so_0": -0.8727639409,
  "CH89SpinOrbit_a_so": 0.5809052947,
  "CH89ImagCentral_W_v0": 7.3199526059,
  "CH89ImagCentral_W_ve0": -10.2371130859,
  "CH89ImagCentral_W_vew": 29.753646859,
  "CH89ImagCentral_W_s0": 3.5829183251,
  "CH89ImagCentral_W_st": 22.8107774727,
  "CH89ImagCentral_W_se0": 19.4648003556,
  "CH89ImagCentral_W_sew": 54.2143219491,
  "CH89ImagCentral_r_w": 1.3322079535,
  "CH89ImagCentral_r_w0": -0.3018380478,
  "CH89ImagCentral_a_w": 0.6673916342
}