{
  "CH89RealCentral_V_0": 54.3300032356,
  "CH89RealCentral_V_t": 16.272488335,
  "CH89RealCentral_V_e": -0.3396509782,
  "CH89RealCentral_r_o": 1.1581730655,
  "CH89RealCentral_r_o_0": 0.0395155344,
  "CH89RealCentral_a_0": 0.6881589721,
  "CH89Coulomb_r_c": 1.3299635089,
  "CH89Coulomb_r_c_0": 0.0987779609,
  "CH89SpinOrbit_V_so": 4.4961925416,
  "CH89SpinOrbit_r_so": 1.3819557194,
  "CH89SpinOrbit_r_so_0": -1.7306514909,
  "CH89SpinOrbit_a_so": 0.5891044571,
  "CH89ImagCentral_W_v0": 10.9146693623,
  "CH89ImagCentral_W_ve0": 1.8501154979,
  "CH89ImagCentral_W_vew": 18.1274332165,
  "CH89ImagCentral_W_s0": 8.0884143428,
  "CH89ImagCentral_W_st": 30.7750906453,
  "CH89ImagCentral_W_se0": 36.5638529582,
  "CH89ImagCentral_W_sew": 45.4633973923,
  "CH89ImagCentral_r_w": 1.4007634325,
  "CH89ImagCentral_r_w0": -0.910196904,
  "CH89ImagCentral_a_w": 0.771382491
}