{
  "CH89RealCentral_V_0": 54.2165593919,
  "CH89RealCentral_V_t": 12.2505862495,
  "CH89RealCentral_V_e": -0.3461893198,
  "CH89RealCentral_r_o": 1.2133427417,
  "CH89RealCentral_r_o_0": -0.1542101558,
  "CH89RealCentral_a_0": 0.6716162961,
  "CH89Coulomb_r_c": 1.105832813,
  "CH89Coulomb_r_c_0": 0.0825762256,
  "CH89SpinOrbit_V_so": 5.3842787131,
  "CH89SpinOrbit_r_so": 1.384056314,
  "CH89SpinOrbit_r_so_0": -1.4983437808,
  "CH89SpinOrbit_a_so": 0.6205776098,
  "CH89ImagCentral_W_v0": 7.1338107524,
  "CH89ImagCentral_W_ve0": 28.8689067271,
  "CH89ImagCentral_W_vew": 23.601222182,
  "CH89ImagCentral_W_s0": 3.2117852941,
  "CH89ImagCentral_W_st": 18.3456663234,
  "CH89ImagCentral_W_se0": 46.2888459452,
  "CH89ImagCentral_W_sew": 63.234193415,
  "CH89ImagCentral_r_w": 1.2971751417,
  "CH89ImagCentral_r_w0": -0.2539725477,
  "CH89ImagCentral_a_w": 0.7425320853
}