{
  "CH89RealCentral_V_0": 55.4029039268,
  "CH89RealCentral_V_t": 16.8888789336,
  "CH89RealCentral_V_e": -0.3181039803,
  "CH89RealCentral_r_o": 1.1803177647,
  "CH89RealCentral_r_o_0": -0.2149252882,
  "CH89RealCentral_a_0": 0.7504061387,
  "CH89Coulomb_r_c": 1.3167754557,
  "CH89Coulomb_r_c_0": 0.3396780792,
  "CH89SpinOrbit_V_so": 5.4357870045,
  "CH89SpinOrbit_r_so": 1.2688040873,
  "CH89SpinOrbit_r_so_0": -1.0877061203,
  "CH89SpinOrbit_a_so": 0.5752401405,
  "CH89ImagCentral_W_v0": 11.4657846509,
  "CH89ImagCentral_W_ve0": 55.3104097057,
  "CH89ImagCentral_W_vew": 27.7460676422,
  "CH89ImagCentral_W_s0": 18.032876494,
  "CH89ImagCentral_W_st": 40.573451865,
  "CH89ImagCentral_W_se0": -11.8705285884,
  "CH89ImagCentral_W_sew": 43.3830428514,
  "CH89ImagCentral_r_w": 1.3023634984,
  "CH89ImagCentral_r_w0": -0.2635896391,
  "CH89ImagCentral_a_w": 0.770257398
}