{
  "CH89RealCentral_V_0": 56.4175769182,
  "CH89RealCentral_V_t": 21.1485212412,
  "CH89RealCentral_V_e": -0.3581817718,
  "CH89RealCentral_r_o": 1.176776027,
  "CH89RealCentral_r_o_0": -0.1504756092,
  "CH89RealCentral_a_0": 0.7205190002,
  "CH89Coulomb_r_c": 1.0086666948,
  "CH89Coulomb_r_c_0": -0.0498162318,
  "CH89SpinOrbit_V_so": 4.9693358742,
  "CH89SpinOrbit_r_so": 1.1793656976,
  "CH89SpinOrbit_r_so_0": -0.6584662527,
  "CH89SpinOrbit_a_so": 0.6297618626,
  "CH89ImagCentral_W_v0": 8.5580069491,
  "CH89ImagCentral_W_ve0": 25.7635226339,
  "CH89ImagCentral_W_vew": 15.898248391,
  "CH89ImagCentral_W_s0": 14.3755466938,
  "CH89ImagCentral_W_st": 34.0693845154,
  "CH89ImagCentral_W_se0": -9.2130101025,
  "CH89ImagCentral_W_sew": 25.0604163637,
  "CH89ImagCentral_r_w": 1.2645426776,
  "CH89ImagCentral_r_w0": -0.027402571,
  "CH89ImagCentral_a_w": 0.7625026503
}