{
  "CH89RealCentral_V_0": 56.8290085298,
  "CH89RealCentral_V_t": 18.6173683311,
  "CH89RealCentral_V_e": -0.3605459265,
  "CH89RealCentral_r_o": 1.1551260929,
  "CH89RealCentral_r_o_0": -0.1274924304,
  "CH89RealCentral_a_0": 0.7737183072,
  "CH89Coulomb_r_c": 1.1397485621,
  "CH89Coulomb_r_c_0": 0.1998522265,
  "CH89SpinOrbit_V_so": 5.0802708338,
  "CH89SpinOrbit_r_so": 1.3221293889,
  "CH89SpinOrbit_r_so_0": -1.3919070206,
  "CH89SpinOrbit_a_so": 0.6388938949,
  "CH89ImagCentral_W_v0": 9.8165081921,
  "CH89ImagCentral_W_ve0": 32.363051273,
  "CH89ImagCentral_W_vew": 18.2394900791,
  "CH89ImagCentral_W_s0": 11.2372043815,
  "CH89ImagCentral_W_st": 28.1614328232,
  "CH89ImagCentral_W_se0": 4.5937608289,
  "CH89ImagCentral_W_sew": 27.1711829646,
  "CH89ImagCentral_r_w": 1.2770857808,
  "CH89ImagCentral_r_w0": -0.2415883345,
  "CH89ImagCentral_a_w": 0.775081372
}