{
  "CH89RealCentral_V_0": 57.7980308182,
  "CH89RealCentral_V_t": 27.9709913067,
  "CH89RealCentral_V_e": -0.3847400253,
  "CH89RealCentral_r_o": 1.1836467553,
  "CH89RealCentral_r_o_0": -0.2119788976,
  "CH89RealCentral_a_0": 0.7621916684,
  "CH89Coulomb_r_c": 1.3371957206,
  "CH89Coulomb_r_c_0": 0.1313581966,
  "CH89SpinOrbit_V_so": 6.0442946979,
  "CH89SpinOrbit_r_so": 1.3864688677,
  "CH89SpinOrbit_r_so_0": -1.5652778504,
  "CH89SpinOrbit_a_so": 0.5730681932,
  "CH89ImagCentral_W_v0": 8.0697969028,
  "CH89ImagCentral_W_ve0": 39.5059455597,
  "CH89ImagCentral_W_vew": 37.3636742509,
  "CH89ImagCentral_W_s0": 13.4094387023,
  "CH89ImagCentral_W_st": 24.0390109602,
  "CH89ImagCentral_W_se0": 23.2351898056,
  "CH89ImagCentral_W_sew": 73.1110542643,
  "CH89ImagCentral_r_w": 1.3535898158,
  "CH89ImagCentral_r_w0": -0.6027657951,
  "CH89ImagCentral_a_w": 0.6449827729
}