{
  "CH89RealCentral_V_0": 53.0565176956,
  "CH89RealCentral_V_t": 24.4550944695,
  "CH89RealCentral_V_e": -0.3600715801,
  "CH89RealCentral_r_o": 1.2051755868,
  "CH89RealCentral_r_o_0": -0.0137546787,
  "CH89RealCentral_a_0": 0.685095218,
  "CH89Coulomb_r_c": 1.3770564852,
  "CH89Coulomb_r_c_0": 0.2038858261,
  "CH89SpinOrbit_V_so": 4.2332956022,
  "CH89SpinOrbit_r_so": 1.5105148998,
  "CH89SpinOrbit_r_so_0": -1.6021736847,
  "CH89SpinOrbit_a_so": 0.5488018776,
  "CH89ImagCentral_W_v0": 11.1009679068,
  "CH89ImagCentral_W_ve0": 40.7635085444,
  "CH89ImagCentral_W_vew": 13.5977739524,
  "CH89ImagCentral_W_s0": 16.3589618869,
  "CH89ImagCentral_W_st": 31.3328853137,
  "CH89ImagCentral_W_se0": 18.9974298166,
  "CH89ImagCentral_W_sew": 40.8323468204,
  "CH89ImagCentral_r_w": 1.2232932283,
  "CH89ImagCentral_r_w0": -0.5264529287,
  "CH89ImagCentral_a_w": 0.6292463654
}