{
  "CH89RealCentral_V_0": 55.2140037854,
  "CH89RealCentral_V_t": 17.4904467555,
  "CH89RealCentral_V_e": -0.3199490277,
  "CH89RealCentral_r_o": 1.171261255,
  "CH89RealCentral_r_o_0": -0.1148190047,
  "CH89RealCentral_a_0": 0.7463052078,
  "CH89Coulomb_r_c": 1.177190493,
  "CH89Coulomb_r_c_0": 0.1954485874,
  "CH89SpinOrbit_V_so": 4.7220148484,
  "CH89SpinOrbit_r_so": 1.3648682562,
  "CH89SpinOrbit_r_so_0": -1.2937158736,
  "CH89SpinOrbit_a_so": 0.5663111048,
  "CH89ImagCentral_W_v0": 8.0149547265,
  "CH89ImagCentral_W_ve0": 10.8690270527,
  "CH89ImagCentral_W_vew": 26.4513882191,
  "CH89ImagCentral_W_s0": 10.3151150902,
  "CH89ImagCentral_W_st": 46.5886206952,
  "CH89ImagCentral_W_se0": 13.5317253706,
  "CH89ImagCentral_W_sew": 34.8147806223,
  "CH89ImagCentral_r_w": 1.3872527528,
  "CH89ImagCentral_r_w0": -0.4348100669,
  "CH89ImagCentral_a_w": 0.6693452444
}