{
  "CH89RealCentral_V_0": 58.7790404393,
  "CH89RealCentral_V_t": 6.9406227708,
  "CH89RealCentral_V_e": -0.3914994341,
  "CH89RealCentral_r_o": 1.1861032051,
  "CH89RealCentral_r_o_0": -0.2241774643,
  "CH89RealCentral_a_0": 0.7787344661,
  "CH89Coulomb_r_c": 1.118493935,
  "CH89Coulomb_r_c_0": 0.1528982524,
  "CH89SpinOrbit_V_so": 5.9233263647,
  "CH89SpinOrbit_r_so": 1.3785633156,
  "CH89SpinOrbit_r_so_0": -1.4333586925,
  "CH89SpinOrbit_a_so": 0.6290301201,
  "CH89ImagCentral_W_v0": 11.6229648861,
  "CH89ImagCentral_W_ve0": 33.8483603426,
  "CH89ImagCentral_W_vew": 41.8840650825,
  "CH89ImagCentral_W_s0": 13.8361652982,
  "CH89ImagCentral_W_st": 42.5048226664,
  "CH89ImagCentral_W_se0": -17.136472992,
  "CH89ImagCentral_W_sew": 43.2720536775,
  "CH89ImagCentral_r_w": 1.4263385679,
  "CH89ImagCentral_r_w0": -0.7963482046,
  "CH89ImagCentral_a_w": 0.68035451
}