{
  "CH89RealCentral_V_0": 55.155950615,
  "CH89RealCentral_V_t": 4.0170908031,
  "CH89RealCentral_V_e": -0.3634390408,
  "CH89RealCentral_r_o": 1.2030805755,
  "CH89RealCentral_r_o_0": -0.2450868137,
  "CH89RealCentral_a_0": 0.7667805672,
  "CH89Coulomb_r_c": 1.3102944246,
  "CH89Coulomb_r_c_0": 0.271405255,
  "CH89SpinOrbit_V_so": 5.0148030605,
  "CH89SpinOrbit_r_so": 1.3000994735,
  "CH89SpinOrbit_r_so_0": -0.8796869357,
  "CH89SpinOrbit_a_so": 0.5783008018,
  "CH89ImagCentral_W_v0": 12.323582729,
  "CH89ImagCentral_W_ve0": 44.4068757278,
  "CH89ImagCentral_W_vew": 25.4800420938,
  "CH89ImagCentral_W_s0": 21.1899147892,
  "CH89ImagCentral_W_st": 49.7984268707,
  "CH89ImagCentral_W_se0": -36.5363619769,
  "CH89ImagCentral_W_sew": 39.209284325,
  "CH89ImagCentral_r_w": 1.2937722934,
  "CH89ImagCentral_r_w0": -0.1162973831,
  "CH89ImagCentral_a_w": 0.7212771571
}