{
  "CH89RealCentral_V_0": 55.5552829941,
  "CH89RealCentral_V_t": 17.1584118173,
  "CH89RealCentral_V_e": -0.3597444399,
  "CH89RealCentral_r_o": 1.2086578345,
  "CH89RealCentral_r_o_0": -0.2179175801,
  "CH89RealCentral_a_0": 0.740895048,
  "CH89Coulomb_r_c": 1.21855753,
  "CH89Coulomb_r_c_0": 0.1933163392,
  "CH89SpinOrbit_V_so": 5.7317493616,
  "CH89SpinOrbit_r_so": 1.2211894095,
  "CH89SpinOrbit_r_so_0": -0.5068517229,
  "CH89SpinOrbit_a_so": 0.5638795063,
  "CH89ImagCentral_W_v0": 8.0044810466,
  "CH89ImagCentral_W_ve0": 56.6352096494,
  "CH89ImagCentral_W_vew": 35.9313178317,
  "CH89ImagCentral_W_s0": 5.5859211894,
  "CH89ImagCentral_W_st": 15.0829580908,
  "CH89ImagCentral_W_se0": 61.3990959034,
  "CH89ImagCentral_W_sew": 70.4940398926,
  "CH89ImagCentral_r_w": 1.3391449074,
  "CH89ImagCentral_r_w0": -0.7423481853,
  "CH89ImagCentral_a_w": 0.7240900599
}