{
  "CH89RealCentral_V_0": 54.092610326,
  "CH89RealCentral_V_t": 12.191751867,
  "CH89RealCentral_V_e": -0.3562306016,
  "CH89RealCentral_r_o": 1.2222524652,
  "CH89RealCentral_r_o_0": -0.1628722812,
  "CH89RealCentral_a_0": 0.7141150499,
  "CH89Coulomb_r_c": 1.3037116027,
  "CH89Coulomb_r_c_0": 0.1939312939,
  "CH89SpinOrbit_V_so": 6.3848175752,
  "CH89SpinOrbit_r_so": 1.2807303383,
  "CH89SpinOrbit_r_so_0": -0.6500834173,
  "CH89SpinOrbit_a_so": 0.574339466,
  "CH89ImagCentral_W_v0": 5.0845070147,
  "CH89ImagCentral_W_ve0": -3.9251381459,
  "CH89ImagCentral_W_vew": 14.9132769184,
  "CH89ImagCentral_W_s0": 14.2388607454,
  "CH89ImagCentral_W_st": 37.7830490349,
  "CH89ImagCentral_W_se0": 8.804719777,
  "CH89ImagCentral_W_sew": 68.6715347524,
  "CH89ImagCentral_r_w": 1.1942673435,
  "CH89ImagCentral_r_w0": -0.1604979638,
  "CH89ImagCentral_a_w": 0.687054601
}