{
  "CH89RealCentral_V_0": 55.4584797859,
  "CH89RealCentral_V_t": 9.5371295408,
  "CH89RealCentral_V_e": -0.3542399257,
  "CH89RealCentral_r_o": 1.2118970744,
  "CH89RealCentral_r_o_0": -0.2264079597,
  "CH89RealCentral_a_0": 0.7075487686,
  "CH89Coulomb_r_c": 1.2614715972,
  "CH89Coulomb_r_c_0": -0.0136678118,
  "CH89SpinOrbit_V_so": 5.9175358399,
  "CH89SpinOrbit_r_so": 1.3346638877,
  "CH89SpinOrbit_r_so_0": -1.368406935,
  "CH89SpinOrbit_a_so": 0.5895365604,
  "CH89ImagCentral_W_v0": 2.6879397713,
  "CH89ImagCentral_W_ve0": -6.8681118748,
  "CH89ImagCentral_W_vew": 12.4727502712,
  "CH89ImagCentral_W_s0": 10.9144760224,
  "CH89ImagCentral_W_st": 30.5475584825,
  "CH89ImagCentral_W_se0": 18.0843943858,
  "CH89ImagCentral_W_sew": 55.9511063302,
  "CH89ImagCentral_r_w": 1.3593290964,
  "CH89ImagCentral_r_w0": -0.3656859838,
  "CH89ImagCentral_a_w": 0.7007390017
}