{
  "CH89RealCentral_V_0": 55.0781407678,
  "CH89RealCentral_V_t": 8.2708158907,
  "CH89RealCentral_V_e": -0.3673552561,
  "CH89RealCentral_r_o": 1.2127380557,
  "CH89RealCentral_r_o_0": -0.2216199718,
  "CH89RealCentral_a_0": 0.7267515811,
  "CH89Coulomb_r_c": 1.271960795,
  "CH89Coulomb_r_c_0": 0.4917817807,
  "CH89SpinOrbit_V_so": 5.5902788038,
  "CH89SpinOrbit_r_so": 1.3899773979,
  "CH89SpinOrbit_r_so_0": -1.4068627839,
  "CH89SpinOrbit_a_so": 0.6482913965,
  "CH89ImagCentral_W_v0": 7.2259424386,
  "CH89ImagCentral_W_ve0": 13.9488714336,
  "CH89ImagCentral_W_vew": 31.3165198703,
  "CH89ImagCentral_W_s0": 6.8186320958,
  "CH89ImagCentral_W_st": 25.8120233164,
  "CH89ImagCentral_W_se0": 29.8135459336,
  "CH89ImagCentral_W_sew": 34.7288917872,
  "CH89ImagCentral_r_w": 1.3471018013,
  "CH89ImagCentral_r_w0": -0.3672822231,
  "CH89ImagCentral_a_w": 0.7336129907
}