{
  "CH89RealCentral_V_0": 57.5037054239,
  "CH89RealCentral_V_t": 10.926516942,
  "CH89RealCentral_V_e": -0.3946943139,
  "CH89RealCentral_r_o": 1.1739933676,
  "CH89RealCentral_r_o_0": -0.192525112,
  "CH89RealCentral_a_0": 0.7800646729,
  "CH89Coulomb_r_c": 1.2424327955,
  "CH89Coulomb_r_c_0": 0.075585534,
  "CH89SpinOrbit_V_so": 5.0190340705,
  "CH89SpinOrbit_r_so": 1.2045551168,
  "CH89SpinOrbit_r_so_0": -0.8188524235,
  "CH89SpinOrbit_a_so": 0.6369929308,
  "CH89ImagCentral_W_v0": 11.0711853384,
  "CH89ImagCentral_W_ve0": 79.1901184355,
  "CH89ImagCentral_W_vew": 42.6933211437,
  "CH89ImagCentral_W_s0": 11.8585093106,
  "CH89ImagCentral_W_st": 23.3563249786,
  "CH89ImagCentral_W_se0": -1.307328996,
  "CH89ImagCentral_W_sew": 50.1779081448,
  "CH89ImagCentral_r_w": 1.4799709492,
  "CH89ImagCentral_r_w0": -1.1195505716,
  "CH89ImagCentral_a_w": 0.7745966139
}