{
  "CH89RealCentral_V_0": 55.275934348,
  "CH89RealCentral_V_t": 18.6640959827,
  "CH89RealCentral_V_e": -0.3683410593,
  "CH89RealCentral_r_o": 1.1467675511,
  "CH89RealCentral_r_o_0": 0.0319672111,
  "CH89RealCentral_a_0": 0.7390103835,
  "CH89Coulomb_r_c": 1.3902575544,
  "CH89Coulomb_r_c_0": 0.2701334515,
  "CH89SpinOrbit_V_so": 4.4679316608,
  "CH89SpinOrbit_r_so": 1.3478506599,
  "CH89SpinOrbit_r_so_0": -1.4090456678,
  "CH89SpinOrbit_a_so": 0.6278253294,
  "CH89ImagCentral_W_v0": 12.4789257854,
  "CH89ImagCentral_W_ve0": 73.9118502385,
  "CH89ImagCentral_W_vew": 19.6351248071,
  "CH89ImagCentral_W_s0": 19.7389687082,
  "CH89ImagCentral_W_st": 34.558932736,
  "CH89ImagCentral_W_se0": 7.2008507698,
  "CH89ImagCentral_W_sew": 34.7830171971,
  "CH89ImagCentral_r_w": 1.3413264787,
  "CH89ImagCentral_r_w0": -0.7824338443,
  "CH89ImagCentral_a_w": 0.6937057953
}