{
  "CH89RealCentral_V_0": 57.0395787366,
  "CH89RealCentral_V_t": 10.2555378552,
  "CH89RealCentral_V_e": -0.348684237,
  "CH89RealCentral_r_o": 1.1947558808,
  "CH89RealCentral_r_o_0": -0.232248587,
  "CH89RealCentral_a_0": 0.7466111375,
  "CH89Coulomb_r_c": 1.379010681,
  "CH89Coulomb_r_c_0": 0.1537631614,
  "CH89SpinOrbit_V_so": 5.0295566636,
  "CH89SpinOrbit_r_so": 1.240451396,
  "CH89SpinOrbit_r_so_0": -0.8414963419,
  "CH89SpinOrbit_a_so": 0.5494650222,
  "CH89ImagCentral_W_v0": 16.5667719479,
  "CH89ImagCentral_W_ve0": 57.0688067191,
  "CH89ImagCentral_W_vew": 29.9709056142,
  "CH89ImagCentral_W_s0": 14.8054020008,
  "CH89ImagCentral_W_st": 37.3614397179,
  "CH89ImagCentral_W_se0": -22.4225761961,
  "CH89ImagCentral_W_sew": 25.280529061,
  "CH89ImagCentral_r_w": 1.3600518893,
  "CH89ImagCentral_r_w0": -0.44178397,
  "CH89ImagCentral_a_w": 0.6929820066
}