{
  "CH89RealCentral_V_0": 54.3518690475,
  "CH89RealCentral_V_t": 15.7456081813,
  "CH89RealCentral_V_e": -0.3807005182,
  "CH89RealCentral_r_o": 1.1715316234,
  "CH89RealCentral_r_o_0": 0.0276688981,
  "CH89RealCentral_a_0": 0.7421866903,
  "CH89Coulomb_r_c": 1.2514911893,
  "CH89Coulomb_r_c_0": 0.0793781007,
  "CH89SpinOrbit_V_so": 4.3689752858,
  "CH89SpinOrbit_r_so": 1.3525630791,
  "CH89SpinOrbit_r_so_0": -1.4159203511,
  "CH89SpinOrbit_a_so": 0.6495346642,
  "CH89ImagCentral_W_v0": 8.7865270523,
  "CH89ImagCentral_W_ve0": 38.4373216792,
  "CH89ImagCentral_W_vew": 39.3616915048,
  "CH89ImagCentral_W_s0": 10.8334793417,
  "CH89ImagCentral_W_st": 25.6461470713,
  "CH89ImagCentral_W_se0": 11.2805909557,
  "CH89ImagCentral_W_sew": 50.8433970017,
  "CH89ImagCentral_r_w": 1.3561878473,
  "CH89ImagCentral_r_w0": -0.6760224133,
  "CH89ImagCentral_a_w": 0.6761349807
}