{
  "CH89RealCentral_V_0": 53.3783319134,
  "CH89RealCentral_V_t": 21.3714228275,
  "CH89RealCentral_V_e": -0.3368110922,
  "CH89RealCentral_r_o": 1.1833289537,
  "CH89RealCentral_r_o_0": 0.0582677775,
  "CH89RealCentral_a_0": 0.6534480288,
  "CH89Coulomb_r_c": 1.2670496852,
  "CH89Coulomb_r_c_0": 0.1087852205,
  "CH89SpinOrbit_V_so": 5.3161724403,
  "CH89SpinOrbit_r_so": 1.3034447135,
  "CH89SpinOrbit_r_so_0": -1.2072543992,
  "CH89SpinOrbit_a_so": 0.6013744832,
  "CH89ImagCentral_W_v0": 13.5808347893,
  "CH89ImagCentral_W_ve0": 39.0996499441,
  "CH89ImagCentral_W_vew": 33.3821845452,
  "CH89ImagCentral_W_s0": 7.3460674735,
  "CH89ImagCentral_W_st": 15.876841278,
  "CH89ImagCentral_W_se0": 54.5802933705,
  "CH89ImagCentral_W_sew": 60.458268994,
  "CH89ImagCentral_r_w": 1.4103498243,
  "CH89ImagCentral_r_w0": -1.0753961838,
  "CH89ImagCentral_a_w": 0.617701497
}