{
  "CH89RealCentral_V_0": 55.0011304983,
  "CH89RealCentral_V_t": 11.9830835159,
  "CH89RealCentral_V_e": -0.3942053441,
  "CH89RealCentral_r_o": 1.2381590544,
  "CH89RealCentral_r_o_0": -0.2980371025,
  "CH89RealCentral_a_0": 0.7200369481,
  "CH89Coulomb_r_c": 1.2983852116,
  "CH89Coulomb_r_c_0": 0.1025155097,
  "CH89SpinOrbit_V_so": 6.4690933549,
  "CH89SpinOrbit_r_so": 1.23128845,
  "CH89SpinOrbit_r_so_0": -0.7998260395,
  "CH89SpinOrbit_a_so": 0.6235672796,
  "CH89ImagCentral_W_v0": 16.3489596147,
  "CH89ImagCentral_W_ve0": 66.0051049037,
  "CH89ImagCentral_W_vew": 46.1450622877,
  "CH89ImagCentral_W_s0": 6.1211744075,
  "CH89ImagCentral_W_st": 17.8220633553,
  "CH89ImagCentral_W_se0": 23.0070127609,
  "CH89ImagCentral_W_sew": 39.8891495906,
  "CH89ImagCentral_r_w": 1.3182117815,
  "CH89ImagCentral_r_w0": -0.338987439,
  "CH89ImagCentral_a_w": 0.7494756415
}