{
  "CH89RealCentral_V_0": 57.7918541067,
  "CH89RealCentral_V_t": 13.0439500777,
  "CH89RealCentral_V_e": -0.3807507513,
  "CH89RealCentral_r_o": 1.1430041724,
  "CH89RealCentral_r_o_0": -0.0894383994,
  "CH89RealCentral_a_0": 0.7544334749,
  "CH89Coulomb_r_c": 1.062917218,
  "CH89Coulomb_r_c_0": 0.1444931302,
  "CH89SpinOrbit_V_so": 5.5718831395,
  "CH89SpinOrbit_r_so": 1.061493597,
  "CH89SpinOrbit_r_so_0": -0.2915811497,
  "CH89SpinOrbit_a_so": 0.6524103982,
  "CH89ImagCentral_W_v0": 13.2601673346,
  "CH89ImagCentral_W_ve0": 57.0210430784,
  "CH89ImagCentral_W_vew": 33.4251422745,
  "CH89ImagCentral_W_s0": 17.728465413,
  "CH89ImagCentral_W_st": 39.8105867352,
  "CH89ImagCentral_W_se0": -22.1912486367,
  "CH89ImagCentral_W_sew": 5.7574677631,
  "CH89ImagCentral_r_w": 1.4528417597,
  "CH89ImagCentral_r_w0": -0.7124526142,
  "CH89ImagCentral_a_w": 0.7033585365
}