{
  "CH89RealCentral_V_0": 58.3006476734,
  "CH89RealCentral_V_t": 14.6405004322,
  "CH89RealCentral_V_e": -0.3104521668,
  "CH89RealCentral_r_o": 1.1272771084,
  "CH89RealCentral_r_o_0": -0.0741327081,
  "CH89RealCentral_a_0": 0.7753703574,
  "CH89Coulomb_r_c": 1.2622080052,
  "CH89Coulomb_r_c_0": 0.25161286,
  "CH89SpinOrbit_V_so": 5.7270779229,
  "CH89SpinOrbit_r_so": 1.065215461,
  "CH89SpinOrbit_r_so_0": -0.1661272603,
  "CH89SpinOrbit_a_so": 0.5875124057,
  "CH89ImagCentral_W_v0": 7.1062580981,
  "CH89ImagCentral_W_ve0": 31.2844356835,
  "CH89ImagCentral_W_vew": 38.3528672632,
  "CH89ImagCentral_W_s0": 5.9022283413,
  "CH89ImagCentral_W_st": 20.773421384,
  "CH89ImagCentral_W_se0": 18.9852880117,
  "CH89ImagCentral_W_sew": 44.7534405959,
  "CH89ImagCentral_r_w": 1.4418021076,
  "CH89ImagCentral_r_w0": -0.7445302804,
  "CH89ImagCentral_a_w": 0.7491404977
}