{
  "CH89RealCentral_V_0": 57.0801471921,
  "CH89RealCentral_V_t": 23.9887897024,
  "CH89RealCentral_V_e": -0.3649375013,
  "CH89RealCentral_r_o": 1.1660508073,
  "CH89RealCentral_r_o_0": -0.0716331452,
  "CH89RealCentral_a_0": 0.7081499924,
  "CH89Coulomb_r_c": 1.2057087642,
  "CH89Coulomb_r_c_0": -0.0204773986,
  "CH89SpinOrbit_V_so": 6.3207995683,
  "CH89SpinOrbit_r_so": 1.4479043946,
  "CH89SpinOrbit_r_so_0": -1.6762975543,
  "CH89SpinOrbit_a_so": 0.6118351903,
  "CH89ImagCentral_W_v0": 4.4428212274,
  "CH89ImagCentral_W_ve0": -23.7401077746,
  "CH89ImagCentral_W_vew": 14.9491434086,
  "CH89ImagCentral_W_s0": 11.0369091481,
  "CH89ImagCentral_W_st": 25.8350660803,
  "CH89ImagCentral_W_se0": 22.0938383353,
  "CH89ImagCentral_W_sew": 93.425239058,
  "CH89ImagCentral_r_w": 1.1602114806,
  "CH89ImagCentral_r_w0": 0.335772635,
  "CH89ImagCentral_a_w": 0.6587006909
}