{
  "CH89RealCentral_V_0": 57.0962381328,
  "CH89RealCentral_V_t": 30.5471229663,
  "CH89RealCentral_V_e": -0.365293026,
  "CH89RealCentral_r_o": 1.1462505239,
  "CH89RealCentral_r_o_0": -0.0934955055,
  "CH89RealCentral_a_0": 0.7773907607,
  "CH89Coulomb_r_c": 1.0931534892,
  "CH89Coulomb_r_c_0": 0.1779101974,
  "CH89SpinOrbit_V_so": 5.5178933101,
  "CH89SpinOrbit_r_so": 1.3189213424,
  "CH89SpinOrbit_r_so_0": -1.0000628585,
  "CH89SpinOrbit_a_so": 0.5933514442,
  "CH89ImagCentral_W_v0": 10.7280252516,
  "CH89ImagCentral_W_ve0": 46.9306352169,
  "CH89ImagCentral_W_vew": 12.7080736648,
  "CH89ImagCentral_W_s0": 14.182994621,
  "CH89ImagCentral_W_st": 20.5744820831,
  "CH89ImagCentral_W_se0": 20.7102941602,
  "CH89ImagCentral_W_sew": 58.5132547733,
  "CH89ImagCentral_r_w": 1.3204772479,
  "CH89ImagCentral_r_w0": -0.7191662288,
  "CH89ImagCentral_a_w": 0.7773580179
}