{
  "CH89RealCentral_V_0": 56.7821911894,
  "CH89RealCentral_V_t": 21.5763527877,
  "CH89RealCentral_V_e": -0.4295703283,
  "CH89RealCentral_r_o": 1.2304479311,
  "CH89RealCentral_r_o_0": -0.3271238313,
  "CH89RealCentral_a_0": 0.7128219111,
  "CH89Coulomb_r_c": 1.21130606,
  "CH89Coulomb_r_c_0": -0.1946440078,
  "CH89SpinOrbit_V_so": 6.0411592807,
  "CH89SpinOrbit_r_so": 1.3077619181,
  "CH89SpinOrbit_r_so_0": -1.1193907681,
  "CH89SpinOrbit_a_so": 0.602375265,
  "CH89ImagCentral_W_v0": 11.9317635218,
  "CH89ImagCentral_W_ve0": 15.9768751734,
  "CH89ImagCentral_W_vew": 37.0586707365,
  "CH89ImagCentral_W_s0": 2.1963314858,
  "CH89ImagCentral_W_st": 21.82045136,
  "CH89ImagCentral_W_se0": 29.5204869466,
  "CH89ImagCentral_W_sew": 60.8797449643,
  "CH89ImagCentral_r_w": 1.3695955122,
  "CH89ImagCentral_r_w0": -0.4229833484,
  "CH89ImagCentral_a_w": 0.6871948414
}