{
  "CH89RealCentral_V_0": 54.6276731748,
  "CH89RealCentral_V_t": 23.542122779,
  "CH89RealCentral_V_e": -0.3830244282,
  "CH89RealCentral_r_o": 1.1742047756,
  "CH89RealCentral_r_o_0": 0.0094761889,
  "CH89RealCentral_a_0": 0.6976843022,
  "CH89Coulomb_r_c": 1.3839430814,
  "CH89Coulomb_r_c_0": 0.0583795339,
  "CH89SpinOrbit_V_so": 5.0265782633,
  "CH89SpinOrbit_r_so": 1.2183683858,
  "CH89SpinOrbit_r_so_0": -0.908963597,
  "CH89SpinOrbit_a_so": 0.5704804225,
  "CH89ImagCentral_W_v0": 10.9725172275,
  "CH89ImagCentral_W_ve0": 19.5572841833,
  "CH89ImagCentral_W_vew": 11.4561056232,
  "CH89ImagCentral_W_s0": 15.205388255,
  "CH89ImagCentral_W_st": 35.2871321498,
  "CH89ImagCentral_W_se0": 2.9218337116,
  "CH89ImagCentral_W_sew": 56.1153769772,
  "CH89ImagCentral_r_w": 1.2769845857,
  "CH89ImagCentral_r_w0": -0.2541337614,
  "CH89ImagCentral_a_w": 0.5880249676
}