{
  "CH89RealCentral_V_0": 55.0382397752,
  "CH89RealCentral_V_t": 13.8457201864,
  "CH89RealCentral_V_e": -0.3495152203,
  "CH89RealCentral_r_o": 1.2155191931,
  "CH89RealCentral_r_o_0": -0.2120473685,
  "CH89RealCentral_a_0": 0.6878631389,
  "CH89Coulomb_r_c": 1.3551333307,
  "CH89Coulomb_r_c_0": 0.095448249,
  "CH89SpinOrbit_V_so": 5.3674605876,
  "CH89SpinOrbit_r_so": 1.5017272499,
  "CH89SpinOrbit_r_so_0": -1.7648873509,
  "CH89SpinOrbit_a_so": 0.5897577612,
  "CH89ImagCentral_W_v0": 11.1559794558,
  "CH89ImagCentral_W_ve0": 31.1332882624,
  "CH89ImagCentral_W_vew": 12.0503009558,
  "CH89ImagCentral_W_s0": 11.7864461361,
  "CH89ImagCentral_W_st": 34.5203005832,
  "CH89ImagCentral_W_se0": 16.1484351188,
  "CH89ImagCentral_W_sew": 53.8375665909,
  "CH89ImagCentral_r_w": 1.2463874158,
  "CH89ImagCentral_r_w0": -0.3482462573,
  "CH89ImagCentral_a_w": 0.7353954822
}