{
  "CH89RealCentral_V_0": 56.9503458673,
  "CH89RealCentral_V_t": 16.8166187879,
  "CH89RealCentral_V_e": -0.3649574424,
  "CH89RealCentral_r_o": 1.1344623049,
  "CH89RealCentral_r_o_0": -0.0370838889,
  "CH89RealCentral_a_0": 0.7436973721,
  "CH89Coulomb_r_c": 1.1181474674,
  "CH89Coulomb_r_c_0": 0.1720497754,
  "CH89SpinOrbit_V_so": 6.6410654326,
  "CH89SpinOrbit_r_so": 1.2479842955,
  "CH89SpinOrbit_r_so_0": -0.9640250394,
  "CH89SpinOrbit_a_so": 0.7085623185,
  "CH89ImagCentral_W_v0": 9.82461418,
  "CH89ImagCentral_W_ve0": 37.0751022535,
  "CH89ImagCentral_W_vew": 17.7568792725,
  "CH89ImagCentral_W_s0": 9.39201693,
  "CH89ImagCentral_W_st": 25.8440579908,
  "CH89ImagCentral_W_se0": 48.3295747418,
  "CH89ImagCentral_W_sew": 31.7078796385,
  "CH89ImagCentral_r_w": 1.4055872958,
  "CH89ImagCentral_r_w0": -0.7721273344,
  "CH89ImagCentral_a_w": 0.8394814031
}