{
  "CH89RealCentral_V_0": 58.5475969973,
  "CH89RealCentral_V_t": 14.1029664625,
  "CH89RealCentral_V_e": -0.3497659219,
  "CH89RealCentral_r_o": 1.2142011008,
  "CH89RealCentral_r_o_0": -0.3715340706,
  "CH89RealCentral_a_0": 0.772090994,
  "CH89Coulomb_r_c": 1.3170974579,
  "CH89Coulomb_r_c_0": 0.1215098329,
  "CH89SpinOrbit_V_so": 6.9478601314,
  "CH89SpinOrbit_r_so": 1.0631555265,
  "CH89SpinOrbit_r_so_0": 0.2200422971,
  "CH89SpinOrbit_a_so": 0.6461792124,
  "CH89ImagCentral_W_v0": 6.3708513018,
  "CH89ImagCentral_W_ve0": 23.1858105382,
  "CH89ImagCentral_W_vew": 30.2075300937,
  "CH89ImagCentral_W_s0": 3.2755052267,
  "CH89ImagCentral_W_st": 8.3651876703,
  "CH89ImagCentral_W_se0": 81.0695352911,
  "CH89ImagCentral_W_sew": 38.0794587421,
  "CH89ImagCentral_r_w": 1.241895388,
  "CH89ImagCentral_r_w0": -0.3639523923,
  "CH89ImagCentral_a_w": 0.7663849448
}