{
  "CH89RealCentral_V_0": 58.7272161564,
  "CH89RealCentral_V_t": 12.7425966504,
  "CH89RealCentral_V_e": -0.373979676,
  "CH89RealCentral_r_o": 1.2316501496,
  "CH89RealCentral_r_o_0": -0.3909831802,
  "CH89RealCentral_a_0": 0.7097427701,
  "CH89Coulomb_r_c": 1.2279013334,
  "CH89Coulomb_r_c_0": 0.2335769069,
  "CH89SpinOrbit_V_so": 5.6485923352,
  "CH89SpinOrbit_r_so": 1.4177589794,
  "CH89SpinOrbit_r_so_0": -1.5678130243,
  "CH89SpinOrbit_a_so": 0.6374205929,
  "CH89ImagCentral_W_v0": 8.9971063237,
  "CH89ImagCentral_W_ve0": -6.8806212639,
  "CH89ImagCentral_W_vew": 23.9468955672,
  "CH89ImagCentral_W_s0": -0.1223433497,
  "CH89ImagCentral_W_st": 18.5197381562,
  "CH89ImagCentral_W_se0": 43.1464517387,
  "CH89ImagCentral_W_sew": 74.845934438,
  "CH89ImagCentral_r_w": 1.2908301249,
  "CH89ImagCentral_r_w0": -0.3059195735,
  "CH89ImagCentral_a_w": 0.6860255777
}