{
  "CH89RealCentral_V_0": 55.3826607771,
  "CH89RealCentral_V_t": 16.3153051602,
  "CH89RealCentral_V_e": -0.3532313799,
  "CH89RealCentral_r_o": 1.200243926,
  "CH89RealCentral_r_o_0": -0.2129427391,
  "CH89RealCentral_a_0": 0.762419004,
  "CH89Coulomb_r_c": 1.2128298086,
  "CH89Coulomb_r_c_0": 0.1658628711,
  "CH89SpinOrbit_V_so": 5.6957809062,
  "CH89SpinOrbit_r_so": 1.2753585287,
  "CH89SpinOrbit_r_so_0": -1.012153793,
  "CH89SpinOrbit_a_so": 0.5528035619,
  "CH89ImagCentral_W_v0": 13.5610309334,
  "CH89ImagCentral_W_ve0": 57.8340845829,
  "CH89ImagCentral_W_vew": 36.7175341409,
  "CH89ImagCentral_W_s0": 13.4055196488,
  "CH89ImagCentral_W_st": 48.2393829475,
  "CH89ImagCentral_W_se0": -0.6018053796,
  "CH89ImagCentral_W_sew": 30.3764569313,
  "CH89ImagCentral_r_w": 1.3151163504,
  "CH89ImagCentral_r_w0": -0.1710207318,
  "CH89ImagCentral_a_w": 0.6345904264
}