{
  "CH89RealCentral_V_0": 55.7189970724,
  "CH89RealCentral_V_t": 14.7952874371,
  "CH89RealCentral_V_e": -0.3656131573,
  "CH89RealCentral_r_o": 1.1581448,
  "CH89RealCentral_r_o_0": -0.0074315759,
  "CH89RealCentral_a_0": 0.7217819343,
  "CH89Coulomb_r_c": 1.3397636191,
  "CH89Coulomb_r_c_0": 0.0816219964,
  "CH89SpinOrbit_V_so": 5.4923267096,
  "CH89SpinOrbit_r_so": 1.384252542,
  "CH89SpinOrbit_r_so_0": -1.763449204,
  "CH89SpinOrbit_a_so": 0.5928802625,
  "CH89ImagCentral_W_v0": 12.6943042864,
  "CH89ImagCentral_W_ve0": 49.1221744191,
  "CH89ImagCentral_W_vew": 16.8788154378,
  "CH89ImagCentral_W_s0": 10.5888806509,
  "CH89ImagCentral_W_st": 2.6833811149,
  "CH89ImagCentral_W_se0": 56.0743219795,
  "CH89ImagCentral_W_sew": 57.1625094941,
  "CH89ImagCentral_r_w": 1.4031933606,
  "CH89ImagCentral_r_w0": -0.6658813794,
  "CH89ImagCentral_a_w": 0.6638743025
}