{
  "CH89RealCentral_V_0": 58.7396225461,
  "CH89RealCentral_V_t": 22.8666591962,
  "CH89RealCentral_V_e": -0.4190545042,
  "CH89RealCentral_r_o": 1.1799372219,
  "CH89RealCentral_r_o_0": -0.2087550031,
  "CH89RealCentral_a_0": 0.7258668604,
  "CH89Coulomb_r_c": 1.3473963864,
  "CH89Coulomb_r_c_0": 0.2086152985,
  "CH89SpinOrbit_V_so": 6.1162041762,
  "CH89SpinOrbit_r_so": 1.3136792767,
  "CH89SpinOrbit_r_so_0": -1.4625862642,
  "CH89SpinOrbit_a_so": 0.6327927699,
  "CH89ImagCentral_W_v0": 16.0848510514,
  "CH89ImagCentral_W_ve0": 27.1385112004,
  "CH89ImagCentral_W_vew": 23.4677407456,
  "CH89ImagCentral_W_s0": 7.977121939,
  "CH89ImagCentral_W_st": 21.3902839943,
  "CH89ImagCentral_W_se0": 11.2408973188,
  "CH89ImagCentral_W_sew": 42.7448488624,
  "CH89ImagCentral_r_w": 1.257663632,
  "CH89ImagCentral_r_w0": -0.1038245714,
  "CH89ImagCentral_a_w": 0.6864423191
}