{
  "CH89RealCentral_V_0": 55.2168993596,
  "CH89RealCentral_V_t": 16.7926697949,
  "CH89RealCentral_V_e": -0.3611032317,
  "CH89RealCentral_r_o": 1.1701666094,
  "CH89RealCentral_r_o_0": -0.0700391653,
  "CH89RealCentral_a_0": 0.7529309024,
  "CH89Coulomb_r_c": 1.1947348539,
  "CH89Coulomb_r_c_0": 0.0455168834,
  "CH89SpinOrbit_V_so": 5.8949638907,
  "CH89SpinOrbit_r_so": 1.3793642565,
  "CH89SpinOrbit_r_so_0": -1.3252870944,
  "CH89SpinOrbit_a_so": 0.6746397359,
  "CH89ImagCentral_W_v0": 9.9754498684,
  "CH89ImagCentral_W_ve0": 66.3312051682,
  "CH89ImagCentral_W_vew": 22.9875099061,
  "CH89ImagCentral_W_s0": 20.711736042,
  "CH89ImagCentral_W_st": 33.953258588,
  "CH89ImagCentral_W_se0": -9.5011289795,
  "CH89ImagCentral_W_sew": 60.1443811119,
  "CH89ImagCentral_r_w": 1.3649353883,
  "CH89ImagCentral_r_w0": -0.6536762974,
  "CH89ImagCentral_a_w": 0.7270199524
}