{
  "CH89RealCentral_V_0": 54.8177212126,
  "CH89RealCentral_V_t": 14.3526417215,
  "CH89RealCentral_V_e": -0.3807918816,
  "CH89RealCentral_r_o": 1.2641896973,
  "CH89RealCentral_r_o_0": -0.3904237284,
  "CH89RealCentral_a_0": 0.6725268461,
  "CH89Coulomb_r_c": 1.2499505461,
  "CH89Coulomb_r_c_0": 0.3381395694,
  "CH89SpinOrbit_V_so": 5.937937146,
  "CH89SpinOrbit_r_so": 1.2428210787,
  "CH89SpinOrbit_r_so_0": -1.0706485646,
  "CH89SpinOrbit_a_so": 0.6122718903,
  "CH89ImagCentral_W_v0": 13.1020306552,
  "CH89ImagCentral_W_ve0": 33.9878228415,
  "CH89ImagCentral_W_vew": 21.4648676538,
  "CH89ImagCentral_W_s0": 7.5037588155,
  "CH89ImagCentral_W_st": 14.6239501837,
  "CH89ImagCentral_W_se0": 32.9694971809,
  "CH89ImagCentral_W_sew": 30.7216495156,
  "CH89ImagCentral_r_w": 1.250334425,
  "CH89ImagCentral_r_w0": -0.0218632928,
  "CH89ImagCentral_a_w": 0.722515331
}