{
  "CH89RealCentral_V_0": 57.0383741651,
  "CH89RealCentral_V_t": 17.6839433834,
  "CH89RealCentral_V_e": -0.4233766732,
  "CH89RealCentral_r_o": 1.1875506298,
  "CH89RealCentral_r_o_0": -0.1233274271,
  "CH89RealCentral_a_0": 0.7587875895,
  "CH89Coulomb_r_c": 1.3131232605,
  "CH89Coulomb_r_c_0": 0.1256853631,
  "CH89SpinOrbit_V_so": 6.0259003146,
  "CH89SpinOrbit_r_so": 1.5394461462,
  "CH89SpinOrbit_r_so_0": -1.9981397042,
  "CH89SpinOrbit_a_so": 0.5575338385,
  "CH89ImagCentral_W_v0": 12.6646297903,
  "CH89ImagCentral_W_ve0": 46.1840136594,
  "CH89ImagCentral_W_vew": 46.969183173,
  "CH89ImagCentral_W_s0": 9.5878419558,
  "CH89ImagCentral_W_st": 26.4683193089,
  "CH89ImagCentral_W_se0": 15.2260565985,
  "CH89ImagCentral_W_sew": 48.3917602419,
  "CH89ImagCentral_r_w": 1.3385371257,
  "CH89ImagCentral_r_w0": -0.4311908789,
  "CH89ImagCentral_a_w": 0.5960507059
}