{
  "CH89RealCentral_V_0": 58.0493648088,
  "CH89RealCentral_V_t": 15.2095826866,
  "CH89RealCentral_V_e": -0.3696763591,
  "CH89RealCentral_r_o": 1.1740511642,
  "CH89RealCentral_r_o_0": -0.2132540778,
  "CH89RealCentral_a_0": 0.791088968,
  "CH89Coulomb_r_c": 1.3173460115,
  "CH89Coulomb_r_c_0": 0.0740708215,
  "CH89SpinOrbit_V_so": 5.6914108916,
  "CH89SpinOrbit_r_so": 1.4361141932,
  "CH89SpinOrbit_r_so_0": -1.625615961,
  "CH89SpinOrbit_a_so": 0.5266043537,
  "CH89ImagCentral_W_v0": 12.3434346044,
  "CH89ImagCentral_W_ve0": 45.855227172,
  "CH89ImagCentral_W_vew": 36.5242746691,
  "CH89ImagCentral_W_s0": 10.0357052132,
  "CH89ImagCentral_W_st": 33.3185601451,
  "CH89ImagCentral_W_se0": 17.5436768617,
  "CH89ImagCentral_W_sew": 42.9439458491,
  "CH89ImagCentral_r_w": 1.1691381394,
  "CH89ImagCentral_r_w0": 0.3293084936,
  "CH89ImagCentral_a_w": 0.7121894585
}