{
  "CH89RealCentral_V_0": 57.2693248749,
  "CH89RealCentral_V_t": 19.8121594856,
  "CH89RealCentral_V_e": -0.3970545462,
  "CH89RealCentral_r_o": 1.1949985685,
  "CH89RealCentral_r_o_0": -0.2373775111,
  "CH89RealCentral_a_0": 0.7345688707,
  "CH89Coulomb_r_c": 1.1975889983,
  "CH89Coulomb_r_c_0": 0.2639340265,
  "CH89SpinOrbit_V_so": 6.4068619274,
  "CH89SpinOrbit_r_so": 1.2650694653,
  "CH89SpinOrbit_r_so_0": -0.7770076163,
  "CH89SpinOrbit_a_so": 0.5813245081,
  "CH89ImagCentral_W_v0": 14.9153862928,
  "CH89ImagCentral_W_ve0": 40.8659578133,
  "CH89ImagCentral_W_vew": 30.3052005177,
  "CH89ImagCentral_W_s0": 9.1548039707,
  "CH89ImagCentral_W_st": 16.5476181687,
  "CH89ImagCentral_W_se0": 24.4512947253,
  "CH89ImagCentral_W_sew": 47.9171454985,
  "CH89ImagCentral_r_w": 1.2837331343,
  "CH89ImagCentral_r_w0": -0.2418814993,
  "CH89ImagCentral_a_w": 0.6939388311
}