{
  "CH89RealCentral_V_0": 54.5347212768,
  "CH89RealCentral_V_t": 8.9122512878,
  "CH89RealCentral_V_e": -0.3560579434,
  "CH89RealCentral_r_o": 1.200042413,
  "CH89RealCentral_r_o_0": -0.1049320635,
  "CH89RealCentral_a_0": 0.7171410018,
  "CH89Coulomb_r_c": 1.2781564954,
  "CH89Coulomb_r_c_0": 0.1236144201,
  "CH89SpinOrbit_V_so": 6.0533562645,
  "CH89SpinOrbit_r_so": 1.2375723699,
  "CH89SpinOrbit_r_so_0": -0.8834046704,
  "CH89SpinOrbit_a_so": 0.5768176076,
  "CH89ImagCentral_W_v0": 5.913974608,
  "CH89ImagCentral_W_ve0": 12.559795577,
  "CH89ImagCentral_W_vew": 11.2854911405,
  "CH89ImagCentral_W_s0": 5.8304241249,
  "CH89ImagCentral_W_st": 14.6792759766,
  "CH89ImagCentral_W_se0": 59.8929740657,
  "CH89ImagCentral_W_sew": 52.2659122991,
  "CH89ImagCentral_r_w": 1.1982570899,
  "CH89ImagCentral_r_w0": 0.0558564397,
  "CH89ImagCentral_a_w": 0.7159342678
}