{
  "CH89RealCentral_V_0": 57.635852628,
  "CH89RealCentral_V_t": 15.5714193506,
  "CH89RealCentral_V_e": -0.3657083031,
  "CH89RealCentral_r_o": 1.1823808382,
  "CH89RealCentral_r_o_0": -0.2110145125,
  "CH89RealCentral_a_0": 0.7107592958,
  "CH89Coulomb_r_c": 1.0360173448,
  "CH89Coulomb_r_c_0": 0.0976382698,
  "CH89SpinOrbit_V_so": 6.3317922425,
  "CH89SpinOrbit_r_so": 1.2779464155,
  "CH89SpinOrbit_r_so_0": -1.4050767309,
  "CH89SpinOrbit_a_so": 0.5859070533,
  "CH89ImagCentral_W_v0": 9.5410567166,
  "CH89ImagCentral_W_ve0": 31.8198452251,
  "CH89ImagCentral_W_vew": 17.6572720526,
  "CH89ImagCentral_W_s0": 10.9710627784,
  "CH89ImagCentral_W_st": 11.6983234828,
  "CH89ImagCentral_W_se0": 15.7399756543,
  "CH89ImagCentral_W_sew": 23.5450843117,
  "CH89ImagCentral_r_w": 1.3038687458,
  "CH89ImagCentral_r_w0": 0.0032818828,
  "CH89ImagCentral_a_w": 0.7514800012
}