{
  "CH89RealCentral_V_0": 54.0882752968,
  "CH89RealCentral_V_t": 15.360755958,
  "CH89RealCentral_V_e": -0.366811237,
  "CH89RealCentral_r_o": 1.2007080214,
  "CH89RealCentral_r_o_0": -0.1479042599,
  "CH89RealCentral_a_0": 0.7285576362,
  "CH89Coulomb_r_c": 1.3021432798,
  "CH89Coulomb_r_c_0": 0.1618912653,
  "CH89SpinOrbit_V_so": 5.1017415251,
  "CH89SpinOrbit_r_so": 1.2459341204,
  "CH89SpinOrbit_r_so_0": -0.7852172704,
  "CH89SpinOrbit_a_so": 0.5988862383,
  "CH89ImagCentral_W_v0": 14.3636622567,
  "CH89ImagCentral_W_ve0": 65.9630569414,
  "CH89ImagCentral_W_vew": 26.7802867538,
  "CH89ImagCentral_W_s0": 6.1759992455,
  "CH89ImagCentral_W_st": 18.8746149747,
  "CH89ImagCentral_W_se0": 67.0461100581,
  "CH89ImagCentral_W_sew": 49.9512699559,
  "CH89ImagCentral_r_w": 1.2321334366,
  "CH89ImagCentral_r_w0": -0.2519170896,
  "CH89ImagCentral_a_w": 0.7316514643
}