{
  "CH89RealCentral_V_0": 58.0322356374,
  "CH89RealCentral_V_t": 9.7074513629,
  "CH89RealCentral_V_e": -0.3426197326,
  "CH89RealCentral_r_o": 1.1507258466,
  "CH89RealCentral_r_o_0": -0.1028947722,
  "CH89RealCentral_a_0": 0.7879041583,
  "CH89Coulomb_r_c": 1.2239776968,
  "CH89Coulomb_r_c_0": 0.2235191232,
  "CH89SpinOrbit_V_so": 6.5736938411,
  "CH89SpinOrbit_r_so": 1.0683377886,
  "CH89SpinOrbit_r_so_0": -0.0758420924,
  "CH89SpinOrbit_a_so": 0.6578722816,
  "CH89ImagCentral_W_v0": 5.0662278468,
  "CH89ImagCentral_W_ve0": 56.2894736525,
  "CH89ImagCentral_W_vew": 40.579160877,
  "CH89ImagCentral_W_s0": 16.9903417164,
  "CH89ImagCentral_W_st": 26.6884382196,
  "CH89ImagCentral_W_se0": -21.5282032999,
  "CH89ImagCentral_W_sew": 82.8740851505,
  "CH89ImagCentral_r_w": 1.3067999261,
  "CH89ImagCentral_r_w0": -0.1760605384,
  "CH89ImagCentral_a_w": 0.6754988414
}