{
  "CH89RealCentral_V_0": 55.7320868767,
  "CH89RealCentral_V_t": 9.7964763854,
  "CH89RealCentral_V_e": -0.3537133469,
  "CH89RealCentral_r_o": 1.1807608229,
  "CH89RealCentral_r_o_0": -0.1747450223,
  "CH89RealCentral_a_0": 0.7489847422,
  "CH89Coulomb_r_c": 1.1487507968,
  "CH89Coulomb_r_c_0": 0.1622187719,
  "CH89SpinOrbit_V_so": 7.5377519515,
  "CH89SpinOrbit_r_so": 1.0571875411,
  "CH89SpinOrbit_r_so_0": 0.0275990915,
  "CH89SpinOrbit_a_so": 0.7040431777,
  "CH89ImagCentral_W_v0": 7.8352034654,
  "CH89ImagCentral_W_ve0": 17.7074523071,
  "CH89ImagCentral_W_vew": 21.8109673068,
  "CH89ImagCentral_W_s0": 5.6964116584,
  "CH89ImagCentral_W_st": 25.6740622704,
  "CH89ImagCentral_W_se0": 18.0014679372,
  "CH89ImagCentral_W_sew": 8.8455018739,
  "CH89ImagCentral_r_w": 1.4398734642,
  "CH89ImagCentral_r_w0": -0.1738992797,
  "CH89ImagCentral_a_w": 0.6730591034
}