{
  "CH89RealCentral_V_0": 58.0466667684,
  "CH89RealCentral_V_t": 9.6866146332,
  "CH89RealCentral_V_e": -0.3614301568,
  "CH89RealCentral_r_o": 1.2301888264,
  "CH89RealCentral_r_o_0": -0.3975771869,
  "CH89RealCentral_a_0": 0.7565435627,
  "CH89Coulomb_r_c": 1.3300402207,
  "CH89Coulomb_r_c_0": 0.0997088083,
  "CH89SpinOrbit_V_so": 6.3656596756,
  "CH89SpinOrbit_r_so": 1.087500679,
  "CH89SpinOrbit_r_so_0": -0.300957531,
  "CH89SpinOrbit_a_so": 0.6483017319,
  "CH89ImagCentral_W_v0": 12.3221405293,
  "CH89ImagCentral_W_ve0": 62.1146206637,
  "CH89ImagCentral_W_vew": 24.0855001747,
  "CH89ImagCentral_W_s0": 17.7982453469,
  "CH89ImagCentral_W_st": 27.4334656872,
  "CH89ImagCentral_W_se0": -21.6982334299,
  "CH89ImagCentral_W_sew": 69.6320385569,
  "CH89ImagCentral_r_w": 1.1961646262,
  "CH89ImagCentral_r_w0": 0.0683340258,
  "CH89ImagCentral_a_w": 0.7146196126
}