{
  "CH89RealCentral_V_0": 52.0268483487,
  "CH89RealCentral_V_t": 14.2169850716,
  "CH89RealCentral_V_e": -0.3832729601,
  "CH89RealCentral_r_o": 1.2526938512,
  "CH89RealCentral_r_o_0": -0.1970592958,
  "CH89RealCentral_a_0": 0.7042083135,
  "CH89Coulomb_r_c": 1.0218195209,
  "CH89Coulomb_r_c_0": 0.2144454801,
  "CH89SpinOrbit_V_so": 5.8348717238,
  "CH89SpinOrbit_r_so": 1.2265060819,
  "CH89SpinOrbit_r_so_0": -0.750368182,
  "CH89SpinOrbit_a_so": 0.6021113,
  "CH89ImagCentral_W_v0": 4.0804436397,
  "CH89ImagCentral_W_ve0": -4.7181814404,
  "CH89ImagCentral_W_vew": 27.8749724544,
  "CH89ImagCentral_W_s0": 1.8647403285,
  "CH89ImagCentral_W_st": 27.9800212242,
  "CH89ImagCentral_W_se0": 65.4114455552,
  "CH89ImagCentral_W_sew": 27.9485859942,
  "CH89ImagCentral_r_w": 1.3576706404,
  "CH89ImagCentral_r_w0": -0.171496272,
  "CH89ImagCentral_a_w": 0.5794166052
}