{
  "CH89RealCentral_V_0": 55.7227014046,
  "CH89RealCentral_V_t": 24.9341830087,
  "CH89RealCentral_V_e": -0.4113200926,
  "CH89RealCentral_r_o": 1.2013357192,
  "CH89RealCentral_r_o_0": -0.1815379292,
  "CH89RealCentral_a_0": 0.7281870422,
  "CH89Coulomb_r_c": 1.2515759841,
  "CH89Coulomb_r_c_0": -0.0087627949,
  "CH89SpinOrbit_V_so": 5.734106646,
  "CH89SpinOrbit_r_so": 1.2973884872,
  "CH89SpinOrbit_r_so_0": -0.9085435904,
  "CH89SpinOrbit_a_so": 0.6090672767,
  "CH89ImagCentral_W_v0": 7.2620006374,
  "CH89ImagCentral_W_ve0": 17.822359062,
  "CH89ImagCentral_W_vew": 13.1311087464,
  "CH89ImagCentral_W_s0": 9.581127815,
  "CH89ImagCentral_W_st": 19.8922857093,
  "CH89ImagCentral_W_se0": 12.9567491382,
  "CH89ImagCentral_W_sew": 38.8499044219,
  "CH89ImagCentral_r_w": 1.2461108111,
  "CH89ImagCentral_r_w0": -0.1219281576,
  "CH89ImagCentral_a_w": 0.6976192121
}