{
  "CH89RealCentral_V_0": 53.792252002,
  "CH89RealCentral_V_t": 24.3659076351,
  "CH89RealCentral_V_e": -0.3840598244,
  "CH89RealCentral_r_o": 1.1643797358,
  "CH89RealCentral_r_o_0": 0.066969331,
  "CH89RealCentral_a_0": 0.7337401764,
  "CH89Coulomb_r_c": 1.2189663294,
  "CH89Coulomb_r_c_0": 0.3697904917,
  "CH89SpinOrbit_V_so": 5.1457898069,
  "CH89SpinOrbit_r_so": 1.1994429558,
  "CH89SpinOrbit_r_so_0": -0.8260675383,
  "CH89SpinOrbit_a_so": 0.5481398858,
  "CH89ImagCentral_W_v0": 15.0235915278,
  "CH89ImagCentral_W_ve0": 39.6477528236,
  "CH89ImagCentral_W_vew": 19.6532047897,
  "CH89ImagCentral_W_s0": 15.6913350401,
  "CH89ImagCentral_W_st": 37.433031791,
  "CH89ImagCentral_W_se0": 2.6099388658,
  "CH89ImagCentral_W_sew": 36.9271385416,
  "CH89ImagCentral_r_w": 1.2240534345,
  "CH89ImagCentral_r_w0": -0.002494168,
  "CH89ImagCentral_a_w": 0.5583402675
}