{
  "CH89RealCentral_V_0": 55.1783531432,
  "CH89RealCentral_V_t": 14.5534763429,
  "CH89RealCentral_V_e": -0.3279308846,
  "CH89RealCentral_r_o": 1.1776280148,
  "CH89RealCentral_r_o_0": -0.0511717373,
  "CH89RealCentral_a_0": 0.7195570392,
  "CH89Coulomb_r_c": 1.2570298673,
  "CH89Coulomb_r_c_0": 0.0480551717,
  "CH89SpinOrbit_V_so": 4.8998263455,
  "CH89SpinOrbit_r_so": 1.3791644946,
  "CH89SpinOrbit_r_so_0": -1.5362798586,
  "CH89SpinOrbit_a_so": 0.5919055693,
  "CH89ImagCentral_W_v0": 18.1166514864,
  "CH89ImagCentral_W_ve0": 63.4721060277,
  "CH89ImagCentral_W_vew": 25.0113863947,
  "CH89ImagCentral_W_s0": 11.8293852533,
  "CH89ImagCentral_W_st": 31.2082951343,
  "CH89ImagCentral_W_se0": 39.4947353944,
  "CH89ImagCentral_W_sew": 9.8912035712,
  "CH89ImagCentral_r_w": 1.3058897641,
  "CH89ImagCentral_r_w0": -0.3873515178,
  "CH89ImagCentral_a_w": 0.6478573591
}