{
  "CH89RealCentral_V_0": 55.6202061614,
  "CH89RealCentral_V_t": 10.5284276252,
  "CH89RealCentral_V_e": -0.3557155234,
  "CH89RealCentral_r_o": 1.1932769542,
  "CH89RealCentral_r_o_0": -0.1670297447,
  "CH89RealCentral_a_0": 0.7585240625,
  "CH89Coulomb_r_c": 1.4713622791,
  "CH89Coulomb_r_c_0": 0.1407360019,
  "CH89SpinOrbit_V_so": 5.3870768883,
  "CH89SpinOrbit_r_so": 1.4326118503,
  "CH89SpinOrbit_r_so_0": -1.9476436763,
  "CH89SpinOrbit_a_so": 0.6423557989,
  "CH89ImagCentral_W_v0": 10.0113913753,
  "CH89ImagCentral_W_ve0": 52.5011271987,
  "CH89ImagCentral_W_vew": 28.4676980484,
  "CH89ImagCentral_W_s0": 11.0885057486,
  "CH89ImagCentral_W_st": 18.1155271885,
  "CH89ImagCentral_W_se0": 37.368310072,
  "CH89ImagCentral_W_sew": 54.3848352379,
  "CH89ImagCentral_r_w": 1.3275543838,
  "CH89ImagCentral_r_w0": -0.5393207157,
  "CH89ImagCentral_a_w": 0.7077051204
}