{
  "CH89RealCentral_V_0": 55.02167228,
  "CH89RealCentral_V_t": 4.6142529273,
  "CH89RealCentral_V_e": -0.3338043853,
  "CH89RealCentral_r_o": 1.1538918876,
  "CH89RealCentral_r_o_0": -0.0042555271,
  "CH89RealCentral_a_0": 0.7584738691,
  "CH89Coulomb_r_c": 1.457521281,
  "CH89Coulomb_r_c_0": 0.317378441,
  "CH89SpinOrbit_V_so": 5.7667325882,
  "CH89SpinOrbit_r_so": 1.4375222765,
  "CH89SpinOrbit_r_so_0": -1.5855156217,
  "CH89SpinOrbit_a_so": 0.6163106688,
  "CH89ImagCentral_W_v0": 3.5630158476,
  "CH89ImagCentral_W_ve0": 16.2080067362,
  "CH89ImagCentral_W_vew": 3.5254802433,
  "CH89ImagCentral_W_s0": 16.9554710678,
  "CH89ImagCentral_W_st": 37.2592811483,
  "CH89ImagCentral_W_se0": -5.7074407746,
  "CH89ImagCentral_W_sew": 27.5260123901,
  "CH89ImagCentral_r_w": 1.3831016561,
  "CH89ImagCentral_r_w0": -0.6080964885,
  "CH89ImagCentral_a_w": 0.7326261518
}