{
  "CH89RealCentral_V_0": 58.2410808188,
  "CH89RealCentral_V_t": 10.93276992,
  "CH89RealCentral_V_e": -0.3698720211,
  "CH89RealCentral_r_o": 1.2450953115,
  "CH89RealCentral_r_o_0": -0.5134063367,
  "CH89RealCentral_a_0": 0.7123023419,
  "CH89Coulomb_r_c": 1.2379485939,
  "CH89Coulomb_r_c_0": 0.1702717207,
  "CH89SpinOrbit_V_so": 6.1568135945,
  "CH89SpinOrbit_r_so": 1.2743710933,
  "CH89SpinOrbit_r_so_0": -0.9353202893,
  "CH89SpinOrbit_a_so": 0.6202788591,
  "CH89ImagCentral_W_v0": 9.0068802177,
  "CH89ImagCentral_W_ve0": 8.9103031507,
  "CH89ImagCentral_W_vew": 17.3246727924,
  "CH89ImagCentral_W_s0": 12.0588315889,
  "CH89ImagCentral_W_st": 34.5210463025,
  "CH89ImagCentral_W_se0": -42.6120482255,
  "CH89ImagCentral_W_sew": 76.6061339615,
  "CH89ImagCentral_r_w": 1.3432969889,
  "CH89ImagCentral_r_w0": -0.3376990032,
  "CH89ImagCentral_a_w": 0.8018415667
}