{
  "CH89RealCentral_V_0": 53.2828388745,
  "CH89RealCentral_V_t": 8.2087158482,
  "CH89RealCentral_V_e": -0.3404426482,
  "CH89RealCentral_r_o": 1.1929841982,
  "CH89RealCentral_r_o_0": -0.061787241,
  "CH89RealCentral_a_0": 0.719882739,
  "CH89Coulomb_r_c": 1.3056259683,
  "CH89Coulomb_r_c_0": 0.117561971,
  "CH89SpinOrbit_V_so": 4.4806212803,
  "CH89SpinOrbit_r_so": 1.3002510335,
  "CH89SpinOrbit_r_so_0": -1.2754785577,
  "CH89SpinOrbit_a_so": 0.562543725,
  "CH89ImagCentral_W_v0": 6.416883168,
  "CH89ImagCentral_W_ve0": 23.7491410436,
  "CH89ImagCentral_W_vew": 30.9302695805,
  "CH89ImagCentral_W_s0": 8.9184696072,
  "CH89ImagCentral_W_st": 31.2199534726,
  "CH89ImagCentral_W_se0": 26.1610498393,
  "CH89ImagCentral_W_sew": 34.0919210056,
  "CH89ImagCentral_r_w": 1.4097869571,
  "CH89ImagCentral_r_w0": -0.5084403183,
  "CH89ImagCentral_a_w": 0.6580601035
}