{
  "CH89RealCentral_V_0": 57.2276080176,
  "CH89RealCentral_V_t": 11.0914692738,
  "CH89RealCentral_V_e": -0.3611714556,
  "CH89RealCentral_r_o": 1.2059604975,
  "CH89RealCentral_r_o_0": -0.2358522982,
  "CH89RealCentral_a_0": 0.7344220024,
  "CH89Coulomb_r_c": 1.3414417181,
  "CH89Coulomb_r_c_0": 0.1283910138,
  "CH89SpinOrbit_V_so": 5.992296791,
  "CH89SpinOrbit_r_so": 1.4495232384,
  "CH89SpinOrbit_r_so_0": -1.5378003589,
  "CH89SpinOrbit_a_so": 0.5693906071,
  "CH89ImagCentral_W_v0": 7.704945752,
  "CH89ImagCentral_W_ve0": 19.8341182967,
  "CH89ImagCentral_W_vew": 28.8818943992,
  "CH89ImagCentral_W_s0": 7.8137646937,
  "CH89ImagCentral_W_st": 20.1700721171,
  "CH89ImagCentral_W_se0": 21.7446097383,
  "CH89ImagCentral_W_sew": 25.2971673385,
  "CH89ImagCentral_r_w": 1.2463772496,
  "CH89ImagCentral_r_w0": 0.2334060354,
  "CH89ImagCentral_a_w": 0.6118589834
}