{
  "CH89RealCentral_V_0": 58.049486134,
  "CH89RealCentral_V_t": 6.6332590683,
  "CH89RealCentral_V_e": -0.3493185865,
  "CH89RealCentral_r_o": 1.1826773203,
  "CH89RealCentral_r_o_0": -0.2164987455,
  "CH89RealCentral_a_0": 0.7864116714,
  "CH89Coulomb_r_c": 1.3623874328,
  "CH89Coulomb_r_c_0": -0.0928133505,
  "CH89SpinOrbit_V_so": 5.9420154698,
  "CH89SpinOrbit_r_so": 1.1921878875,
  "CH89SpinOrbit_r_so_0": -0.4778132794,
  "CH89SpinOrbit_a_so": 0.5533758923,
  "CH89ImagCentral_W_v0": 11.154694052,
  "CH89ImagCentral_W_ve0": 39.937411409,
  "CH89ImagCentral_W_vew": 31.3803823305,
  "CH89ImagCentral_W_s0": 2.7465616874,
  "CH89ImagCentral_W_st": 10.5746412057,
  "CH89ImagCentral_W_se0": 80.0052350158,
  "CH89ImagCentral_W_sew": -2.8187494677,
  "CH89ImagCentral_r_w": 1.2704304467,
  "CH89ImagCentral_r_w0": 0.1094399718,
  "CH89ImagCentral_a_w": 0.6015515798
}