{
  "CH89RealCentral_V_0": 53.0253487264,
  "CH89RealCentral_V_t": 11.4409921975,
  "CH89RealCentral_V_e": -0.3837718901,
  "CH89RealCentral_r_o": 1.2488392792,
  "CH89RealCentral_r_o_0": -0.248706066,
  "CH89RealCentral_a_0": 0.7245865206,
  "CH89Coulomb_r_c": 1.2738394115,
  "CH89Coulomb_r_c_0": -0.0914104593,
  "CH89SpinOrbit_V_so": 6.1812048222,
  "CH89SpinOrbit_r_so": 1.2098758349,
  "CH89SpinOrbit_r_so_0": -0.8450934389,
  "CH89SpinOrbit_a_so": 0.5968292531,
  "CH89ImagCentral_W_v0": 18.5415554462,
  "CH89ImagCentral_W_ve0": 58.821809525,
  "CH89ImagCentral_W_vew": 24.7243578445,
  "CH89ImagCentral_W_s0": 17.7794381705,
  "CH89ImagCentral_W_st": 40.1275436727,
  "CH89ImagCentral_W_se0": -10.7340260922,
  "CH89ImagCentral_W_sew": 41.3124153859,
  "CH89ImagCentral_r_w": 1.251016412,
  "CH89ImagCentral_r_w0": 0.1467727384,
  "CH89ImagCentral_a_w": 0.6244956602
}