{
  "CH89RealCentral_V_0": 58.6050290149,
  "CH89RealCentral_V_t": 14.5345163189,
  "CH89RealCentral_V_e": -0.3780291871,
  "CH89RealCentral_r_o": 1.1348576287,
  "CH89RealCentral_r_o_0": -0.0490678505,
  "CH89RealCentral_a_0": 0.7584134206,
  "CH89Coulomb_r_c": 1.2344120833,
  "CH89Coulomb_r_c_0": 0.216992668,
  "CH89SpinOrbit_V_so": 5.0372308631,
  "CH89SpinOrbit_r_so": 1.4191229588,
  "CH89SpinOrbit_r_so_0": -1.8190255514,
  "CH89SpinOrbit_a_so": 0.5851591649,
  "CH89ImagCentral_W_v0": 6.3101030674,
  "CH89ImagCentral_W_ve0": 11.1556214331,
  "CH89ImagCentral_W_vew": 10.6824404894,
  "CH89ImagCentral_W_s0": 12.9992216371,
  "CH89ImagCentral_W_st": 34.4215284065,
  "CH89ImagCentral_W_se0": 35.2233353842,
  "CH89ImagCentral_W_sew": 30.7358396065,
  "CH89ImagCentral_r_w": 1.5533548284,
  "CH89ImagCentral_r_w0": -1.6168071589,
  "CH89ImagCentral_a_w": 0.7425229629
}