{
  "CH89RealCentral_V_0": 54.2298688362,
  "CH89RealCentral_V_t": 12.0623058235,
  "CH89RealCentral_V_e": -0.3667036049,
  "CH89RealCentral_r_o": 1.2270693679,
  "CH89RealCentral_r_o_0": -0.2488799726,
  "CH89RealCentral_a_0": 0.7275577943,
  "CH89Coulomb_r_c": 1.1204960059,
  "CH89Coulomb_r_c_0": 0.1487265147,
  "CH89SpinOrbit_V_so": 6.4050852277,
  "CH89SpinOrbit_r_so": 1.3276759589,
  "CH89SpinOrbit_r_so_0": -1.122548119,
  "CH89SpinOrbit_a_so": 0.6549748546,
  "CH89ImagCentral_W_v0": 10.2385059785,
  "CH89ImagCentral_W_ve0": 41.5879859945,
  "CH89ImagCentral_W_vew": 34.8599247109,
  "CH89ImagCentral_W_s0": 15.3001558334,
  "CH89ImagCentral_W_st": 47.0232856577,
  "CH89ImagCentral_W_se0": -10.1489760561,
  "CH89ImagCentral_W_sew": 71.0038965278,
  "CH89ImagCentral_r_w": 1.3758990354,
  "CH89ImagCentral_r_w0": -0.5645570529,
  "CH89ImagCentral_a_w": 0.7522963675
}