{
  "CH89RealCentral_V_0": 56.1690304093,
  "CH89RealCentral_V_t": 15.6633076726,
  "CH89RealCentral_V_e": -0.3362679129,
  "CH89RealCentral_r_o": 1.200792024,
  "CH89RealCentral_r_o_0": -0.2370379279,
  "CH89RealCentral_a_0": 0.7256737502,
  "CH89Coulomb_r_c": 1.2048511988,
  "CH89Coulomb_r_c_0": 0.1909003784,
  "CH89SpinOrbit_V_so": 5.2307526986,
  "CH89SpinOrbit_r_so": 1.2824854775,
  "CH89SpinOrbit_r_so_0": -1.1114100066,
  "CH89SpinOrbit_a_so": 0.5737634761,
  "CH89ImagCentral_W_v0": 6.501061094,
  "CH89ImagCentral_W_ve0": 34.774705807,
  "CH89ImagCentral_W_vew": 31.3973934853,
  "CH89ImagCentral_W_s0": 9.9441423002,
  "CH89ImagCentral_W_st": 19.7972858486,
  "CH89ImagCentral_W_se0": 24.4743081285,
  "CH89ImagCentral_W_sew": 56.825645872,
  "CH89ImagCentral_r_w": 1.2501411608,
  "CH89ImagCentral_r_w0": -0.0844466683,
  "CH89ImagCentral_a_w": 0.6802227388
}