{
  "CH89RealCentral_V_0": 53.2675892135,
  "CH89RealCentral_V_t": 16.409792118,
  "CH89RealCentral_V_e": -0.3191205677,
  "CH89RealCentral_r_o": 1.2370415376,
  "CH89RealCentral_r_o_0": -0.3161562117,
  "CH89RealCentral_a_0": 0.7226221992,
  "CH89Coulomb_r_c": 1.0868865418,
  "CH89Coulomb_r_c_0": 0.3667878746,
  "CH89SpinOrbit_V_so": 6.5019387822,
  "CH89SpinOrbit_r_so": 1.3262976521,
  "CH89SpinOrbit_r_so_0": -1.2950197938,
  "CH89SpinOrbit_a_so": 0.6453235089,
  "CH89ImagCentral_W_v0": 12.3365451133,
  "CH89ImagCentral_W_ve0": 67.4805214243,
  "CH89ImagCentral_W_vew": 26.519017963,
  "CH89ImagCentral_W_s0": 20.9063131965,
  "CH89ImagCentral_W_st": 35.3849919407,
  "CH89ImagCentral_W_se0": -22.806808461,
  "CH89ImagCentral_W_sew": 6.3787538137,
  "CH89ImagCentral_r_w": 1.247671725,
  "CH89ImagCentral_r_w0": 0.1141274858,
  "CH89ImagCentral_a_w": 0.7168685756
}