{
  "CH89RealCentral_V_0": 54.6621633862,
  "CH89RealCentral_V_t": 18.3087160191,
  "CH89RealCentral_V_e": -0.3184213053,
  "CH89RealCentral_r_o": 1.1544379276,
  "CH89RealCentral_r_o_0": 0.034749642,
  "CH89RealCentral_a_0": 0.7407059373,
  "CH89Coulomb_r_c": 1.1568470755,
  "CH89Coulomb_r_c_0": 0.0660302881,
  "CH89SpinOrbit_V_so": 4.6274338987,
  "CH89SpinOrbit_r_so": 1.337688773,
  "CH89SpinOrbit_r_so_0": -1.1513362793,
  "CH89SpinOrbit_a_so": 0.5883196118,
  "CH89ImagCentral_W_v0": 11.820852287,
  "CH89ImagCentral_W_ve0": 37.9230552553,
  "CH89ImagCentral_W_vew": 12.9691458474,
  "CH89ImagCentral_W_s0": 18.1938342298,
  "CH89ImagCentral_W_st": 55.087800006,
  "CH89ImagCentral_W_se0": -14.6598257436,
  "CH89ImagCentral_W_sew": 15.2161320707,
  "CH89ImagCentral_r_w": 1.3752679982,
  "CH89ImagCentral_r_w0": -0.7372255338,
  "CH89ImagCentral_a_w": 0.6265182116
}