{
  "CH89RealCentral_V_0": 56.1600917996,
  "CH89RealCentral_V_t": 10.3301689371,
  "CH89RealCentral_V_e": -0.4094593089,
  "CH89RealCentral_r_o": 1.1715223042,
  "CH89RealCentral_r_o_0": 0.0149596248,
  "CH89RealCentral_a_0": 0.7460802472,
  "CH89Coulomb_r_c": 1.1130182099,
  "CH89Coulomb_r_c_0": 0.0923012598,
  "CH89SpinOrbit_V_so": 7.1145093358,
  "CH89SpinOrbit_r_so": 1.4241838078,
  "CH89SpinOrbit_r_so_0": -1.429206719,
  "CH89SpinOrbit_a_so": 0.5872220331,
  "CH89ImagCentral_W_v0": 8.4556267589,
  "CH89ImagCentral_W_ve0": 19.7927020429,
  "CH89ImagCentral_W_vew": 14.4737277472,
  "CH89ImagCentral_W_s0": 12.6243916244,
  "CH89ImagCentral_W_st": 30.4651693909,
  "CH89ImagCentral_W_se0": -2.6401786887,
  "CH89ImagCentral_W_sew": 37.4972714608,
  "CH89ImagCentral_r_w": 1.3933696247,
  "CH89ImagCentral_r_w0": -0.715550413,
  "CH89ImagCentral_a_w": 0.6514339744
}