{
  "CH89RealCentral_V_0": 56.3286182566,
  "CH89RealCentral_V_t": 18.6810559869,
  "CH89RealCentral_V_e": -0.4504605311,
  "CH89RealCentral_r_o": 1.205721007,
  "CH89RealCentral_r_o_0": -0.1709493175,
  "CH89RealCentral_a_0": 0.7195597432,
  "CH89Coulomb_r_c": 1.0139721539,
  "CH89Coulomb_r_c_0": 0.1148023011,
  "CH89SpinOrbit_V_so": 6.3788866057,
  "CH89SpinOrbit_r_so": 1.2540981527,
  "CH89SpinOrbit_r_so_0": -0.9160266319,
  "CH89SpinOrbit_a_so": 0.5874187999,
  "CH89ImagCentral_W_v0": 8.2353999959,
  "CH89ImagCentral_W_ve0": -9.2551043035,
  "CH89ImagCentral_W_vew": 26.9597180282,
  "CH89ImagCentral_W_s0": 12.6950141993,
  "CH89ImagCentral_W_st": 45.7414980846,
  "CH89ImagCentral_W_se0": -5.6886414456,
  "CH89ImagCentral_W_sew": 37.3349848724,
  "CH89ImagCentral_r_w": 1.2826266772,
  "CH89ImagCentral_r_w0": -0.0564790205,
  "CH89ImagCentral_a_w": 0.658242661
}