{
  "CH89RealCentral_V_0": 56.5710462974,
  "CH89RealCentral_V_t": 16.8754071491,
  "CH89RealCentral_V_e": -0.3966815729,
  "CH89RealCentral_r_o": 1.2150530451,
  "CH89RealCentral_r_o_0": -0.2637519873,
  "CH89RealCentral_a_0": 0.7165308267,
  "CH89Coulomb_r_c": 1.2637249975,
  "CH89Coulomb_r_c_0": 0.1053278217,
  "CH89SpinOrbit_V_so": 5.3706250148,
  "CH89SpinOrbit_r_so": 1.3261807088,
  "CH89SpinOrbit_r_so_0": -1.2270381573,
  "CH89SpinOrbit_a_so": 0.5194418681,
  "CH89ImagCentral_W_v0": 14.3537963339,
  "CH89ImagCentral_W_ve0": 68.6051999217,
  "CH89ImagCentral_W_vew": 6.2647430907,
  "CH89ImagCentral_W_s0": 17.0591088866,
  "CH89ImagCentral_W_st": 23.4893453399,
  "CH89ImagCentral_W_se0": 1.203833553,
  "CH89ImagCentral_W_sew": 18.8382618253,
  "CH89ImagCentral_r_w": 1.2696294108,
  "CH89ImagCentral_r_w0": -0.2821047354,
  "CH89ImagCentral_a_w": 0.7050781765
}