{
  "CH89RealCentral_V_0": 55.2603029011,
  "CH89RealCentral_V_t": 26.7809101572,
  "CH89RealCentral_V_e": -0.3626695712,
  "CH89RealCentral_r_o": 1.2055880335,
  "CH89RealCentral_r_o_0": -0.2344285056,
  "CH89RealCentral_a_0": 0.7500266145,
  "CH89Coulomb_r_c": 1.0993375368,
  "CH89Coulomb_r_c_0": 0.0227295991,
  "CH89SpinOrbit_V_so": 4.0055027929,
  "CH89SpinOrbit_r_so": 1.2880892812,
  "CH89SpinOrbit_r_so_0": -0.7721049926,
  "CH89SpinOrbit_a_so": 0.6110960478,
  "CH89ImagCentral_W_v0": 6.0134745839,
  "CH89ImagCentral_W_ve0": 21.4170079811,
  "CH89ImagCentral_W_vew": -3.1753466356,
  "CH89ImagCentral_W_s0": 24.2327223757,
  "CH89ImagCentral_W_st": 51.5337747507,
  "CH89ImagCentral_W_se0": -28.3193944658,
  "CH89ImagCentral_W_sew": 34.1068085699,
  "CH89ImagCentral_r_w": 1.2130920654,
  "CH89ImagCentral_r_w0": -0.2221699813,
  "CH89ImagCentral_a_w": 0.71556543
}