{
  "CH89RealCentral_V_0": 59.7963378168,
  "CH89RealCentral_V_t": 3.9910513521,
  "CH89RealCentral_V_e": -0.3664328206,
  "CH89RealCentral_r_o": 1.1579138069,
  "CH89RealCentral_r_o_0": -0.1866180941,
  "CH89RealCentral_a_0": 0.7746660299,
  "CH89Coulomb_r_c": 1.1907668842,
  "CH89Coulomb_r_c_0": 0.1537794019,
  "CH89SpinOrbit_V_so": 4.8248207041,
  "CH89SpinOrbit_r_so": 1.1314972963,
  "CH89SpinOrbit_r_so_0": -0.3831754115,
  "CH89SpinOrbit_a_so": 0.6303172716,
  "CH89ImagCentral_W_v0": 12.4428104915,
  "CH89ImagCentral_W_ve0": 11.6020111036,
  "CH89ImagCentral_W_vew": 26.9988459398,
  "CH89ImagCentral_W_s0": 17.0540414856,
  "CH89ImagCentral_W_st": 50.0461141834,
  "CH89ImagCentral_W_se0": -53.51677741,
  "CH89ImagCentral_W_sew": 13.1860409832,
  "CH89ImagCentral_r_w": 1.4620332689,
  "CH89ImagCentral_r_w0": -0.651831752,
  "CH89ImagCentral_a_w": 0.7137128635
}