{
  "CH89RealCentral_V_0": 58.7962492308,
  "CH89RealCentral_V_t": 20.1505648772,
  "CH89RealCentral_V_e": -0.3448770448,
  "CH89RealCentral_r_o": 1.1299855866,
  "CH89RealCentral_r_o_0": -0.0684548064,
  "CH89RealCentral_a_0": 0.7616281163,
  "CH89Coulomb_r_c": 1.4022148313,
  "CH89Coulomb_r_c_0": 0.0009174007,
  "CH89SpinOrbit_V_so": 5.3885687262,
  "CH89SpinOrbit_r_so": 1.2009749391,
  "CH89SpinOrbit_r_so_0": -0.8867092455,
  "CH89SpinOrbit_a_so": 0.6167083439,
  "CH89ImagCentral_W_v0": 12.8688504198,
  "CH89ImagCentral_W_ve0": 37.9722309602,
  "CH89ImagCentral_W_vew": 28.2812861197,
  "CH89ImagCentral_W_s0": 8.3291397146,
  "CH89ImagCentral_W_st": 25.3446131645,
  "CH89ImagCentral_W_se0": 23.710856218,
  "CH89ImagCentral_W_sew": 29.8131320814,
  "CH89ImagCentral_r_w": 1.3131291171,
  "CH89ImagCentral_r_w0": -0.1503029306,
  "CH89ImagCentral_a_w": 0.6505068764
}