{
  "CH89RealCentral_V_0": 58.4839101494,
  "CH89RealCentral_V_t": 20.9724165522,
  "CH89RealCentral_V_e": -0.3951411017,
  "CH89RealCentral_r_o": 1.1694977325,
  "CH89RealCentral_r_o_0": -0.2396893265,
  "CH89RealCentral_a_0": 0.7389656124,
  "CH89Coulomb_r_c": 1.3144044438,
  "CH89Coulomb_r_c_0": 0.2579947939,
  "CH89SpinOrbit_V_so": 6.6231035779,
  "CH89SpinOrbit_r_so": 1.497414424,
  "CH89SpinOrbit_r_so_0": -2.3001348344,
  "CH89SpinOrbit_a_so": 0.6221919908,
  "CH89ImagCentral_W_v0": 13.2320307827,
  "CH89ImagCentral_W_ve0": 44.502123545,
  "CH89ImagCentral_W_vew": 26.8937462821,
  "CH89ImagCentral_W_s0": 13.423565451,
  "CH89ImagCentral_W_st": 34.5629458659,
  "CH89ImagCentral_W_se0": 0.5508936081,
  "CH89ImagCentral_W_sew": 37.9228250008,
  "CH89ImagCentral_r_w": 1.4586481703,
  "CH89ImagCentral_r_w0": -0.9020541361,
  "CH89ImagCentral_a_w": 0.7328455612
}