{
  "CH89RealCentral_V_0": 54.1372959919,
  "CH89RealCentral_V_t": 24.7471542501,
  "CH89RealCentral_V_e": -0.3431135112,
  "CH89RealCentral_r_o": 1.1436421991,
  "CH89RealCentral_r_o_0": 0.035393788,
  "CH89RealCentral_a_0": 0.7513616789,
  "CH89Coulomb_r_c": 1.1468580276,
  "CH89Coulomb_r_c_0": 0.1780232796,
  "CH89SpinOrbit_V_so": 5.8011680213,
  "CH89SpinOrbit_r_so": 1.1868021536,
  "CH89SpinOrbit_r_so_0": -0.7475433558,
  "CH89SpinOrbit_a_so": 0.5892309986,
  "CH89ImagCentral_W_v0": 15.6055661413,
  "CH89ImagCentral_W_ve0": 61.4008528393,
  "CH89ImagCentral_W_vew": 8.6032684551,
  "CH89ImagCentral_W_s0": 18.8258121249,
  "CH89ImagCentral_W_st": 29.1273053594,
  "CH89ImagCentral_W_se0": -11.5126394705,
  "CH89ImagCentral_W_sew": 43.5102890216,
  "CH89ImagCentral_r_w": 1.2200873014,
  "CH89ImagCentral_r_w0": -0.1126386196,
  "CH89ImagCentral_a_w": 0.7412005256
}