{
  "CH89RealCentral_V_0": 54.9626274794,
  "CH89RealCentral_V_t": 12.2569006283,
  "CH89RealCentral_V_e": -0.3550467111,
  "CH89RealCentral_r_o": 1.1589596266,
  "CH89RealCentral_r_o_0": -0.0166086575,
  "CH89RealCentral_a_0": 0.7175619001,
  "CH89Coulomb_r_c": 1.2999545282,
  "CH89Coulomb_r_c_0": 0.1111963328,
  "CH89SpinOrbit_V_so": 6.0297161586,
  "CH89SpinOrbit_r_so": 1.3142291423,
  "CH89SpinOrbit_r_so_0": -1.3291222885,
  "CH89SpinOrbit_a_so": 0.6495370526,
  "CH89ImagCentral_W_v0": 14.494603293,
  "CH89ImagCentral_W_ve0": 40.8850552803,
  "CH89ImagCentral_W_vew": 37.5017709222,
  "CH89ImagCentral_W_s0": 11.9781611247,
  "CH89ImagCentral_W_st": 31.6082394281,
  "CH89ImagCentral_W_se0": 15.472785805,
  "CH89ImagCentral_W_sew": 29.904181424,
  "CH89ImagCentral_r_w": 1.3647281963,
  "CH89ImagCentral_r_w0": -0.2366852387,
  "CH89ImagCentral_a_w": 0.6581641072
}