{
  "CH89RealCentral_V_0": 55.2757918941,
  "CH89RealCentral_V_t": 15.6155284648,
  "CH89RealCentral_V_e": -0.3599655514,
  "CH89RealCentral_r_o": 1.1933283382,
  "CH89RealCentral_r_o_0": -0.1569541712,
  "CH89RealCentral_a_0": 0.7388190231,
  "CH89Coulomb_r_c": 1.1583341662,
  "CH89Coulomb_r_c_0": 0.1969829595,
  "CH89SpinOrbit_V_so": 5.4780233581,
  "CH89SpinOrbit_r_so": 1.2958402407,
  "CH89SpinOrbit_r_so_0": -1.2529750821,
  "CH89SpinOrbit_a_so": 0.5962784118,
  "CH89ImagCentral_W_v0": 10.3125580038,
  "CH89ImagCentral_W_ve0": 43.2185580922,
  "CH89ImagCentral_W_vew": 29.7337189791,
  "CH89ImagCentral_W_s0": 10.071750301,
  "CH89ImagCentral_W_st": 21.6192789103,
  "CH89ImagCentral_W_se0": 34.4244746177,
  "CH89ImagCentral_W_sew": 32.6201418682,
  "CH89ImagCentral_r_w": 1.291717889,
  "CH89ImagCentral_r_w0": -0.2334972017,
  "CH89ImagCentral_a_w": 0.6686904837
}