{
  "CH89RealCentral_V_0": 56.5527480013,
  "CH89RealCentral_V_t": 7.0835731866,
  "CH89RealCentral_V_e": -0.3467902761,
  "CH89RealCentral_r_o": 1.2276950136,
  "CH89RealCentral_r_o_0": -0.4280141034,
  "CH89RealCentral_a_0": 0.7677063743,
  "CH89Coulomb_r_c": 1.4020700496,
  "CH89Coulomb_r_c_0": -0.0518479643,
  "CH89SpinOrbit_V_so": 6.1002426218,
  "CH89SpinOrbit_r_so": 1.1705059894,
  "CH89SpinOrbit_r_so_0": -0.3619308534,
  "CH89SpinOrbit_a_so": 0.5849637807,
  "CH89ImagCentral_W_v0": 8.8754590048,
  "CH89ImagCentral_W_ve0": 42.9734704001,
  "CH89ImagCentral_W_vew": 31.089361935,
  "CH89ImagCentral_W_s0": 6.8922363874,
  "CH89ImagCentral_W_st": 13.6632491222,
  "CH89ImagCentral_W_se0": 15.8148049001,
  "CH89ImagCentral_W_sew": 11.6059358631,
  "CH89ImagCentral_r_w": 1.3721046657,
  "CH89ImagCentral_r_w0": -0.073396256,
  "CH89ImagCentral_a_w": 0.7346425528
}