{
  "CH89RealCentral_V_0": 56.7894887759,
  "CH89RealCentral_V_t": 12.6459630163,
  "CH89RealCentral_V_e": -0.4060872764,
  "CH89RealCentral_r_o": 1.188660488,
  "CH89RealCentral_r_o_0": -0.2024542456,
  "CH89RealCentral_a_0": 0.7513300563,
  "CH89Coulomb_r_c": 1.25701544,
  "CH89Coulomb_r_c_0": 0.0801131274,
  "CH89SpinOrbit_V_so": 5.2624312691,
  "CH89SpinOrbit_r_so": 1.1340666764,
  "CH89SpinOrbit_r_so_0": -0.5512843007,
  "CH89SpinOrbit_a_so": 0.6082053605,
  "CH89ImagCentral_W_v0": 14.0549587412,
  "CH89ImagCentral_W_ve0": 79.6431468796,
  "CH89ImagCentral_W_vew": 36.8503757478,
  "CH89ImagCentral_W_s0": 16.8221872929,
  "CH89ImagCentral_W_st": 33.6165669906,
  "CH89ImagCentral_W_se0": 11.0844903388,
  "CH89ImagCentral_W_sew": 58.647608109,
  "CH89ImagCentral_r_w": 1.2331283209,
  "CH89ImagCentral_r_w0": -0.067205296,
  "CH89ImagCentral_a_w": 0.7437268045
}