{
  "CH89RealCentral_V_0": 53.6735342789,
  "CH89RealCentral_V_t": 13.3270232029,
  "CH89RealCentral_V_e": -0.3880298878,
  "CH89RealCentral_r_o": 1.1714237375,
  "CH89RealCentral_r_o_0": 0.072250246,
  "CH89RealCentral_a_0": 0.7643966278,
  "CH89Coulomb_r_c": 1.5716807443,
  "CH89Coulomb_r_c_0": 0.1825898542,
  "CH89SpinOrbit_V_so": 4.0229500053,
  "CH89SpinOrbit_r_so": 1.3821198076,
  "CH89SpinOrbit_r_so_0": -1.4264246794,
  "CH89SpinOrbit_a_so": 0.5465599981,
  "CH89ImagCentral_W_v0": 11.488999499,
  "CH89ImagCentral_W_ve0": 76.7273732499,
  "CH89ImagCentral_W_vew": 21.2668609015,
  "CH89ImagCentral_W_s0": 14.9732206261,
  "CH89ImagCentral_W_st": 17.8584359711,
  "CH89ImagCentral_W_se0": 54.2267063386,
  "CH89ImagCentral_W_sew": 26.4304538981,
  "CH89ImagCentral_r_w": 1.3242808123,
  "CH89ImagCentral_r_w0": -0.4872625522,
  "CH89ImagCentral_a_w": 0.5056907602
}