{
  "CH89RealCentral_V_0": 57.7685968394,
  "CH89RealCentral_V_t": 14.2301035914,
  "CH89RealCentral_V_e": -0.3571350416,
  "CH89RealCentral_r_o": 1.1743156651,
  "CH89RealCentral_r_o_0": -0.1570850284,
  "CH89RealCentral_a_0": 0.7450811671,
  "CH89Coulomb_r_c": 1.3658114615,
  "CH89Coulomb_r_c_0": 0.0141243094,
  "CH89SpinOrbit_V_so": 5.0738348273,
  "CH89SpinOrbit_r_so": 1.2665108499,
  "CH89SpinOrbit_r_so_0": -1.0226353696,
  "CH89SpinOrbit_a_so": 0.5787869344,
  "CH89ImagCentral_W_v0": 9.4749480514,
  "CH89ImagCentral_W_ve0": 29.8823773282,
  "CH89ImagCentral_W_vew": 21.1418176752,
  "CH89ImagCentral_W_s0": 9.3383680473,
  "CH89ImagCentral_W_st": 28.7321155376,
  "CH89ImagCentral_W_se0": 16.1159269504,
  "CH89ImagCentral_W_sew": 46.4361338391,
  "CH89ImagCentral_r_w": 1.4442327627,
  "CH89ImagCentral_r_w0": -0.8265216014,
  "CH89ImagCentral_a_w": 0.6371885777
}