{
  "CH89RealCentral_V_0": 55.4174372721,
  "CH89RealCentral_V_t": 14.4716039919,
  "CH89RealCentral_V_e": -0.3091549308,
  "CH89RealCentral_r_o": 1.1804839778,
  "CH89RealCentral_r_o_0": -0.2348987446,
  "CH89RealCentral_a_0": 0.7794018312,
  "CH89Coulomb_r_c": 1.4211123417,
  "CH89Coulomb_r_c_0": 0.1910243207,
  "CH89SpinOrbit_V_so": 5.1342258456,
  "CH89SpinOrbit_r_so": 1.3416809919,
  "CH89SpinOrbit_r_so_0": -1.2405672764,
  "CH89SpinOrbit_a_so": 0.5689518229,
  "CH89ImagCentral_W_v0": 8.5940025771,
  "CH89ImagCentral_W_ve0": 47.9365047029,
  "CH89ImagCentral_W_vew": 20.9537807975,
  "CH89ImagCentral_W_s0": 16.2121461408,
  "CH89ImagCentral_W_st": 37.6928879753,
  "CH89ImagCentral_W_se0": 16.0025942766,
  "CH89ImagCentral_W_sew": 27.5221960624,
  "CH89ImagCentral_r_w": 1.3146270824,
  "CH89ImagCentral_r_w0": -0.3615279837,
  "CH89ImagCentral_a_w": 0.7777519387
}