{
  "CH89RealCentral_V_0": 54.1487810847,
  "CH89RealCentral_V_t": 10.3669589809,
  "CH89RealCentral_V_e": -0.3417224397,
  "CH89RealCentral_r_o": 1.2651069118,
  "CH89RealCentral_r_o_0": -0.4162861349,
  "CH89RealCentral_a_0": 0.7205745524,
  "CH89Coulomb_r_c": 1.3932557736,
  "CH89Coulomb_r_c_0": 0.0377153516,
  "CH89SpinOrbit_V_so": 5.1739982177,
  "CH89SpinOrbit_r_so": 1.4386632402,
  "CH89SpinOrbit_r_so_0": -1.7657732708,
  "CH89SpinOrbit_a_so": 0.6211820259,
  "CH89ImagCentral_W_v0": 7.0755974864,
  "CH89ImagCentral_W_ve0": 9.6887723548,
  "CH89ImagCentral_W_vew": 27.1310920889,
  "CH89ImagCentral_W_s0": 7.3249027274,
  "CH89ImagCentral_W_st": 40.9560619129,
  "CH89ImagCentral_W_se0": 22.8502745151,
  "CH89ImagCentral_W_sew": 32.8853462689,
  "CH89ImagCentral_r_w": 1.333948293,
  "CH89ImagCentral_r_w0": -0.3018225888,
  "CH89ImagCentral_a_w": 0.7394918165
}