{
  "CH89RealCentral_V_0": 55.7814376714,
  "CH89RealCentral_V_t": 23.6698367448,
  "CH89RealCentral_V_e": -0.3400638698,
  "CH89RealCentral_r_o": 1.1945650034,
  "CH89RealCentral_r_o_0": -0.1537727122,
  "CH89RealCentral_a_0": 0.6833206362,
  "CH89Coulomb_r_c": 1.1887767987,
  "CH89Coulomb_r_c_0": 0.2221157323,
  "CH89SpinOrbit_V_so": 5.6405567582,
  "CH89SpinOrbit_r_so": 1.4302817549,
  "CH89SpinOrbit_r_so_0": -1.5737398053,
  "CH89SpinOrbit_a_so": 0.6079661773,
  "CH89ImagCentral_W_v0": 9.0857130787,
  "CH89ImagCentral_W_ve0": 27.7954306331,
  "CH89ImagCentral_W_vew": 23.970469364,
  "CH89ImagCentral_W_s0": 13.7382928965,
  "CH89ImagCentral_W_st": 27.2839388417,
  "CH89ImagCentral_W_se0": -2.0714074956,
  "CH89ImagCentral_W_sew": 65.5177994855,
  "CH89ImagCentral_r_w": 1.2617817656,
  "CH89ImagCentral_r_w0": -0.4493077626,
  "CH89ImagCentral_a_w": 0.7210653596
}