{
  "CH89RealCentral_V_0": 56.543967844,
  "CH89RealCentral_V_t": 24.4355511817,
  "CH89RealCentral_V_e": -0.3874396038,
  "CH89RealCentral_r_o": 1.2057782668,
  "CH89RealCentral_r_o_0": -0.308753571,
  "CH89RealCentral_a_0": 0.7680906088,
  "CH89Coulomb_r_c": 1.3764104647,
  "CH89Coulomb_r_c_0": 0.0602797897,
  "CH89SpinOrbit_V_so": 6.006785156,
  "CH89SpinOrbit_r_so": 1.3419852525,
  "CH89SpinOrbit_r_so_0": -1.2605003825,
  "CH89SpinOrbit_a_so": 0.614082506,
  "CH89ImagCentral_W_v0": -3.0422511311,
  "CH89ImagCentral_W_ve0": -3.1507045542,
  "CH89ImagCentral_W_vew": 9.734874007,
  "CH89ImagCentral_W_s0": 10.088958738,
  "CH89ImagCentral_W_st": 9.8643260813,
  "CH89ImagCentral_W_se0": 49.3395278286,
  "CH89ImagCentral_W_sew": 81.3205456328,
  "CH89ImagCentral_r_w": 1.2463433253,
  "CH89ImagCentral_r_w0": -0.2970695162,
  "CH89ImagCentral_a_w": 0.8476146855
}