{
  "CH89RealCentral_V_0": 54.562864637,
  "CH89RealCentral_V_t": 2.3123360426,
  "CH89RealCentral_V_e": -0.3608951644,
  "CH89RealCentral_r_o": 1.2673916626,
  "CH89RealCentral_r_o_0": -0.3801187908,
  "CH89RealCentral_a_0": 0.6985237099,
  "CH89Coulomb_r_c": 1.4101557923,
  "CH89Coulomb_r_c_0": 0.0500804094,
  "CH89SpinOrbit_V_so": 5.1575923547,
  "CH89SpinOrbit_r_so": 1.532581786,
  "CH89SpinOrbit_r_so_0": -1.8714199351,
  "CH89SpinOrbit_a_so": 0.586604626,
  "CH89ImagCentral_W_v0": 8.021237114,
  "CH89ImagCentral_W_ve0": -21.7040912224,
  "CH89ImagCentral_W_vew": 19.015480443,
  "CH89ImagCentral_W_s0": 4.6325950095,
  "CH89ImagCentral_W_st": 46.9730383717,
  "CH89ImagCentral_W_se0": 5.3447246807,
  "CH89ImagCentral_W_sew": 5.4095505364,
  "CH89ImagCentral_r_w": 1.4430551859,
  "CH89ImagCentral_r_w0": -0.39856813,
  "CH89ImagCentral_a_w": 0.6192469621
}