{
  "CH89RealCentral_V_0": 56.3868672594,
  "CH89RealCentral_V_t": 10.9128060405,
  "CH89RealCentral_V_e": -0.3343402745,
  "CH89RealCentral_r_o": 1.2568491716,
  "CH89RealCentral_r_o_0": -0.4726174372,
  "CH89RealCentral_a_0": 0.7278113242,
  "CH89Coulomb_r_c": 1.3327056219,
  "CH89Coulomb_r_c_0": 0.0306284745,
  "CH89SpinOrbit_V_so": 6.7059027365,
  "CH89SpinOrbit_r_so": 1.3321438171,
  "CH89SpinOrbit_r_so_0": -1.1143522598,
  "CH89SpinOrbit_a_so": 0.6421855752,
  "CH89ImagCentral_W_v0": 4.4360481606,
  "CH89ImagCentral_W_ve0": 13.8013014656,
  "CH89ImagCentral_W_vew": 3.3793466427,
  "CH89ImagCentral_W_s0": 12.3327780872,
  "CH89ImagCentral_W_st": 10.2802387809,
  "CH89ImagCentral_W_se0": 36.5346261797,
  "CH89ImagCentral_W_sew": 70.9452924929,
  "CH89ImagCentral_r_w": 1.1897195667,
  "CH89ImagCentral_r_w0": 0.0750999709,
  "CH89ImagCentral_a_w": 0.7827971118
}