{
  "CH89RealCentral_V_0": 55.7275232972,
  "CH89RealCentral_V_t": 9.9876406045,
  "CH89RealCentral_V_e": -0.3339748621,
  "CH89RealCentral_r_o": 1.1986490204,
  "CH89RealCentral_r_o_0": -0.1891712884,
  "CH89RealCentral_a_0": 0.7557719333,
  "CH89Coulomb_r_c": 1.2747283538,
  "CH89Coulomb_r_c_0": 0.2362102619,
  "CH89SpinOrbit_V_so": 4.9557814197,
  "CH89SpinOrbit_r_so": 1.2945725618,
  "CH89SpinOrbit_r_so_0": -0.9392240591,
  "CH89SpinOrbit_a_so": 0.5612194215,
  "CH89ImagCentral_W_v0": 8.1348503631,
  "CH89ImagCentral_W_ve0": 67.1947016668,
  "CH89ImagCentral_W_vew": 37.0662373251,
  "CH89ImagCentral_W_s0": 8.3539222959,
  "CH89ImagCentral_W_st": 19.09677229,
  "CH89ImagCentral_W_se0": 57.9399691117,
  "CH89ImagCentral_W_sew": 48.6984735324,
  "CH89ImagCentral_r_w": 1.316432302,
  "CH89ImagCentral_r_w0": -0.4779373258,
  "CH89ImagCentral_a_w": 0.6954050846
}