{
  "CH89RealCentral_V_0": 58.7503902499,
  "CH89RealCentral_V_t": 6.9772458559,
  "CH89RealCentral_V_e": -0.3726820837,
  "CH89RealCentral_r_o": 1.229525809,
  "CH89RealCentral_r_o_0": -0.4521809695,
  "CH89RealCentral_a_0": 0.7687999619,
  "CH89Coulomb_r_c": 1.1750563404,
  "CH89Coulomb_r_c_0": 0.2862865194,
  "CH89SpinOrbit_V_so": 5.4931688496,
  "CH89SpinOrbit_r_so": 1.3816894538,
  "CH89SpinOrbit_r_so_0": -1.2650245825,
  "CH89SpinOrbit_a_so": 0.5186847358,
  "CH89ImagCentral_W_v0": 5.6317967674,
  "CH89ImagCentral_W_ve0": 5.7977901436,
  "CH89ImagCentral_W_vew": 11.9315904074,
  "CH89ImagCentral_W_s0": 9.1809686875,
  "CH89ImagCentral_W_st": 35.0259711877,
  "CH89ImagCentral_W_se0": 9.1805719518,
  "CH89ImagCentral_W_sew": 57.7504746253,
  "CH89ImagCentral_r_w": 1.2642204893,
  "CH89ImagCentral_r_w0": -0.1037444872,
  "CH89ImagCentral_a_w": 0.7706585147
}