{
  "CH89RealCentral_V_0": 56.9694539325,
  "CH89RealCentral_V_t": 7.7514944867,
  "CH89RealCentral_V_e": -0.3293896561,
  "CH89RealCentral_r_o": 1.1910288933,
  "CH89RealCentral_r_o_0": -0.1701525666,
  "CH89RealCentral_a_0": 0.7080556908,
  "CH89Coulomb_r_c": 1.1311067975,
  "CH89Coulomb_r_c_0": 0.2037630888,
  "CH89SpinOrbit_V_so": 5.9373476954,
  "CH89SpinOrbit_r_so": 1.3401067394,
  "CH89SpinOrbit_r_so_0": -1.4490355159,
  "CH89SpinOrbit_a_so": 0.6946831557,
  "CH89ImagCentral_W_v0": 12.2210707064,
  "CH89ImagCentral_W_ve0": 68.5023870037,
  "CH89ImagCentral_W_vew": 40.564405111,
  "CH89ImagCentral_W_s0": 13.2196445851,
  "CH89ImagCentral_W_st": 28.2864795814,
  "CH89ImagCentral_W_se0": -12.6709435315,
  "CH89ImagCentral_W_sew": 48.2964854467,
  "CH89ImagCentral_r_w": 1.3164756483,
  "CH89ImagCentral_r_w0": -0.4905990941,
  "CH89ImagCentral_a_w": 0.7583936877
}