{
  "CH89RealCentral_V_0": 55.5817336017,
  "CH89RealCentral_V_t": 9.2198874905,
  "CH89RealCentral_V_e": -0.3029128156,
  "CH89RealCentral_r_o": 1.1672492539,
  "CH89RealCentral_r_o_0": -0.0638212461,
  "CH89RealCentral_a_0": 0.7324705474,
  "CH89Coulomb_r_c": 1.3347647263,
  "CH89Coulomb_r_c_0": 0.3417026361,
  "CH89SpinOrbit_V_so": 4.6685069702,
  "CH89SpinOrbit_r_so": 1.3655428178,
  "CH89SpinOrbit_r_so_0": -1.6082301054,
  "CH89SpinOrbit_a_so": 0.5886096354,
  "CH89ImagCentral_W_v0": 9.7972761189,
  "CH89ImagCentral_W_ve0": 26.9485886193,
  "CH89ImagCentral_W_vew": 21.6724559565,
  "CH89ImagCentral_W_s0": 14.1539889451,
  "CH89ImagCentral_W_st": 35.6086277951,
  "CH89ImagCentral_W_se0": 6.1356532623,
  "CH89ImagCentral_W_sew": 36.0640903789,
  "CH89ImagCentral_r_w": 1.2742713928,
  "CH89ImagCentral_r_w0": -0.0122466691,
  "CH89ImagCentral_a_w": 0.6291138847
}