{
  "CH89RealCentral_V_0": 58.6911316943,
  "CH89RealCentral_V_t": 10.4836114889,
  "CH89RealCentral_V_e": -0.3941368448,
  "CH89RealCentral_r_o": 1.1735746246,
  "CH89RealCentral_r_o_0": -0.1565306317,
  "CH89RealCentral_a_0": 0.7443574419,
  "CH89Coulomb_r_c": 1.4043908238,
  "CH89Coulomb_r_c_0": 0.0430819362,
  "CH89SpinOrbit_V_so": 6.3074325777,
  "CH89SpinOrbit_r_so": 1.3534383299,
  "CH89SpinOrbit_r_so_0": -1.6694226946,
  "CH89SpinOrbit_a_so": 0.6579139345,
  "CH89ImagCentral_W_v0": 14.2145635602,
  "CH89ImagCentral_W_ve0": 50.8701911162,
  "CH89ImagCentral_W_vew": 36.5081769163,
  "CH89ImagCentral_W_s0": 13.7513815414,
  "CH89ImagCentral_W_st": 28.5660472766,
  "CH89ImagCentral_W_se0": -13.502481606,
  "CH89ImagCentral_W_sew": 38.8896200147,
  "CH89ImagCentral_r_w": 1.4170265258,
  "CH89ImagCentral_r_w0": -0.7151442107,
  "CH89ImagCentral_a_w": 0.6591820014
}