{
  "CH89RealCentral_V_0": 56.911166488,
  "CH89RealCentral_V_t": 12.6606511036,
  "CH89RealCentral_V_e": -0.3262166128,
  "CH89RealCentral_r_o": 1.19901195,
  "CH89RealCentral_r_o_0": -0.2832848882,
  "CH89RealCentral_a_0": 0.7196677272,
  "CH89Coulomb_r_c": 1.2963640113,
  "CH89Coulomb_r_c_0": 0.096780733,
  "CH89SpinOrbit_V_so": 5.0766885839,
  "CH89SpinOrbit_r_so": 1.2462697253,
  "CH89SpinOrbit_r_so_0": -0.9481067494,
  "CH89SpinOrbit_a_so": 0.6422940929,
  "CH89ImagCentral_W_v0": 8.7020010795,
  "CH89ImagCentral_W_ve0": 6.5302028707,
  "CH89ImagCentral_W_vew": 33.1200808127,
  "CH89ImagCentral_W_s0": 5.1436213467,
  "CH89ImagCentral_W_st": 32.4373596696,
  "CH89ImagCentral_W_se0": 11.5854272424,
  "CH89ImagCentral_W_sew": 39.4402737968,
  "CH89ImagCentral_r_w": 1.4209408688,
  "CH89ImagCentral_r_w0": -0.5775910542,
  "CH89ImagCentral_a_w": 0.7637824152
}