{
  "CH89RealCentral_V_0": 57.514436547,
  "CH89RealCentral_V_t": 9.6320912864,
  "CH89RealCentral_V_e": -0.3729584862,
  "CH89RealCentral_r_o": 1.2334781942,
  "CH89RealCentral_r_o_0": -0.3782722733,
  "CH89RealCentral_a_0": 0.7028345774,
  "CH89Coulomb_r_c": 1.2342965567,
  "CH89Coulomb_r_c_0": 0.045794271,
  "CH89SpinOrbit_V_so": 5.7474409192,
  "CH89SpinOrbit_r_so": 1.2454145009,
  "CH89SpinOrbit_r_so_0": -0.8025485018,
  "CH89SpinOrbit_a_so": 0.5980491725,
  "CH89ImagCentral_W_v0": 9.0826557773,
  "CH89ImagCentral_W_ve0": 22.3560664409,
  "CH89ImagCentral_W_vew": 8.5164535368,
  "CH89ImagCentral_W_s0": 10.6355206438,
  "CH89ImagCentral_W_st": 36.4914875255,
  "CH89ImagCentral_W_se0": 30.7461383223,
  "CH89ImagCentral_W_sew": 53.3092503406,
  "CH89ImagCentral_r_w": 1.3476196602,
  "CH89ImagCentral_r_w0": -0.6031133015,
  "CH89ImagCentral_a_w": 0.74298165
}