{
  "CH89RealCentral_V_0": 56.3985395374,
  "CH89RealCentral_V_t": 18.1105082122,
  "CH89RealCentral_V_e": -0.3644634824,
  "CH89RealCentral_r_o": 1.1697302092,
  "CH89RealCentral_r_o_0": -0.063592061,
  "CH89RealCentral_a_0": 0.7219308761,
  "CH89Coulomb_r_c": 1.2768507553,
  "CH89Coulomb_r_c_0": 0.1334216379,
  "CH89SpinOrbit_V_so": 4.9494051733,
  "CH89SpinOrbit_r_so": 1.4086494357,
  "CH89SpinOrbit_r_so_0": -1.3838794552,
  "CH89SpinOrbit_a_so": 0.6403437248,
  "CH89ImagCentral_W_v0": 12.192561808,
  "CH89ImagCentral_W_ve0": 47.9687996302,
  "CH89ImagCentral_W_vew": 31.3240221936,
  "CH89ImagCentral_W_s0": 17.6256772964,
  "CH89ImagCentral_W_st": 37.1396005126,
  "CH89ImagCentral_W_se0": -9.1011602226,
  "CH89ImagCentral_W_sew": 86.4680587143,
  "CH89ImagCentral_r_w": 1.2357118807,
  "CH89ImagCentral_r_w0": -0.3368264813,
  "CH89ImagCentral_a_w": 0.688705985
}