{
  "CH89RealCentral_V_0": 56.4623461874,
  "CH89RealCentral_V_t": 12.4498696617,
  "CH89RealCentral_V_e": -0.3764173986,
  "CH89RealCentral_r_o": 1.1995780137,
  "CH89RealCentral_r_o_0": -0.2327922497,
  "CH89RealCentral_a_0": 0.715648972,
  "CH89Coulomb_r_c": 1.1795383522,
  "CH89Coulomb_r_c_0": 0.1812521384,
  "CH89SpinOrbit_V_so": 6.0195790281,
  "CH89SpinOrbit_r_so": 1.2449842133,
  "CH89SpinOrbit_r_so_0": -0.7849174764,
  "CH89SpinOrbit_a_so": 0.6397201918,
  "CH89ImagCentral_W_v0": 9.3710693503,
  "CH89ImagCentral_W_ve0": 28.1995609464,
  "CH89ImagCentral_W_vew": 15.868309856,
  "CH89ImagCentral_W_s0": 10.334139001,
  "CH89ImagCentral_W_st": 12.323989517,
  "CH89ImagCentral_W_se0": 29.4779793961,
  "CH89ImagCentral_W_sew": 29.9603941667,
  "CH89ImagCentral_r_w": 1.379309707,
  "CH89ImagCentral_r_w0": -0.5450372915,
  "CH89ImagCentral_a_w": 0.7880888748
}