{
  "CH89RealCentral_V_0": 55.4488505071,
  "CH89RealCentral_V_t": 20.5288869451,
  "CH89RealCentral_V_e": -0.373259779,
  "CH89RealCentral_r_o": 1.201682667,
  "CH89RealCentral_r_o_0": -0.1774669948,
  "CH89RealCentral_a_0": 0.7230839569,
  "CH89Coulomb_r_c": 1.2468381721,
  "CH89Coulomb_r_c_0": 0.1563709501,
  "CH89SpinOrbit_V_so": 4.9286164443,
  "CH89SpinOrbit_r_so": 1.3278163833,
  "CH89SpinOrbit_r_so_0": -1.4441417675,
  "CH89SpinOrbit_a_so": 0.5661360251,
  "CH89ImagCentral_W_v0": 9.2959730015,
  "CH89ImagCentral_W_ve0": 48.4776839933,
  "CH89ImagCentral_W_vew": 12.1247939179,
  "CH89ImagCentral_W_s0": 12.1716704764,
  "CH89ImagCentral_W_st": 18.4938745381,
  "CH89ImagCentral_W_se0": 57.2449390003,
  "CH89ImagCentral_W_sew": 43.3168681379,
  "CH89ImagCentral_r_w": 1.3063315811,
  "CH89ImagCentral_r_w0": -0.6117060435,
  "CH89ImagCentral_a_w": 0.6968932766
}