{
  "CH89RealCentral_V_0": 58.434018732,
  "CH89RealCentral_V_t": 18.2045286684,
  "CH89RealCentral_V_e": -0.3487635255,
  "CH89RealCentral_r_o": 1.1891813216,
  "CH89RealCentral_r_o_0": -0.3181505647,
  "CH89RealCentral_a_0": 0.7136048821,
  "CH89Coulomb_r_c": 1.1320579059,
  "CH89Coulomb_r_c_0": 0.2877104527,
  "CH89SpinOrbit_V_so": 5.2850010595,
  "CH89SpinOrbit_r_so": 1.2655738448,
  "CH89SpinOrbit_r_so_0": -1.1456840946,
  "CH89SpinOrbit_a_so": 0.657351697,
  "CH89ImagCentral_W_v0": 6.5927942426,
  "CH89ImagCentral_W_ve0": -17.2679605096,
  "CH89ImagCentral_W_vew": 13.6260520706,
  "CH89ImagCentral_W_s0": 11.0263345422,
  "CH89ImagCentral_W_st": 38.6730284445,
  "CH89ImagCentral_W_se0": -26.3125277263,
  "CH89ImagCentral_W_sew": 72.9412337015,
  "CH89ImagCentral_r_w": 1.5147256284,
  "CH89ImagCentral_r_w0": -1.0953011489,
  "CH89ImagCentral_a_w": 0.7958910885
}