{
  "CH89RealCentral_V_0": 56.7760196372,
  "CH89RealCentral_V_t": 17.1703690529,
  "CH89RealCentral_V_e": -0.3945143812,
  "CH89RealCentral_r_o": 1.1955172244,
  "CH89RealCentral_r_o_0": -0.1608122794,
  "CH89RealCentral_a_0": 0.7017808673,
  "CH89Coulomb_r_c": 1.202399489,
  "CH89Coulomb_r_c_0": 0.0623655492,
  "CH89SpinOrbit_V_so": 6.4665696502,
  "CH89SpinOrbit_r_so": 1.4201924959,
  "CH89SpinOrbit_r_so_0": -1.506050512,
  "CH89SpinOrbit_a_so": 0.6266324591,
  "CH89ImagCentral_W_v0": 11.8558256413,
  "CH89ImagCentral_W_ve0": 9.8935593721,
  "CH89ImagCentral_W_vew": 17.8520672153,
  "CH89ImagCentral_W_s0": 9.5806819266,
  "CH89ImagCentral_W_st": 31.32924025,
  "CH89ImagCentral_W_se0": 7.0584735788,
  "CH89ImagCentral_W_sew": 56.4149340128,
  "CH89ImagCentral_r_w": 1.2558091483,
  "CH89ImagCentral_r_w0": -0.1434016122,
  "CH89ImagCentral_a_w": 0.7269074265
}