{
  "CH89RealCentral_V_0": 55.1274148319,
  "CH89RealCentral_V_t": 15.0849298329,
  "CH89RealCentral_V_e": -0.372097383,
  "CH89RealCentral_r_o": 1.1857636432,
  "CH89RealCentral_r_o_0": -0.0682782376,
  "CH89RealCentral_a_0": 0.716619129,
  "CH89Coulomb_r_c": 1.1949321176,
  "CH89Coulomb_r_c_0": 0.0594857238,
  "CH89SpinOrbit_V_so": 5.2315133224,
  "CH89SpinOrbit_r_so": 1.1925943018,
  "CH89SpinOrbit_r_so_0": -0.4405809988,
  "CH89SpinOrbit_a_so": 0.5626166911,
  "CH89ImagCentral_W_v0": 9.3545880609,
  "CH89ImagCentral_W_ve0": 20.4686992392,
  "CH89ImagCentral_W_vew": 27.4040796468,
  "CH89ImagCentral_W_s0": 9.6414905992,
  "CH89ImagCentral_W_st": 29.0847223686,
  "CH89ImagCentral_W_se0": 6.6156517579,
  "CH89ImagCentral_W_sew": 58.6205257563,
  "CH89ImagCentral_r_w": 1.2780675911,
  "CH89ImagCentral_r_w0": -0.1435788378,
  "CH89ImagCentral_a_w": 0.7265432569
}