{
  "CH89RealCentral_V_0": 57.0752272345,
  "CH89RealCentral_V_t": 26.8883964893,
  "CH89RealCentral_V_e": -0.3931740271,
  "CH89RealCentral_r_o": 1.2537841837,
  "CH89RealCentral_r_o_0": -0.4695283753,
  "CH89RealCentral_a_0": 0.735264114,
  "CH89Coulomb_r_c": 1.121062926,
  "CH89Coulomb_r_c_0": -0.0449295405,
  "CH89SpinOrbit_V_so": 5.8497686831,
  "CH89SpinOrbit_r_so": 1.370456679,
  "CH89SpinOrbit_r_so_0": -1.2193338446,
  "CH89SpinOrbit_a_so": 0.6109504543,
  "CH89ImagCentral_W_v0": 13.7232391928,
  "CH89ImagCentral_W_ve0": 64.5722405086,
  "CH89ImagCentral_W_vew": 31.8125557474,
  "CH89ImagCentral_W_s0": 11.1597773658,
  "CH89ImagCentral_W_st": 12.1116094986,
  "CH89ImagCentral_W_se0": 35.9379823345,
  "CH89ImagCentral_W_sew": 64.1130470512,
  "CH89ImagCentral_r_w": 1.1800792989,
  "CH89ImagCentral_r_w0": -0.1700376098,
  "CH89ImagCentral_a_w": 0.7870253261
}