{
  "CH89RealCentral_V_0": 54.43328591,
  "CH89RealCentral_V_t": 10.793831352,
  "CH89RealCentral_V_e": -0.3265620538,
  "CH89RealCentral_r_o": 1.2035206616,
  "CH89RealCentral_r_o_0": -0.1910517726,
  "CH89RealCentral_a_0": 0.7650539532,
  "CH89Coulomb_r_c": 1.3429201524,
  "CH89Coulomb_r_c_0": 0.1272058809,
  "CH89SpinOrbit_V_so": 4.4150714055,
  "CH89SpinOrbit_r_so": 1.4913255781,
  "CH89SpinOrbit_r_so_0": -1.8659223367,
  "CH89SpinOrbit_a_so": 0.5814847627,
  "CH89ImagCentral_W_v0": 16.3755230706,
  "CH89ImagCentral_W_ve0": 72.4665718012,
  "CH89ImagCentral_W_vew": 23.9104435861,
  "CH89ImagCentral_W_s0": 14.8519116519,
  "CH89ImagCentral_W_st": 37.1737151174,
  "CH89ImagCentral_W_se0": 19.0356103723,
  "CH89ImagCentral_W_sew": 42.141948166,
  "CH89ImagCentral_r_w": 1.2829501066,
  "CH89ImagCentral_r_w0": -0.5035592307,
  "CH89ImagCentral_a_w": 0.7419773646
}