{
  "CH89RealCentral_V_0": 55.8622841445,
  "CH89RealCentral_V_t": 10.9508070392,
  "CH89RealCentral_V_e": -0.3059623277,
  "CH89RealCentral_r_o": 1.2125363924,
  "CH89RealCentral_r_o_0": -0.2671228101,
  "CH89RealCentral_a_0": 0.7431441217,
  "CH89Coulomb_r_c": 1.3420404381,
  "CH89Coulomb_r_c_0": 0.1399707713,
  "CH89SpinOrbit_V_so": 5.1849032475,
  "CH89SpinOrbit_r_so": 1.2224531243,
  "CH89SpinOrbit_r_so_0": -0.7028454097,
  "CH89SpinOrbit_a_so": 0.613233007,
  "CH89ImagCentral_W_v0": 5.1708706894,
  "CH89ImagCentral_W_ve0": 45.9919633681,
  "CH89ImagCentral_W_vew": 12.3363009639,
  "CH89ImagCentral_W_s0": 16.317635643,
  "CH89ImagCentral_W_st": 29.1206439393,
  "CH89ImagCentral_W_se0": 34.8963458129,
  "CH89ImagCentral_W_sew": 41.177857074,
  "CH89ImagCentral_r_w": 1.2355620762,
  "CH89ImagCentral_r_w0": -0.2555336545,
  "CH89ImagCentral_a_w": 0.7367351224
}