{
  "CH89RealCentral_V_0": 54.9076592637,
  "CH89RealCentral_V_t": 8.8622859621,
  "CH89RealCentral_V_e": -0.352832408,
  "CH89RealCentral_r_o": 1.2107229466,
  "CH89RealCentral_r_o_0": -0.1981787671,
  "CH89RealCentral_a_0": 0.7247340296,
  "CH89Coulomb_r_c": 1.3675518774,
  "CH89Coulomb_r_c_0": 0.1634878137,
  "CH89SpinOrbit_V_so": 5.4790594435,
  "CH89SpinOrbit_r_so": 1.4213520556,
  "CH89SpinOrbit_r_so_0": -1.5005785785,
  "CH89SpinOrbit_a_so": 0.5843138485,
  "CH89ImagCentral_W_v0": 15.0527426169,
  "CH89ImagCentral_W_ve0": 59.0313481186,
  "CH89ImagCentral_W_vew": 35.4030860074,
  "CH89ImagCentral_W_s0": 13.1689193713,
  "CH89ImagCentral_W_st": 37.8363920653,
  "CH89ImagCentral_W_se0": 11.8560305749,
  "CH89ImagCentral_W_sew": 50.3921482585,
  "CH89ImagCentral_r_w": 1.3529445873,
  "CH89ImagCentral_r_w0": -0.2888393653,
  "CH89ImagCentral_a_w": 0.6192340408
}