{
  "CH89RealCentral_V_0": 58.3277954705,
  "CH89RealCentral_V_t": 26.826627159,
  "CH89RealCentral_V_e": -0.3229084173,
  "CH89RealCentral_r_o": 1.1776199483,
  "CH89RealCentral_r_o_0": -0.2311937749,
  "CH89RealCentral_a_0": 0.7218509507,
  "CH89Coulomb_r_c": 1.3715837934,
  "CH89Coulomb_r_c_0": 0.0451460449,
  "CH89SpinOrbit_V_so": 5.6766002586,
  "CH89SpinOrbit_r_so": 1.1676427852,
  "CH89SpinOrbit_r_so_0": -0.3448925494,
  "CH89SpinOrbit_a_so": 0.5124469376,
  "CH89ImagCentral_W_v0": 8.1392382832,
  "CH89ImagCentral_W_ve0": 24.6001200322,
  "CH89ImagCentral_W_vew": 28.0037914072,
  "CH89ImagCentral_W_s0": 4.7463155769,
  "CH89ImagCentral_W_st": 5.9450562195,
  "CH89ImagCentral_W_se0": 67.5009433206,
  "CH89ImagCentral_W_sew": 68.2405887004,
  "CH89ImagCentral_r_w": 1.1847433088,
  "CH89ImagCentral_r_w0": -0.2556106409,
  "CH89ImagCentral_a_w": 0.758289678
}