{
  "CH89RealCentral_V_0": 53.5149617526,
  "CH89RealCentral_V_t": 7.7066321481,
  "CH89RealCentral_V_e": -0.3743699271,
  "CH89RealCentral_r_o": 1.2581434813,
  "CH89RealCentral_r_o_0": -0.3822739661,
  "CH89RealCentral_a_0": 0.7051491561,
  "CH89Coulomb_r_c": 1.4184681664,
  "CH89Coulomb_r_c_0": 0.1642121909,
  "CH89SpinOrbit_V_so": 5.8811270758,
  "CH89SpinOrbit_r_so": 1.2274766225,
  "CH89SpinOrbit_r_so_0": -0.8815140568,
  "CH89SpinOrbit_a_so": 0.5839136891,
  "CH89ImagCentral_W_v0": 10.855037631,
  "CH89ImagCentral_W_ve0": 50.2928360964,
  "CH89ImagCentral_W_vew": 26.7130651812,
  "CH89ImagCentral_W_s0": 10.0118900769,
  "CH89ImagCentral_W_st": 24.4805870638,
  "CH89ImagCentral_W_se0": 34.9235943963,
  "CH89ImagCentral_W_sew": 39.1232455008,
  "CH89ImagCentral_r_w": 1.3797711242,
  "CH89ImagCentral_r_w0": -0.382651608,
  "CH89ImagCentral_a_w": 0.7716120798
}