{
  "CH89RealCentral_V_0": 55.6809486403,
  "CH89RealCentral_V_t": 20.0319564309,
  "CH89RealCentral_V_e": -0.428213639,
  "CH89RealCentral_r_o": 1.1990302433,
  "CH89RealCentral_r_o_0": -0.1274958272,
  "CH89RealCentral_a_0": 0.7058543778,
  "CH89Coulomb_r_c": 1.2687264212,
  "CH89Coulomb_r_c_0": 0.1119120996,
  "CH89SpinOrbit_V_so": 5.033517279,
  "CH89SpinOrbit_r_so": 1.1819781127,
  "CH89SpinOrbit_r_so_0": -0.5387875961,
  "CH89SpinOrbit_a_so": 0.5645521742,
  "CH89ImagCentral_W_v0": 13.3860774237,
  "CH89ImagCentral_W_ve0": 37.056146176,
  "CH89ImagCentral_W_vew": 18.3975977173,
  "CH89ImagCentral_W_s0": 11.5529034043,
  "CH89ImagCentral_W_st": 33.6735121902,
  "CH89ImagCentral_W_se0": 12.5795022754,
  "CH89ImagCentral_W_sew": 12.4944221519,
  "CH89ImagCentral_r_w": 1.4319651517,
  "CH89ImagCentral_r_w0": -0.8452350414,
  "CH89ImagCentral_a_w": 0.6204912314
}