{
  "CH89RealCentral_V_0": 60.9750459767,
  "CH89RealCentral_V_t": 6.3143592588,
  "CH89RealCentral_V_e": -0.3985776578,
  "CH89RealCentral_r_o": 1.1667211019,
  "CH89RealCentral_r_o_0": -0.286539547,
  "CH89RealCentral_a_0": 0.8019901666,
  "CH89Coulomb_r_c": 1.3177993833,
  "CH89Coulomb_r_c_0": 0.0568816102,
  "CH89SpinOrbit_V_so": 5.8851736733,
  "CH89SpinOrbit_r_so": 1.3492393195,
  "CH89SpinOrbit_r_so_0": -1.431022758,
  "CH89SpinOrbit_a_so": 0.5617008165,
  "CH89ImagCentral_W_v0": 0.6514825472,
  "CH89ImagCentral_W_ve0": 5.6516517507,
  "CH89ImagCentral_W_vew": 16.3845427651,
  "CH89ImagCentral_W_s0": 12.7644981169,
  "CH89ImagCentral_W_st": 25.6596552228,
  "CH89ImagCentral_W_se0": 2.6825356804,
  "CH89ImagCentral_W_sew": 44.0166256541,
  "CH89ImagCentral_r_w": 1.4251444101,
  "CH89ImagCentral_r_w0": -0.9885706908,
  "CH89ImagCentral_a_w": 0.8227536122
}