{
  "CH89RealCentral_V_0": 54.205789342,
  "CH89RealCentral_V_t": 20.1785558307,
  "CH89RealCentral_V_e": -0.3512836546,
  "CH89RealCentral_r_o": 1.1826286128,
  "CH89RealCentral_r_o_0": -0.0784298872,
  "CH89RealCentral_a_0": 0.7117532056,
  "CH89Coulomb_r_c": 1.0153491504,
  "CH89Coulomb_r_c_0": 0.2288134623,
  "CH89SpinOrbit_V_so": 4.7361206146,
  "CH89SpinOrbit_r_so": 1.3899373446,
  "CH89SpinOrbit_r_so_0": -1.4338391697,
  "CH89SpinOrbit_a_so": 0.5501763165,
  "CH89ImagCentral_W_v0": 13.0239620792,
  "CH89ImagCentral_W_ve0": 50.1087140326,
  "CH89ImagCentral_W_vew": 33.253270326,
  "CH89ImagCentral_W_s0": 12.4591653946,
  "CH89ImagCentral_W_st": 36.9361628086,
  "CH89ImagCentral_W_se0": 28.7251396127,
  "CH89ImagCentral_W_sew": 42.5381068714,
  "CH89ImagCentral_r_w": 1.4005916844,
  "CH89ImagCentral_r_w0": -0.9713825018,
  "CH89ImagCentral_a_w": 0.7347326461
}