{
  "CH89RealCentral_V_0": 53.6847310378,
  "CH89RealCentral_V_t": 18.9916503371,
  "CH89RealCentral_V_e": -0.367943615,
  "CH89RealCentral_r_o": 1.2275162644,
  "CH89RealCentral_r_o_0": -0.2264976036,
  "CH89RealCentral_a_0": 0.7242466163,
  "CH89Coulomb_r_c": 1.1736755071,
  "CH89Coulomb_r_c_0": 0.3716788152,
  "CH89SpinOrbit_V_so": 5.7779790585,
  "CH89SpinOrbit_r_so": 1.4183393113,
  "CH89SpinOrbit_r_so_0": -1.5403022208,
  "CH89SpinOrbit_a_so": 0.5869756956,
  "CH89ImagCentral_W_v0": 5.3845491357,
  "CH89ImagCentral_W_ve0": 64.9353570407,
  "CH89ImagCentral_W_vew": 20.3867647095,
  "CH89ImagCentral_W_s0": 19.434670923,
  "CH89ImagCentral_W_st": 27.7799412788,
  "CH89ImagCentral_W_se0": -0.3367352363,
  "CH89ImagCentral_W_sew": 63.2736371115,
  "CH89ImagCentral_r_w": 1.2364666425,
  "CH89ImagCentral_r_w0": -0.3296206979,
  "CH89ImagCentral_a_w": 0.7703992409
}