{
  "CH89RealCentral_V_0": 57.2290896926,
  "CH89RealCentral_V_t": 24.4198057419,
  "CH89RealCentral_V_e": -0.3285389551,
  "CH89RealCentral_r_o": 1.1768436438,
  "CH89RealCentral_r_o_0": -0.2293572844,
  "CH89RealCentral_a_0": 0.7517414266,
  "CH89Coulomb_r_c": 1.0845735222,
  "CH89Coulomb_r_c_0": -0.0648198924,
  "CH89SpinOrbit_V_so": 5.7014789411,
  "CH89SpinOrbit_r_so": 1.5514042041,
  "CH89SpinOrbit_r_so_0": -2.4600721397,
  "CH89SpinOrbit_a_so": 0.6463050423,
  "CH89ImagCentral_W_v0": 12.8794802124,
  "CH89ImagCentral_W_ve0": 39.3444430273,
  "CH89ImagCentral_W_vew": 21.6119989605,
  "CH89ImagCentral_W_s0": 14.2186272197,
  "CH89ImagCentral_W_st": 52.5345234297,
  "CH89ImagCentral_W_se0": -4.8403297457,
  "CH89ImagCentral_W_sew": 56.3334281735,
  "CH89ImagCentral_r_w": 1.332229226,
  "CH89ImagCentral_r_w0": -0.3491881783,
  "CH89ImagCentral_a_w": 0.7185995445
}