{
  "CH89RealCentral_V_0": 57.0710377327,
  "CH89RealCentral_V_t": 3.1928118221,
  "CH89RealCentral_V_e": -0.3508065899,
  "CH89RealCentral_r_o": 1.2002885844,
  "CH89RealCentral_r_o_0": -0.2213387405,
  "CH89RealCentral_a_0": 0.7499075225,
  "CH89Coulomb_r_c": 1.1719467348,
  "CH89Coulomb_r_c_0": 0.1336355379,
  "CH89SpinOrbit_V_so": 5.1877884544,
  "CH89SpinOrbit_r_so": 1.2869831775,
  "CH89SpinOrbit_r_so_0": -1.1517266185,
  "CH89SpinOrbit_a_so": 0.6094249789,
  "CH89ImagCentral_W_v0": 8.1130071081,
  "CH89ImagCentral_W_ve0": 31.7301000005,
  "CH89ImagCentral_W_vew": 31.2829698642,
  "CH89ImagCentral_W_s0": 12.0194982044,
  "CH89ImagCentral_W_st": 31.33106878,
  "CH89ImagCentral_W_se0": 26.119221601,
  "CH89ImagCentral_W_sew": 48.9209592481,
  "CH89ImagCentral_r_w": 1.3663895779,
  "CH89ImagCentral_r_w0": -0.5953798245,
  "CH89ImagCentral_a_w": 0.7213673254
}