{
  "CH89RealCentral_V_0": 59.7261347776,
  "CH89RealCentral_V_t": 17.603952331,
  "CH89RealCentral_V_e": -0.3648212339,
  "CH89RealCentral_r_o": 1.1788841756,
  "CH89RealCentral_r_o_0": -0.2675004075,
  "CH89RealCentral_a_0": 0.7277856715,
  "CH89Coulomb_r_c": 1.2830009111,
  "CH89Coulomb_r_c_0": 0.0237994211,
  "CH89SpinOrbit_V_so": 7.0957842287,
  "CH89SpinOrbit_r_so": 1.3130575175,
  "CH89SpinOrbit_r_so_0": -1.3607931455,
  "CH89SpinOrbit_a_so": 0.6052797356,
  "CH89ImagCentral_W_v0": 10.9749713034,
  "CH89ImagCentral_W_ve0": 30.2383094606,
  "CH89ImagCentral_W_vew": 32.6094629217,
  "CH89ImagCentral_W_s0": 8.0521023576,
  "CH89ImagCentral_W_st": 24.7509047385,
  "CH89ImagCentral_W_se0": 36.4260215764,
  "CH89ImagCentral_W_sew": 62.250006613,
  "CH89ImagCentral_r_w": 1.3648467423,
  "CH89ImagCentral_r_w0": -0.5847017654,
  "CH89ImagCentral_a_w": 0.7103676468
}