{
  "CH89RealCentral_V_0": 56.5321596088,
  "CH89RealCentral_V_t": 6.9857027656,
  "CH89RealCentral_V_e": -0.3526025911,
  "CH89RealCentral_r_o": 1.2261740626,
  "CH89RealCentral_r_o_0": -0.3481384397,
  "CH89RealCentral_a_0": 0.7216849802,
  "CH89Coulomb_r_c": 1.3636449704,
  "CH89Coulomb_r_c_0": 0.2460864727,
  "CH89SpinOrbit_V_so": 6.4516444717,
  "CH89SpinOrbit_r_so": 1.2372831127,
  "CH89SpinOrbit_r_so_0": -1.0762769928,
  "CH89SpinOrbit_a_so": 0.659378157,
  "CH89ImagCentral_W_v0": 17.0718318229,
  "CH89ImagCentral_W_ve0": 44.3015515143,
  "CH89ImagCentral_W_vew": 24.0037959032,
  "CH89ImagCentral_W_s0": 7.2302392214,
  "CH89ImagCentral_W_st": 24.6263333945,
  "CH89ImagCentral_W_se0": 12.4532220522,
  "CH89ImagCentral_W_sew": 31.6648871671,
  "CH89ImagCentral_r_w": 1.3630604807,
  "CH89ImagCentral_r_w0": -0.506775067,
  "CH89ImagCentral_a_w": 0.7649574188
}