{
  "CH89RealCentral_V_0": 52.3514101636,
  "CH89RealCentral_V_t": 20.1477569157,
  "CH89RealCentral_V_e": -0.3378178496,
  "CH89RealCentral_r_o": 1.1949135946,
  "CH89RealCentral_r_o_0": 0.0384613075,
  "CH89RealCentral_a_0": 0.6817490661,
  "CH89Coulomb_r_c": 1.1753070293,
  "CH89Coulomb_r_c_0": 0.0366597965,
  "CH89SpinOrbit_V_so": 4.056936186,
  "CH89SpinOrbit_r_so": 1.4368979167,
  "CH89SpinOrbit_r_so_0": -1.6293628115,
  "CH89SpinOrbit_a_so": 0.5227845832,
  "CH89ImagCentral_W_v0": 4.8345084689,
  "CH89ImagCentral_W_ve0": 25.5628048207,
  "CH89ImagCentral_W_vew": 27.3708298545,
  "CH89ImagCentral_W_s0": 13.5732323705,
  "CH89ImagCentral_W_st": 28.2521789137,
  "CH89ImagCentral_W_se0": 44.1886289187,
  "CH89ImagCentral_W_sew": 66.7471142534,
  "CH89ImagCentral_r_w": 1.3004213387,
  "CH89ImagCentral_r_w0": -0.6873157272,
  "CH89ImagCentral_a_w": 0.6406229753
}