{
  "CH89RealCentral_V_0": 53.8396646045,
  "CH89RealCentral_V_t": 16.2769148642,
  "CH89RealCentral_V_e": -0.3180019055,
  "CH89RealCentral_r_o": 1.190948179,
  "CH89RealCentral_r_o_0": -0.1651721252,
  "CH89RealCentral_a_0": 0.7657434192,
  "CH89Coulomb_r_c": 1.0931455055,
  "CH89Coulomb_r_c_0": 0.2019480055,
  "CH89SpinOrbit_V_so": 5.5516331898,
  "CH89SpinOrbit_r_so": 1.2345308024,
  "CH89SpinOrbit_r_so_0": -0.7330071443,
  "CH89SpinOrbit_a_so": 0.5951150692,
  "CH89ImagCentral_W_v0": 8.3247463044,
  "CH89ImagCentral_W_ve0": 41.2504838981,
  "CH89ImagCentral_W_vew": 26.2239497594,
  "CH89ImagCentral_W_s0": 12.0184463459,
  "CH89ImagCentral_W_st": 27.5390506765,
  "CH89ImagCentral_W_se0": 40.7570553394,
  "CH89ImagCentral_W_sew": 39.9875198701,
  "CH89ImagCentral_r_w": 1.2714899817,
  "CH89ImagCentral_r_w0": 0.0282670917,
  "CH89ImagCentral_a_w": 0.7053713139
}