{
  "CH89RealCentral_V_0": 57.6865663235,
  "CH89RealCentral_V_t": 16.8734015359,
  "CH89RealCentral_V_e": -0.3517310922,
  "CH89RealCentral_r_o": 1.1772638837,
  "CH89RealCentral_r_o_0": -0.2810559005,
  "CH89RealCentral_a_0": 0.7647337307,
  "CH89Coulomb_r_c": 1.2440105973,
  "CH89Coulomb_r_c_0": 0.1575864973,
  "CH89SpinOrbit_V_so": 6.5425950194,
  "CH89SpinOrbit_r_so": 1.2204403142,
  "CH89SpinOrbit_r_so_0": -1.0894163443,
  "CH89SpinOrbit_a_so": 0.6718497569,
  "CH89ImagCentral_W_v0": 10.2140001488,
  "CH89ImagCentral_W_ve0": 40.2237618534,
  "CH89ImagCentral_W_vew": 19.7018568432,
  "CH89ImagCentral_W_s0": 11.5605975413,
  "CH89ImagCentral_W_st": 34.8341768305,
  "CH89ImagCentral_W_se0": 3.6588786478,
  "CH89ImagCentral_W_sew": 23.5760077234,
  "CH89ImagCentral_r_w": 1.415597387,
  "CH89ImagCentral_r_w0": -0.3957171997,
  "CH89ImagCentral_a_w": 0.7025211282
}