{
  "CH89RealCentral_V_0": 56.9597869633,
  "CH89RealCentral_V_t": 12.9140969381,
  "CH89RealCentral_V_e": -0.4009439615,
  "CH89RealCentral_r_o": 1.1821924554,
  "CH89RealCentral_r_o_0": -0.1476767026,
  "CH89RealCentral_a_0": 0.7366080457,
  "CH89Coulomb_r_c": 1.36785302,
  "CH89Coulomb_r_c_0": 0.1785187358,
  "CH89SpinOrbit_V_so": 5.986691806,
  "CH89SpinOrbit_r_so": 1.4397844784,
  "CH89SpinOrbit_r_so_0": -1.6554180233,
  "CH89SpinOrbit_a_so": 0.6670673893,
  "CH89ImagCentral_W_v0": 7.9464159521,
  "CH89ImagCentral_W_ve0": 37.0608585748,
  "CH89ImagCentral_W_vew": 22.6658200042,
  "CH89ImagCentral_W_s0": 2.8672983514,
  "CH89ImagCentral_W_st": 9.3946353816,
  "CH89ImagCentral_W_se0": 72.2958807994,
  "CH89ImagCentral_W_sew": 35.3394093164,
  "CH89ImagCentral_r_w": 1.3786027811,
  "CH89ImagCentral_r_w0": -0.5942608084,
  "CH89ImagCentral_a_w": 0.7194265758
}