{
  "CH89RealCentral_V_0": 57.4381471167,
  "CH89RealCentral_V_t": 16.8143237123,
  "CH89RealCentral_V_e": -0.3819315006,
  "CH89RealCentral_r_o": 1.2132501542,
  "CH89RealCentral_r_o_0": -0.2970721811,
  "CH89RealCentral_a_0": 0.7685876935,
  "CH89Coulomb_r_c": 1.2548192,
  "CH89Coulomb_r_c_0": 0.2273873269,
  "CH89SpinOrbit_V_so": 5.0011312213,
  "CH89SpinOrbit_r_so": 1.2720056832,
  "CH89SpinOrbit_r_so_0": -0.5755619449,
  "CH89SpinOrbit_a_so": 0.5639972277,
  "CH89ImagCentral_W_v0": 6.8492314164,
  "CH89ImagCentral_W_ve0": 37.6090805716,
  "CH89ImagCentral_W_vew": 3.9765987665,
  "CH89ImagCentral_W_s0": 12.563701301,
  "CH89ImagCentral_W_st": 16.4528174122,
  "CH89ImagCentral_W_se0": 42.5755152337,
  "CH89ImagCentral_W_sew": 39.3409974238,
  "CH89ImagCentral_r_w": 1.3051225563,
  "CH89ImagCentral_r_w0": -0.6290091594,
  "CH89ImagCentral_a_w": 0.6788205278
}