{
  "CH89RealCentral_V_0": 56.4920894552,
  "CH89RealCentral_V_t": 21.0976623132,
  "CH89RealCentral_V_e": -0.3604046444,
  "CH89RealCentral_r_o": 1.1183971592,
  "CH89RealCentral_r_o_0": 0.1202473556,
  "CH89RealCentral_a_0": 0.7388674835,
  "CH89Coulomb_r_c": 1.1024945132,
  "CH89Coulomb_r_c_0": 0.0497568077,
  "CH89SpinOrbit_V_so": 4.6159628224,
  "CH89SpinOrbit_r_so": 1.239695371,
  "CH89SpinOrbit_r_so_0": -1.2402790023,
  "CH89SpinOrbit_a_so": 0.5596120179,
  "CH89ImagCentral_W_v0": 6.1303897562,
  "CH89ImagCentral_W_ve0": -2.3990684741,
  "CH89ImagCentral_W_vew": 22.2197785805,
  "CH89ImagCentral_W_s0": 16.2762300334,
  "CH89ImagCentral_W_st": 48.7155629412,
  "CH89ImagCentral_W_se0": -17.0715273528,
  "CH89ImagCentral_W_sew": 24.7745239058,
  "CH89ImagCentral_r_w": 1.4024509059,
  "CH89ImagCentral_r_w0": -0.6160568787,
  "CH89ImagCentral_a_w": 0.617916037
}