{
  "CH89RealCentral_V_0": 54.263528099,
  "CH89RealCentral_V_t": 14.5731010018,
  "CH89RealCentral_V_e": -0.340541952,
  "CH89RealCentral_r_o": 1.2059420969,
  "CH89RealCentral_r_o_0": -0.1817818622,
  "CH89RealCentral_a_0": 0.706360942,
  "CH89Coulomb_r_c": 1.11504463,
  "CH89Coulomb_r_c_0": 0.3659088355,
  "CH89SpinOrbit_V_so": 5.148713884,
  "CH89SpinOrbit_r_so": 1.4513487941,
  "CH89SpinOrbit_r_so_0": -1.6007245419,
  "CH89SpinOrbit_a_so": 0.5430459133,
  "CH89ImagCentral_W_v0": 10.5535877428,
  "CH89ImagCentral_W_ve0": 65.2034729988,
  "CH89ImagCentral_W_vew": 32.3069821447,
  "CH89ImagCentral_W_s0": 13.2053567726,
  "CH89ImagCentral_W_st": 23.6473804245,
  "CH89ImagCentral_W_se0": 14.59948221,
  "CH89ImagCentral_W_sew": 41.713521601,
  "CH89ImagCentral_r_w": 1.3474631623,
  "CH89ImagCentral_r_w0": -0.4499097133,
  "CH89ImagCentral_a_w": 0.7199403722
}