{
  "CH89RealCentral_V_0": 58.7853734842,
  "CH89RealCentral_V_t": 9.1977791575,
  "CH89RealCentral_V_e": -0.345324321,
  "CH89RealCentral_r_o": 1.2183004172,
  "CH89RealCentral_r_o_0": -0.3965037082,
  "CH89RealCentral_a_0": 0.724848675,
  "CH89Coulomb_r_c": 1.2883839306,
  "CH89Coulomb_r_c_0": 0.301329994,
  "CH89SpinOrbit_V_so": 5.6545491286,
  "CH89SpinOrbit_r_so": 1.2156668424,
  "CH89SpinOrbit_r_so_0": -0.7492507603,
  "CH89SpinOrbit_a_so": 0.6506601326,
  "CH89ImagCentral_W_v0": 12.015827016,
  "CH89ImagCentral_W_ve0": 26.4901969769,
  "CH89ImagCentral_W_vew": 24.6557068036,
  "CH89ImagCentral_W_s0": 4.214691564,
  "CH89ImagCentral_W_st": 18.9314626093,
  "CH89ImagCentral_W_se0": 54.8345673453,
  "CH89ImagCentral_W_sew": 39.0799053046,
  "CH89ImagCentral_r_w": 1.2508129431,
  "CH89ImagCentral_r_w0": -0.1822586086,
  "CH89ImagCentral_a_w": 0.7521838741
}