{
  "CH89RealCentral_V_0": 57.1270621385,
  "CH89RealCentral_V_t": 9.3378474908,
  "CH89RealCentral_V_e": -0.331120249,
  "CH89RealCentral_r_o": 1.2070875873,
  "CH89RealCentral_r_o_0": -0.3485260814,
  "CH89RealCentral_a_0": 0.737704643,
  "CH89Coulomb_r_c": 1.0872578593,
  "CH89Coulomb_r_c_0": 0.3347481447,
  "CH89SpinOrbit_V_so": 6.529009981,
  "CH89SpinOrbit_r_so": 1.3007030737,
  "CH89SpinOrbit_r_so_0": -0.8420441628,
  "CH89SpinOrbit_a_so": 0.6026902376,
  "CH89ImagCentral_W_v0": 10.841667508,
  "CH89ImagCentral_W_ve0": 32.4882018093,
  "CH89ImagCentral_W_vew": 31.9995640768,
  "CH89ImagCentral_W_s0": 9.9138971,
  "CH89ImagCentral_W_st": 44.1421924874,
  "CH89ImagCentral_W_se0": 0.8640981611,
  "CH89ImagCentral_W_sew": 31.0048703722,
  "CH89ImagCentral_r_w": 1.2928722922,
  "CH89ImagCentral_r_w0": 0.0472457466,
  "CH89ImagCentral_a_w": 0.7630194388
}