{
  "CH89RealCentral_V_0": 53.1157647812,
  "CH89RealCentral_V_t": 20.2709616151,
  "CH89RealCentral_V_e": -0.3554839831,
  "CH89RealCentral_r_o": 1.2436282383,
  "CH89RealCentral_r_o_0": -0.249076019,
  "CH89RealCentral_a_0": 0.7124070991,
  "CH89Coulomb_r_c": 1.1737680995,
  "CH89Coulomb_r_c_0": 0.157285252,
  "CH89SpinOrbit_V_so": 5.4598427558,
  "CH89SpinOrbit_r_so": 1.4519416405,
  "CH89SpinOrbit_r_so_0": -1.7011272721,
  "CH89SpinOrbit_a_so": 0.576964679,
  "CH89ImagCentral_W_v0": 14.5090108908,
  "CH89ImagCentral_W_ve0": 69.0586872401,
  "CH89ImagCentral_W_vew": 48.0918306218,
  "CH89ImagCentral_W_s0": 10.3393168337,
  "CH89ImagCentral_W_st": 17.7660338602,
  "CH89ImagCentral_W_se0": 28.6675831387,
  "CH89ImagCentral_W_sew": 89.3587135174,
  "CH89ImagCentral_r_w": 1.2440891094,
  "CH89ImagCentral_r_w0": -0.1835149068,
  "CH89ImagCentral_a_w": 0.6707365819
}