{
  "CH89RealCentral_V_0": 56.7575852056,
  "CH89RealCentral_V_t": 12.0881312872,
  "CH89RealCentral_V_e": -0.3457129871,
  "CH89RealCentral_r_o": 1.2179984598,
  "CH89RealCentral_r_o_0": -0.2450872658,
  "CH89RealCentral_a_0": 0.7124092791,
  "CH89Coulomb_r_c": 1.1687377716,
  "CH89Coulomb_r_c_0": 0.2673856954,
  "CH89SpinOrbit_V_so": 4.9400341706,
  "CH89SpinOrbit_r_so": 1.3382926623,
  "CH89SpinOrbit_r_so_0": -1.1849415361,
  "CH89SpinOrbit_a_so": 0.6367166399,
  "CH89ImagCentral_W_v0": 18.7743240174,
  "CH89ImagCentral_W_ve0": 88.0753755091,
  "CH89ImagCentral_W_vew": 40.6779342003,
  "CH89ImagCentral_W_s0": 10.6297500346,
  "CH89ImagCentral_W_st": 25.1602381844,
  "CH89ImagCentral_W_se0": 10.3632097251,
  "CH89ImagCentral_W_sew": 83.8806081317,
  "CH89ImagCentral_r_w": 1.2646299259,
  "CH89ImagCentral_r_w0": -0.3431502111,
  "CH89ImagCentral_a_w": 0.6870383427
}