{
  "CH89RealCentral_V_0": 56.8274458939,
  "CH89RealCentral_V_t": 0.7701869095,
  "CH89RealCentral_V_e": -0.3505452184,
  "CH89RealCentral_r_o": 1.2251696718,
  "CH89RealCentral_r_o_0": -0.3187861907,
  "CH89RealCentral_a_0": 0.7513374051,
  "CH89Coulomb_r_c": 1.2822355469,
  "CH89Coulomb_r_c_0": 0.2618615745,
  "CH89SpinOrbit_V_so": 5.1006707569,
  "CH89SpinOrbit_r_so": 1.2700223923,
  "CH89SpinOrbit_r_so_0": -0.7652122368,
  "CH89SpinOrbit_a_so": 0.6594210933,
  "CH89ImagCentral_W_v0": 4.5671934972,
  "CH89ImagCentral_W_ve0": 22.1938844729,
  "CH89ImagCentral_W_vew": 22.6404796885,
  "CH89ImagCentral_W_s0": 17.543261951,
  "CH89ImagCentral_W_st": 44.3856699437,
  "CH89ImagCentral_W_se0": -34.6907613557,
  "CH89ImagCentral_W_sew": 47.2631635999,
  "CH89ImagCentral_r_w": 1.4000452171,
  "CH89ImagCentral_r_w0": -0.6085516658,
  "CH89ImagCentral_a_w": 0.7235856718
}