{
  "CH89RealCentral_V_0": 55.7920854861,
  "CH89RealCentral_V_t": 11.6832533138,
  "CH89RealCentral_V_e": -0.373868327,
  "CH89RealCentral_r_o": 1.1826402869,
  "CH89RealCentral_r_o_0": -0.0339715916,
  "CH89RealCentral_a_0": 0.7244173483,
  "CH89Coulomb_r_c": 1.3245067315,
  "CH89Coulomb_r_c_0": 0.275659867,
  "CH89SpinOrbit_V_so": 5.8136293248,
  "CH89SpinOrbit_r_so": 1.4473273703,
  "CH89SpinOrbit_r_so_0": -1.7909577055,
  "CH89SpinOrbit_a_so": 0.5443287973,
  "CH89ImagCentral_W_v0": 13.0525386102,
  "CH89ImagCentral_W_ve0": 58.8690012304,
  "CH89ImagCentral_W_vew": 33.507381233,
  "CH89ImagCentral_W_s0": 11.1480624071,
  "CH89ImagCentral_W_st": 21.6664537768,
  "CH89ImagCentral_W_se0": 42.6938147438,
  "CH89ImagCentral_W_sew": 57.2520782105,
  "CH89ImagCentral_r_w": 1.2859989177,
  "CH89ImagCentral_r_w0": -0.396380198,
  "CH89ImagCentral_a_w": 0.5900367872
}