{
  "CH89RealCentral_V_0": 54.3137941297,
  "CH89RealCentral_V_t": 10.6377796539,
  "CH89RealCentral_V_e": -0.3522274024,
  "CH89RealCentral_r_o": 1.2388565714,
  "CH89RealCentral_r_o_0": -0.268928239,
  "CH89RealCentral_a_0": 0.6720386943,
  "CH89Coulomb_r_c": 1.3498299712,
  "CH89Coulomb_r_c_0": -0.1293560592,
  "CH89SpinOrbit_V_so": 5.0194736155,
  "CH89SpinOrbit_r_so": 1.053436276,
  "CH89SpinOrbit_r_so_0": 0.0270811319,
  "CH89SpinOrbit_a_so": 0.6150848096,
  "CH89ImagCentral_W_v0": 12.5606503835,
  "CH89ImagCentral_W_ve0": 28.2834228397,
  "CH89ImagCentral_W_vew": 41.6958740653,
  "CH89ImagCentral_W_s0": 9.2011237028,
  "CH89ImagCentral_W_st": 40.1429257854,
  "CH89ImagCentral_W_se0": 30.1745460923,
  "CH89ImagCentral_W_sew": 52.0499145907,
  "CH89ImagCentral_r_w": 1.3678739236,
  "CH89ImagCentral_r_w0": -0.438996824,
  "CH89ImagCentral_a_w": 0.6805568151
}