{
  "CH89RealCentral_V_0": 57.3246934123,
  "CH89RealCentral_V_t": 3.6708295181,
  "CH89RealCentral_V_e": -0.3665762273,
  "CH89RealCentral_r_o": 1.1483990819,
  "CH89RealCentral_r_o_0": -0.0682346526,
  "CH89RealCentral_a_0": 0.7619146955,
  "CH89Coulomb_r_c": 1.2184022669,
  "CH89Coulomb_r_c_0": 0.202845488,
  "CH89SpinOrbit_V_so": 5.2833098812,
  "CH89SpinOrbit_r_so": 1.0603410755,
  "CH89SpinOrbit_r_so_0": -0.2228980172,
  "CH89SpinOrbit_a_so": 0.553210344,
  "CH89ImagCentral_W_v0": 10.4010449229,
  "CH89ImagCentral_W_ve0": 49.5865451262,
  "CH89ImagCentral_W_vew": 17.8930645319,
  "CH89ImagCentral_W_s0": 11.2886100433,
  "CH89ImagCentral_W_st": 36.0033485037,
  "CH89ImagCentral_W_se0": 24.9178459513,
  "CH89ImagCentral_W_sew": 26.1588461709,
  "CH89ImagCentral_r_w": 1.4224601922,
  "CH89ImagCentral_r_w0": -0.6548982914,
  "CH89ImagCentral_a_w": 0.7307701983
}