{
  "CH89RealCentral_V_0": 54.4368760498,
  "CH89RealCentral_V_t": 18.638159201,
  "CH89RealCentral_V_e": -0.3051902997,
  "CH89RealCentral_r_o": 1.1699883339,
  "CH89RealCentral_r_o_0": -0.0869418951,
  "CH89RealCentral_a_0": 0.7363569215,
  "CH89Coulomb_r_c": 1.2279133805,
  "CH89Coulomb_r_c_0": 0.1213637232,
  "CH89SpinOrbit_V_so": 4.8407327403,
  "CH89SpinOrbit_r_so": 1.3303336743,
  "CH89SpinOrbit_r_so_0": -1.3903539643,
  "CH89SpinOrbit_a_so": 0.5242571429,
  "CH89ImagCentral_W_v0": 14.3557919964,
  "CH89ImagCentral_W_ve0": 71.3487612989,
  "CH89ImagCentral_W_vew": 21.549912348,
  "CH89ImagCentral_W_s0": 12.754673191,
  "CH89ImagCentral_W_st": 23.1352223214,
  "CH89ImagCentral_W_se0": 55.1451853138,
  "CH89ImagCentral_W_sew": 42.2786475028,
  "CH89ImagCentral_r_w": 1.2482840589,
  "CH89ImagCentral_r_w0": -0.2836533915,
  "CH89ImagCentral_a_w": 0.7127221109
}