{
  "CH89RealCentral_V_0": 57.6299134552,
  "CH89RealCentral_V_t": 10.3311306664,
  "CH89RealCentral_V_e": -0.3466218715,
  "CH89RealCentral_r_o": 1.2062348523,
  "CH89RealCentral_r_o_0": -0.2881958779,
  "CH89RealCentral_a_0": 0.728126844,
  "CH89Coulomb_r_c": 1.1427222834,
  "CH89Coulomb_r_c_0": 0.1067007115,
  "CH89SpinOrbit_V_so": 5.6919630037,
  "CH89SpinOrbit_r_so": 1.2621392793,
  "CH89SpinOrbit_r_so_0": -1.0549781804,
  "CH89SpinOrbit_a_so": 0.6360696959,
  "CH89ImagCentral_W_v0": 7.6445513873,
  "CH89ImagCentral_W_ve0": 21.2831129521,
  "CH89ImagCentral_W_vew": 23.8002607985,
  "CH89ImagCentral_W_s0": 15.4780976829,
  "CH89ImagCentral_W_st": 46.3358789506,
  "CH89ImagCentral_W_se0": -9.9359865004,
  "CH89ImagCentral_W_sew": 61.9284842486,
  "CH89ImagCentral_r_w": 1.2739502364,
  "CH89ImagCentral_r_w0": -0.1722118957,
  "CH89ImagCentral_a_w": 0.781095169
}