{
  "CH89RealCentral_V_0": 54.5241450839,
  "CH89RealCentral_V_t": 18.6432770987,
  "CH89RealCentral_V_e": -0.3584699734,
  "CH89RealCentral_r_o": 1.1835337576,
  "CH89RealCentral_r_o_0": -0.0223485734,
  "CH89RealCentral_a_0": 0.6735927086,
  "CH89Coulomb_r_c": 1.2015862766,
  "CH89Coulomb_r_c_0": 0.1651989973,
  "CH89SpinOrbit_V_so": 4.9397015468,
  "CH89SpinOrbit_r_so": 1.2932246727,
  "CH89SpinOrbit_r_so_0": -1.0500445941,
  "CH89SpinOrbit_a_so": 0.5374525011,
  "CH89ImagCentral_W_v0": 10.1198483883,
  "CH89ImagCentral_W_ve0": 9.9212892735,
  "CH89ImagCentral_W_vew": 10.232140389,
  "CH89ImagCentral_W_s0": 12.6105413794,
  "CH89ImagCentral_W_st": 40.0095251848,
  "CH89ImagCentral_W_se0": 5.6559552634,
  "CH89ImagCentral_W_sew": 51.2774576442,
  "CH89ImagCentral_r_w": 1.315793676,
  "CH89ImagCentral_r_w0": -0.5440004207,
  "CH89ImagCentral_a_w": 0.6930794594
}