{
  "CH89RealCentral_V_0": 57.54485242,
  "CH89RealCentral_V_t": 11.5531919627,
  "CH89RealCentral_V_e": -0.3559905805,
  "CH89RealCentral_r_o": 1.1927375275,
  "CH89RealCentral_r_o_0": -0.2959551894,
  "CH89RealCentral_a_0": 0.7852796966,
  "CH89Coulomb_r_c": 1.3961450039,
  "CH89Coulomb_r_c_0": 0.0731741164,
  "CH89SpinOrbit_V_so": 5.0697804753,
  "CH89SpinOrbit_r_so": 1.0970869771,
  "CH89SpinOrbit_r_so_0": 0.0043225507,
  "CH89SpinOrbit_a_so": 0.6111429264,
  "CH89ImagCentral_W_v0": 4.2150540673,
  "CH89ImagCentral_W_ve0": 39.389024576,
  "CH89ImagCentral_W_vew": 40.6018886356,
  "CH89ImagCentral_W_s0": 9.8473481436,
  "CH89ImagCentral_W_st": 21.5868441775,
  "CH89ImagCentral_W_se0": 39.687131581,
  "CH89ImagCentral_W_sew": 28.7153827971,
  "CH89ImagCentral_r_w": 1.2640325125,
  "CH89ImagCentral_r_w0": 0.0307994659,
  "CH89ImagCentral_a_w": 0.6739941668
}