{
  "CH89RealCentral_V_0": 54.9650980259,
  "CH89RealCentral_V_t": 16.4520256817,
  "CH89RealCentral_V_e": -0.3655604731,
  "CH89RealCentral_r_o": 1.2164227024,
  "CH89RealCentral_r_o_0": -0.2076876339,
  "CH89RealCentral_a_0": 0.7101378942,
  "CH89Coulomb_r_c": 1.1604357,
  "CH89Coulomb_r_c_0": 0.2184020429,
  "CH89SpinOrbit_V_so": 4.6056039545,
  "CH89SpinOrbit_r_so": 1.4367883602,
  "CH89SpinOrbit_r_so_0": -1.8453806145,
  "CH89SpinOrbit_a_so": 0.5838097463,
  "CH89ImagCentral_W_v0": 10.0255243408,
  "CH89ImagCentral_W_ve0": 36.4230164614,
  "CH89ImagCentral_W_vew": 13.0746088358,
  "CH89ImagCentral_W_s0": 11.9984321083,
  "CH89ImagCentral_W_st": 24.1850545067,
  "CH89ImagCentral_W_se0": 31.1356675823,
  "CH89ImagCentral_W_sew": 41.5776659493,
  "CH89ImagCentral_r_w": 1.2927396561,
  "CH89ImagCentral_r_w0": -0.4512389131,
  "CH89ImagCentral_a_w": 0.694656543
}