{
  "CH89RealCentral_V_0": 56.4982242759,
  "CH89RealCentral_V_t": 18.2840229705,
  "CH89RealCentral_V_e": -0.3855249291,
  "CH89RealCentral_r_o": 1.1972466039,
  "CH89RealCentral_r_o_0": -0.1924838351,
  "CH89RealCentral_a_0": 0.7227831655,
  "CH89Coulomb_r_c": 1.2203922026,
  "CH89Coulomb_r_c_0": 0.3407024246,
  "CH89SpinOrbit_V_so": 5.1253339323,
  "CH89SpinOrbit_r_so": 1.2237449546,
  "CH89SpinOrbit_r_so_0": -0.6500830855,
  "CH89SpinOrbit_a_so": 0.6142948573,
  "CH89ImagCentral_W_v0": 4.4368410041,
  "CH89ImagCentral_W_ve0": 3.9144256786,
  "CH89ImagCentral_W_vew": 11.9923749676,
  "CH89ImagCentral_W_s0": 14.4119895001,
  "CH89ImagCentral_W_st": 30.9457124839,
  "CH89ImagCentral_W_se0": -21.4366236973,
  "CH89ImagCentral_W_sew": 48.1500328629,
  "CH89ImagCentral_r_w": 1.263327566,
  "CH89ImagCentral_r_w0": -0.1713865553,
  "CH89ImagCentral_a_w": 0.7386511462
}