{
  "CH89RealCentral_V_0": 53.341364835,
  "CH89RealCentral_V_t": 8.1692189452,
  "CH89RealCentral_V_e": -0.3094552726,
  "CH89RealCentral_r_o": 1.2220267633,
  "CH89RealCentral_r_o_0": -0.2506209707,
  "CH89RealCentral_a_0": 0.7396393258,
  "CH89Coulomb_r_c": 1.4192818695,
  "CH89Coulomb_r_c_0": 0.2545685078,
  "CH89SpinOrbit_V_so": 5.0768555948,
  "CH89SpinOrbit_r_so": 1.4328629606,
  "CH89SpinOrbit_r_so_0": -1.7984727936,
  "CH89SpinOrbit_a_so": 0.5847877193,
  "CH89ImagCentral_W_v0": -0.0369222661,
  "CH89ImagCentral_W_ve0": -25.1591627524,
  "CH89ImagCentral_W_vew": 7.0612937903,
  "CH89ImagCentral_W_s0": 8.9093141246,
  "CH89ImagCentral_W_st": 42.8115861812,
  "CH89ImagCentral_W_se0": 17.2125792082,
  "CH89ImagCentral_W_sew": 12.9071756499,
  "CH89ImagCentral_r_w": 1.3456317199,
  "CH89ImagCentral_r_w0": 0.0381871622,
  "CH89ImagCentral_a_w": 0.613894136
}