{
  "CH89RealCentral_V_0": 55.6217879813,
  "CH89RealCentral_V_t": 10.4754867287,
  "CH89RealCentral_V_e": -0.3596752793,
  "CH89RealCentral_r_o": 1.2570604662,
  "CH89RealCentral_r_o_0": -0.4542569284,
  "CH89RealCentral_a_0": 0.7085224497,
  "CH89Coulomb_r_c": 1.2539147571,
  "CH89Coulomb_r_c_0": 0.4516060332,
  "CH89SpinOrbit_V_so": 5.6188360364,
  "CH89SpinOrbit_r_so": 1.1495342014,
  "CH89SpinOrbit_r_so_0": -0.6573758913,
  "CH89SpinOrbit_a_so": 0.5879541626,
  "CH89ImagCentral_W_v0": 11.4869310239,
  "CH89ImagCentral_W_ve0": 52.8032071535,
  "CH89ImagCentral_W_vew": 28.3882823889,
  "CH89ImagCentral_W_s0": 5.4344896861,
  "CH89ImagCentral_W_st": 16.1508865812,
  "CH89ImagCentral_W_se0": 38.838499189,
  "CH89ImagCentral_W_sew": 52.2977711896,
  "CH89ImagCentral_r_w": 1.2898818786,
  "CH89ImagCentral_r_w0": -0.0682810666,
  "CH89ImagCentral_a_w": 0.7214511186
}