{
  "CH89RealCentral_V_0": 54.9081187093,
  "CH89RealCentral_V_t": 18.3488196873,
  "CH89RealCentral_V_e": -0.3357197417,
  "CH89RealCentral_r_o": 1.1854576355,
  "CH89RealCentral_r_o_0": -0.135202777,
  "CH89RealCentral_a_0": 0.7518213211,
  "CH89Coulomb_r_c": 1.0584154774,
  "CH89Coulomb_r_c_0": 0.2903582761,
  "CH89SpinOrbit_V_so": 5.4648861393,
  "CH89SpinOrbit_r_so": 1.3940089098,
  "CH89SpinOrbit_r_so_0": -1.3291405675,
  "CH89SpinOrbit_a_so": 0.5820790123,
  "CH89ImagCentral_W_v0": 8.0614930779,
  "CH89ImagCentral_W_ve0": 39.0490670981,
  "CH89ImagCentral_W_vew": 17.6372054174,
  "CH89ImagCentral_W_s0": 9.4291103921,
  "CH89ImagCentral_W_st": 24.7346718071,
  "CH89ImagCentral_W_se0": 36.4803622596,
  "CH89ImagCentral_W_sew": 26.4336932109,
  "CH89ImagCentral_r_w": 1.3232786331,
  "CH89ImagCentral_r_w0": -0.1880394573,
  "CH89ImagCentral_a_w": 0.6445470863
}