{
  "CH89RealCentral_V_0": 56.2221303186,
  "CH89RealCentral_V_t": 11.4419468862,
  "CH89RealCentral_V_e": -0.3328500878,
  "CH89RealCentral_r_o": 1.232060751,
  "CH89RealCentral_r_o_0": -0.3661681422,
  "CH89RealCentral_a_0": 0.7438048969,
  "CH89Coulomb_r_c": 1.5021885379,
  "CH89Coulomb_r_c_0": 0.1541893702,
  "CH89SpinOrbit_V_so": 5.6636822409,
  "CH89SpinOrbit_r_so": 1.2966033619,
  "CH89SpinOrbit_r_so_0": -0.7663044351,
  "CH89SpinOrbit_a_so": 0.6464206434,
  "CH89ImagCentral_W_v0": 9.2777123029,
  "CH89ImagCentral_W_ve0": 31.2344534368,
  "CH89ImagCentral_W_vew": 27.6169441428,
  "CH89ImagCentral_W_s0": 13.2663713916,
  "CH89ImagCentral_W_st": 24.7130709981,
  "CH89ImagCentral_W_se0": 6.5091994231,
  "CH89ImagCentral_W_sew": 45.5382620045,
  "CH89ImagCentral_r_w": 1.3148720919,
  "CH89ImagCentral_r_w0": -0.492812416,
  "CH89ImagCentral_a_w": 0.7575129449
}