{
  "CH89RealCentral_V_0": 54.2294705942,
  "CH89RealCentral_V_t": 12.404437886,
  "CH89RealCentral_V_e": -0.3778605875,
  "CH89RealCentral_r_o": 1.238799564,
  "CH89RealCentral_r_o_0": -0.281222422,
  "CH89RealCentral_a_0": 0.6924069137,
  "CH89Coulomb_r_c": 1.2057551461,
  "CH89Coulomb_r_c_0": 0.4856124812,
  "CH89SpinOrbit_V_so": 5.7766572543,
  "CH89SpinOrbit_r_so": 1.4437209694,
  "CH89SpinOrbit_r_so_0": -1.7418662209,
  "CH89SpinOrbit_a_so": 0.6288340159,
  "CH89ImagCentral_W_v0": 7.4342939606,
  "CH89ImagCentral_W_ve0": 30.5138612476,
  "CH89ImagCentral_W_vew": 5.45851056,
  "CH89ImagCentral_W_s0": 10.8701678591,
  "CH89ImagCentral_W_st": 21.1305051907,
  "CH89ImagCentral_W_se0": 26.8935147125,
  "CH89ImagCentral_W_sew": 34.1527741542,
  "CH89ImagCentral_r_w": 1.3118765387,
  "CH89ImagCentral_r_w0": -0.3542575743,
  "CH89ImagCentral_a_w": 0.764729609
}