{
  "CH89RealCentral_V_0": 55.0782679116,
  "CH89RealCentral_V_t": 17.9310633999,
  "CH89RealCentral_V_e": -0.2991902571,
  "CH89RealCentral_r_o": 1.1758904847,
  "CH89RealCentral_r_o_0": -0.2065137636,
  "CH89RealCentral_a_0": 0.755838802,
  "CH89Coulomb_r_c": 1.4017560623,
  "CH89Coulomb_r_c_0": -0.0042559664,
  "CH89SpinOrbit_V_so": 5.3659660563,
  "CH89SpinOrbit_r_so": 1.1817514208,
  "CH89SpinOrbit_r_so_0": -0.6090312743,
  "CH89SpinOrbit_a_so": 0.6352552659,
  "CH89ImagCentral_W_v0": 4.3161957492,
  "CH89ImagCentral_W_ve0": 6.7345142011,
  "CH89ImagCentral_W_vew": 20.2898964637,
  "CH89ImagCentral_W_s0": 13.3361834698,
  "CH89ImagCentral_W_st": 37.7800894946,
  "CH89ImagCentral_W_se0": -2.2966772893,
  "CH89ImagCentral_W_sew": 32.7396490672,
  "CH89ImagCentral_r_w": 1.3280047359,
  "CH89ImagCentral_r_w0": -0.1312603484,
  "CH89ImagCentral_a_w": 0.7376458765
}