{
  "CH89RealCentral_V_0": 55.437864763,
  "CH89RealCentral_V_t": 6.3479298525,
  "CH89RealCentral_V_e": -0.371151944,
  "CH89RealCentral_r_o": 1.2383066552,
  "CH89RealCentral_r_o_0": -0.2527646988,
  "CH89RealCentral_a_0": 0.6824274099,
  "CH89Coulomb_r_c": 1.0727130708,
  "CH89Coulomb_r_c_0": 0.2325106751,
  "CH89SpinOrbit_V_so": 5.4510485017,
  "CH89SpinOrbit_r_so": 1.2423471264,
  "CH89SpinOrbit_r_so_0": -0.6388303398,
  "CH89SpinOrbit_a_so": 0.6428508879,
  "CH89ImagCentral_W_v0": 11.2695219189,
  "CH89ImagCentral_W_ve0": 30.5806404895,
  "CH89ImagCentral_W_vew": 23.5688560032,
  "CH89ImagCentral_W_s0": 5.1952223101,
  "CH89ImagCentral_W_st": 13.0557995766,
  "CH89ImagCentral_W_se0": 28.314940603,
  "CH89ImagCentral_W_sew": 51.7174274987,
  "CH89ImagCentral_r_w": 1.3087884578,
  "CH89ImagCentral_r_w0": -0.5545618424,
  "CH89ImagCentral_a_w": 0.7853739979
}