{
  "CH89RealCentral_V_0": 60.1979544782,
  "CH89RealCentral_V_t": 14.909160321,
  "CH89RealCentral_V_e": -0.3284266274,
  "CH89RealCentral_r_o": 1.1666837315,
  "CH89RealCentral_r_o_0": -0.2799360073,
  "CH89RealCentral_a_0": 0.7947791299,
  "CH89Coulomb_r_c": 1.1316645634,
  "CH89Coulomb_r_c_0": -0.0171420213,
  "CH89SpinOrbit_V_so": 6.0709765399,
  "CH89SpinOrbit_r_so": 1.2809751758,
  "CH89SpinOrbit_r_so_0": -0.8748473554,
  "CH89SpinOrbit_a_so": 0.5940326899,
  "CH89ImagCentral_W_v0": 17.5222877968,
  "CH89ImagCentral_W_ve0": 78.8680021578,
  "CH89ImagCentral_W_vew": 49.3155324935,
  "CH89ImagCentral_W_s0": 2.3805941117,
  "CH89ImagCentral_W_st": -0.9573051903,
  "CH89ImagCentral_W_se0": 60.5385606401,
  "CH89ImagCentral_W_sew": 63.3733753022,
  "CH89ImagCentral_r_w": 1.3477498722,
  "CH89ImagCentral_r_w0": -0.5786087439,
  "CH89ImagCentral_a_w": 0.7407102005
}