{
  "CH89RealCentral_V_0": 59.9662158958,
  "CH89RealCentral_V_t": 9.881733587,
  "CH89RealCentral_V_e": -0.3906965539,
  "CH89RealCentral_r_o": 1.1831618963,
  "CH89RealCentral_r_o_0": -0.2597790304,
  "CH89RealCentral_a_0": 0.7642714914,
  "CH89Coulomb_r_c": 1.0900045301,
  "CH89Coulomb_r_c_0": 0.138996755,
  "CH89SpinOrbit_V_so": 5.8200999328,
  "CH89SpinOrbit_r_so": 1.1300444458,
  "CH89SpinOrbit_r_so_0": -0.2825151253,
  "CH89SpinOrbit_a_so": 0.6042457704,
  "CH89ImagCentral_W_v0": 10.3782031259,
  "CH89ImagCentral_W_ve0": 33.9648112958,
  "CH89ImagCentral_W_vew": 22.4282125364,
  "CH89ImagCentral_W_s0": 6.1245738372,
  "CH89ImagCentral_W_st": 21.9431278901,
  "CH89ImagCentral_W_se0": 38.5398771446,
  "CH89ImagCentral_W_sew": -12.6114438712,
  "CH89ImagCentral_r_w": 1.5507548455,
  "CH89ImagCentral_r_w0": -1.3294989636,
  "CH89ImagCentral_a_w": 0.7065423446
}