{
  "CH89RealCentral_V_0": 55.9871609937,
  "CH89RealCentral_V_t": 12.8819066032,
  "CH89RealCentral_V_e": -0.3800660776,
  "CH89RealCentral_r_o": 1.2031364746,
  "CH89RealCentral_r_o_0": -0.1891045252,
  "CH89RealCentral_a_0": 0.7345935597,
  "CH89Coulomb_r_c": 1.1765372194,
  "CH89Coulomb_r_c_0": 0.1292995228,
  "CH89SpinOrbit_V_so": 5.2537794184,
  "CH89SpinOrbit_r_so": 1.2733297678,
  "CH89SpinOrbit_r_so_0": -0.9939064673,
  "CH89SpinOrbit_a_so": 0.5666489147,
  "CH89ImagCentral_W_v0": 7.228946789,
  "CH89ImagCentral_W_ve0": 52.6445902163,
  "CH89ImagCentral_W_vew": 37.8525016822,
  "CH89ImagCentral_W_s0": 14.8916190396,
  "CH89ImagCentral_W_st": 24.9929060513,
  "CH89ImagCentral_W_se0": 2.97563928,
  "CH89ImagCentral_W_sew": 39.8137318087,
  "CH89ImagCentral_r_w": 1.442767404,
  "CH89ImagCentral_r_w0": -1.067200701,
  "CH89ImagCentral_a_w": 0.7402460065
}