{
  "CH89RealCentral_V_0": 56.7657458237,
  "CH89RealCentral_V_t": 15.2587916131,
  "CH89RealCentral_V_e": -0.3631515783,
  "CH89RealCentral_r_o": 1.2166284923,
  "CH89RealCentral_r_o_0": -0.3218497082,
  "CH89RealCentral_a_0": 0.7108741634,
  "CH89Coulomb_r_c": 1.2254908007,
  "CH89Coulomb_r_c_0": 0.204416095,
  "CH89SpinOrbit_V_so": 5.7878174287,
  "CH89SpinOrbit_r_so": 1.401981843,
  "CH89SpinOrbit_r_so_0": -1.5554198845,
  "CH89SpinOrbit_a_so": 0.6161271423,
  "CH89ImagCentral_W_v0": 12.1802725707,
  "CH89ImagCentral_W_ve0": 50.9370076735,
  "CH89ImagCentral_W_vew": 25.363385541,
  "CH89ImagCentral_W_s0": 8.5898116991,
  "CH89ImagCentral_W_st": 36.6113387393,
  "CH89ImagCentral_W_se0": 29.3529029033,
  "CH89ImagCentral_W_sew": 37.6693455672,
  "CH89ImagCentral_r_w": 1.3510949427,
  "CH89ImagCentral_r_w0": -0.3691153015,
  "CH89ImagCentral_a_w": 0.7186539952
}