{
  "CH89RealCentral_V_0": 56.6804572657,
  "CH89RealCentral_V_t": 3.2094127674,
  "CH89RealCentral_V_e": -0.3305519999,
  "CH89RealCentral_r_o": 1.2041722104,
  "CH89RealCentral_r_o_0": -0.1512719969,
  "CH89RealCentral_a_0": 0.6841223757,
  "CH89Coulomb_r_c": 1.2227453911,
  "CH89Coulomb_r_c_0": 0.0797648495,
  "CH89SpinOrbit_V_so": 5.5334178257,
  "CH89SpinOrbit_r_so": 1.301628759,
  "CH89SpinOrbit_r_so_0": -1.1043259557,
  "CH89SpinOrbit_a_so": 0.5713786607,
  "CH89ImagCentral_W_v0": 8.6854566948,
  "CH89ImagCentral_W_ve0": 21.2525347708,
  "CH89ImagCentral_W_vew": 22.2525946115,
  "CH89ImagCentral_W_s0": 9.2746310711,
  "CH89ImagCentral_W_st": 27.8245880785,
  "CH89ImagCentral_W_se0": 32.2836323448,
  "CH89ImagCentral_W_sew": 8.3252510437,
  "CH89ImagCentral_r_w": 1.3853304642,
  "CH89ImagCentral_r_w0": -0.6678873824,
  "CH89ImagCentral_a_w": 0.6788368691
}