{
  "CH89RealCentral_V_0": 57.6950797199,
  "CH89RealCentral_V_t": 6.4983165386,
  "CH89RealCentral_V_e": -0.3247163645,
  "CH89RealCentral_r_o": 1.1690967405,
  "CH89RealCentral_r_o_0": -0.1890474674,
  "CH89RealCentral_a_0": 0.7598662341,
  "CH89Coulomb_r_c": 1.3035767456,
  "CH89Coulomb_r_c_0": 0.0901126947,
  "CH89SpinOrbit_V_so": 6.2360277882,
  "CH89SpinOrbit_r_so": 1.2858336562,
  "CH89SpinOrbit_r_so_0": -0.9290386092,
  "CH89SpinOrbit_a_so": 0.6850416185,
  "CH89ImagCentral_W_v0": 2.5096800873,
  "CH89ImagCentral_W_ve0": -27.1909794784,
  "CH89ImagCentral_W_vew": 11.5144737286,
  "CH89ImagCentral_W_s0": 7.0997869729,
  "CH89ImagCentral_W_st": 26.1877995962,
  "CH89ImagCentral_W_se0": 19.1745341528,
  "CH89ImagCentral_W_sew": 9.227702023,
  "CH89ImagCentral_r_w": 1.4123264614,
  "CH89ImagCentral_r_w0": -0.373738546,
  "CH89ImagCentral_a_w": 0.752261097
}