{
  "CH89RealCentral_V_0": 55.7214542337,
  "CH89RealCentral_V_t": 2.235729231,
  "CH89RealCentral_V_e": -0.3438804116,
  "CH89RealCentral_r_o": 1.23581478,
  "CH89RealCentral_r_o_0": -0.267782254,
  "CH89RealCentral_a_0": 0.7034142763,
  "CH89Coulomb_r_c": 1.2888036161,
  "CH89Coulomb_r_c_0": 0.0743392502,
  "CH89SpinOrbit_V_so": 6.3096564585,
  "CH89SpinOrbit_r_so": 1.4420799879,
  "CH89SpinOrbit_r_so_0": -1.5085241681,
  "CH89SpinOrbit_a_so": 0.6572727834,
  "CH89ImagCentral_W_v0": 8.7100951717,
  "CH89ImagCentral_W_ve0": 39.5205137439,
  "CH89ImagCentral_W_vew": 21.8378931072,
  "CH89ImagCentral_W_s0": 13.6388817241,
  "CH89ImagCentral_W_st": 28.9807377901,
  "CH89ImagCentral_W_se0": 28.2690706567,
  "CH89ImagCentral_W_sew": 62.1284354519,
  "CH89ImagCentral_r_w": 1.1999349588,
  "CH89ImagCentral_r_w0": -0.2381312892,
  "CH89ImagCentral_a_w": 0.7605532092
}