{
  "CH89RealCentral_V_0": 57.024942297,
  "CH89RealCentral_V_t": 15.4040101389,
  "CH89RealCentral_V_e": -0.3412843263,
  "CH89RealCentral_r_o": 1.1647745681,
  "CH89RealCentral_r_o_0": -0.0464611072,
  "CH89RealCentral_a_0": 0.7226573004,
  "CH89Coulomb_r_c": 1.2077363781,
  "CH89Coulomb_r_c_0": 0.0539807763,
  "CH89SpinOrbit_V_so": 3.6066355097,
  "CH89SpinOrbit_r_so": 1.3884891431,
  "CH89SpinOrbit_r_so_0": -1.5127165855,
  "CH89SpinOrbit_a_so": 0.5597489706,
  "CH89ImagCentral_W_v0": 3.7503293348,
  "CH89ImagCentral_W_ve0": 23.9667165278,
  "CH89ImagCentral_W_vew": 48.526052525,
  "CH89ImagCentral_W_s0": 11.5754187886,
  "CH89ImagCentral_W_st": 24.2063327917,
  "CH89ImagCentral_W_se0": 38.2610960926,
  "CH89ImagCentral_W_sew": 73.119918186,
  "CH89ImagCentral_r_w": 1.3125657461,
  "CH89ImagCentral_r_w0": -0.7526479555,
  "CH89ImagCentral_a_w": 0.7151610058
}