{
  "CH89RealCentral_V_0": 54.190562454,
  "CH89RealCentral_V_t": 21.6136376738,
  "CH89RealCentral_V_e": -0.2942077123,
  "CH89RealCentral_r_o": 1.1639089866,
  "CH89RealCentral_r_o_0": 0.0368136121,
  "CH89RealCentral_a_0": 0.7203937545,
  "CH89Coulomb_r_c": 1.384931683,
  "CH89Coulomb_r_c_0": 0.0249049266,
  "CH89SpinOrbit_V_so": 5.0914100848,
  "CH89SpinOrbit_r_so": 1.4004849589,
  "CH89SpinOrbit_r_so_0": -1.4741693584,
  "CH89SpinOrbit_a_so": 0.5832732549,
  "CH89ImagCentral_W_v0": 14.1576629453,
  "CH89ImagCentral_W_ve0": 33.3565995085,
  "CH89ImagCentral_W_vew": 43.4805360708,
  "CH89ImagCentral_W_s0": 11.7498058001,
  "CH89ImagCentral_W_st": 34.6253963858,
  "CH89ImagCentral_W_se0": 15.6243627531,
  "CH89ImagCentral_W_sew": 56.002469255,
  "CH89ImagCentral_r_w": 1.1770411197,
  "CH89ImagCentral_r_w0": 0.2198169952,
  "CH89ImagCentral_a_w": 0.5745777449
}