{
  "CH89RealCentral_V_0": 57.6772151978,
  "CH89RealCentral_V_t": 8.4591288086,
  "CH89RealCentral_V_e": -0.382322014,
  "CH89RealCentral_r_o": 1.1928835949,
  "CH89RealCentral_r_o_0": -0.1304381611,
  "CH89RealCentral_a_0": 0.724954227,
  "CH89Coulomb_r_c": 1.2067409863,
  "CH89Coulomb_r_c_0": 0.0808601109,
  "CH89SpinOrbit_V_so": 5.653991294,
  "CH89SpinOrbit_r_so": 1.2468052574,
  "CH89SpinOrbit_r_so_0": -0.969512448,
  "CH89SpinOrbit_a_so": 0.6252473947,
  "CH89ImagCentral_W_v0": 10.9729944567,
  "CH89ImagCentral_W_ve0": 49.1687434491,
  "CH89ImagCentral_W_vew": 36.996842584,
  "CH89ImagCentral_W_s0": 8.3780665038,
  "CH89ImagCentral_W_st": 27.5189084593,
  "CH89ImagCentral_W_se0": 27.744196774,
  "CH89ImagCentral_W_sew": 56.2410557841,
  "CH89ImagCentral_r_w": 1.3422843354,
  "CH89ImagCentral_r_w0": -0.6465738056,
  "CH89ImagCentral_a_w": 0.6379958987
}