{
  "CH89RealCentral_V_0": 55.2457450846,
  "CH89RealCentral_V_t": 16.4893918147,
  "CH89RealCentral_V_e": -0.3269753047,
  "CH89RealCentral_r_o": 1.2247544494,
  "CH89RealCentral_r_o_0": -0.2360269938,
  "CH89RealCentral_a_0": 0.6842422434,
  "CH89Coulomb_r_c": 1.0653223712,
  "CH89Coulomb_r_c_0": 0.0712799985,
  "CH89SpinOrbit_V_so": 5.6971712552,
  "CH89SpinOrbit_r_so": 1.3357766107,
  "CH89SpinOrbit_r_so_0": -1.3809723301,
  "CH89SpinOrbit_a_so": 0.6517212678,
  "CH89ImagCentral_W_v0": 16.8603730402,
  "CH89ImagCentral_W_ve0": 45.1165688915,
  "CH89ImagCentral_W_vew": 20.4453976001,
  "CH89ImagCentral_W_s0": 9.8556800525,
  "CH89ImagCentral_W_st": 34.0287369815,
  "CH89ImagCentral_W_se0": 26.2462178391,
  "CH89ImagCentral_W_sew": 32.446269514,
  "CH89ImagCentral_r_w": 1.2866498415,
  "CH89ImagCentral_r_w0": -0.3869526882,
  "CH89ImagCentral_a_w": 0.7091041672
}