{
  "CH89RealCentral_V_0": 54.8135594477,
  "CH89RealCentral_V_t": 16.9598321811,
  "CH89RealCentral_V_e": -0.3677912186,
  "CH89RealCentral_r_o": 1.1545088675,
  "CH89RealCentral_r_o_0": 0.0502394035,
  "CH89RealCentral_a_0": 0.7263216407,
  "CH89Coulomb_r_c": 1.3023922102,
  "CH89Coulomb_r_c_0": 0.1568899783,
  "CH89SpinOrbit_V_so": 5.7077003634,
  "CH89SpinOrbit_r_so": 1.260870014,
  "CH89SpinOrbit_r_so_0": -0.9418005632,
  "CH89SpinOrbit_a_so": 0.6063702615,
  "CH89ImagCentral_W_v0": 8.7581547969,
  "CH89ImagCentral_W_ve0": 38.9899327697,
  "CH89ImagCentral_W_vew": 49.9245616351,
  "CH89ImagCentral_W_s0": 10.3254242258,
  "CH89ImagCentral_W_st": 32.6661423026,
  "CH89ImagCentral_W_se0": 20.9965786817,
  "CH89ImagCentral_W_sew": 49.3204291465,
  "CH89ImagCentral_r_w": 1.2557443188,
  "CH89ImagCentral_r_w0": -0.4179430749,
  "CH89ImagCentral_a_w": 0.7275082178
}