{
  "CH89RealCentral_V_0": 56.8722691142,
  "CH89RealCentral_V_t": 16.2379517984,
  "CH89RealCentral_V_e": -0.4217742802,
  "CH89RealCentral_r_o": 1.211742269,
  "CH89RealCentral_r_o_0": -0.2942646716,
  "CH89RealCentral_a_0": 0.756653098,
  "CH89Coulomb_r_c": 1.475081068,
  "CH89Coulomb_r_c_0": 0.0822440478,
  "CH89SpinOrbit_V_so": 5.0890638355,
  "CH89SpinOrbit_r_so": 1.2061093595,
  "CH89SpinOrbit_r_so_0": -0.6687120814,
  "CH89SpinOrbit_a_so": 0.5631198753,
  "CH89ImagCentral_W_v0": 11.2681456445,
  "CH89ImagCentral_W_ve0": 57.1463081126,
  "CH89ImagCentral_W_vew": 46.3049472983,
  "CH89ImagCentral_W_s0": 4.9122729429,
  "CH89ImagCentral_W_st": 3.6828931285,
  "CH89ImagCentral_W_se0": 37.6871599095,
  "CH89ImagCentral_W_sew": 33.9436348481,
  "CH89ImagCentral_r_w": 1.3376307102,
  "CH89ImagCentral_r_w0": -0.5610249654,
  "CH89ImagCentral_a_w": 0.7086202101
}