{
  "CH89RealCentral_V_0": 57.4942819648,
  "CH89RealCentral_V_t": 13.5551835989,
  "CH89RealCentral_V_e": -0.35063825,
  "CH89RealCentral_r_o": 1.1806855774,
  "CH89RealCentral_r_o_0": -0.1488286315,
  "CH89RealCentral_a_0": 0.7254934753,
  "CH89Coulomb_r_c": 1.1430783467,
  "CH89Coulomb_r_c_0": 0.2173693447,
  "CH89SpinOrbit_V_so": 6.583019067,
  "CH89SpinOrbit_r_so": 1.436357096,
  "CH89SpinOrbit_r_so_0": -1.6335517891,
  "CH89SpinOrbit_a_so": 0.608772603,
  "CH89ImagCentral_W_v0": 9.5779733734,
  "CH89ImagCentral_W_ve0": 24.1419937244,
  "CH89ImagCentral_W_vew": 22.9184949604,
  "CH89ImagCentral_W_s0": 13.4654370632,
  "CH89ImagCentral_W_st": 24.4693653285,
  "CH89ImagCentral_W_se0": 1.2308668722,
  "CH89ImagCentral_W_sew": 58.6644435389,
  "CH89ImagCentral_r_w": 1.3546969827,
  "CH89ImagCentral_r_w0": -0.5131988823,
  "CH89ImagCentral_a_w": 0.6512710785
}