{
  "CH89RealCentral_V_0": 56.8384776518,
  "CH89RealCentral_V_t": 24.5785840169,
  "CH89RealCentral_V_e": -0.3253034278,
  "CH89RealCentral_r_o": 1.166063945,
  "CH89RealCentral_r_o_0": -0.1804988021,
  "CH89RealCentral_a_0": 0.7648687093,
  "CH89Coulomb_r_c": 1.2319256935,
  "CH89Coulomb_r_c_0": -0.005859903,
  "CH89SpinOrbit_V_so": 4.6700613456,
  "CH89SpinOrbit_r_so": 1.3703751785,
  "CH89SpinOrbit_r_so_0": -1.4206918736,
  "CH89SpinOrbit_a_so": 0.5458916684,
  "CH89ImagCentral_W_v0": 7.7729965983,
  "CH89ImagCentral_W_ve0": 44.9757963993,
  "CH89ImagCentral_W_vew": 25.4967859512,
  "CH89ImagCentral_W_s0": 12.3214080622,
  "CH89ImagCentral_W_st": 29.8204110761,
  "CH89ImagCentral_W_se0": 16.7959942806,
  "CH89ImagCentral_W_sew": 39.375809127,
  "CH89ImagCentral_r_w": 1.4130136543,
  "CH89ImagCentral_r_w0": -0.755577389,
  "CH89ImagCentral_a_w": 0.7148349814
}