{
  "CH89RealCentral_V_0": 54.4494387331,
  "CH89RealCentral_V_t": 19.7894920862,
  "CH89RealCentral_V_e": -0.3371016988,
  "CH89RealCentral_r_o": 1.2552664765,
  "CH89RealCentral_r_o_0": -0.3564935245,
  "CH89RealCentral_a_0": 0.7168667235,
  "CH89Coulomb_r_c": 1.1448165929,
  "CH89Coulomb_r_c_0": 0.1432796982,
  "CH89SpinOrbit_V_so": 5.7804489455,
  "CH89SpinOrbit_r_so": 1.4088464025,
  "CH89SpinOrbit_r_so_0": -1.2319657495,
  "CH89SpinOrbit_a_so": 0.5946991693,
  "CH89ImagCentral_W_v0": 0.4958886655,
  "CH89ImagCentral_W_ve0": -2.4819587517,
  "CH89ImagCentral_W_vew": 11.7861046431,
  "CH89ImagCentral_W_s0": 15.7546007751,
  "CH89ImagCentral_W_st": 30.6235278408,
  "CH89ImagCentral_W_se0": 17.497745717,
  "CH89ImagCentral_W_sew": 57.3658678112,
  "CH89ImagCentral_r_w": 1.2116551791,
  "CH89ImagCentral_r_w0": -0.2840597081,
  "CH89ImagCentral_a_w": 0.7745995867
}