{
  "CH89RealCentral_V_0": 55.6117828744,
  "CH89RealCentral_V_t": 21.0983454453,
  "CH89RealCentral_V_e": -0.3810272739,
  "CH89RealCentral_r_o": 1.2174537891,
  "CH89RealCentral_r_o_0": -0.2322338513,
  "CH89RealCentral_a_0": 0.7181144125,
  "CH89Coulomb_r_c": 1.2234083413,
  "CH89Coulomb_r_c_0": 0.0422065574,
  "CH89SpinOrbit_V_so": 4.6002883548,
  "CH89SpinOrbit_r_so": 1.5221144429,
  "CH89SpinOrbit_r_so_0": -1.8511452697,
  "CH89SpinOrbit_a_so": 0.6455792201,
  "CH89ImagCentral_W_v0": 14.9061435707,
  "CH89ImagCentral_W_ve0": 74.2454769762,
  "CH89ImagCentral_W_vew": 38.0090580758,
  "CH89ImagCentral_W_s0": 17.7642115416,
  "CH89ImagCentral_W_st": 30.5716264325,
  "CH89ImagCentral_W_se0": 3.6628277791,
  "CH89ImagCentral_W_sew": 58.036627573,
  "CH89ImagCentral_r_w": 1.2057114288,
  "CH89ImagCentral_r_w0": -0.069037959,
  "CH89ImagCentral_a_w": 0.6914832986
}