{
  "CH89RealCentral_V_0": 53.3159426533,
  "CH89RealCentral_V_t": 20.5319248901,
  "CH89RealCentral_V_e": -0.3493804165,
  "CH89RealCentral_r_o": 1.2277332642,
  "CH89RealCentral_r_o_0": -0.1625964413,
  "CH89RealCentral_a_0": 0.6960996417,
  "CH89Coulomb_r_c": 1.1651548429,
  "CH89Coulomb_r_c_0": 0.1180852839,
  "CH89SpinOrbit_V_so": 5.0034859011,
  "CH89SpinOrbit_r_so": 1.6875654518,
  "CH89SpinOrbit_r_so_0": -2.6415233022,
  "CH89SpinOrbit_a_so": 0.6105614464,
  "CH89ImagCentral_W_v0": 17.2009000636,
  "CH89ImagCentral_W_ve0": 48.0371938336,
  "CH89ImagCentral_W_vew": 21.4295229262,
  "CH89ImagCentral_W_s0": 6.557571112,
  "CH89ImagCentral_W_st": 24.5494869683,
  "CH89ImagCentral_W_se0": 14.6613909577,
  "CH89ImagCentral_W_sew": 56.2103056915,
  "CH89ImagCentral_r_w": 1.2716074452,
  "CH89ImagCentral_r_w0": -0.2393012839,
  "CH89ImagCentral_a_w": 0.6258777229
}