{
  "CH89RealCentral_V_0": 54.5541261091,
  "CH89RealCentral_V_t": 22.9364128745,
  "CH89RealCentral_V_e": -0.3423852466,
  "CH89RealCentral_r_o": 1.2132095459,
  "CH89RealCentral_r_o_0": -0.2826995848,
  "CH89RealCentral_a_0": 0.7062359399,
  "CH89Coulomb_r_c": 1.1211399204,
  "CH89Coulomb_r_c_0": -0.0077988184,
  "CH89SpinOrbit_V_so": 6.4574572084,
  "CH89SpinOrbit_r_so": 1.2401880452,
  "CH89SpinOrbit_r_so_0": -1.0428672035,
  "CH89SpinOrbit_a_so": 0.6434642032,
  "CH89ImagCentral_W_v0": 12.4451951059,
  "CH89ImagCentral_W_ve0": 66.1151514033,
  "CH89ImagCentral_W_vew": 31.988524898,
  "CH89ImagCentral_W_s0": 19.1674222151,
  "CH89ImagCentral_W_st": 31.744777872,
  "CH89ImagCentral_W_se0": -16.0098485441,
  "CH89ImagCentral_W_sew": 73.0122155748,
  "CH89ImagCentral_r_w": 1.3753858286,
  "CH89ImagCentral_r_w0": -0.6157530996,
  "CH89ImagCentral_a_w": 0.7762451842
}