{
  "CH89RealCentral_V_0": 55.6712635863,
  "CH89RealCentral_V_t": 12.7521621112,
  "CH89RealCentral_V_e": -0.3343252148,
  "CH89RealCentral_r_o": 1.2021237257,
  "CH89RealCentral_r_o_0": -0.2099997911,
  "CH89RealCentral_a_0": 0.7357225139,
  "CH89Coulomb_r_c": 1.3832101211,
  "CH89Coulomb_r_c_0": 0.3581849166,
  "CH89SpinOrbit_V_so": 4.3336339521,
  "CH89SpinOrbit_r_so": 1.2417290057,
  "CH89SpinOrbit_r_so_0": -0.7773334434,
  "CH89SpinOrbit_a_so": 0.5533126006,
  "CH89ImagCentral_W_v0": 3.7727381606,
  "CH89ImagCentral_W_ve0": 18.7736959557,
  "CH89ImagCentral_W_vew": 14.389901122,
  "CH89ImagCentral_W_s0": 9.5013812769,
  "CH89ImagCentral_W_st": 28.349270315,
  "CH89ImagCentral_W_se0": 32.042706161,
  "CH89ImagCentral_W_sew": 42.8559307545,
  "CH89ImagCentral_r_w": 1.4166192979,
  "CH89ImagCentral_r_w0": -1.0199139887,
  "CH89ImagCentral_a_w": 0.7160044986
}