{
  "CH89RealCentral_V_0": 56.5522462515,
  "CH89RealCentral_V_t": 9.6223754813,
  "CH89RealCentral_V_e": -0.3558616091,
  "CH89RealCentral_r_o": 1.2168135316,
  "CH89RealCentral_r_o_0": -0.2832739374,
  "CH89RealCentral_a_0": 0.7500452665,
  "CH89Coulomb_r_c": 1.225861579,
  "CH89Coulomb_r_c_0": 0.1873670614,
  "CH89SpinOrbit_V_so": 5.5714368898,
  "CH89SpinOrbit_r_so": 1.4898927101,
  "CH89SpinOrbit_r_so_0": -1.823748342,
  "CH89SpinOrbit_a_so": 0.5512320713,
  "CH89ImagCentral_W_v0": 13.0176479701,
  "CH89ImagCentral_W_ve0": 35.1345474754,
  "CH89ImagCentral_W_vew": 26.2831114496,
  "CH89ImagCentral_W_s0": 7.9263896948,
  "CH89ImagCentral_W_st": 24.3320548325,
  "CH89ImagCentral_W_se0": 10.6619268142,
  "CH89ImagCentral_W_sew": 42.9334927188,
  "CH89ImagCentral_r_w": 1.2576671461,
  "CH89ImagCentral_r_w0": -0.1168441087,
  "CH89ImagCentral_a_w": 0.7041614062
}