{
  "WLHReal_V0_p": 52.4261845044,
  "WLHReal_V1_p": 0.2908045442,
  "WLHReal_V2_p": 0.0002165751,
  "WLHReal_V3_p": 8.581e-07,
  "WLHReal_V4_p": 13.9662786451,
  "WLHReal_V5_p": 0.1255232804,
  "WLHReal_V6_p": 0.0001890998,
  "WLHReal_r0_p": 1.2892474423,
  "WLHReal_r1_p": 0.2991239481,
  "WLHReal_r2_p": 0.0005286559,
  "WLHReal_r3_p": 2.9592e-06,
  "WLHReal_a0_p": 0.7564677902,
  "WLHReal_a1_p": 3.36588e-05,
  "WLHReal_a2_p": 2.8508e-06,
  "WLHReal_a3_p": 0.0484314563,
  "WLHReal_a4_p": 0.4865252249,
  "WLHReal_V0_n": 51.6047296305,
  "WLHReal_V1_n": 0.2892958227,
  "WLHReal_V2_n": -0.0003802532,
  "WLHReal_V3_n": 3.5717e-06,
  "WLHReal_V4_n": 20.5439718484,
  "WLHReal_V5_n": 0.2936939022,
  "WLHReal_V6_n": 0.0011623025,
  "WLHReal_r0_n": 1.3222788582,
  "WLHReal_r1_n": 0.3370288424,
  "WLHReal_r2_n": 0.00095318,
  "WLHReal_r3_n": 8.9605e-06,
  "WLHReal_a0_n": 0.7466029046,
  "WLHReal_a1_n": 0.0009640952,
  "WLHReal_a2_n": 1.15076e-05,
  "WLHReal_a3_n": 0.2735914143,
  "WLHReal_a4_n": 0.8819949713,
  "WLHImagVolume_W0_p": 3.1101933821,
  "WLHImagVolume_W1_p": 0.1611376062,
  "WLHImagVolume_W2_p": 0.0002329104,
  "WLHImagVolume_W3_p": 9.8506089848,
  "WLHImagVolume_W4_p": 0.0547232732,
  "WLHImagVolume_r0_p": 0.5733761447,
  "WLHImagVolume_r1_p": 55.248511798,
  "WLHImagVolume_r2_p": 0.6758751961,
  "WLHImagVolume_r3_p": 63.4104302295,
  "WLHImagVolume_r4_p": 0.5442770555,
  "WLHImagVolume_r5_p": 1.1524e-06,
  "WLHImagVolume_a0_p": 0.5072690336,
  "WLHImagVolume_a1_p": 0.3067389535,
  "WLHImagVolume_a2_p": 17.1956945432,
  "WLHImagVolume_a3_p": 0.356315787,
  "WLHImagVolume_a4_p": 0.0014843197,
  "WLHImagVolume_W0_n": 2.817737158,
  "WLHImagVolume_W1_n": 0.2506902321,
  "WLHImagVolume_W2_n": 0.0006160314,
  "WLHImagVolume_W3_n": 8.3103877835,
  "WLHImagVolume_W4_n": 0.021808509,
  "WLHImagVolume_r0_n": 0.5062170074,
  "WLHImagVolume_r1_n": 95.2710095437,
  "WLHImagVolume_r2_n": 0.8065039532,
  "WLHImagVolume_r3_n": 97.1941515819,
  "WLHImagVolume_r4_n": 0.8294066416,
  "WLHImagVolume_r5_n": 3.6866e-06,
  "WLHImagVolume_a0_n": 0.237992372,
  "WLHImagVolume_a1_n": 0.5923194957,
  "WLHImagVolume_a2_n": 6.4416018922,
  "WLHImagVolume_a3_n": 0.0566080757,
  "WLHImagVolume_a4_n": 0.0004714264,
  "WLHImagSurface_W0_p": 1.2733852725,
  "WLHImagSurface_W1_p": 0.065127004,
  "WLHImagSurface_W2_p": 1.79693466,
  "WLHImagSurface_W3_p": 0.2269249544,
  "WLHImagSurface_r0_p": 1.0849469254,
  "WLHImagSurface_r1_p": 0.5747458079,
  "WLHImagSurface_r2_p": 0.0065077196,
  "WLHImagSurface_a0_p": 0.8397536748,
  "WLHImagSurface_W0_n": 1.779545378,
  "WLHImagSurface_W1_n": 0.0496222561,
  "WLHImagSurface_W2_n": 2.8934712943,
  "WLHImagSurface_W3_n": 0.1792271854,
  "WLHImagSurface_r0_n": 1.3170246683,
  "WLHImagSurface_r1_n": 1.5657994772,
  "WLHImagSurface_r2_n": 0.0029325016,
  "WLHImagSurface_a0_n": 0.8588481106,
  "WLHRealSpinOrbit_V0_p": 9.4498013051,
  "WLHRealSpinOrbit_V1_p": 0.0080542845,
  "WLHRealSpinOrbit_r0_p": 1.2585641142,
  "WLHRealSpinOrbit_r1_p": 0.8207586564,
  "WLHRealSpinOrbit_a0_p": 0.7796971319,
  "WLHRealSpinOrbit_a1_p": 0.0003853918,
  "WLHRealSpinOrbit_V0_n": 9.2417956736,
  "WLHRealSpinOrbit_V1_n": 0.0083442262,
  "WLHRealSpinOrbit_r0_n": 1.3003047873,
  "WLHRealSpinOrbit_r1_n": 0.899382869,
  "WLHRealSpinOrbit_a0_n": 0.8172313,
  "WLHRealSpinOrbit_a1_n": 0.0003590105
}