{
  "WLHReal_V0_p": 50.3302258328,
  "WLHReal_V1_p": 0.2587065193,
  "WLHReal_V2_p": -0.000410295,
  "WLHReal_V3_p": 2.5401e-06,
  "WLHReal_V4_p": 13.5322859685,
  "WLHReal_V5_p": 0.1228440022,
  "WLHReal_V6_p": 0.0004020798,
  "WLHReal_r0_p": 1.3180030672,
  "WLHReal_r1_p": 0.2503014623,
  "WLHReal_r2_p": 0.0007549767,
  "WLHReal_r3_p": 8.5701e-06,
  "WLHReal_a0_p": 0.7743016084,
  "WLHReal_a1_p": -5.4183e-06,
  "WLHReal_a2_p": 7.5549e-06,
  "WLHReal_a3_p": -0.0185301954,
  "WLHReal_a4_p": 0.4606212883,
  "WLHReal_V0_n": 55.8136715103,
  "WLHReal_V1_n": 0.2912085501,
  "WLHReal_V2_n": 2.07484e-05,
  "WLHReal_V3_n": 1.4613e-06,
  "WLHReal_V4_n": 21.3462022204,
  "WLHReal_V5_n": 0.2763221347,
  "WLHReal_V6_n": 0.0008026806,
  "WLHReal_r0_n": 1.2810251155,
  "WLHReal_r1_n": 0.3810766088,
  "WLHReal_r2_n": 0.00062087,
  "WLHReal_r3_n": 3.4633e-06,
  "WLHReal_a0_n": 0.7283618118,
  "WLHReal_a1_n": 0.0003655808,
  "WLHReal_a2_n": 2.5563e-06,
  "WLHReal_a3_n": 0.1910801162,
  "WLHReal_a4_n": 0.6803019832,
  "WLHImagVolume_W0_p": 4.1298036842,
  "WLHImagVolume_W1_p": 0.1492370708,
  "WLHImagVolume_W2_p": 2.19115e-05,
  "WLHImagVolume_W3_p": 7.9275231865,
  "WLHImagVolume_W4_p": 0.0636297143,
  "WLHImagVolume_r0_p": 0.8198652833,
  "WLHImagVolume_r1_p": 27.421545126,
  "WLHImagVolume_r2_p": 0.4660261964,
  "WLHImagVolume_r3_p": 43.9691539206,
  "WLHImagVolume_r4_p": 0.7198748361,
  "WLHImagVolume_r5_p": 1.4227e-06,
  "WLHImagVolume_a0_p": 0.5767025936,
  "WLHImagVolume_a1_p": 0.2479318121,
  "WLHImagVolume_a2_p": 12.8128315317,
  "WLHImagVolume_a3_p": 0.4218998024,
  "WLHImagVolume_a4_p": 0.0025694353,
  "WLHImagVolume_W0_n": 2.8955259381,
  "WLHImagVolume_W1_n": 0.296845292,
  "WLHImagVolume_W2_n": 0.0004973273,
  "WLHImagVolume_W3_n": 9.291780126,
  "WLHImagVolume_W4_n": 0.0570286609,
  "WLHImagVolume_r0_n": 0.5795324652,
  "WLHImagVolume_r1_n": 61.2553308671,
  "WLHImagVolume_r2_n": 0.6888049792,
  "WLHImagVolume_r3_n": 72.869466402,
  "WLHImagVolume_r4_n": 1.0192705017,
  "WLHImagVolume_r5_n": 3.8051e-06,
  "WLHImagVolume_a0_n": 0.2424591487,
  "WLHImagVolume_a1_n": 0.5943663104,
  "WLHImagVolume_a2_n": 7.0785229012,
  "WLHImagVolume_a3_n": 0.0534014599,
  "WLHImagVolume_a4_n": 0.0010250284,
  "WLHImagSurface_W0_p": 0.7543358461,
  "WLHImagSurface_W1_p": 0.0206134098,
  "WLHImagSurface_W2_p": 0.6586248725,
  "WLHImagSurface_W3_p": 0.0633520876,
  "WLHImagSurface_r0_p": 0.8502861799,
  "WLHImagSurface_r1_p": 0.0816387968,
  "WLHImagSurface_r2_p": 0.0026612255,
  "WLHImagSurface_a0_p": 0.7214330272,
  "WLHImagSurface_W0_n": 1.7666435196,
  "WLHImagSurface_W1_n": 0.0348797051,
  "WLHImagSurface_W2_n": 2.6858535634,
  "WLHImagSurface_W3_n": 0.1266733874,
  "WLHImagSurface_r0_n": 1.2571835298,
  "WLHImagSurface_r1_n": 1.4278611548,
  "WLHImagSurface_r2_n": 0.0037443835,
  "WLHImagSurface_a0_n": 0.8311811994,
  "WLHRealSpinOrbit_V0_p": 9.5360661479,
  "WLHRealSpinOrbit_V1_p": 0.0086502701,
  "WLHRealSpinOrbit_r0_p": 1.3071722905,
  "WLHRealSpinOrbit_r1_p": 0.9007613985,
  "WLHRealSpinOrbit_a0_p": 0.8236243198,
  "WLHRealSpinOrbit_a1_p": 0.0003765447,
  "WLHRealSpinOrbit_V0_n": 9.9415755476,
  "WLHRealSpinOrbit_V1_n": 0.0085550005,
  "WLHRealSpinOrbit_r0_n": 1.2494494522,
  "WLHRealSpinOrbit_r1_n": 0.8268704259,
  "WLHRealSpinOrbit_a0_n": 0.7836094811,
  "WLHRealSpinOrbit_a1_n": 0.0003491064
}