{
  "WLHReal_V0_p": 56.7791310362,
  "WLHReal_V1_p": 0.3407854441,
  "WLHReal_V2_p": 0.0003990355,
  "WLHReal_V3_p": 1.755e-06,
  "WLHReal_V4_p": 12.6581785205,
  "WLHReal_V5_p": 0.1578697383,
  "WLHReal_V6_p": 0.0002080782,
  "WLHReal_r0_p": 1.3067865692,
  "WLHReal_r1_p": 0.4338253948,
  "WLHReal_r2_p": 0.0005213846,
  "WLHReal_r3_p": 4.051e-07,
  "WLHReal_a0_p": 0.7765179488,
  "WLHReal_a1_p": 0.0002712049,
  "WLHReal_a2_p": 3.66e-08,
  "WLHReal_a3_p": 0.1193142419,
  "WLHReal_a4_p": 0.586107292,
  "WLHReal_V0_n": 53.8807104886,
  "WLHReal_V1_n": 0.2711561674,
  "WLHReal_V2_n": -0.0003659162,
  "WLHReal_V3_n": 2.5154e-06,
  "WLHReal_V4_n": 21.4183466628,
  "WLHReal_V5_n": 0.2957811879,
  "WLHReal_V6_n": 0.0011432721,
  "WLHReal_r0_n": 1.3002986496,
  "WLHReal_r1_n": 0.3487642695,
  "WLHReal_r2_n": 0.000881374,
  "WLHReal_r3_n": 8.4217e-06,
  "WLHReal_a0_n": 0.7453935547,
  "WLHReal_a1_n": 0.0007189659,
  "WLHReal_a2_n": 9.027e-06,
  "WLHReal_a3_n": 0.2592481293,
  "WLHReal_a4_n": 0.836833797,
  "WLHImagVolume_W0_p": 4.0034647885,
  "WLHImagVolume_W1_p": 0.2901770406,
  "WLHImagVolume_W2_p": 0.0007214289,
  "WLHImagVolume_W3_p": 14.1585554157,
  "WLHImagVolume_W4_p": 0.0857585916,
  "WLHImagVolume_r0_p": 0.3257215724,
  "WLHImagVolume_r1_p": 78.4612392923,
  "WLHImagVolume_r2_p": 0.9173004625,
  "WLHImagVolume_r3_p": 77.7010553441,
  "WLHImagVolume_r4_p": 0.3895209382,
  "WLHImagVolume_r5_p": 8.108e-07,
  "WLHImagVolume_a0_p": 0.5141774551,
  "WLHImagVolume_a1_p": 0.3304109634,
  "WLHImagVolume_a2_p": 18.6364693538,
  "WLHImagVolume_a3_p": 0.3790767976,
  "WLHImagVolume_a4_p": 0.0017428731,
  "WLHImagVolume_W0_n": 3.1900419669,
  "WLHImagVolume_W1_n": 0.2802358778,
  "WLHImagVolume_W2_n": 0.0004392975,
  "WLHImagVolume_W3_n": 9.6019100074,
  "WLHImagVolume_W4_n": 0.0325650449,
  "WLHImagVolume_r0_n": 0.6283002779,
  "WLHImagVolume_r1_n": 60.3785369519,
  "WLHImagVolume_r2_n": 0.6602484284,
  "WLHImagVolume_r3_n": 77.4023448327,
  "WLHImagVolume_r4_n": 1.0632988813,
  "WLHImagVolume_r5_n": 4.7103e-06,
  "WLHImagVolume_a0_n": 0.271829564,
  "WLHImagVolume_a1_n": 0.5663052448,
  "WLHImagVolume_a2_n": 6.247189245,
  "WLHImagVolume_a3_n": 0.0561438333,
  "WLHImagVolume_a4_n": 0.0009551064,
  "WLHImagSurface_W0_p": 1.4722992352,
  "WLHImagSurface_W1_p": 0.0943238772,
  "WLHImagSurface_W2_p": 2.4443980854,
  "WLHImagSurface_W3_p": 0.355207957,
  "WLHImagSurface_r0_p": 1.1658898976,
  "WLHImagSurface_r1_p": 1.0259572398,
  "WLHImagSurface_r2_p": 0.0071572665,
  "WLHImagSurface_a0_p": 0.8376045028,
  "WLHImagSurface_W0_n": 1.5169134972,
  "WLHImagSurface_W1_n": 0.0347467081,
  "WLHImagSurface_W2_n": 2.1285378993,
  "WLHImagSurface_W3_n": 0.1290951661,
  "WLHImagSurface_r0_n": 1.2563312532,
  "WLHImagSurface_r1_n": 1.4477965901,
  "WLHImagSurface_r2_n": 0.0029482791,
  "WLHImagSurface_a0_n": 0.8500576135,
  "WLHRealSpinOrbit_V0_p": 9.3256071162,
  "WLHRealSpinOrbit_V1_p": 0.0078325565,
  "WLHRealSpinOrbit_r0_p": 1.2418211353,
  "WLHRealSpinOrbit_r1_p": 0.8074640362,
  "WLHRealSpinOrbit_a0_p": 0.7674190506,
  "WLHRealSpinOrbit_a1_p": 0.0003602342,
  "WLHRealSpinOrbit_V0_n": 9.9083481448,
  "WLHRealSpinOrbit_V1_n": 0.0088240035,
  "WLHRealSpinOrbit_r0_n": 1.2787987626,
  "WLHRealSpinOrbit_r1_n": 0.8734680501,
  "WLHRealSpinOrbit_a0_n": 0.8087581616,
  "WLHRealSpinOrbit_a1_n": 0.0003472797
}