{
  "WLHReal_V0_p": 52.5234148619,
  "WLHReal_V1_p": 0.282390283,
  "WLHReal_V2_p": -0.0002555491,
  "WLHReal_V3_p": 1.8069e-06,
  "WLHReal_V4_p": 13.1582603317,
  "WLHReal_V5_p": 0.1340732455,
  "WLHReal_V6_p": 0.0003796543,
  "WLHReal_r0_p": 1.314940606,
  "WLHReal_r1_p": 0.2956866873,
  "WLHReal_r2_p": 0.0007575787,
  "WLHReal_r3_p": 7.5339e-06,
  "WLHReal_a0_p": 0.7795056934,
  "WLHReal_a1_p": 9.67373e-05,
  "WLHReal_a2_p": 6.2191e-06,
  "WLHReal_a3_p": 0.0192578202,
  "WLHReal_a4_p": 0.5126836302,
  "WLHReal_V0_n": 51.3966374074,
  "WLHReal_V1_n": 0.2902481903,
  "WLHReal_V2_n": -0.0007489434,
  "WLHReal_V3_n": 4.9438e-06,
  "WLHReal_V4_n": 20.013214653,
  "WLHReal_V5_n": 0.3232993504,
  "WLHReal_V6_n": 0.0015009871,
  "WLHReal_r0_n": 1.3506018047,
  "WLHReal_r1_n": 0.3610125918,
  "WLHReal_r2_n": 0.0011628722,
  "WLHReal_r3_n": 1.26574e-05,
  "WLHReal_a0_n": 0.7657588135,
  "WLHReal_a1_n": 0.0012110953,
  "WLHReal_a2_n": 1.67819e-05,
  "WLHReal_a3_n": 0.2906768053,
  "WLHReal_a4_n": 0.9678590054,
  "WLHImagVolume_W0_p": 4.3774569233,
  "WLHImagVolume_W1_p": 0.2037364371,
  "WLHImagVolume_W2_p": 0.0002247321,
  "WLHImagVolume_W3_p": 10.0683254904,
  "WLHImagVolume_W4_p": 0.074958918,
  "WLHImagVolume_r0_p": 0.7144491987,
  "WLHImagVolume_r1_p": 37.5403348611,
  "WLHImagVolume_r2_p": 0.5594930356,
  "WLHImagVolume_r3_p": 50.6832609046,
  "WLHImagVolume_r4_p": 0.6678749631,
  "WLHImagVolume_r5_p": 1.8349e-06,
  "WLHImagVolume_a0_p": 0.5734745994,
  "WLHImagVolume_a1_p": 0.258278602,
  "WLHImagVolume_a2_p": 13.3857791734,
  "WLHImagVolume_a3_p": 0.4271926233,
  "WLHImagVolume_a4_p": 0.0025951405,
  "WLHImagVolume_W0_n": 3.488966654,
  "WLHImagVolume_W1_n": 0.2937234617,
  "WLHImagVolume_W2_n": 0.0007805233,
  "WLHImagVolume_W3_n": 9.4309298161,
  "WLHImagVolume_W4_n": 0.026055078,
  "WLHImagVolume_r0_n": 0.5215258509,
  "WLHImagVolume_r1_n": 95.9515410753,
  "WLHImagVolume_r2_n": 0.8199564502,
  "WLHImagVolume_r3_n": 104.9365610686,
  "WLHImagVolume_r4_n": 0.8580956738,
  "WLHImagVolume_r5_n": 4.5444e-06,
  "WLHImagVolume_a0_n": 0.2771915869,
  "WLHImagVolume_a1_n": 0.5653677122,
  "WLHImagVolume_a2_n": 4.3018696205,
  "WLHImagVolume_a3_n": 0.0422165617,
  "WLHImagVolume_a4_n": 0.0004176826,
  "WLHImagSurface_W0_p": 0.8452857552,
  "WLHImagSurface_W1_p": 0.031636607,
  "WLHImagSurface_W2_p": 0.874886152,
  "WLHImagSurface_W3_p": 0.1104768037,
  "WLHImagSurface_r0_p": 0.8991731554,
  "WLHImagSurface_r1_p": 0.3110529166,
  "WLHImagSurface_r2_p": 0.0033664835,
  "WLHImagSurface_a0_p": 0.7270728338,
  "WLHImagSurface_W0_n": 1.9360114981,
  "WLHImagSurface_W1_n": 0.0638433204,
  "WLHImagSurface_W2_n": 3.2574704555,
  "WLHImagSurface_W3_n": 0.2233111401,
  "WLHImagSurface_r0_n": 1.3205527549,
  "WLHImagSurface_r1_n": 1.6915608775,
  "WLHImagSurface_r2_n": 0.0024004579,
  "WLHImagSurface_a0_n": 0.8726716005,
  "WLHRealSpinOrbit_V0_p": 9.5733190801,
  "WLHRealSpinOrbit_V1_p": 0.0085664256,
  "WLHRealSpinOrbit_r0_p": 1.2907471108,
  "WLHRealSpinOrbit_r1_p": 0.8831780153,
  "WLHRealSpinOrbit_a0_p": 0.8124337844,
  "WLHRealSpinOrbit_a1_p": 0.0003626434,
  "WLHRealSpinOrbit_V0_n": 9.1040350613,
  "WLHRealSpinOrbit_V1_n": 0.0085423546,
  "WLHRealSpinOrbit_r0_n": 1.3303018031,
  "WLHRealSpinOrbit_r1_n": 0.9519466612,
  "WLHRealSpinOrbit_a0_n": 0.8429689783,
  "WLHRealSpinOrbit_a1_n": 0.0003463457
}