{
  "WLHReal_V0_p": 55.8938614064,
  "WLHReal_V1_p": 0.3096527899,
  "WLHReal_V2_p": 6.20948e-05,
  "WLHReal_V3_p": 1.4204e-06,
  "WLHReal_V4_p": 13.2359316871,
  "WLHReal_V5_p": 0.1503839907,
  "WLHReal_V6_p": 0.0003184735,
  "WLHReal_r0_p": 1.298495078,
  "WLHReal_r1_p": 0.3584658529,
  "WLHReal_r2_p": 0.0006930324,
  "WLHReal_r3_p": 4.2395e-06,
  "WLHReal_a0_p": 0.7799882805,
  "WLHReal_a1_p": 0.0002564127,
  "WLHReal_a2_p": 2.5829e-06,
  "WLHReal_a3_p": 0.0761250745,
  "WLHReal_a4_p": 0.570562574,
  "WLHReal_V0_n": 52.9964282518,
  "WLHReal_V1_n": 0.2818339997,
  "WLHReal_V2_n": -0.0001942844,
  "WLHReal_V3_n": 2.7459e-06,
  "WLHReal_V4_n": 20.8462050021,
  "WLHReal_V5_n": 0.2863620549,
  "WLHReal_V6_n": 0.0009471634,
  "WLHReal_r0_n": 1.3195151816,
  "WLHReal_r1_n": 0.4008154003,
  "WLHReal_r2_n": 0.0007199979,
  "WLHReal_r3_n": 5.832e-06,
  "WLHReal_a0_n": 0.735903594,
  "WLHReal_a1_n": 0.0006160467,
  "WLHReal_a2_n": 6.2365e-06,
  "WLHReal_a3_n": 0.2038716579,
  "WLHReal_a4_n": 0.7114738544,
  "WLHImagVolume_W0_p": 4.4569228293,
  "WLHImagVolume_W1_p": 0.27148271,
  "WLHImagVolume_W2_p": 0.0004483094,
  "WLHImagVolume_W3_p": 12.9446795343,
  "WLHImagVolume_W4_p": 0.0877234748,
  "WLHImagVolume_r0_p": 0.5827682274,
  "WLHImagVolume_r1_p": 47.4020318977,
  "WLHImagVolume_r2_p": 0.6594054186,
  "WLHImagVolume_r3_p": 55.8083701984,
  "WLHImagVolume_r4_p": 0.6231343161,
  "WLHImagVolume_r5_p": 1.7653e-06,
  "WLHImagVolume_a0_p": 0.5638974825,
  "WLHImagVolume_a1_p": 0.265961321,
  "WLHImagVolume_a2_p": 13.4129160228,
  "WLHImagVolume_a3_p": 0.4330471332,
  "WLHImagVolume_a4_p": 0.0025828428,
  "WLHImagVolume_W0_n": 2.5512120147,
  "WLHImagVolume_W1_n": 0.267867831,
  "WLHImagVolume_W2_n": 0.000571742,
  "WLHImagVolume_W3_n": 8.1187264666,
  "WLHImagVolume_W4_n": 0.0351041655,
  "WLHImagVolume_r0_n": 0.5083664945,
  "WLHImagVolume_r1_n": 84.2188546552,
  "WLHImagVolume_r2_n": 0.7954498908,
  "WLHImagVolume_r3_n": 87.684392453,
  "WLHImagVolume_r4_n": 0.8986111897,
  "WLHImagVolume_r5_n": 3.8818e-06,
  "WLHImagVolume_a0_n": 0.2385286213,
  "WLHImagVolume_a1_n": 0.6060274942,
  "WLHImagVolume_a2_n": 7.3783020145,
  "WLHImagVolume_a3_n": 0.0745458634,
  "WLHImagVolume_a4_n": 0.0009259697,
  "WLHImagSurface_W0_p": 0.9984132676,
  "WLHImagSurface_W1_p": 0.0477643035,
  "WLHImagSurface_W2_p": 1.3191048652,
  "WLHImagSurface_W3_p": 0.1792456616,
  "WLHImagSurface_r0_p": 0.9709638574,
  "WLHImagSurface_r1_p": 0.678578827,
  "WLHImagSurface_r2_p": 0.0051322729,
  "WLHImagSurface_a0_p": 0.7115774199,
  "WLHImagSurface_W0_n": 1.7167207666,
  "WLHImagSurface_W1_n": 0.0419220511,
  "WLHImagSurface_W2_n": 3.0236767274,
  "WLHImagSurface_W3_n": 0.1626546957,
  "WLHImagSurface_r0_n": 1.2999514876,
  "WLHImagSurface_r1_n": 1.5051503144,
  "WLHImagSurface_r2_n": 0.0032801711,
  "WLHImagSurface_a0_n": 0.8482999292,
  "WLHRealSpinOrbit_V0_p": 9.7657827573,
  "WLHRealSpinOrbit_V1_p": 0.0084555208,
  "WLHRealSpinOrbit_r0_p": 1.2560341082,
  "WLHRealSpinOrbit_r1_p": 0.8380638123,
  "WLHRealSpinOrbit_a0_p": 0.7876452842,
  "WLHRealSpinOrbit_a1_p": 0.0003483125,
  "WLHRealSpinOrbit_V0_n": 9.3762173858,
  "WLHRealSpinOrbit_V1_n": 0.0082667678,
  "WLHRealSpinOrbit_r0_n": 1.2852658279,
  "WLHRealSpinOrbit_r1_n": 0.8659775973,
  "WLHRealSpinOrbit_a0_n": 0.8021448082,
  "WLHRealSpinOrbit_a1_n": 0.0003734488
}