{
  "WLHReal_V0_p": 58.8589956968,
  "WLHReal_V1_p": 0.3189147129,
  "WLHReal_V2_p": 0.000594668,
  "WLHReal_V3_p": -2.098e-07,
  "WLHReal_V4_p": 14.9178337053,
  "WLHReal_V5_p": 0.1413728514,
  "WLHReal_V6_p": 0.0001391672,
  "WLHReal_r0_p": 1.2247332157,
  "WLHReal_r1_p": 0.300115712,
  "WLHReal_r2_p": 0.0006723887,
  "WLHReal_r3_p": 2.3722e-06,
  "WLHReal_a0_p": 0.7568026683,
  "WLHReal_a1_p": 0.0003247246,
  "WLHReal_a2_p": 6.4e-08,
  "WLHReal_a3_p": 0.1292070406,
  "WLHReal_a4_p": 0.6217774854,
  "WLHReal_V0_n": 51.8662382876,
  "WLHReal_V1_n": 0.2973452333,
  "WLHReal_V2_n": -0.0002472111,
  "WLHReal_V3_n": 2.4048e-06,
  "WLHReal_V4_n": 20.9285835862,
  "WLHReal_V5_n": 0.2785735105,
  "WLHReal_V6_n": 0.0011062466,
  "WLHReal_r0_n": 1.2870194097,
  "WLHReal_r1_n": 0.2486872244,
  "WLHReal_r2_n": 0.0010077964,
  "WLHReal_r3_n": 1.06468e-05,
  "WLHReal_a0_n": 0.7421632343,
  "WLHReal_a1_n": 0.0010200924,
  "WLHReal_a2_n": 1.25978e-05,
  "WLHReal_a3_n": 0.3277063274,
  "WLHReal_a4_n": 0.9845329675,
  "WLHImagVolume_W0_p": 3.6199902468,
  "WLHImagVolume_W1_p": 0.2787107342,
  "WLHImagVolume_W2_p": 0.0003784002,
  "WLHImagVolume_W3_p": 15.1029052448,
  "WLHImagVolume_W4_p": 0.0793319906,
  "WLHImagVolume_r0_p": 0.6079855829,
  "WLHImagVolume_r1_p": 41.3515743716,
  "WLHImagVolume_r2_p": 0.5606644388,
  "WLHImagVolume_r3_p": 52.1748523833,
  "WLHImagVolume_r4_p": 0.7556504894,
  "WLHImagVolume_r5_p": 2.5521e-06,
  "WLHImagVolume_a0_p": 0.5336675334,
  "WLHImagVolume_a1_p": 0.2502482683,
  "WLHImagVolume_a2_p": 11.4066498345,
  "WLHImagVolume_a3_p": 0.4212559276,
  "WLHImagVolume_a4_p": 0.0022604028,
  "WLHImagVolume_W0_n": 2.8777752765,
  "WLHImagVolume_W1_n": 0.2226111943,
  "WLHImagVolume_W2_n": 0.0004965467,
  "WLHImagVolume_W3_n": 8.5142028094,
  "WLHImagVolume_W4_n": 0.0163278756,
  "WLHImagVolume_r0_n": 0.5453011786,
  "WLHImagVolume_r1_n": 90.6759311259,
  "WLHImagVolume_r2_n": 0.7391987326,
  "WLHImagVolume_r3_n": 92.5236546286,
  "WLHImagVolume_r4_n": 0.8300065422,
  "WLHImagVolume_r5_n": 3.3045e-06,
  "WLHImagVolume_a0_n": 0.2198920793,
  "WLHImagVolume_a1_n": 0.5857802868,
  "WLHImagVolume_a2_n": 6.6674376479,
  "WLHImagVolume_a3_n": 0.0380052617,
  "WLHImagVolume_a4_n": 0.0001543399,
  "WLHImagSurface_W0_p": 1.0099426806,
  "WLHImagSurface_W1_p": 0.0368839839,
  "WLHImagSurface_W2_p": 1.0622924527,
  "WLHImagSurface_W3_p": 0.129430235,
  "WLHImagSurface_r0_p": 1.0333441258,
  "WLHImagSurface_r1_p": 0.9661015515,
  "WLHImagSurface_r2_p": 0.0082883884,
  "WLHImagSurface_a0_p": 0.6927944975,
  "WLHImagSurface_W0_n": 1.7214069982,
  "WLHImagSurface_W1_n": 0.0430590161,
  "WLHImagSurface_W2_n": 2.2506084598,
  "WLHImagSurface_W3_n": 0.1445759426,
  "WLHImagSurface_r0_n": 1.3040905765,
  "WLHImagSurface_r1_n": 1.4959590986,
  "WLHImagSurface_r2_n": 0.0031089884,
  "WLHImagSurface_a0_n": 0.852296535,
  "WLHRealSpinOrbit_V0_p": 10.5230455713,
  "WLHRealSpinOrbit_V1_p": 0.0086037976,
  "WLHRealSpinOrbit_r0_p": 1.1878346598,
  "WLHRealSpinOrbit_r1_p": 0.7475689461,
  "WLHRealSpinOrbit_a0_p": 0.7437645874,
  "WLHRealSpinOrbit_a1_p": 0.0003303871,
  "WLHRealSpinOrbit_V0_n": 9.5430400206,
  "WLHRealSpinOrbit_V1_n": 0.0085038811,
  "WLHRealSpinOrbit_r0_n": 1.2780251862,
  "WLHRealSpinOrbit_r1_n": 0.8797547473,
  "WLHRealSpinOrbit_a0_n": 0.8072774817,
  "WLHRealSpinOrbit_a1_n": 0.0003408744
}