{
  "WLHReal_V0_p": 53.2857473695,
  "WLHReal_V1_p": 0.3130320409,
  "WLHReal_V2_p": -0.0003480516,
  "WLHReal_V3_p": 2.9869e-06,
  "WLHReal_V4_p": 11.5265696202,
  "WLHReal_V5_p": 0.1422256796,
  "WLHReal_V6_p": 0.0004217769,
  "WLHReal_r0_p": 1.3436762047,
  "WLHReal_r1_p": 0.3424893801,
  "WLHReal_r2_p": 0.0008691931,
  "WLHReal_r3_p": 7.5789e-06,
  "WLHReal_a0_p": 0.7976539893,
  "WLHReal_a1_p": 0.0001275466,
  "WLHReal_a2_p": 6.3236e-06,
  "WLHReal_a3_p": 0.0382318136,
  "WLHReal_a4_p": 0.5744716325,
  "WLHReal_V0_n": 51.6756401181,
  "WLHReal_V1_n": 0.2790501832,
  "WLHReal_V2_n": -0.0006069052,
  "WLHReal_V3_n": 3.9981e-06,
  "WLHReal_V4_n": 20.792896259,
  "WLHReal_V5_n": 0.3073207496,
  "WLHReal_V6_n": 0.001385816,
  "WLHReal_r0_n": 1.3206573487,
  "WLHReal_r1_n": 0.3087892171,
  "WLHReal_r2_n": 0.0011176966,
  "WLHReal_r3_n": 1.27677e-05,
  "WLHReal_a0_n": 0.7579439965,
  "WLHReal_a1_n": 0.0011203401,
  "WLHReal_a2_n": 1.59556e-05,
  "WLHReal_a3_n": 0.3176937093,
  "WLHReal_a4_n": 0.9892032729,
  "WLHImagVolume_W0_p": 5.0714445647,
  "WLHImagVolume_W1_p": 0.2587854683,
  "WLHImagVolume_W2_p": 0.0005207633,
  "WLHImagVolume_W3_p": 11.7201825677,
  "WLHImagVolume_W4_p": 0.0890099168,
  "WLHImagVolume_r0_p": 0.5768611844,
  "WLHImagVolume_r1_p": 57.2654465194,
  "WLHImagVolume_r2_p": 0.724412608,
  "WLHImagVolume_r3_p": 66.6519247294,
  "WLHImagVolume_r4_p": 0.5367788558,
  "WLHImagVolume_r5_p": 1.0764e-06,
  "WLHImagVolume_a0_p": 0.5770804622,
  "WLHImagVolume_a1_p": 0.2881953232,
  "WLHImagVolume_a2_p": 16.1257311786,
  "WLHImagVolume_a3_p": 0.4276435846,
  "WLHImagVolume_a4_p": 0.0026248415,
  "WLHImagVolume_W0_n": 3.3158880832,
  "WLHImagVolume_W1_n": 0.2611086687,
  "WLHImagVolume_W2_n": 0.0005572445,
  "WLHImagVolume_W3_n": 9.3340855368,
  "WLHImagVolume_W4_n": 0.0163165543,
  "WLHImagVolume_r0_n": 0.5831070639,
  "WLHImagVolume_r1_n": 82.0588919577,
  "WLHImagVolume_r2_n": 0.7301020808,
  "WLHImagVolume_r3_n": 93.5460488523,
  "WLHImagVolume_r4_n": 0.9339778944,
  "WLHImagVolume_r5_n": 4.4691e-06,
  "WLHImagVolume_a0_n": 0.2683215066,
  "WLHImagVolume_a1_n": 0.561405752,
  "WLHImagVolume_a2_n": 5.3615330603,
  "WLHImagVolume_a3_n": 0.0459432527,
  "WLHImagVolume_a4_n": 0.0004826805,
  "WLHImagSurface_W0_p": 0.917940485,
  "WLHImagSurface_W1_p": 0.0447422073,
  "WLHImagSurface_W2_p": 0.9163330882,
  "WLHImagSurface_W3_p": 0.1640939973,
  "WLHImagSurface_r0_p": 0.9459874939,
  "WLHImagSurface_r1_p": 0.3972714661,
  "WLHImagSurface_r2_p": 0.0023372425,
  "WLHImagSurface_a0_p": 0.7942692361,
  "WLHImagSurface_W0_n": 1.640508936,
  "WLHImagSurface_W1_n": 0.0476936273,
  "WLHImagSurface_W2_n": 2.3585966404,
  "WLHImagSurface_W3_n": 0.1681783357,
  "WLHImagSurface_r0_n": 1.2935090883,
  "WLHImagSurface_r1_n": 1.5569465405,
  "WLHImagSurface_r2_n": 0.0025127501,
  "WLHImagSurface_a0_n": 0.8656578634,
  "WLHRealSpinOrbit_V0_p": 9.2055291086,
  "WLHRealSpinOrbit_V1_p": 0.0084007524,
  "WLHRealSpinOrbit_r0_p": 1.3062192756,
  "WLHRealSpinOrbit_r1_p": 0.9145644396,
  "WLHRealSpinOrbit_a0_p": 0.8235732546,
  "WLHRealSpinOrbit_a1_p": 0.0003470033,
  "WLHRealSpinOrbit_V0_n": 9.5010050084,
  "WLHRealSpinOrbit_V1_n": 0.0087267398,
  "WLHRealSpinOrbit_r0_n": 1.3074063754,
  "WLHRealSpinOrbit_r1_n": 0.9204552333,
  "WLHRealSpinOrbit_a0_n": 0.8296799785,
  "WLHRealSpinOrbit_a1_n": 0.0003430329
}