{
  "WLHReal_V0_p": 54.966046371,
  "WLHReal_V1_p": 0.3107157881,
  "WLHReal_V2_p": -5.515e-05,
  "WLHReal_V3_p": 2.8726e-06,
  "WLHReal_V4_p": 12.7483273557,
  "WLHReal_V5_p": 0.1439675211,
  "WLHReal_V6_p": 0.0003378202,
  "WLHReal_r0_p": 1.3075630448,
  "WLHReal_r1_p": 0.3369358362,
  "WLHReal_r2_p": 0.0007723091,
  "WLHReal_r3_p": 5.9997e-06,
  "WLHReal_a0_p": 0.783887167,
  "WLHReal_a1_p": 0.0001975748,
  "WLHReal_a2_p": 4.0729e-06,
  "WLHReal_a3_p": 0.063883352,
  "WLHReal_a4_p": 0.5763623963,
  "WLHReal_V0_n": 49.6928546941,
  "WLHReal_V1_n": 0.283586205,
  "WLHReal_V2_n": -0.0005482298,
  "WLHReal_V3_n": 3.9476e-06,
  "WLHReal_V4_n": 20.7063335077,
  "WLHReal_V5_n": 0.2941626583,
  "WLHReal_V6_n": 0.0013509017,
  "WLHReal_r0_n": 1.3153520549,
  "WLHReal_r1_n": 0.2450776654,
  "WLHReal_r2_n": 0.001185161,
  "WLHReal_r3_n": 1.32939e-05,
  "WLHReal_a0_n": 0.7547134986,
  "WLHReal_a1_n": 0.0013118261,
  "WLHReal_a2_n": 1.78655e-05,
  "WLHReal_a3_n": 0.3655918815,
  "WLHReal_a4_n": 1.075312765,
  "WLHImagVolume_W0_p": 4.5802867355,
  "WLHImagVolume_W1_p": 0.261703826,
  "WLHImagVolume_W2_p": 0.0004521274,
  "WLHImagVolume_W3_p": 12.5388381664,
  "WLHImagVolume_W4_p": 0.085841587,
  "WLHImagVolume_r0_p": 0.5933877613,
  "WLHImagVolume_r1_p": 50.1741236346,
  "WLHImagVolume_r2_p": 0.6652789753,
  "WLHImagVolume_r3_p": 59.7482719254,
  "WLHImagVolume_r4_p": 0.6091506024,
  "WLHImagVolume_r5_p": 1.5174e-06,
  "WLHImagVolume_a0_p": 0.565134143,
  "WLHImagVolume_a1_p": 0.2729979552,
  "WLHImagVolume_a2_p": 14.3133297931,
  "WLHImagVolume_a3_p": 0.4278445093,
  "WLHImagVolume_a4_p": 0.00254314,
  "WLHImagVolume_W0_n": 2.9021620776,
  "WLHImagVolume_W1_n": 0.2049067324,
  "WLHImagVolume_W2_n": 0.0005130265,
  "WLHImagVolume_W3_n": 8.2036731899,
  "WLHImagVolume_W4_n": -0.0045921162,
  "WLHImagVolume_r0_n": 0.5372736872,
  "WLHImagVolume_r1_n": 100.4789691298,
  "WLHImagVolume_r2_n": 0.7745670277,
  "WLHImagVolume_r3_n": 101.706842387,
  "WLHImagVolume_r4_n": 0.7994759552,
  "WLHImagVolume_r5_n": 3.8269e-06,
  "WLHImagVolume_a0_n": 0.2346397434,
  "WLHImagVolume_a1_n": 0.5762167681,
  "WLHImagVolume_a2_n": 6.2819206096,
  "WLHImagVolume_a3_n": 0.0481792574,
  "WLHImagVolume_a4_n": 8.17842e-05,
  "WLHImagSurface_W0_p": 0.9551570562,
  "WLHImagSurface_W1_p": 0.0435777525,
  "WLHImagSurface_W2_p": 1.0677750513,
  "WLHImagSurface_W3_p": 0.1596689645,
  "WLHImagSurface_r0_p": 0.9657885781,
  "WLHImagSurface_r1_p": 0.5743243709,
  "WLHImagSurface_r2_p": 0.004289994,
  "WLHImagSurface_a0_p": 0.7472688681,
  "WLHImagSurface_W0_n": 1.5905280621,
  "WLHImagSurface_W1_n": 0.0470035811,
  "WLHImagSurface_W2_n": 2.1669556618,
  "WLHImagSurface_W3_n": 0.1646507349,
  "WLHImagSurface_r0_n": 1.3229294337,
  "WLHImagSurface_r1_n": 1.5477002599,
  "WLHImagSurface_r2_n": 0.0024931018,
  "WLHImagSurface_a0_n": 0.8696813978,
  "WLHRealSpinOrbit_V0_p": 9.6256361483,
  "WLHRealSpinOrbit_V1_p": 0.0084608872,
  "WLHRealSpinOrbit_r0_p": 1.2695972607,
  "WLHRealSpinOrbit_r1_p": 0.8603237731,
  "WLHRealSpinOrbit_a0_p": 0.7981203885,
  "WLHRealSpinOrbit_a1_p": 0.0003466332,
  "WLHRealSpinOrbit_V0_n": 9.2652467454,
  "WLHRealSpinOrbit_V1_n": 0.008512019,
  "WLHRealSpinOrbit_r0_n": 1.3098053728,
  "WLHRealSpinOrbit_r1_n": 0.9223671958,
  "WLHRealSpinOrbit_a0_n": 0.8289877776,
  "WLHRealSpinOrbit_a1_n": 0.0003505291
}