{
  "WLHReal_V0_p": 56.3364153669,
  "WLHReal_V1_p": 0.3222550591,
  "WLHReal_V2_p": -7.61594e-05,
  "WLHReal_V3_p": 2.2628e-06,
  "WLHReal_V4_p": 12.348030163,
  "WLHReal_V5_p": 0.1542931949,
  "WLHReal_V6_p": 0.0003746426,
  "WLHReal_r0_p": 1.3134715943,
  "WLHReal_r1_p": 0.3698665271,
  "WLHReal_r2_p": 0.0008145888,
  "WLHReal_r3_p": 5.6991e-06,
  "WLHReal_a0_p": 0.7927691633,
  "WLHReal_a1_p": 0.0002814142,
  "WLHReal_a2_p": 3.7325e-06,
  "WLHReal_a3_p": 0.0794192405,
  "WLHReal_a4_p": 0.6102430941,
  "WLHReal_V0_n": 50.9767292386,
  "WLHReal_V1_n": 0.2755980062,
  "WLHReal_V2_n": -0.0001149648,
  "WLHReal_V3_n": 1.6892e-06,
  "WLHReal_V4_n": 21.5985861358,
  "WLHReal_V5_n": 0.262265664,
  "WLHReal_V6_n": 0.0009409333,
  "WLHReal_r0_n": 1.2780426959,
  "WLHReal_r1_n": 0.2384188733,
  "WLHReal_r2_n": 0.0008901173,
  "WLHReal_r3_n": 9.0288e-06,
  "WLHReal_a0_n": 0.7318842355,
  "WLHReal_a1_n": 0.0008939563,
  "WLHReal_a2_n": 1.0763e-05,
  "WLHReal_a3_n": 0.3269651979,
  "WLHReal_a4_n": 0.9322743145,
  "WLHImagVolume_W0_p": 5.0428422625,
  "WLHImagVolume_W1_p": 0.3058087461,
  "WLHImagVolume_W2_p": 0.0005738891,
  "WLHImagVolume_W3_p": 13.8462622286,
  "WLHImagVolume_W4_p": 0.0981203987,
  "WLHImagVolume_r0_p": 0.5606614171,
  "WLHImagVolume_r1_p": 51.7925637728,
  "WLHImagVolume_r2_p": 0.6969818567,
  "WLHImagVolume_r3_p": 60.1846189716,
  "WLHImagVolume_r4_p": 0.6038919687,
  "WLHImagVolume_r5_p": 2.3076e-06,
  "WLHImagVolume_a0_p": 0.5799975586,
  "WLHImagVolume_a1_p": 0.2671316287,
  "WLHImagVolume_a2_p": 13.6790759132,
  "WLHImagVolume_a3_p": 0.449257464,
  "WLHImagVolume_a4_p": 0.0028437049,
  "WLHImagVolume_W0_n": 2.2647836099,
  "WLHImagVolume_W1_n": 0.1739537978,
  "WLHImagVolume_W2_n": 0.0002779333,
  "WLHImagVolume_W3_n": 7.4126987647,
  "WLHImagVolume_W4_n": -0.0021684134,
  "WLHImagVolume_r0_n": 0.5600716974,
  "WLHImagVolume_r1_n": 86.2285442357,
  "WLHImagVolume_r2_n": 0.7119672082,
  "WLHImagVolume_r3_n": 85.2232663954,
  "WLHImagVolume_r4_n": 0.8588067226,
  "WLHImagVolume_r5_n": 2.9427e-06,
  "WLHImagVolume_a0_n": 0.2045007428,
  "WLHImagVolume_a1_n": 0.5992402311,
  "WLHImagVolume_a2_n": 8.6485778441,
  "WLHImagVolume_a3_n": 0.0666918856,
  "WLHImagVolume_a4_n": 0.0003903361,
  "WLHImagSurface_W0_p": 0.9157779619,
  "WLHImagSurface_W1_p": 0.0435147768,
  "WLHImagSurface_W2_p": 1.0372074844,
  "WLHImagSurface_W3_p": 0.166175806,
  "WLHImagSurface_r0_p": 0.9492045866,
  "WLHImagSurface_r1_p": 0.6552950621,
  "WLHImagSurface_r2_p": 0.0039823823,
  "WLHImagSurface_a0_p": 0.7182396501,
  "WLHImagSurface_W0_n": 1.336307992,
  "WLHImagSurface_W1_n": 0.0258882161,
  "WLHImagSurface_W2_n": 1.584958927,
  "WLHImagSurface_W3_n": 0.0994131112,
  "WLHImagSurface_r0_n": 1.2961671198,
  "WLHImagSurface_r1_n": 1.3664780728,
  "WLHImagSurface_r2_n": 0.0031393097,
  "WLHImagSurface_a0_n": 0.8499233442,
  "WLHRealSpinOrbit_V0_p": 9.6687139934,
  "WLHRealSpinOrbit_V1_p": 0.0085241944,
  "WLHRealSpinOrbit_r0_p": 1.2679743792,
  "WLHRealSpinOrbit_r1_p": 0.8645548729,
  "WLHRealSpinOrbit_a0_p": 0.7992237206,
  "WLHRealSpinOrbit_a1_p": 0.0003335075,
  "WLHRealSpinOrbit_V0_n": 9.6509564736,
  "WLHRealSpinOrbit_V1_n": 0.0084395419,
  "WLHRealSpinOrbit_r0_n": 1.2680767597,
  "WLHRealSpinOrbit_r1_n": 0.8516098429,
  "WLHRealSpinOrbit_a0_n": 0.7959177057,
  "WLHRealSpinOrbit_a1_n": 0.0003620272
}