{
  "WLHReal_V0_p": 47.0893553051,
  "WLHReal_V1_p": 0.2824174311,
  "WLHReal_V2_p": -0.0011774089,
  "WLHReal_V3_p": 6.1098e-06,
  "WLHReal_V4_p": 9.7514616577,
  "WLHReal_V5_p": 0.1194341631,
  "WLHReal_V6_p": 0.0006239141,
  "WLHReal_r0_p": 1.4103663447,
  "WLHReal_r1_p": 0.2627331744,
  "WLHReal_r2_p": 0.0011293422,
  "WLHReal_r3_p": 1.41799e-05,
  "WLHReal_a0_p": 0.8177525519,
  "WLHReal_a1_p": -0.0001525103,
  "WLHReal_a2_p": 1.42329e-05,
  "WLHReal_a3_p": -0.0672758931,
  "WLHReal_a4_p": 0.5120833527,
  "WLHReal_V0_n": 52.8344262842,
  "WLHReal_V1_n": 0.272709073,
  "WLHReal_V2_n": -5.16152e-05,
  "WLHReal_V3_n": 1.8532e-06,
  "WLHReal_V4_n": 21.670536504,
  "WLHReal_V5_n": 0.2669918758,
  "WLHReal_V6_n": 0.0008516763,
  "WLHReal_r0_n": 1.282545743,
  "WLHReal_r1_n": 0.3135264681,
  "WLHReal_r2_n": 0.0007313872,
  "WLHReal_r3_n": 5.835e-06,
  "WLHReal_a0_n": 0.7285298213,
  "WLHReal_a1_n": 0.0006133668,
  "WLHReal_a2_n": 6.2506e-06,
  "WLHReal_a3_n": 0.2587987526,
  "WLHReal_a4_n": 0.7900017562,
  "WLHImagVolume_W0_p": 5.7874539558,
  "WLHImagVolume_W1_p": 0.1786388974,
  "WLHImagVolume_W2_p": 0.0003318189,
  "WLHImagVolume_W3_p": 7.3033879299,
  "WLHImagVolume_W4_p": 0.0800056574,
  "WLHImagVolume_r0_p": 0.7453643183,
  "WLHImagVolume_r1_p": 51.3596005932,
  "WLHImagVolume_r2_p": 0.6511173664,
  "WLHImagVolume_r3_p": 67.6239310908,
  "WLHImagVolume_r4_p": 0.5283309905,
  "WLHImagVolume_r5_p": 4.42e-07,
  "WLHImagVolume_a0_p": 0.6135175102,
  "WLHImagVolume_a1_p": 0.290035637,
  "WLHImagVolume_a2_p": 17.7786388494,
  "WLHImagVolume_a3_p": 0.4306536098,
  "WLHImagVolume_a4_p": 0.0029059766,
  "WLHImagVolume_W0_n": 2.3732838708,
  "WLHImagVolume_W1_n": 0.219154717,
  "WLHImagVolume_W2_n": 0.0003176162,
  "WLHImagVolume_W3_n": 7.9427296253,
  "WLHImagVolume_W4_n": 0.0189016361,
  "WLHImagVolume_r0_n": 0.574077064,
  "WLHImagVolume_r1_n": 72.8834193244,
  "WLHImagVolume_r2_n": 0.6971001219,
  "WLHImagVolume_r3_n": 77.5390843139,
  "WLHImagVolume_r4_n": 0.9517174228,
  "WLHImagVolume_r5_n": 3.5163e-06,
  "WLHImagVolume_a0_n": 0.2225478106,
  "WLHImagVolume_a1_n": 0.600074965,
  "WLHImagVolume_a2_n": 8.4841251272,
  "WLHImagVolume_a3_n": 0.0730728844,
  "WLHImagVolume_a4_n": 0.0008219852,
  "WLHImagSurface_W0_p": 0.5989658103,
  "WLHImagSurface_W1_p": 0.0187837592,
  "WLHImagSurface_W2_p": -0.0619444117,
  "WLHImagSurface_W3_p": 0.0567073734,
  "WLHImagSurface_r0_p": 0.804452548,
  "WLHImagSurface_r1_p": -0.3230145608,
  "WLHImagSurface_r2_p": -0.0028002341,
  "WLHImagSurface_a0_p": 0.8600552126,
  "WLHImagSurface_W0_n": 1.3959660787,
  "WLHImagSurface_W1_n": 0.0250056963,
  "WLHImagSurface_W2_n": 1.9230625087,
  "WLHImagSurface_W3_n": 0.1013644069,
  "WLHImagSurface_r0_n": 1.2757768142,
  "WLHImagSurface_r1_n": 1.3611256744,
  "WLHImagSurface_r2_n": 0.0033562846,
  "WLHImagSurface_a0_n": 0.8423499127,
  "WLHRealSpinOrbit_V0_p": 8.4867404152,
  "WLHRealSpinOrbit_V1_p": 0.0085628513,
  "WLHRealSpinOrbit_r0_p": 1.3984315002,
  "WLHRealSpinOrbit_r1_p": 1.0475113132,
  "WLHRealSpinOrbit_a0_p": 0.8908553448,
  "WLHRealSpinOrbit_a1_p": 0.0003606897,
  "WLHRealSpinOrbit_V0_n": 9.7904249824,
  "WLHRealSpinOrbit_V1_n": 0.0084758921,
  "WLHRealSpinOrbit_r0_n": 1.2607988702,
  "WLHRealSpinOrbit_r1_n": 0.8359713242,
  "WLHRealSpinOrbit_a0_n": 0.7892784145,
  "WLHRealSpinOrbit_a1_n": 0.0003659798
}