{
  "WLHReal_V0_p": 52.3452758061,
  "WLHReal_V1_p": 0.3005135937,
  "WLHReal_V2_p": -0.0004836804,
  "WLHReal_V3_p": 3.2164e-06,
  "WLHReal_V4_p": 11.7470429614,
  "WLHReal_V5_p": 0.1283076252,
  "WLHReal_V6_p": 0.000440043,
  "WLHReal_r0_p": 1.3313752435,
  "WLHReal_r1_p": 0.2686415114,
  "WLHReal_r2_p": 0.0010082829,
  "WLHReal_r3_p": 1.04756e-05,
  "WLHReal_a0_p": 0.7958569902,
  "WLHReal_a1_p": 6.00298e-05,
  "WLHReal_a2_p": 8.0907e-06,
  "WLHReal_a3_p": 0.0162406092,
  "WLHReal_a4_p": 0.5778218599,
  "WLHReal_V0_n": 51.1074637744,
  "WLHReal_V1_n": 0.2690030916,
  "WLHReal_V2_n": -0.0005106779,
  "WLHReal_V3_n": 3.5182e-06,
  "WLHReal_V4_n": 21.246385764,
  "WLHReal_V5_n": 0.2946485789,
  "WLHReal_V6_n": 0.001289785,
  "WLHReal_r0_n": 1.3073792157,
  "WLHReal_r1_n": 0.277389555,
  "WLHReal_r2_n": 0.0010792795,
  "WLHReal_r3_n": 1.16915e-05,
  "WLHReal_a0_n": 0.7515951793,
  "WLHReal_a1_n": 0.0010852805,
  "WLHReal_a2_n": 1.54253e-05,
  "WLHReal_a3_n": 0.334875397,
  "WLHReal_a4_n": 0.9948244356,
  "WLHImagVolume_W0_p": 5.0962428774,
  "WLHImagVolume_W1_p": 0.2329731898,
  "WLHImagVolume_W2_p": 0.0003676451,
  "WLHImagVolume_W3_p": 10.9981660666,
  "WLHImagVolume_W4_p": 0.0833480094,
  "WLHImagVolume_r0_p": 0.7088562833,
  "WLHImagVolume_r1_p": 45.2332770518,
  "WLHImagVolume_r2_p": 0.5923060385,
  "WLHImagVolume_r3_p": 60.4658489636,
  "WLHImagVolume_r4_p": 0.652269141,
  "WLHImagVolume_r5_p": 1.29e-06,
  "WLHImagVolume_a0_p": 0.5892077322,
  "WLHImagVolume_a1_p": 0.2658412092,
  "WLHImagVolume_a2_p": 14.5158747325,
  "WLHImagVolume_a3_p": 0.4377976636,
  "WLHImagVolume_a4_p": 0.002799883,
  "WLHImagVolume_W0_n": 2.986737219,
  "WLHImagVolume_W1_n": 0.2246385668,
  "WLHImagVolume_W2_n": 0.0004065472,
  "WLHImagVolume_W3_n": 8.7406120272,
  "WLHImagVolume_W4_n": 0.0032713701,
  "WLHImagVolume_r0_n": 0.5996437061,
  "WLHImagVolume_r1_n": 79.4485387541,
  "WLHImagVolume_r2_n": 0.7003658989,
  "WLHImagVolume_r3_n": 88.9973815168,
  "WLHImagVolume_r4_n": 0.9439465069,
  "WLHImagVolume_r5_n": 4.0064e-06,
  "WLHImagVolume_a0_n": 0.2546232052,
  "WLHImagVolume_a1_n": 0.5670665716,
  "WLHImagVolume_a2_n": 6.5105491507,
  "WLHImagVolume_a3_n": 0.0570229857,
  "WLHImagVolume_a4_n": 0.0005094219,
  "WLHImagSurface_W0_p": 0.6858312782,
  "WLHImagSurface_W1_p": 0.0184556578,
  "WLHImagSurface_W2_p": 0.1377723027,
  "WLHImagSurface_W3_p": 0.0575247694,
  "WLHImagSurface_r0_p": 0.8762769125,
  "WLHImagSurface_r1_p": 0.1928353181,
  "WLHImagSurface_r2_p": 0.0014144739,
  "WLHImagSurface_a0_p": 0.7791776287,
  "WLHImagSurface_W0_n": 1.4093181609,
  "WLHImagSurface_W1_n": 0.0367793184,
  "WLHImagSurface_W2_n": 1.8167606139,
  "WLHImagSurface_W3_n": 0.1351759966,
  "WLHImagSurface_r0_n": 1.2875354706,
  "WLHImagSurface_r1_n": 1.4699836998,
  "WLHImagSurface_r2_n": 0.0025502429,
  "WLHImagSurface_a0_n": 0.863473601,
  "WLHRealSpinOrbit_V0_p": 9.4113756218,
  "WLHRealSpinOrbit_V1_p": 0.0086880714,
  "WLHRealSpinOrbit_r0_p": 1.3108462558,
  "WLHRealSpinOrbit_r1_p": 0.9285356048,
  "WLHRealSpinOrbit_a0_p": 0.8325088491,
  "WLHRealSpinOrbit_a1_p": 0.0003393517,
  "WLHRealSpinOrbit_V0_n": 9.620405105,
  "WLHRealSpinOrbit_V1_n": 0.0087267766,
  "WLHRealSpinOrbit_r0_n": 1.2974605196,
  "WLHRealSpinOrbit_r1_n": 0.9017817083,
  "WLHRealSpinOrbit_a0_n": 0.8217368798,
  "WLHRealSpinOrbit_a1_n": 0.0003511437
}