{
  "WLHReal_V0_p": 52.4667475898,
  "WLHReal_V1_p": 0.2791036115,
  "WLHReal_V2_p": -0.0003303931,
  "WLHReal_V3_p": 2.6808e-06,
  "WLHReal_V4_p": 13.1652316089,
  "WLHReal_V5_p": 0.1307354677,
  "WLHReal_V6_p": 0.0004016,
  "WLHReal_r0_p": 1.3110288617,
  "WLHReal_r1_p": 0.2707861206,
  "WLHReal_r2_p": 0.0008330953,
  "WLHReal_r3_p": 8.4759e-06,
  "WLHReal_a0_p": 0.7812562056,
  "WLHReal_a1_p": 8.96082e-05,
  "WLHReal_a2_p": 6.8492e-06,
  "WLHReal_a3_p": 0.0126568839,
  "WLHReal_a4_p": 0.5226521232,
  "WLHReal_V0_n": 52.1177373328,
  "WLHReal_V1_n": 0.254241758,
  "WLHReal_V2_n": -0.0002308872,
  "WLHReal_V3_n": 1.5874e-06,
  "WLHReal_V4_n": 22.3157078573,
  "WLHReal_V5_n": 0.2703460613,
  "WLHReal_V6_n": 0.0010384017,
  "WLHReal_r0_n": 1.2674765701,
  "WLHReal_r1_n": 0.2381912639,
  "WLHReal_r2_n": 0.000917143,
  "WLHReal_r3_n": 1.0263e-05,
  "WLHReal_a0_n": 0.7364827277,
  "WLHReal_a1_n": 0.0008160738,
  "WLHReal_a2_n": 1.05988e-05,
  "WLHReal_a3_n": 0.3373448717,
  "WLHReal_a4_n": 0.9460988269,
  "WLHImagVolume_W0_p": 4.5284576651,
  "WLHImagVolume_W1_p": 0.2040929761,
  "WLHImagVolume_W2_p": 0.0001836961,
  "WLHImagVolume_W3_p": 10.0737317535,
  "WLHImagVolume_W4_p": 0.0759552857,
  "WLHImagVolume_r0_p": 0.7704464646,
  "WLHImagVolume_r1_p": 31.785791518,
  "WLHImagVolume_r2_p": 0.5031022625,
  "WLHImagVolume_r3_p": 47.3997567344,
  "WLHImagVolume_r4_p": 0.7235366984,
  "WLHImagVolume_r5_p": 1.9981e-06,
  "WLHImagVolume_a0_p": 0.5843676546,
  "WLHImagVolume_a1_p": 0.244950942,
  "WLHImagVolume_a2_p": 12.3471032398,
  "WLHImagVolume_a3_p": 0.4391866814,
  "WLHImagVolume_a4_p": 0.0027807313,
  "WLHImagVolume_W0_n": 2.6465236955,
  "WLHImagVolume_W1_n": 0.1915317575,
  "WLHImagVolume_W2_n": 0.0001181325,
  "WLHImagVolume_W3_n": 8.5159983955,
  "WLHImagVolume_W4_n": -0.0019349521,
  "WLHImagVolume_r0_n": 0.6721233304,
  "WLHImagVolume_r1_n": 58.4168222555,
  "WLHImagVolume_r2_n": 0.5877762931,
  "WLHImagVolume_r3_n": 71.075218661,
  "WLHImagVolume_r4_n": 1.0582794774,
  "WLHImagVolume_r5_n": 4.5992e-06,
  "WLHImagVolume_a0_n": 0.2409631007,
  "WLHImagVolume_a1_n": 0.5697273201,
  "WLHImagVolume_a2_n": 8.244303535,
  "WLHImagVolume_a3_n": 0.0679045064,
  "WLHImagVolume_a4_n": 0.0007580173,
  "WLHImagSurface_W0_p": 0.7199805259,
  "WLHImagSurface_W1_p": 0.0188831501,
  "WLHImagSurface_W2_p": 0.4988116564,
  "WLHImagSurface_W3_p": 0.0610576286,
  "WLHImagSurface_r0_p": 0.8583547915,
  "WLHImagSurface_r1_p": 0.2345128469,
  "WLHImagSurface_r2_p": 0.0028240195,
  "WLHImagSurface_a0_p": 0.7082908864,
  "WLHImagSurface_W0_n": 1.0421777529,
  "WLHImagSurface_W1_n": 0.0139711681,
  "WLHImagSurface_W2_n": 0.7978392888,
  "WLHImagSurface_W3_n": 0.0605604129,
  "WLHImagSurface_r0_n": 1.2480843757,
  "WLHImagSurface_r1_n": 1.2792346183,
  "WLHImagSurface_r2_n": 0.0028866567,
  "WLHImagSurface_a0_n": 0.849289467,
  "WLHRealSpinOrbit_V0_p": 9.6877917177,
  "WLHRealSpinOrbit_V1_p": 0.0087266816,
  "WLHRealSpinOrbit_r0_p": 1.292735952,
  "WLHRealSpinOrbit_r1_p": 0.891247936,
  "WLHRealSpinOrbit_a0_p": 0.8171963837,
  "WLHRealSpinOrbit_a1_p": 0.0003556749,
  "WLHRealSpinOrbit_V0_n": 10.1628384358,
  "WLHRealSpinOrbit_V1_n": 0.0089020525,
  "WLHRealSpinOrbit_r0_n": 1.261004544,
  "WLHRealSpinOrbit_r1_n": 0.8464682012,
  "WLHRealSpinOrbit_a0_n": 0.7975350985,
  "WLHRealSpinOrbit_a1_n": 0.0003527807
}