{
  "WLHReal_V0_p": 51.9317540587,
  "WLHReal_V1_p": 0.2990949602,
  "WLHReal_V2_p": -0.0004090929,
  "WLHReal_V3_p": 3.2748e-06,
  "WLHReal_V4_p": 11.9667856059,
  "WLHReal_V5_p": 0.1221906105,
  "WLHReal_V6_p": 0.0003990339,
  "WLHReal_r0_p": 1.3234789751,
  "WLHReal_r1_p": 0.2505813594,
  "WLHReal_r2_p": 0.0009849898,
  "WLHReal_r3_p": 9.8627e-06,
  "WLHReal_a0_p": 0.7897583296,
  "WLHReal_a1_p": 2.0651e-05,
  "WLHReal_a2_p": 8.588e-06,
  "WLHReal_a3_p": 0.0162085707,
  "WLHReal_a4_p": 0.5697255279,
  "WLHReal_V0_n": 50.4618042414,
  "WLHReal_V1_n": 0.2814839244,
  "WLHReal_V2_n": -0.0007384263,
  "WLHReal_V3_n": 4.4951e-06,
  "WLHReal_V4_n": 20.3368202082,
  "WLHReal_V5_n": 0.3157864929,
  "WLHReal_V6_n": 0.0014919633,
  "WLHReal_r0_n": 1.3419743979,
  "WLHReal_r1_n": 0.3198593298,
  "WLHReal_r2_n": 0.0011968531,
  "WLHReal_r3_n": 1.31559e-05,
  "WLHReal_a0_n": 0.7639794014,
  "WLHReal_a1_n": 0.0012820928,
  "WLHReal_a2_n": 1.68731e-05,
  "WLHReal_a3_n": 0.3243404266,
  "WLHReal_a4_n": 1.0187662845,
  "WLHImagVolume_W0_p": 4.7779538514,
  "WLHImagVolume_W1_p": 0.213303949,
  "WLHImagVolume_W2_p": 0.0003296881,
  "WLHImagVolume_W3_p": 10.651256736,
  "WLHImagVolume_W4_p": 0.076318419,
  "WLHImagVolume_r0_p": 0.7052560899,
  "WLHImagVolume_r1_p": 47.1411545953,
  "WLHImagVolume_r2_p": 0.5918470864,
  "WLHImagVolume_r3_p": 62.5413680935,
  "WLHImagVolume_r4_p": 0.6447056593,
  "WLHImagVolume_r5_p": 1.3541e-06,
  "WLHImagVolume_a0_p": 0.5750137112,
  "WLHImagVolume_a1_p": 0.2739687455,
  "WLHImagVolume_a2_p": 15.230549905,
  "WLHImagVolume_a3_p": 0.4209520192,
  "WLHImagVolume_a4_p": 0.0025452099,
  "WLHImagVolume_W0_n": 3.2847852888,
  "WLHImagVolume_W1_n": 0.2581005637,
  "WLHImagVolume_W2_n": 0.0006581803,
  "WLHImagVolume_W3_n": 8.9831238433,
  "WLHImagVolume_W4_n": 0.0102783181,
  "WLHImagVolume_r0_n": 0.5383308472,
  "WLHImagVolume_r1_n": 96.0499161752,
  "WLHImagVolume_r2_n": 0.7958214342,
  "WLHImagVolume_r3_n": 103.4758087669,
  "WLHImagVolume_r4_n": 0.8555610162,
  "WLHImagVolume_r5_n": 4.9692e-06,
  "WLHImagVolume_a0_n": 0.2679805374,
  "WLHImagVolume_a1_n": 0.5652687782,
  "WLHImagVolume_a2_n": 5.0205691282,
  "WLHImagVolume_a3_n": 0.0485103565,
  "WLHImagVolume_a4_n": 0.0003461751,
  "WLHImagSurface_W0_p": 0.7404037584,
  "WLHImagSurface_W1_p": 0.0208524312,
  "WLHImagSurface_W2_p": 0.1839669642,
  "WLHImagSurface_W3_p": 0.0619356739,
  "WLHImagSurface_r0_p": 0.9069034749,
  "WLHImagSurface_r1_p": 0.1978182285,
  "WLHImagSurface_r2_p": 0.001913351,
  "WLHImagSurface_a0_p": 0.8081657487,
  "WLHImagSurface_W0_n": 1.732647723,
  "WLHImagSurface_W1_n": 0.0562195147,
  "WLHImagSurface_W2_n": 2.7343459463,
  "WLHImagSurface_W3_n": 0.1993502927,
  "WLHImagSurface_r0_n": 1.3191899893,
  "WLHImagSurface_r1_n": 1.6326397438,
  "WLHImagSurface_r2_n": 0.0022948234,
  "WLHImagSurface_a0_n": 0.8746123229,
  "WLHRealSpinOrbit_V0_p": 9.4044468693,
  "WLHRealSpinOrbit_V1_p": 0.0086193798,
  "WLHRealSpinOrbit_r0_p": 1.305745513,
  "WLHRealSpinOrbit_r1_p": 0.9184885373,
  "WLHRealSpinOrbit_a0_p": 0.8275361535,
  "WLHRealSpinOrbit_a1_p": 0.0003439242,
  "WLHRealSpinOrbit_V0_n": 9.1699056353,
  "WLHRealSpinOrbit_V1_n": 0.0085773129,
  "WLHRealSpinOrbit_r0_n": 1.3276487959,
  "WLHRealSpinOrbit_r1_n": 0.9469683426,
  "WLHRealSpinOrbit_a0_n": 0.841482694,
  "WLHRealSpinOrbit_a1_n": 0.000350186
}