{
  "WLHReal_V0_p": 52.9461716122,
  "WLHReal_V1_p": 0.2870426368,
  "WLHReal_V2_p": 0.0003212139,
  "WLHReal_V3_p": 2.82e-08,
  "WLHReal_V4_p": 14.5953994156,
  "WLHReal_V5_p": 0.1204144076,
  "WLHReal_V6_p": 0.0001509848,
  "WLHReal_r0_p": 1.2660876819,
  "WLHReal_r1_p": 0.2666936553,
  "WLHReal_r2_p": 0.0005415157,
  "WLHReal_r3_p": 2.7638e-06,
  "WLHReal_a0_p": 0.7490631542,
  "WLHReal_a1_p": 3.96998e-05,
  "WLHReal_a2_p": 1.9795e-06,
  "WLHReal_a3_p": 0.0548785027,
  "WLHReal_a4_p": 0.4936877912,
  "WLHReal_V0_n": 50.9102797934,
  "WLHReal_V1_n": 0.2538400777,
  "WLHReal_V2_n": -8.6896e-06,
  "WLHReal_V3_n": 1.3135e-06,
  "WLHReal_V4_n": 22.0722593745,
  "WLHReal_V5_n": 0.2544503942,
  "WLHReal_V6_n": 0.0007722139,
  "WLHReal_r0_n": 1.283051078,
  "WLHReal_r1_n": 0.2887776961,
  "WLHReal_r2_n": 0.0007010112,
  "WLHReal_r3_n": 5.6193e-06,
  "WLHReal_a0_n": 0.7226766908,
  "WLHReal_a1_n": 0.0006477469,
  "WLHReal_a2_n": 6.3271e-06,
  "WLHReal_a3_n": 0.2799329132,
  "WLHReal_a4_n": 0.7935861227,
  "WLHImagVolume_W0_p": 2.8718353846,
  "WLHImagVolume_W1_p": 0.1540583463,
  "WLHImagVolume_W2_p": 0.000153924,
  "WLHImagVolume_W3_p": 10.0944644013,
  "WLHImagVolume_W4_p": 0.0508697278,
  "WLHImagVolume_r0_p": 0.6238845861,
  "WLHImagVolume_r1_p": 48.5809437516,
  "WLHImagVolume_r2_p": 0.6043103266,
  "WLHImagVolume_r3_p": 58.9663996432,
  "WLHImagVolume_r4_p": 0.6180116895,
  "WLHImagVolume_r5_p": 1.3259e-06,
  "WLHImagVolume_a0_p": 0.5039928192,
  "WLHImagVolume_a1_p": 0.2933378409,
  "WLHImagVolume_a2_p": 15.9205142189,
  "WLHImagVolume_a3_p": 0.3580390223,
  "WLHImagVolume_a4_p": 0.0014751761,
  "WLHImagVolume_W0_n": 1.7518709554,
  "WLHImagVolume_W1_n": 0.1594993081,
  "WLHImagVolume_W2_n": 0.0001475006,
  "WLHImagVolume_W3_n": 6.5963884072,
  "WLHImagVolume_W4_n": -0.0072736052,
  "WLHImagVolume_r0_n": 0.5637354029,
  "WLHImagVolume_r1_n": 78.784903221,
  "WLHImagVolume_r2_n": 0.7059005044,
  "WLHImagVolume_r3_n": 77.3746656251,
  "WLHImagVolume_r4_n": 0.9178594247,
  "WLHImagVolume_r5_n": 2.8894e-06,
  "WLHImagVolume_a0_n": 0.2032856299,
  "WLHImagVolume_a1_n": 0.6141648125,
  "WLHImagVolume_a2_n": 10.2365069566,
  "WLHImagVolume_a3_n": 0.0997854277,
  "WLHImagVolume_a4_n": 0.0008667426,
  "WLHImagSurface_W0_p": 1.2116086832,
  "WLHImagSurface_W1_p": 0.0550928211,
  "WLHImagSurface_W2_p": 1.5623830155,
  "WLHImagSurface_W3_p": 0.185597879,
  "WLHImagSurface_r0_p": 1.0757774099,
  "WLHImagSurface_r1_p": 0.5935499554,
  "WLHImagSurface_r2_p": 0.0071544015,
  "WLHImagSurface_a0_p": 0.8192126217,
  "WLHImagSurface_W0_n": 1.0564035984,
  "WLHImagSurface_W1_n": 0.0129824019,
  "WLHImagSurface_W2_n": 1.3744411923,
  "WLHImagSurface_W3_n": 0.072749318,
  "WLHImagSurface_r0_n": 1.2857542552,
  "WLHImagSurface_r1_n": 1.2756768915,
  "WLHImagSurface_r2_n": 0.0032184052,
  "WLHImagSurface_a0_n": 0.8464948695,
  "WLHRealSpinOrbit_V0_p": 9.7265021142,
  "WLHRealSpinOrbit_V1_p": 0.0081805848,
  "WLHRealSpinOrbit_r0_p": 1.2414134487,
  "WLHRealSpinOrbit_r1_p": 0.7987807342,
  "WLHRealSpinOrbit_a0_p": 0.769993901,
  "WLHRealSpinOrbit_a1_p": 0.0003809047,
  "WLHRealSpinOrbit_V0_n": 9.6996024576,
  "WLHRealSpinOrbit_V1_n": 0.0083363035,
  "WLHRealSpinOrbit_r0_n": 1.2630962744,
  "WLHRealSpinOrbit_r1_n": 0.8263556152,
  "WLHRealSpinOrbit_a0_n": 0.7860589662,
  "WLHRealSpinOrbit_a1_n": 0.0003888975
}