{
  "WLHReal_V0_p": 48.9993729134,
  "WLHReal_V1_p": 0.26945245,
  "WLHReal_V2_p": -0.0004432242,
  "WLHReal_V3_p": 3.145e-06,
  "WLHReal_V4_p": 12.6755204793,
  "WLHReal_V5_p": 0.1163501243,
  "WLHReal_V6_p": 0.0003820203,
  "WLHReal_r0_p": 1.3366871313,
  "WLHReal_r1_p": 0.2526417151,
  "WLHReal_r2_p": 0.0007665988,
  "WLHReal_r3_p": 8.6578e-06,
  "WLHReal_a0_p": 0.77697222,
  "WLHReal_a1_p": -9.63383e-05,
  "WLHReal_a2_p": 8.2858e-06,
  "WLHReal_a3_p": -0.0230899633,
  "WLHReal_a4_p": 0.4611012072,
  "WLHReal_V0_n": 52.9987493362,
  "WLHReal_V1_n": 0.2615635081,
  "WLHReal_V2_n": 3.83831e-05,
  "WLHReal_V3_n": 1.3955e-06,
  "WLHReal_V4_n": 22.2506930892,
  "WLHReal_V5_n": 0.2566673688,
  "WLHReal_V6_n": 0.0007677935,
  "WLHReal_r0_n": 1.26445066,
  "WLHReal_r1_n": 0.2866240327,
  "WLHReal_r2_n": 0.0006859517,
  "WLHReal_r3_n": 5.8634e-06,
  "WLHReal_a0_n": 0.7229648657,
  "WLHReal_a1_n": 0.0005285509,
  "WLHReal_a2_n": 5.5438e-06,
  "WLHReal_a3_n": 0.2715016722,
  "WLHReal_a4_n": 0.7891963746,
  "WLHImagVolume_W0_p": 4.0277746534,
  "WLHImagVolume_W1_p": 0.1332489819,
  "WLHImagVolume_W2_p": 0.0001178364,
  "WLHImagVolume_W3_p": 7.4413499118,
  "WLHImagVolume_W4_p": 0.0579538946,
  "WLHImagVolume_r0_p": 0.7295936694,
  "WLHImagVolume_r1_p": 44.0323870565,
  "WLHImagVolume_r2_p": 0.5824977693,
  "WLHImagVolume_r3_p": 58.1862432776,
  "WLHImagVolume_r4_p": 0.5943609505,
  "WLHImagVolume_r5_p": 1.0971e-06,
  "WLHImagVolume_a0_p": 0.5554423597,
  "WLHImagVolume_a1_p": 0.2866344879,
  "WLHImagVolume_a2_p": 16.4444956775,
  "WLHImagVolume_a3_p": 0.3879267153,
  "WLHImagVolume_a4_p": 0.0021092842,
  "WLHImagVolume_W0_n": 2.2177085049,
  "WLHImagVolume_W1_n": 0.1970329569,
  "WLHImagVolume_W2_n": 0.0001534492,
  "WLHImagVolume_W3_n": 7.8219207335,
  "WLHImagVolume_W4_n": 0.0115624774,
  "WLHImagVolume_r0_n": 0.6184687061,
  "WLHImagVolume_r1_n": 62.1336359181,
  "WLHImagVolume_r2_n": 0.6346489926,
  "WLHImagVolume_r3_n": 68.9334285872,
  "WLHImagVolume_r4_n": 1.0155052596,
  "WLHImagVolume_r5_n": 3.8994e-06,
  "WLHImagVolume_a0_n": 0.2188284959,
  "WLHImagVolume_a1_n": 0.5978279529,
  "WLHImagVolume_a2_n": 9.3251923085,
  "WLHImagVolume_a3_n": 0.0798848445,
  "WLHImagVolume_a4_n": 0.0009376449,
  "WLHImagSurface_W0_p": 0.9143096966,
  "WLHImagSurface_W1_p": 0.0363558151,
  "WLHImagSurface_W2_p": 0.8669643701,
  "WLHImagSurface_W3_p": 0.1172634761,
  "WLHImagSurface_r0_p": 0.9266640064,
  "WLHImagSurface_r1_p": 0.0608440887,
  "WLHImagSurface_r2_p": 0.0023480108,
  "WLHImagSurface_a0_p": 0.8270163433,
  "WLHImagSurface_W0_n": 1.1569493597,
  "WLHImagSurface_W1_n": 0.0127196007,
  "WLHImagSurface_W2_n": 1.2891090553,
  "WLHImagSurface_W3_n": 0.0618488539,
  "WLHImagSurface_r0_n": 1.2556311624,
  "WLHImagSurface_r1_n": 1.2618550581,
  "WLHImagSurface_r2_n": 0.0034090996,
  "WLHImagSurface_a0_n": 0.8378999956,
  "WLHRealSpinOrbit_V0_p": 9.1090935473,
  "WLHRealSpinOrbit_V1_p": 0.0083629685,
  "WLHRealSpinOrbit_r0_p": 1.3231832537,
  "WLHRealSpinOrbit_r1_p": 0.9203949066,
  "WLHRealSpinOrbit_a0_p": 0.8307174893,
  "WLHRealSpinOrbit_a1_p": 0.0003837517,
  "WLHRealSpinOrbit_V0_n": 10.0642215288,
  "WLHRealSpinOrbit_V1_n": 0.008601321,
  "WLHRealSpinOrbit_r0_n": 1.2461726661,
  "WLHRealSpinOrbit_r1_n": 0.8137371719,
  "WLHRealSpinOrbit_a0_n": 0.7802649326,
  "WLHRealSpinOrbit_a1_n": 0.0003679019
}