{
  "WLHReal_V0_p": 50.5583678681,
  "WLHReal_V1_p": 0.271932307,
  "WLHReal_V2_p": -0.0008401312,
  "WLHReal_V3_p": 4.6835e-06,
  "WLHReal_V4_p": 11.8368670413,
  "WLHReal_V5_p": 0.1283054039,
  "WLHReal_V6_p": 0.0005625168,
  "WLHReal_r0_p": 1.3512825017,
  "WLHReal_r1_p": 0.2516564891,
  "WLHReal_r2_p": 0.0010491161,
  "WLHReal_r3_p": 1.29637e-05,
  "WLHReal_a0_p": 0.8022308568,
  "WLHReal_a1_p": 2.6836e-05,
  "WLHReal_a2_p": 1.09964e-05,
  "WLHReal_a3_p": -0.0318671129,
  "WLHReal_a4_p": 0.5271141964,
  "WLHReal_V0_n": 49.6521813601,
  "WLHReal_V1_n": 0.2519987133,
  "WLHReal_V2_n": -0.0006548059,
  "WLHReal_V3_n": 3.6276e-06,
  "WLHReal_V4_n": 21.3432761474,
  "WLHReal_V5_n": 0.3001130653,
  "WLHReal_V6_n": 0.0013830788,
  "WLHReal_r0_n": 1.323536647,
  "WLHReal_r1_n": 0.2823325634,
  "WLHReal_r2_n": 0.0011337407,
  "WLHReal_r3_n": 1.28732e-05,
  "WLHReal_a0_n": 0.7559183013,
  "WLHReal_a1_n": 0.0011921185,
  "WLHReal_a2_n": 1.68762e-05,
  "WLHReal_a3_n": 0.349818759,
  "WLHReal_a4_n": 1.0164566575,
  "WLHImagVolume_W0_p": 5.4811468434,
  "WLHImagVolume_W1_p": 0.2075068562,
  "WLHImagVolume_W2_p": 0.0001812754,
  "WLHImagVolume_W3_p": 9.0340441347,
  "WLHImagVolume_W4_p": 0.0847861337,
  "WLHImagVolume_r0_p": 0.8592107557,
  "WLHImagVolume_r1_p": 26.4889867722,
  "WLHImagVolume_r2_p": 0.4637688064,
  "WLHImagVolume_r3_p": 45.8307846957,
  "WLHImagVolume_r4_p": 0.7456991376,
  "WLHImagVolume_r5_p": 1.0582e-06,
  "WLHImagVolume_a0_p": 0.6264242368,
  "WLHImagVolume_a1_p": 0.2311911813,
  "WLHImagVolume_a2_p": 11.8717546075,
  "WLHImagVolume_a3_p": 0.4711065947,
  "WLHImagVolume_a4_p": 0.0033657592,
  "WLHImagVolume_W0_n": 2.8134138299,
  "WLHImagVolume_W1_n": 0.2031260811,
  "WLHImagVolume_W2_n": 0.0003474356,
  "WLHImagVolume_W3_n": 8.2474777415,
  "WLHImagVolume_W4_n": -0.013728582,
  "WLHImagVolume_r0_n": 0.6022455545,
  "WLHImagVolume_r1_n": 82.2557416118,
  "WLHImagVolume_r2_n": 0.7113031613,
  "WLHImagVolume_r3_n": 91.348112802,
  "WLHImagVolume_r4_n": 0.9485225736,
  "WLHImagVolume_r5_n": 3.8203e-06,
  "WLHImagVolume_a0_n": 0.2619776019,
  "WLHImagVolume_a1_n": 0.565234264,
  "WLHImagVolume_a2_n": 6.9021227513,
  "WLHImagVolume_a3_n": 0.0743703908,
  "WLHImagVolume_a4_n": 0.000606366,
  "WLHImagSurface_W0_p": 0.439116322,
  "WLHImagSurface_W1_p": -0.0018571882,
  "WLHImagSurface_W2_p": -0.237145677,
  "WLHImagSurface_W3_p": -0.0152969824,
  "WLHImagSurface_r0_p": 0.7395332814,
  "WLHImagSurface_r1_p": -0.1083678046,
  "WLHImagSurface_r2_p": -0.0005377127,
  "WLHImagSurface_a0_p": 0.6973703283,
  "WLHImagSurface_W0_n": 1.1989562652,
  "WLHImagSurface_W1_n": 0.0333320339,
  "WLHImagSurface_W2_n": 1.5785754404,
  "WLHImagSurface_W3_n": 0.1330467083,
  "WLHImagSurface_r0_n": 1.2939390103,
  "WLHImagSurface_r1_n": 1.4586648732,
  "WLHImagSurface_r2_n": 0.0021851237,
  "WLHImagSurface_a0_n": 0.8730089795,
  "WLHRealSpinOrbit_V0_p": 9.4146947319,
  "WLHRealSpinOrbit_V1_p": 0.0089697852,
  "WLHRealSpinOrbit_r0_p": 1.3417135048,
  "WLHRealSpinOrbit_r1_p": 0.9710221067,
  "WLHRealSpinOrbit_a0_p": 0.8569962782,
  "WLHRealSpinOrbit_a1_p": 0.0003460317,
  "WLHRealSpinOrbit_V0_n": 9.49826975,
  "WLHRealSpinOrbit_V1_n": 0.0087190263,
  "WLHRealSpinOrbit_r0_n": 1.3138893276,
  "WLHRealSpinOrbit_r1_n": 0.9179762216,
  "WLHRealSpinOrbit_a0_n": 0.8312215212,
  "WLHRealSpinOrbit_a1_n": 0.0003650115
}