{
  "WLHReal_V0_p": 55.0455268891,
  "WLHReal_V1_p": 0.2865785692,
  "WLHReal_V2_p": -0.00015526,
  "WLHReal_V3_p": 1.9929e-06,
  "WLHReal_V4_p": 13.7634938646,
  "WLHReal_V5_p": 0.139119353,
  "WLHReal_V6_p": 0.0003783449,
  "WLHReal_r0_p": 1.2846301788,
  "WLHReal_r1_p": 0.2799054776,
  "WLHReal_r2_p": 0.0008436657,
  "WLHReal_r3_p": 7.7271e-06,
  "WLHReal_a0_p": 0.7793756409,
  "WLHReal_a1_p": 0.000216072,
  "WLHReal_a2_p": 5.6043e-06,
  "WLHReal_a3_p": 0.0441602528,
  "WLHReal_a4_p": 0.563286206,
  "WLHReal_V0_n": 54.3226826024,
  "WLHReal_V1_n": 0.2950128873,
  "WLHReal_V2_n": 9.86944e-05,
  "WLHReal_V3_n": 1.5896e-06,
  "WLHReal_V4_n": 21.3068192152,
  "WLHReal_V5_n": 0.2638005519,
  "WLHReal_V6_n": 0.0007452978,
  "WLHReal_r0_n": 1.2751046698,
  "WLHReal_r1_n": 0.3321280806,
  "WLHReal_r2_n": 0.0006509477,
  "WLHReal_r3_n": 4.8778e-06,
  "WLHReal_a0_n": 0.7241739644,
  "WLHReal_a1_n": 0.0004880934,
  "WLHReal_a2_n": 4.3572e-06,
  "WLHReal_a3_n": 0.2245986018,
  "WLHReal_a4_n": 0.7357845814,
  "WLHImagVolume_W0_p": 4.6454441899,
  "WLHImagVolume_W1_p": 0.2472241891,
  "WLHImagVolume_W2_p": 0.0002176227,
  "WLHImagVolume_W3_p": 11.9703644818,
  "WLHImagVolume_W4_p": 0.085109629,
  "WLHImagVolume_r0_p": 0.785710555,
  "WLHImagVolume_r1_p": 24.5609621141,
  "WLHImagVolume_r2_p": 0.4524260284,
  "WLHImagVolume_r3_p": 40.7607158374,
  "WLHImagVolume_r4_p": 0.809224892,
  "WLHImagVolume_r5_p": 2.1793e-06,
  "WLHImagVolume_a0_p": 0.594204597,
  "WLHImagVolume_a1_p": 0.2201979107,
  "WLHImagVolume_a2_p": 9.7651410479,
  "WLHImagVolume_a3_p": 0.4653100531,
  "WLHImagVolume_a4_p": 0.0030879888,
  "WLHImagVolume_W0_n": 2.5175160077,
  "WLHImagVolume_W1_n": 0.2509097193,
  "WLHImagVolume_W2_n": 0.0004543315,
  "WLHImagVolume_W3_n": 8.3200300837,
  "WLHImagVolume_W4_n": 0.0411092865,
  "WLHImagVolume_r0_n": 0.5407884754,
  "WLHImagVolume_r1_n": 75.6880718355,
  "WLHImagVolume_r2_n": 0.7245137974,
  "WLHImagVolume_r3_n": 78.6742828214,
  "WLHImagVolume_r4_n": 0.9112450452,
  "WLHImagVolume_r5_n": 3.2539e-06,
  "WLHImagVolume_a0_n": 0.2130693308,
  "WLHImagVolume_a1_n": 0.6086062761,
  "WLHImagVolume_a2_n": 7.9621585229,
  "WLHImagVolume_a3_n": 0.0564376506,
  "WLHImagVolume_a4_n": 0.0007234004,
  "WLHImagSurface_W0_p": 0.6392427428,
  "WLHImagSurface_W1_p": 0.0101369601,
  "WLHImagSurface_W2_p": 0.3516370303,
  "WLHImagSurface_W3_p": 0.0330636532,
  "WLHImagSurface_r0_p": 0.836948729,
  "WLHImagSurface_r1_p": 0.4062959785,
  "WLHImagSurface_r2_p": 0.0037893531,
  "WLHImagSurface_a0_p": 0.6360624668,
  "WLHImagSurface_W0_n": 1.7237967175,
  "WLHImagSurface_W1_n": 0.033471965,
  "WLHImagSurface_W2_n": 2.5363699266,
  "WLHImagSurface_W3_n": 0.1214310326,
  "WLHImagSurface_r0_n": 1.2801575323,
  "WLHImagSurface_r1_n": 1.412681959,
  "WLHImagSurface_r2_n": 0.0037828551,
  "WLHImagSurface_a0_n": 0.8330226873,
  "WLHRealSpinOrbit_V0_p": 10.1323079318,
  "WLHRealSpinOrbit_V1_p": 0.0089275924,
  "WLHRealSpinOrbit_r0_p": 1.2627142045,
  "WLHRealSpinOrbit_r1_p": 0.8563193198,
  "WLHRealSpinOrbit_a0_p": 0.8004888145,
  "WLHRealSpinOrbit_a1_p": 0.0003379516,
  "WLHRealSpinOrbit_V0_n": 9.7623814908,
  "WLHRealSpinOrbit_V1_n": 0.0083655417,
  "WLHRealSpinOrbit_r0_n": 1.2489374384,
  "WLHRealSpinOrbit_r1_n": 0.8239331824,
  "WLHRealSpinOrbit_a0_n": 0.7808516416,
  "WLHRealSpinOrbit_a1_n": 0.0003558724
}