{
  "WLHReal_V0_p": 51.5645148907,
  "WLHReal_V1_p": 0.2752507162,
  "WLHReal_V2_p": -0.0007014847,
  "WLHReal_V3_p": 4.3218e-06,
  "WLHReal_V4_p": 12.0927038594,
  "WLHReal_V5_p": 0.1422736723,
  "WLHReal_V6_p": 0.0005469147,
  "WLHReal_r0_p": 1.3555974168,
  "WLHReal_r1_p": 0.3161608934,
  "WLHReal_r2_p": 0.0008896998,
  "WLHReal_r3_p": 1.07209e-05,
  "WLHReal_a0_p": 0.8006325405,
  "WLHReal_a1_p": 0.0001076344,
  "WLHReal_a2_p": 9.0105e-06,
  "WLHReal_a3_p": -0.0147110302,
  "WLHReal_a4_p": 0.5101440047,
  "WLHReal_V0_n": 52.3747861305,
  "WLHReal_V1_n": 0.2840684708,
  "WLHReal_V2_n": -0.0003673379,
  "WLHReal_V3_n": 3.2319e-06,
  "WLHReal_V4_n": 20.8799773362,
  "WLHReal_V5_n": 0.29297139,
  "WLHReal_V6_n": 0.0011553094,
  "WLHReal_r0_n": 1.3109495243,
  "WLHReal_r1_n": 0.3296031366,
  "WLHReal_r2_n": 0.0009409525,
  "WLHReal_r3_n": 9.0574e-06,
  "WLHReal_a0_n": 0.746007766,
  "WLHReal_a1_n": 0.0008953904,
  "WLHReal_a2_n": 1.09004e-05,
  "WLHReal_a3_n": 0.2765858054,
  "WLHReal_a4_n": 0.8824992469,
  "WLHImagVolume_W0_p": 5.378653724,
  "WLHImagVolume_W1_p": 0.2259475299,
  "WLHImagVolume_W2_p": 0.0002525528,
  "WLHImagVolume_W3_p": 9.4711555324,
  "WLHImagVolume_W4_p": 0.0893427695,
  "WLHImagVolume_r0_p": 0.778696118,
  "WLHImagVolume_r1_p": 30.4651477795,
  "WLHImagVolume_r2_p": 0.5350659404,
  "WLHImagVolume_r3_p": 45.3438095893,
  "WLHImagVolume_r4_p": 0.685267371,
  "WLHImagVolume_r5_p": 1.764e-06,
  "WLHImagVolume_a0_p": 0.6203098247,
  "WLHImagVolume_a1_p": 0.2380387467,
  "WLHImagVolume_a2_p": 12.0695342076,
  "WLHImagVolume_a3_p": 0.470100641,
  "WLHImagVolume_a4_p": 0.0033170741,
  "WLHImagVolume_W0_n": 2.9594870695,
  "WLHImagVolume_W1_n": 0.2572340596,
  "WLHImagVolume_W2_n": 0.0005431938,
  "WLHImagVolume_W3_n": 8.7817989229,
  "WLHImagVolume_W4_n": 0.0244849989,
  "WLHImagVolume_r0_n": 0.5525859181,
  "WLHImagVolume_r1_n": 83.0441665488,
  "WLHImagVolume_r2_n": 0.7489844738,
  "WLHImagVolume_r3_n": 90.1237153659,
  "WLHImagVolume_r4_n": 0.9082618618,
  "WLHImagVolume_r5_n": 3.8076e-06,
  "WLHImagVolume_a0_n": 0.2476827556,
  "WLHImagVolume_a1_n": 0.5822404803,
  "WLHImagVolume_a2_n": 6.3750259327,
  "WLHImagVolume_a3_n": 0.0539684911,
  "WLHImagVolume_a4_n": 0.0005909647,
  "WLHImagSurface_W0_p": 0.6108607565,
  "WLHImagSurface_W1_p": 0.0176778105,
  "WLHImagSurface_W2_p": 0.4707015948,
  "WLHImagSurface_W3_p": 0.0665068924,
  "WLHImagSurface_r0_p": 0.7771526071,
  "WLHImagSurface_r1_p": 0.0699768091,
  "WLHImagSurface_r2_p": 0.000530248,
  "WLHImagSurface_a0_p": 0.6732096294,
  "WLHImagSurface_W0_n": 1.6834932094,
  "WLHImagSurface_W1_n": 0.0439679004,
  "WLHImagSurface_W2_n": 2.5543049704,
  "WLHImagSurface_W3_n": 0.1585664615,
  "WLHImagSurface_r0_n": 1.2951585549,
  "WLHImagSurface_r1_n": 1.5190326999,
  "WLHImagSurface_r2_n": 0.0029465611,
  "WLHImagSurface_a0_n": 0.855420849,
  "WLHRealSpinOrbit_V0_p": 9.3661149291,
  "WLHRealSpinOrbit_V1_p": 0.0087880371,
  "WLHRealSpinOrbit_r0_p": 1.332534639,
  "WLHRealSpinOrbit_r1_p": 0.9495307082,
  "WLHRealSpinOrbit_a0_p": 0.8458607585,
  "WLHRealSpinOrbit_a1_p": 0.0003553988,
  "WLHRealSpinOrbit_V0_n": 9.5007422011,
  "WLHRealSpinOrbit_V1_n": 0.0085296742,
  "WLHRealSpinOrbit_r0_n": 1.2909080143,
  "WLHRealSpinOrbit_r1_n": 0.889263508,
  "WLHRealSpinOrbit_a0_n": 0.8136630219,
  "WLHRealSpinOrbit_a1_n": 0.0003534327
}