{
  "WLHReal_V0_p": 55.5693223648,
  "WLHReal_V1_p": 0.3062015182,
  "WLHReal_V2_p": 0.0001913765,
  "WLHReal_V3_p": 1.7644e-06,
  "WLHReal_V4_p": 13.7357966028,
  "WLHReal_V5_p": 0.1420759473,
  "WLHReal_V6_p": 0.000255531,
  "WLHReal_r0_p": 1.2819404048,
  "WLHReal_r1_p": 0.3297134653,
  "WLHReal_r2_p": 0.0006562474,
  "WLHReal_r3_p": 3.9265e-06,
  "WLHReal_a0_p": 0.7699614329,
  "WLHReal_a1_p": 0.0002123961,
  "WLHReal_a2_p": 2.2875e-06,
  "WLHReal_a3_p": 0.0782405721,
  "WLHReal_a4_p": 0.5601083432,
  "WLHReal_V0_n": 50.7592427028,
  "WLHReal_V1_n": 0.2802322423,
  "WLHReal_V2_n": -0.0006020696,
  "WLHReal_V3_n": 4.5183e-06,
  "WLHReal_V4_n": 20.356481376,
  "WLHReal_V5_n": 0.3088221264,
  "WLHReal_V6_n": 0.0013379138,
  "WLHReal_r0_n": 1.3445816927,
  "WLHReal_r1_n": 0.3577101443,
  "WLHReal_r2_n": 0.0010503685,
  "WLHReal_r3_n": 1.05619e-05,
  "WLHReal_a0_n": 0.7562208942,
  "WLHReal_a1_n": 0.0011019043,
  "WLHReal_a2_n": 1.42236e-05,
  "WLHReal_a3_n": 0.2815574293,
  "WLHReal_a4_n": 0.9131741672,
  "WLHImagVolume_W0_p": 3.980837393,
  "WLHImagVolume_W1_p": 0.2451450233,
  "WLHImagVolume_W2_p": 0.0003755193,
  "WLHImagVolume_W3_p": 12.5689445514,
  "WLHImagVolume_W4_p": 0.077995874,
  "WLHImagVolume_r0_p": 0.5920641278,
  "WLHImagVolume_r1_p": 47.5122820207,
  "WLHImagVolume_r2_p": 0.6381017866,
  "WLHImagVolume_r3_p": 56.608632539,
  "WLHImagVolume_r4_p": 0.6349491593,
  "WLHImagVolume_r5_p": 1.8043e-06,
  "WLHImagVolume_a0_p": 0.5453981548,
  "WLHImagVolume_a1_p": 0.2715898565,
  "WLHImagVolume_a2_p": 13.8566297355,
  "WLHImagVolume_a3_p": 0.4130849476,
  "WLHImagVolume_a4_p": 0.0022699677,
  "WLHImagVolume_W0_n": 2.9662424587,
  "WLHImagVolume_W1_n": 0.258376667,
  "WLHImagVolume_W2_n": 0.000660081,
  "WLHImagVolume_W3_n": 8.4422944543,
  "WLHImagVolume_W4_n": 0.0153179619,
  "WLHImagVolume_r0_n": 0.5085412431,
  "WLHImagVolume_r1_n": 97.5283242843,
  "WLHImagVolume_r2_n": 0.8245661422,
  "WLHImagVolume_r3_n": 101.7498494428,
  "WLHImagVolume_r4_n": 0.8414185543,
  "WLHImagVolume_r5_n": 4.1919e-06,
  "WLHImagVolume_a0_n": 0.2577907632,
  "WLHImagVolume_a1_n": 0.5823884306,
  "WLHImagVolume_a2_n": 5.8391813743,
  "WLHImagVolume_a3_n": 0.0621570663,
  "WLHImagVolume_a4_n": 0.0005334499,
  "WLHImagSurface_W0_p": 1.0542954002,
  "WLHImagSurface_W1_p": 0.0485406792,
  "WLHImagSurface_W2_p": 1.3461375652,
  "WLHImagSurface_W3_p": 0.1759226384,
  "WLHImagSurface_r0_p": 1.0061207456,
  "WLHImagSurface_r1_p": 0.696781719,
  "WLHImagSurface_r2_p": 0.0060013212,
  "WLHImagSurface_a0_p": 0.7377653263,
  "WLHImagSurface_W0_n": 1.7370027138,
  "WLHImagSurface_W1_n": 0.0537884076,
  "WLHImagSurface_W2_n": 2.9765350673,
  "WLHImagSurface_W3_n": 0.1980195097,
  "WLHImagSurface_r0_n": 1.3231022071,
  "WLHImagSurface_r1_n": 1.6135665439,
  "WLHImagSurface_r2_n": 0.0025361707,
  "WLHImagSurface_a0_n": 0.8694145096,
  "WLHRealSpinOrbit_V0_p": 9.8419505546,
  "WLHRealSpinOrbit_V1_p": 0.008402488,
  "WLHRealSpinOrbit_r0_p": 1.2441889458,
  "WLHRealSpinOrbit_r1_p": 0.8177988429,
  "WLHRealSpinOrbit_a0_p": 0.7780390857,
  "WLHRealSpinOrbit_a1_p": 0.0003531478,
  "WLHRealSpinOrbit_V0_n": 9.0957886934,
  "WLHRealSpinOrbit_V1_n": 0.0083942197,
  "WLHRealSpinOrbit_r0_n": 1.3219526241,
  "WLHRealSpinOrbit_r1_n": 0.9288288249,
  "WLHRealSpinOrbit_a0_n": 0.8324609947,
  "WLHRealSpinOrbit_a1_n": 0.0003636966
}