{
  "WLHReal_V0_p": 52.3765018214,
  "WLHReal_V1_p": 0.3180558776,
  "WLHReal_V2_p": -0.0008502722,
  "WLHReal_V3_p": 5.6679e-06,
  "WLHReal_V4_p": 9.9016380722,
  "WLHReal_V5_p": 0.1373239337,
  "WLHReal_V6_p": 0.0005806077,
  "WLHReal_r0_p": 1.3739154821,
  "WLHReal_r1_p": 0.3014730029,
  "WLHReal_r2_p": 0.0012140643,
  "WLHReal_r3_p": 1.3223e-05,
  "WLHReal_a0_p": 0.8227854777,
  "WLHReal_a1_p": 8.78937e-05,
  "WLHReal_a2_p": 1.14612e-05,
  "WLHReal_a3_p": 0.0078709439,
  "WLHReal_a4_p": 0.6300188363,
  "WLHReal_V0_n": 58.7152346458,
  "WLHReal_V1_n": 0.3519555701,
  "WLHReal_V2_n": 0.00097946,
  "WLHReal_V3_n": -1.0706e-06,
  "WLHReal_V4_n": 20.8774419337,
  "WLHReal_V5_n": 0.2201198888,
  "WLHReal_V6_n": -5.8403e-06,
  "WLHReal_r0_n": 1.2302845299,
  "WLHReal_r1_n": 0.3922067828,
  "WLHReal_r2_n": 0.0001032882,
  "WLHReal_r3_n": -6.0325e-06,
  "WLHReal_a0_n": 0.6869183495,
  "WLHReal_a1_n": -0.0002466005,
  "WLHReal_a2_n": -9.5318e-06,
  "WLHReal_a3_n": 0.0787509911,
  "WLHReal_a4_n": 0.4129577711,
  "WLHImagVolume_W0_p": 6.2876006447,
  "WLHImagVolume_W1_p": 0.2884110841,
  "WLHImagVolume_W2_p": 0.0005859972,
  "WLHImagVolume_W3_p": 11.9462575645,
  "WLHImagVolume_W4_p": 0.1029712585,
  "WLHImagVolume_r0_p": 0.6733162905,
  "WLHImagVolume_r1_p": 52.838393837,
  "WLHImagVolume_r2_p": 0.6708295044,
  "WLHImagVolume_r3_p": 67.6499372889,
  "WLHImagVolume_r4_p": 0.5955741068,
  "WLHImagVolume_r5_p": 9.608e-07,
  "WLHImagVolume_a0_p": 0.6251462388,
  "WLHImagVolume_a1_p": 0.2691046754,
  "WLHImagVolume_a2_p": 15.2250395247,
  "WLHImagVolume_a3_p": 0.4699044618,
  "WLHImagVolume_a4_p": 0.0033447799,
  "WLHImagVolume_W0_n": 1.9514460162,
  "WLHImagVolume_W1_n": 0.2928648718,
  "WLHImagVolume_W2_n": 0.0006567963,
  "WLHImagVolume_W3_n": 7.7237973894,
  "WLHImagVolume_W4_n": 0.1001477444,
  "WLHImagVolume_r0_n": 0.4101614951,
  "WLHImagVolume_r1_n": 83.9649906648,
  "WLHImagVolume_r2_n": 0.8107214835,
  "WLHImagVolume_r3_n": 72.6507921605,
  "WLHImagVolume_r4_n": 0.7622005667,
  "WLHImagVolume_r5_n": 5.74e-08,
  "WLHImagVolume_a0_n": 0.1403111134,
  "WLHImagVolume_a1_n": 0.6731677634,
  "WLHImagVolume_a2_n": 9.4180514307,
  "WLHImagVolume_a3_n": 0.0389618566,
  "WLHImagVolume_a4_n": 0.000682447,
  "WLHImagSurface_W0_p": 0.5331797597,
  "WLHImagSurface_W1_p": 0.0129164579,
  "WLHImagSurface_W2_p": -0.2844885951,
  "WLHImagSurface_W3_p": 0.0440439847,
  "WLHImagSurface_r0_p": 0.8183746032,
  "WLHImagSurface_r1_p": 0.0782224822,
  "WLHImagSurface_r2_p": -0.0012980995,
  "WLHImagSurface_a0_p": 0.7881707982,
  "WLHImagSurface_W0_n": 2.4423623024,
  "WLHImagSurface_W1_n": 0.039820644,
  "WLHImagSurface_W2_n": 4.0253791983,
  "WLHImagSurface_W3_n": 0.1304560547,
  "WLHImagSurface_r0_n": 1.2921677828,
  "WLHImagSurface_r1_n": 1.4093704513,
  "WLHImagSurface_r2_n": 0.0056479664,
  "WLHImagSurface_a0_n": 0.7902081324,
  "WLHRealSpinOrbit_V0_p": 9.0841540553,
  "WLHRealSpinOrbit_V1_p": 0.008785267,
  "WLHRealSpinOrbit_r0_p": 1.3473276464,
  "WLHRealSpinOrbit_r1_p": 0.9947252326,
  "WLHRealSpinOrbit_a0_p": 0.8626965978,
  "WLHRealSpinOrbit_a1_p": 0.0003193045,
  "WLHRealSpinOrbit_V0_n": 9.7518085602,
  "WLHRealSpinOrbit_V1_n": 0.0077100665,
  "WLHRealSpinOrbit_r0_n": 1.1832491785,
  "WLHRealSpinOrbit_r1_n": 0.7244589965,
  "WLHRealSpinOrbit_a0_n": 0.7253053053,
  "WLHRealSpinOrbit_a1_n": 0.0003531017
}