{
  "WLHReal_V0_p": 55.3405622568,
  "WLHReal_V1_p": 0.3398452997,
  "WLHReal_V2_p": 0.0003495494,
  "WLHReal_V3_p": 1.4267e-06,
  "WLHReal_V4_p": 12.6497704988,
  "WLHReal_V5_p": 0.122816172,
  "WLHReal_V6_p": 0.0001457515,
  "WLHReal_r0_p": 1.2729112248,
  "WLHReal_r1_p": 0.2795426081,
  "WLHReal_r2_p": 0.0008130607,
  "WLHReal_r3_p": 4.7246e-06,
  "WLHReal_a0_p": 0.7689536426,
  "WLHReal_a1_p": 9.66491e-05,
  "WLHReal_a2_p": 3.0265e-06,
  "WLHReal_a3_p": 0.1039790732,
  "WLHReal_a4_p": 0.6335542538,
  "WLHReal_V0_n": 56.0696814429,
  "WLHReal_V1_n": 0.3220900196,
  "WLHReal_V2_n": 1.99263e-05,
  "WLHReal_V3_n": 1.8937e-06,
  "WLHReal_V4_n": 20.8761937882,
  "WLHReal_V5_n": 0.2757768561,
  "WLHReal_V6_n": 0.0009033313,
  "WLHReal_r0_n": 1.2628283506,
  "WLHReal_r1_n": 0.3029800894,
  "WLHReal_r2_n": 0.0007995143,
  "WLHReal_r3_n": 6.4121e-06,
  "WLHReal_a0_n": 0.7336478585,
  "WLHReal_a1_n": 0.0006076238,
  "WLHReal_a2_n": 6.7222e-06,
  "WLHReal_a3_n": 0.2481555376,
  "WLHReal_a4_n": 0.8374104393,
  "WLHImagVolume_W0_p": 3.7159883515,
  "WLHImagVolume_W1_p": 0.2430874696,
  "WLHImagVolume_W2_p": 0.0005652236,
  "WLHImagVolume_W3_p": 13.7887271366,
  "WLHImagVolume_W4_p": 0.0689252714,
  "WLHImagVolume_r0_p": 0.4650251062,
  "WLHImagVolume_r1_p": 73.9323374786,
  "WLHImagVolume_r2_p": 0.7743110648,
  "WLHImagVolume_r3_p": 82.1358193805,
  "WLHImagVolume_r4_p": 0.5172654459,
  "WLHImagVolume_r5_p": 1.0283e-06,
  "WLHImagVolume_a0_p": 0.5024673813,
  "WLHImagVolume_a1_p": 0.3257798794,
  "WLHImagVolume_a2_p": 18.84807168,
  "WLHImagVolume_a3_p": 0.3594288778,
  "WLHImagVolume_a4_p": 0.0014739386,
  "WLHImagVolume_W0_n": 3.3617572707,
  "WLHImagVolume_W1_n": 0.3022765499,
  "WLHImagVolume_W2_n": 0.0006221299,
  "WLHImagVolume_W3_n": 10.024590542,
  "WLHImagVolume_W4_n": 0.063656587,
  "WLHImagVolume_r0_n": 0.5675607531,
  "WLHImagVolume_r1_n": 71.3080486598,
  "WLHImagVolume_r2_n": 0.6927719939,
  "WLHImagVolume_r3_n": 80.7897561928,
  "WLHImagVolume_r4_n": 0.9254514859,
  "WLHImagVolume_r5_n": 2.8884e-06,
  "WLHImagVolume_a0_n": 0.2289368109,
  "WLHImagVolume_a1_n": 0.5841785398,
  "WLHImagVolume_a2_n": 5.6594263857,
  "WLHImagVolume_a3_n": 0.0120760883,
  "WLHImagVolume_a4_n": 0.000381645,
  "WLHImagSurface_W0_p": 1.213224812,
  "WLHImagSurface_W1_p": 0.0579273893,
  "WLHImagSurface_W2_p": 1.0588729674,
  "WLHImagSurface_W3_p": 0.1952929598,
  "WLHImagSurface_r0_p": 1.1509127018,
  "WLHImagSurface_r1_p": 0.7810140448,
  "WLHImagSurface_r2_p": 0.0063890306,
  "WLHImagSurface_a0_p": 0.9200047279,
  "WLHImagSurface_W0_n": 2.1109427449,
  "WLHImagSurface_W1_n": 0.0477472495,
  "WLHImagSurface_W2_n": 2.8665888955,
  "WLHImagSurface_W3_n": 0.1477059815,
  "WLHImagSurface_r0_n": 1.2702327064,
  "WLHImagSurface_r1_n": 1.508167815,
  "WLHImagSurface_r2_n": 0.0038588398,
  "WLHImagSurface_a0_n": 0.8301837862,
  "WLHRealSpinOrbit_V0_p": 9.5757541849,
  "WLHRealSpinOrbit_V1_p": 0.0081277462,
  "WLHRealSpinOrbit_r0_p": 1.2367603277,
  "WLHRealSpinOrbit_r1_p": 0.8167341924,
  "WLHRealSpinOrbit_a0_p": 0.7726052301,
  "WLHRealSpinOrbit_a1_p": 0.0003396812,
  "WLHRealSpinOrbit_V0_n": 9.9281850849,
  "WLHRealSpinOrbit_V1_n": 0.0086197371,
  "WLHRealSpinOrbit_r0_n": 1.2442741957,
  "WLHRealSpinOrbit_r1_n": 0.8412480506,
  "WLHRealSpinOrbit_a0_n": 0.7870615833,
  "WLHRealSpinOrbit_a1_n": 0.0003174699
}