{
  "WLHReal_V0_p": 50.3437536284,
  "WLHReal_V1_p": 0.2955867095,
  "WLHReal_V2_p": -0.0012099823,
  "WLHReal_V3_p": 6.2262e-06,
  "WLHReal_V4_p": 9.5714064541,
  "WLHReal_V5_p": 0.1416915909,
  "WLHReal_V6_p": 0.0007053093,
  "WLHReal_r0_p": 1.4092367482,
  "WLHReal_r1_p": 0.3176020587,
  "WLHReal_r2_p": 0.0012061131,
  "WLHReal_r3_p": 1.42946e-05,
  "WLHReal_a0_p": 0.8322966844,
  "WLHReal_a1_p": 5.26216e-05,
  "WLHReal_a2_p": 1.36917e-05,
  "WLHReal_a3_p": -0.0380260751,
  "WLHReal_a4_p": 0.5726746058,
  "WLHReal_V0_n": 55.4512264999,
  "WLHReal_V1_n": 0.3310070066,
  "WLHReal_V2_n": -9.2889e-06,
  "WLHReal_V3_n": 2.6335e-06,
  "WLHReal_V4_n": 20.0761042015,
  "WLHReal_V5_n": 0.2841090299,
  "WLHReal_V6_n": 0.0008860021,
  "WLHReal_r0_n": 1.2979708906,
  "WLHReal_r1_n": 0.381567588,
  "WLHReal_r2_n": 0.0007289892,
  "WLHReal_r3_n": 4.662e-06,
  "WLHReal_a0_n": 0.7344807838,
  "WLHReal_a1_n": 0.0005879428,
  "WLHReal_a2_n": 5.6289e-06,
  "WLHReal_a3_n": 0.1910884521,
  "WLHReal_a4_n": 0.7353892744,
  "WLHImagVolume_W0_p": 6.7023961862,
  "WLHImagVolume_W1_p": 0.2673527974,
  "WLHImagVolume_W2_p": 0.0004829863,
  "WLHImagVolume_W3_p": 9.9197363758,
  "WLHImagVolume_W4_p": 0.1057033008,
  "WLHImagVolume_r0_p": 0.7511794099,
  "WLHImagVolume_r1_p": 42.9899147104,
  "WLHImagVolume_r2_p": 0.6274158853,
  "WLHImagVolume_r3_p": 58.943723923,
  "WLHImagVolume_r4_p": 0.604452093,
  "WLHImagVolume_r5_p": 9.036e-07,
  "WLHImagVolume_a0_p": 0.6551793996,
  "WLHImagVolume_a1_p": 0.2534081742,
  "WLHImagVolume_a2_p": 14.2226610224,
  "WLHImagVolume_a3_p": 0.4920565112,
  "WLHImagVolume_a4_p": 0.0037600082,
  "WLHImagVolume_W0_n": 3.133794573,
  "WLHImagVolume_W1_n": 0.3223525521,
  "WLHImagVolume_W2_n": 0.0008393253,
  "WLHImagVolume_W3_n": 9.317203052,
  "WLHImagVolume_W4_n": 0.0719605598,
  "WLHImagVolume_r0_n": 0.4662335793,
  "WLHImagVolume_r1_n": 91.3086505844,
  "WLHImagVolume_r2_n": 0.8244296833,
  "WLHImagVolume_r3_n": 93.0397219972,
  "WLHImagVolume_r4_n": 0.8066987235,
  "WLHImagVolume_r5_n": 2.6652e-06,
  "WLHImagVolume_a0_n": 0.2229914765,
  "WLHImagVolume_a1_n": 0.6071902347,
  "WLHImagVolume_a2_n": 5.5655758286,
  "WLHImagVolume_a3_n": 0.024101915,
  "WLHImagVolume_a4_n": 0.0004262915,
  "WLHImagSurface_W0_p": 0.4117635913,
  "WLHImagSurface_W1_p": 0.0072251578,
  "WLHImagSurface_W2_p": -0.2904266846,
  "WLHImagSurface_W3_p": 0.0285654946,
  "WLHImagSurface_r0_p": 0.7205979672,
  "WLHImagSurface_r1_p": -0.1774222192,
  "WLHImagSurface_r2_p": -0.0032430405,
  "WLHImagSurface_a0_p": 0.7387164531,
  "WLHImagSurface_W0_n": 2.3832673119,
  "WLHImagSurface_W1_n": 0.0616990572,
  "WLHImagSurface_W2_n": 3.9632368268,
  "WLHImagSurface_W3_n": 0.2031263503,
  "WLHImagSurface_r0_n": 1.3090092713,
  "WLHImagSurface_r1_n": 1.6274757192,
  "WLHImagSurface_r2_n": 0.0039124487,
  "WLHImagSurface_a0_n": 0.8348111962,
  "WLHRealSpinOrbit_V0_p": 8.8423339424,
  "WLHRealSpinOrbit_V1_p": 0.0088768325,
  "WLHRealSpinOrbit_r0_p": 1.3862285589,
  "WLHRealSpinOrbit_r1_p": 1.0443411554,
  "WLHRealSpinOrbit_a0_p": 0.8892838333,
  "WLHRealSpinOrbit_a1_p": 0.0003330935,
  "WLHRealSpinOrbit_V0_n": 9.3778658842,
  "WLHRealSpinOrbit_V1_n": 0.0082102171,
  "WLHRealSpinOrbit_r0_n": 1.265747824,
  "WLHRealSpinOrbit_r1_n": 0.8598081128,
  "WLHRealSpinOrbit_a0_n": 0.7936950843,
  "WLHRealSpinOrbit_a1_n": 0.0003362934
}