{
  "WLHReal_V0_p": 55.737450254,
  "WLHReal_V1_p": 0.3300517709,
  "WLHReal_V2_p": -0.0001891482,
  "WLHReal_V3_p": 2.927e-06,
  "WLHReal_V4_p": 11.6288686275,
  "WLHReal_V5_p": 0.1472747211,
  "WLHReal_V6_p": 0.0003924267,
  "WLHReal_r0_p": 1.3216020669,
  "WLHReal_r1_p": 0.3448211344,
  "WLHReal_r2_p": 0.0009397327,
  "WLHReal_r3_p": 7.6627e-06,
  "WLHReal_a0_p": 0.7990115728,
  "WLHReal_a1_p": 0.0002281718,
  "WLHReal_a2_p": 6.1191e-06,
  "WLHReal_a3_p": 0.0735236941,
  "WLHReal_a4_p": 0.6366310853,
  "WLHReal_V0_n": 54.3343706718,
  "WLHReal_V1_n": 0.2981585164,
  "WLHReal_V2_n": 0.0003700184,
  "WLHReal_V3_n": 7.03e-08,
  "WLHReal_V4_n": 21.9235518815,
  "WLHReal_V5_n": 0.236809551,
  "WLHReal_V6_n": 0.0005458348,
  "WLHReal_r0_n": 1.2335753824,
  "WLHReal_r1_n": 0.2437795197,
  "WLHReal_r2_n": 0.0006059901,
  "WLHReal_r3_n": 3.965e-06,
  "WLHReal_a0_n": 0.7115649836,
  "WLHReal_a1_n": 0.0004368389,
  "WLHReal_a2_n": 2.4577e-06,
  "WLHReal_a3_n": 0.2665341587,
  "WLHReal_a4_n": 0.7870697041,
  "WLHImagVolume_W0_p": 5.275017199,
  "WLHImagVolume_W1_p": 0.3071678748,
  "WLHImagVolume_W2_p": 0.0006256966,
  "WLHImagVolume_W3_p": 13.9491882357,
  "WLHImagVolume_W4_p": 0.098343638,
  "WLHImagVolume_r0_p": 0.5578048737,
  "WLHImagVolume_r1_p": 57.2223073926,
  "WLHImagVolume_r2_p": 0.7167040028,
  "WLHImagVolume_r3_p": 66.8773787931,
  "WLHImagVolume_r4_p": 0.5853150943,
  "WLHImagVolume_r5_p": 9.653e-07,
  "WLHImagVolume_a0_p": 0.581440968,
  "WLHImagVolume_a1_p": 0.276939347,
  "WLHImagVolume_a2_p": 14.8451706257,
  "WLHImagVolume_a3_p": 0.4448826608,
  "WLHImagVolume_a4_p": 0.0028119783,
  "WLHImagVolume_W0_n": 2.1930976787,
  "WLHImagVolume_W1_n": 0.1999873534,
  "WLHImagVolume_W2_n": 0.0002558018,
  "WLHImagVolume_W3_n": 7.8212256682,
  "WLHImagVolume_W4_n": 0.0305468453,
  "WLHImagVolume_r0_n": 0.5668407471,
  "WLHImagVolume_r1_n": 72.1866769042,
  "WLHImagVolume_r2_n": 0.6623336266,
  "WLHImagVolume_r3_n": 71.3401982544,
  "WLHImagVolume_r4_n": 0.8964674327,
  "WLHImagVolume_r5_n": 2.0243e-06,
  "WLHImagVolume_a0_n": 0.1787937864,
  "WLHImagVolume_a1_n": 0.6162755748,
  "WLHImagVolume_a2_n": 9.3196989626,
  "WLHImagVolume_a3_n": 0.0510461865,
  "WLHImagVolume_a4_n": 0.0004897524,
  "WLHImagSurface_W0_p": 0.8579692039,
  "WLHImagSurface_W1_p": 0.0378924418,
  "WLHImagSurface_W2_p": 0.6631037412,
  "WLHImagSurface_W3_p": 0.1404976527,
  "WLHImagSurface_r0_p": 0.9508347828,
  "WLHImagSurface_r1_p": 0.5691890331,
  "WLHImagSurface_r2_p": 0.0030221802,
  "WLHImagSurface_a0_p": 0.7663440123,
  "WLHImagSurface_W0_n": 1.5523452382,
  "WLHImagSurface_W1_n": 0.0199740322,
  "WLHImagSurface_W2_n": 1.7474641359,
  "WLHImagSurface_W3_n": 0.0689014578,
  "WLHImagSurface_r0_n": 1.2688849664,
  "WLHImagSurface_r1_n": 1.2868980277,
  "WLHImagSurface_r2_n": 0.0041269187,
  "WLHImagSurface_a0_n": 0.8223985136,
  "WLHRealSpinOrbit_V0_p": 9.532938307,
  "WLHRealSpinOrbit_V1_p": 0.008543307,
  "WLHRealSpinOrbit_r0_p": 1.2801085318,
  "WLHRealSpinOrbit_r1_p": 0.8887928925,
  "WLHRealSpinOrbit_a0_p": 0.809945661,
  "WLHRealSpinOrbit_a1_p": 0.0003251445,
  "WLHRealSpinOrbit_V0_n": 10.0643392414,
  "WLHRealSpinOrbit_V1_n": 0.0083993341,
  "WLHRealSpinOrbit_r0_n": 1.2179634454,
  "WLHRealSpinOrbit_r1_n": 0.7839065967,
  "WLHRealSpinOrbit_a0_n": 0.7612442826,
  "WLHRealSpinOrbit_a1_n": 0.000348352
}