{
  "WLHReal_V0_p": 53.7125968595,
  "WLHReal_V1_p": 0.2921904967,
  "WLHReal_V2_p": 0.000182598,
  "WLHReal_V3_p": 9.444e-07,
  "WLHReal_V4_p": 14.3316124719,
  "WLHReal_V5_p": 0.1095711352,
  "WLHReal_V6_p": 0.0001864836,
  "WLHReal_r0_p": 1.24684215,
  "WLHReal_r1_p": 0.1885402425,
  "WLHReal_r2_p": 0.0008267778,
  "WLHReal_r3_p": 6.8493e-06,
  "WLHReal_a0_p": 0.7559381442,
  "WLHReal_a1_p": 3.9297e-05,
  "WLHReal_a2_p": 5.1961e-06,
  "WLHReal_a3_p": 0.0547462864,
  "WLHReal_a4_p": 0.5644529114,
  "WLHReal_V0_n": 48.960836062,
  "WLHReal_V1_n": 0.24794596,
  "WLHReal_V2_n": -0.0007969526,
  "WLHReal_V3_n": 3.5869e-06,
  "WLHReal_V4_n": 21.728077499,
  "WLHReal_V5_n": 0.3010250328,
  "WLHReal_V6_n": 0.0015715157,
  "WLHReal_r0_n": 1.3027229456,
  "WLHReal_r1_n": 0.1822951553,
  "WLHReal_r2_n": 0.001359915,
  "WLHReal_r3_n": 1.80402e-05,
  "WLHReal_a0_n": 0.764049972,
  "WLHReal_a1_n": 0.0014691652,
  "WLHReal_a2_n": 2.15084e-05,
  "WLHReal_a3_n": 0.44255417,
  "WLHReal_a4_n": 1.215108079,
  "WLHImagVolume_W0_p": 3.3982088329,
  "WLHImagVolume_W1_p": 0.1770378352,
  "WLHImagVolume_W2_p": 0.0001275243,
  "WLHImagVolume_W3_p": 11.292685845,
  "WLHImagVolume_W4_p": 0.0567214415,
  "WLHImagVolume_r0_p": 0.7482876335,
  "WLHImagVolume_r1_p": 37.9109217169,
  "WLHImagVolume_r2_p": 0.4724979967,
  "WLHImagVolume_r3_p": 55.2367371234,
  "WLHImagVolume_r4_p": 0.7689047984,
  "WLHImagVolume_r5_p": 2.0394e-06,
  "WLHImagVolume_a0_p": 0.5302116117,
  "WLHImagVolume_a1_p": 0.2619723417,
  "WLHImagVolume_a2_p": 13.4964362121,
  "WLHImagVolume_a3_p": 0.3901262527,
  "WLHImagVolume_a4_p": 0.0019474847,
  "WLHImagVolume_W0_n": 3.1719039149,
  "WLHImagVolume_W1_n": 0.1755211086,
  "WLHImagVolume_W2_n": 0.0002147059,
  "WLHImagVolume_W3_n": 8.8914934095,
  "WLHImagVolume_W4_n": -0.0311367805,
  "WLHImagVolume_r0_n": 0.6779504615,
  "WLHImagVolume_r1_n": 75.1242370279,
  "WLHImagVolume_r2_n": 0.6221772823,
  "WLHImagVolume_r3_n": 89.2735861454,
  "WLHImagVolume_r4_n": 0.993093827,
  "WLHImagVolume_r5_n": 4.7991e-06,
  "WLHImagVolume_a0_n": 0.2690460158,
  "WLHImagVolume_a1_n": 0.5371589884,
  "WLHImagVolume_a2_n": 6.2933798309,
  "WLHImagVolume_a3_n": 0.0550484434,
  "WLHImagVolume_a4_n": 0.0002777812,
  "WLHImagSurface_W0_p": 0.8540355046,
  "WLHImagSurface_W1_p": 0.0176179559,
  "WLHImagSurface_W2_p": 0.3090408192,
  "WLHImagSurface_W3_p": 0.0386129486,
  "WLHImagSurface_r0_p": 0.9871397846,
  "WLHImagSurface_r1_p": 0.4539957494,
  "WLHImagSurface_r2_p": 0.0058028014,
  "WLHImagSurface_a0_p": 0.7917069485,
  "WLHImagSurface_W0_n": 1.0144572006,
  "WLHImagSurface_W1_n": 0.0282480614,
  "WLHImagSurface_W2_n": 0.6517310946,
  "WLHImagSurface_W3_n": 0.104467638,
  "WLHImagSurface_r0_n": 1.2774261259,
  "WLHImagSurface_r1_n": 1.4144995338,
  "WLHImagSurface_r2_n": 0.0018334424,
  "WLHImagSurface_a0_n": 0.8786779271,
  "WLHRealSpinOrbit_V0_p": 10.1100471126,
  "WLHRealSpinOrbit_V1_p": 0.0086448198,
  "WLHRealSpinOrbit_r0_p": 1.2373426611,
  "WLHRealSpinOrbit_r1_p": 0.8151528335,
  "WLHRealSpinOrbit_a0_p": 0.778807141,
  "WLHRealSpinOrbit_a1_p": 0.0003471138,
  "WLHRealSpinOrbit_V0_n": 9.796497097,
  "WLHRealSpinOrbit_V1_n": 0.0090878012,
  "WLHRealSpinOrbit_r0_n": 1.3117178867,
  "WLHRealSpinOrbit_r1_n": 0.9314263895,
  "WLHRealSpinOrbit_a0_n": 0.8390166623,
  "WLHRealSpinOrbit_a1_n": 0.0003427698
}