{
  "WLHReal_V0_p": 56.6913743146,
  "WLHReal_V1_p": 0.3131597396,
  "WLHReal_V2_p": 0.0003637084,
  "WLHReal_V3_p": 4.455e-07,
  "WLHReal_V4_p": 14.0595046213,
  "WLHReal_V5_p": 0.1448334268,
  "WLHReal_V6_p": 0.0002076493,
  "WLHReal_r0_p": 1.2677699984,
  "WLHReal_r1_p": 0.3402436346,
  "WLHReal_r2_p": 0.0006111047,
  "WLHReal_r3_p": 2.8354e-06,
  "WLHReal_a0_p": 0.7653425525,
  "WLHReal_a1_p": 0.0002561124,
  "WLHReal_a2_p": 1.4534e-06,
  "WLHReal_a3_p": 0.0993136689,
  "WLHReal_a4_p": 0.574119182,
  "WLHReal_V0_n": 52.4983681185,
  "WLHReal_V1_n": 0.2949933236,
  "WLHReal_V2_n": -0.0003842895,
  "WLHReal_V3_n": 3.7586e-06,
  "WLHReal_V4_n": 20.5195869869,
  "WLHReal_V5_n": 0.2969229639,
  "WLHReal_V6_n": 0.0011852642,
  "WLHReal_r0_n": 1.316735947,
  "WLHReal_r1_n": 0.3376863701,
  "WLHReal_r2_n": 0.000964329,
  "WLHReal_r3_n": 9.0861e-06,
  "WLHReal_a0_n": 0.7482349154,
  "WLHReal_a1_n": 0.0009381903,
  "WLHReal_a2_n": 1.11333e-05,
  "WLHReal_a3_n": 0.2707944136,
  "WLHReal_a4_n": 0.8881403358,
  "WLHImagVolume_W0_p": 3.7959608634,
  "WLHImagVolume_W1_p": 0.2579086025,
  "WLHImagVolume_W2_p": 0.0004142879,
  "WLHImagVolume_W3_p": 13.41818402,
  "WLHImagVolume_W4_p": 0.0784861995,
  "WLHImagVolume_r0_p": 0.5553125028,
  "WLHImagVolume_r1_p": 49.8356029728,
  "WLHImagVolume_r2_p": 0.6565049184,
  "WLHImagVolume_r3_p": 57.6460961812,
  "WLHImagVolume_r4_p": 0.6318853567,
  "WLHImagVolume_r5_p": 1.5389e-06,
  "WLHImagVolume_a0_p": 0.5351223056,
  "WLHImagVolume_a1_p": 0.2741927736,
  "WLHImagVolume_a2_p": 13.8118825196,
  "WLHImagVolume_a3_p": 0.4084547626,
  "WLHImagVolume_a4_p": 0.0021558496,
  "WLHImagVolume_W0_n": 3.0781766275,
  "WLHImagVolume_W1_n": 0.271412596,
  "WLHImagVolume_W2_n": 0.0006482713,
  "WLHImagVolume_W3_n": 8.9229620201,
  "WLHImagVolume_W4_n": 0.0312667414,
  "WLHImagVolume_r0_n": 0.5250403383,
  "WLHImagVolume_r1_n": 89.6083976099,
  "WLHImagVolume_r2_n": 0.7833765553,
  "WLHImagVolume_r3_n": 95.04912376,
  "WLHImagVolume_r4_n": 0.8625973554,
  "WLHImagVolume_r5_n": 4.2012e-06,
  "WLHImagVolume_a0_n": 0.2461961509,
  "WLHImagVolume_a1_n": 0.5841702288,
  "WLHImagVolume_a2_n": 5.8232238849,
  "WLHImagVolume_a3_n": 0.0453011405,
  "WLHImagVolume_a4_n": 0.000466248,
  "WLHImagSurface_W0_p": 1.1262885491,
  "WLHImagSurface_W1_p": 0.0539561384,
  "WLHImagSurface_W2_p": 1.5208866866,
  "WLHImagSurface_W3_p": 0.1969123235,
  "WLHImagSurface_r0_p": 1.0420964743,
  "WLHImagSurface_r1_p": 0.8370973257,
  "WLHImagSurface_r2_p": 0.0070520072,
  "WLHImagSurface_a0_p": 0.735790818,
  "WLHImagSurface_W0_n": 1.8681421987,
  "WLHImagSurface_W1_n": 0.0518712624,
  "WLHImagSurface_W2_n": 2.9499311194,
  "WLHImagSurface_W3_n": 0.1813743143,
  "WLHImagSurface_r0_n": 1.3067841648,
  "WLHImagSurface_r1_n": 1.578513315,
  "WLHImagSurface_r2_n": 0.0029950465,
  "WLHImagSurface_a0_n": 0.8560812085,
  "WLHRealSpinOrbit_V0_p": 9.9698266789,
  "WLHRealSpinOrbit_V1_p": 0.0083541298,
  "WLHRealSpinOrbit_r0_p": 1.2256600827,
  "WLHRealSpinOrbit_r1_p": 0.7912229327,
  "WLHRealSpinOrbit_a0_p": 0.7644200057,
  "WLHRealSpinOrbit_a1_p": 0.0003504894,
  "WLHRealSpinOrbit_V0_n": 9.3633354243,
  "WLHRealSpinOrbit_V1_n": 0.0084543751,
  "WLHRealSpinOrbit_r0_n": 1.2955493497,
  "WLHRealSpinOrbit_r1_n": 0.8988246255,
  "WLHRealSpinOrbit_a0_n": 0.8167915675,
  "WLHRealSpinOrbit_a1_n": 0.0003479061
}