{
  "WLHReal_V0_p": 53.458155478,
  "WLHReal_V1_p": 0.2920108341,
  "WLHReal_V2_p": -8.84313e-05,
  "WLHReal_V3_p": 2.1091e-06,
  "WLHReal_V4_p": 13.3842399813,
  "WLHReal_V5_p": 0.1292864782,
  "WLHReal_V6_p": 0.0003163109,
  "WLHReal_r0_p": 1.2935812978,
  "WLHReal_r1_p": 0.2735264872,
  "WLHReal_r2_p": 0.0007876541,
  "WLHReal_r3_p": 6.7025e-06,
  "WLHReal_a0_p": 0.7740912942,
  "WLHReal_a1_p": 0.0001041016,
  "WLHReal_a2_p": 5.109e-06,
  "WLHReal_a3_p": 0.039857471,
  "WLHReal_a4_p": 0.5440972415,
  "WLHReal_V0_n": 53.6596122451,
  "WLHReal_V1_n": 0.2918271733,
  "WLHReal_V2_n": -0.0006908282,
  "WLHReal_V3_n": 3.4652e-06,
  "WLHReal_V4_n": 20.7687013938,
  "WLHReal_V5_n": 0.3187716104,
  "WLHReal_V6_n": 0.0015251844,
  "WLHReal_r0_n": 1.3055346234,
  "WLHReal_r1_n": 0.2897250808,
  "WLHReal_r2_n": 0.0012230425,
  "WLHReal_r3_n": 1.45621e-05,
  "WLHReal_a0_n": 0.7660082147,
  "WLHReal_a1_n": 0.0011505396,
  "WLHReal_a2_n": 1.66818e-05,
  "WLHReal_a3_n": 0.3346302136,
  "WLHReal_a4_n": 1.0603786767,
  "WLHImagVolume_W0_p": 4.1632652645,
  "WLHImagVolume_W1_p": 0.2105979487,
  "WLHImagVolume_W2_p": 0.0002505191,
  "WLHImagVolume_W3_p": 11.0297152291,
  "WLHImagVolume_W4_p": 0.0725681405,
  "WLHImagVolume_r0_p": 0.6981338312,
  "WLHImagVolume_r1_p": 40.3928588725,
  "WLHImagVolume_r2_p": 0.5570471894,
  "WLHImagVolume_r3_p": 54.0284055221,
  "WLHImagVolume_r4_p": 0.6859343701,
  "WLHImagVolume_r5_p": 1.4112e-06,
  "WLHImagVolume_a0_p": 0.5599662142,
  "WLHImagVolume_a1_p": 0.2620589781,
  "WLHImagVolume_a2_p": 13.5785893214,
  "WLHImagVolume_a3_p": 0.4177118876,
  "WLHImagVolume_a4_p": 0.0024126962,
  "WLHImagVolume_W0_n": 4.1086813768,
  "WLHImagVolume_W1_n": 0.3097934041,
  "WLHImagVolume_W2_n": 0.0006214327,
  "WLHImagVolume_W3_n": 11.1015632324,
  "WLHImagVolume_W4_n": 0.0356026828,
  "WLHImagVolume_r0_n": 0.6488841603,
  "WLHImagVolume_r1_n": 66.5728210377,
  "WLHImagVolume_r2_n": 0.6539657768,
  "WLHImagVolume_r3_n": 88.652119607,
  "WLHImagVolume_r4_n": 1.0293804728,
  "WLHImagVolume_r5_n": 4.9817e-06,
  "WLHImagVolume_a0_n": 0.2945403186,
  "WLHImagVolume_a1_n": 0.5318524865,
  "WLHImagVolume_a2_n": 3.4773413309,
  "WLHImagVolume_a3_n": 0.0124544463,
  "WLHImagVolume_a4_n": 0.0003899163,
  "WLHImagSurface_W0_p": 0.865285674,
  "WLHImagSurface_W1_p": 0.029637831,
  "WLHImagSurface_W2_p": 0.731683905,
  "WLHImagSurface_W3_p": 0.0984562154,
  "WLHImagSurface_r0_p": 0.9376092984,
  "WLHImagSurface_r1_p": 0.4105840363,
  "WLHImagSurface_r2_p": 0.0042388348,
  "WLHImagSurface_a0_p": 0.7493557778,
  "WLHImagSurface_W0_n": 1.8272784187,
  "WLHImagSurface_W1_n": 0.0534773127,
  "WLHImagSurface_W2_n": 2.3141451237,
  "WLHImagSurface_W3_n": 0.1714233427,
  "WLHImagSurface_r0_n": 1.2649379017,
  "WLHImagSurface_r1_n": 1.5910452898,
  "WLHImagSurface_r2_n": 0.0025170784,
  "WLHImagSurface_a0_n": 0.861860323,
  "WLHRealSpinOrbit_V0_p": 9.7459278197,
  "WLHRealSpinOrbit_V1_p": 0.0085748642,
  "WLHRealSpinOrbit_r0_p": 1.2706006096,
  "WLHRealSpinOrbit_r1_p": 0.8590060712,
  "WLHRealSpinOrbit_a0_p": 0.7997848768,
  "WLHRealSpinOrbit_a1_p": 0.0003533775,
  "WLHRealSpinOrbit_V0_n": 9.8526783082,
  "WLHRealSpinOrbit_V1_n": 0.0091038637,
  "WLHRealSpinOrbit_r0_n": 1.2987633854,
  "WLHRealSpinOrbit_r1_n": 0.9281962326,
  "WLHRealSpinOrbit_a0_n": 0.8333812561,
  "WLHRealSpinOrbit_a1_n": 0.0003102734
}