{
  "WLHReal_V0_p": 59.2404839103,
  "WLHReal_V1_p": 0.3180020406,
  "WLHReal_V2_p": 0.0014366499,
  "WLHReal_V3_p": -3.344e-06,
  "WLHReal_V4_p": 17.3517150819,
  "WLHReal_V5_p": 0.1198542662,
  "WLHReal_V6_p": -0.0001967621,
  "WLHReal_r0_p": 1.148596772,
  "WLHReal_r1_p": 0.2474669597,
  "WLHReal_r2_p": 0.0003372633,
  "WLHReal_r3_p": -3.9947e-06,
  "WLHReal_a0_p": 0.7090815083,
  "WLHReal_a1_p": 0.0002345343,
  "WLHReal_a2_p": -5.4353e-06,
  "WLHReal_a3_p": 0.1748926002,
  "WLHReal_a4_p": 0.5791202336,
  "WLHReal_V0_n": 54.4480880592,
  "WLHReal_V1_n": 0.2942758832,
  "WLHReal_V2_n": 0.0002945892,
  "WLHReal_V3_n": 4.744e-07,
  "WLHReal_V4_n": 21.5739569035,
  "WLHReal_V5_n": 0.2484446307,
  "WLHReal_V6_n": 0.0005619272,
  "WLHReal_r0_n": 1.2613919017,
  "WLHReal_r1_n": 0.3240544243,
  "WLHReal_r2_n": 0.0005337384,
  "WLHReal_r3_n": 1.9781e-06,
  "WLHReal_a0_n": 0.7139157345,
  "WLHReal_a1_n": 0.00034676,
  "WLHReal_a2_n": 1.5544e-06,
  "WLHReal_a3_n": 0.2119252953,
  "WLHReal_a4_n": 0.682690671,
  "WLHImagVolume_W0_p": 1.3061194965,
  "WLHImagVolume_W1_p": 0.1940343144,
  "WLHImagVolume_W2_p": 0.0002050658,
  "WLHImagVolume_W3_p": 14.7126594082,
  "WLHImagVolume_W4_p": 0.0415023213,
  "WLHImagVolume_r0_p": 0.51206851,
  "WLHImagVolume_r1_p": 52.3951231811,
  "WLHImagVolume_r2_p": 0.5853131365,
  "WLHImagVolume_r3_p": 60.187454813,
  "WLHImagVolume_r4_p": 0.7151235222,
  "WLHImagVolume_r5_p": 2.3985e-06,
  "WLHImagVolume_a0_p": 0.4337174847,
  "WLHImagVolume_a1_p": 0.2932724258,
  "WLHImagVolume_a2_p": 14.3881295106,
  "WLHImagVolume_a3_p": 0.3223134481,
  "WLHImagVolume_a4_p": 0.0006543943,
  "WLHImagVolume_W0_n": 2.1515796248,
  "WLHImagVolume_W1_n": 0.2294536166,
  "WLHImagVolume_W2_n": 0.0003723367,
  "WLHImagVolume_W3_n": 7.7075488871,
  "WLHImagVolume_W4_n": 0.0393976019,
  "WLHImagVolume_r0_n": 0.5303603063,
  "WLHImagVolume_r1_n": 75.4791062017,
  "WLHImagVolume_r2_n": 0.7206239676,
  "WLHImagVolume_r3_n": 74.652015044,
  "WLHImagVolume_r4_n": 0.8958772571,
  "WLHImagVolume_r5_n": 2.4931e-06,
  "WLHImagVolume_a0_n": 0.192677153,
  "WLHImagVolume_a1_n": 0.6236591978,
  "WLHImagVolume_a2_n": 9.1089667259,
  "WLHImagVolume_a3_n": 0.0650691764,
  "WLHImagVolume_a4_n": 0.0007701322,
  "WLHImagSurface_W0_p": 1.5153329639,
  "WLHImagSurface_W1_p": 0.0672611666,
  "WLHImagSurface_W2_p": 2.0344669329,
  "WLHImagSurface_W3_p": 0.2239255679,
  "WLHImagSurface_r0_p": 1.2737970159,
  "WLHImagSurface_r1_p": 1.345221525,
  "WLHImagSurface_r2_p": 0.0139192558,
  "WLHImagSurface_a0_p": 0.8086661187,
  "WLHImagSurface_W0_n": 1.644782253,
  "WLHImagSurface_W1_n": 0.0261273262,
  "WLHImagSurface_W2_n": 2.377354771,
  "WLHImagSurface_W3_n": 0.0993400654,
  "WLHImagSurface_r0_n": 1.2787745177,
  "WLHImagSurface_r1_n": 1.3481226968,
  "WLHImagSurface_r2_n": 0.0040683668,
  "WLHImagSurface_a0_n": 0.8256960751,
  "WLHRealSpinOrbit_V0_p": 10.8238788259,
  "WLHRealSpinOrbit_V1_p": 0.0080913698,
  "WLHRealSpinOrbit_r0_p": 1.1142590364,
  "WLHRealSpinOrbit_r1_p": 0.6202588152,
  "WLHRealSpinOrbit_a0_p": 0.6808595168,
  "WLHRealSpinOrbit_a1_p": 0.00035964,
  "WLHRealSpinOrbit_V0_n": 9.823249353,
  "WLHRealSpinOrbit_V1_n": 0.0082485117,
  "WLHRealSpinOrbit_r0_n": 1.2335644486,
  "WLHRealSpinOrbit_r1_n": 0.796104938,
  "WLHRealSpinOrbit_a0_n": 0.7672261472,
  "WLHRealSpinOrbit_a1_n": 0.0003634192
}