{
  "WLHReal_V0_p": 56.1261340692,
  "WLHReal_V1_p": 0.2774243254,
  "WLHReal_V2_p": 0.0007082609,
  "WLHReal_V3_p": -1.683e-06,
  "WLHReal_V4_p": 16.6497447663,
  "WLHReal_V5_p": 0.132384644,
  "WLHReal_V6_p": 7.27943e-05,
  "WLHReal_r0_p": 1.2148652518,
  "WLHReal_r1_p": 0.2824530113,
  "WLHReal_r2_p": 0.000371412,
  "WLHReal_r3_p": -1.7e-07,
  "WLHReal_a0_p": 0.7318100617,
  "WLHReal_a1_p": 0.0002135721,
  "WLHReal_a2_p": -2.1423e-06,
  "WLHReal_a3_p": 0.0918290704,
  "WLHReal_a4_p": 0.4890905183,
  "WLHReal_V0_n": 51.335531806,
  "WLHReal_V1_n": 0.2702354329,
  "WLHReal_V2_n": -0.0009939347,
  "WLHReal_V3_n": 4.4629e-06,
  "WLHReal_V4_n": 20.908354459,
  "WLHReal_V5_n": 0.3305495331,
  "WLHReal_V6_n": 0.0017774906,
  "WLHReal_r0_n": 1.3228968009,
  "WLHReal_r1_n": 0.2556140572,
  "WLHReal_r2_n": 0.0014280234,
  "WLHReal_r3_n": 1.82283e-05,
  "WLHReal_a0_n": 0.7780629148,
  "WLHReal_a1_n": 0.0014610252,
  "WLHReal_a2_n": 2.20052e-05,
  "WLHReal_a3_n": 0.3972128772,
  "WLHReal_a4_n": 1.1902805819,
  "WLHImagVolume_W0_p": 2.3929658955,
  "WLHImagVolume_W1_p": 0.1762475745,
  "WLHImagVolume_W2_p": 3.34787e-05,
  "WLHImagVolume_W3_p": 11.4974205309,
  "WLHImagVolume_W4_p": 0.0535720593,
  "WLHImagVolume_r0_p": 0.6823082319,
  "WLHImagVolume_r1_p": 29.595968516,
  "WLHImagVolume_r2_p": 0.4770179067,
  "WLHImagVolume_r3_p": 40.4172752593,
  "WLHImagVolume_r4_p": 0.7702851279,
  "WLHImagVolume_r5_p": 2.4509e-06,
  "WLHImagVolume_a0_p": 0.5056275616,
  "WLHImagVolume_a1_p": 0.2496392216,
  "WLHImagVolume_a2_p": 11.2488024352,
  "WLHImagVolume_a3_p": 0.3842829366,
  "WLHImagVolume_a4_p": 0.0017282382,
  "WLHImagVolume_W0_n": 4.1251145582,
  "WLHImagVolume_W1_n": 0.275518664,
  "WLHImagVolume_W2_n": 0.0005291515,
  "WLHImagVolume_W3_n": 10.843890186,
  "WLHImagVolume_W4_n": 0.0066385539,
  "WLHImagVolume_r0_n": 0.6783255093,
  "WLHImagVolume_r1_n": 69.6815084754,
  "WLHImagVolume_r2_n": 0.642028732,
  "WLHImagVolume_r3_n": 93.3822407937,
  "WLHImagVolume_r4_n": 1.0417445499,
  "WLHImagVolume_r5_n": 5.1578e-06,
  "WLHImagVolume_a0_n": 0.3105359092,
  "WLHImagVolume_a1_n": 0.5150656971,
  "WLHImagVolume_a2_n": 3.3810604573,
  "WLHImagVolume_a3_n": 0.0236161837,
  "WLHImagVolume_a4_n": 0.0003260818,
  "WLHImagSurface_W0_p": 1.1892376832,
  "WLHImagSurface_W1_p": 0.0487334005,
  "WLHImagSurface_W2_p": 1.8187311616,
  "WLHImagSurface_W3_p": 0.1687786491,
  "WLHImagSurface_r0_p": 1.0510755087,
  "WLHImagSurface_r1_p": 0.8621613641,
  "WLHImagSurface_r2_p": 0.0098561476,
  "WLHImagSurface_a0_p": 0.6785360297,
  "WLHImagSurface_W0_n": 1.5277479696,
  "WLHImagSurface_W1_n": 0.0502991917,
  "WLHImagSurface_W2_n": 1.7285613907,
  "WLHImagSurface_W3_n": 0.1670563424,
  "WLHImagSurface_r0_n": 1.2708476105,
  "WLHImagSurface_r1_n": 1.5863224961,
  "WLHImagSurface_r2_n": 0.0018225255,
  "WLHImagSurface_a0_n": 0.8791034207,
  "WLHRealSpinOrbit_V0_p": 10.4858652766,
  "WLHRealSpinOrbit_V1_p": 0.0084016548,
  "WLHRealSpinOrbit_r0_p": 1.1868240527,
  "WLHRealSpinOrbit_r1_p": 0.7182159452,
  "WLHRealSpinOrbit_a0_p": 0.7334558791,
  "WLHRealSpinOrbit_a1_p": 0.000377289,
  "WLHRealSpinOrbit_V0_n": 9.7576596258,
  "WLHRealSpinOrbit_V1_n": 0.0092500308,
  "WLHRealSpinOrbit_r0_n": 1.3247547204,
  "WLHRealSpinOrbit_r1_n": 0.9645399485,
  "WLHRealSpinOrbit_a0_n": 0.8533396267,
  "WLHRealSpinOrbit_a1_n": 0.0003173892
}