{
  "WLHReal_V0_p": 47.5562588256,
  "WLHReal_V1_p": 0.2394529825,
  "WLHReal_V2_p": -0.0013032639,
  "WLHReal_V3_p": 5.6059e-06,
  "WLHReal_V4_p": 11.5200054896,
  "WLHReal_V5_p": 0.1315018139,
  "WLHReal_V6_p": 0.000716121,
  "WLHReal_r0_p": 1.3958658686,
  "WLHReal_r1_p": 0.2648806869,
  "WLHReal_r2_p": 0.0010236074,
  "WLHReal_r3_p": 1.44985e-05,
  "WLHReal_a0_p": 0.8122692269,
  "WLHReal_a1_p": -4.0529e-05,
  "WLHReal_a2_p": 1.3719e-05,
  "WLHReal_a3_p": -0.095774507,
  "WLHReal_a4_p": 0.4428395742,
  "WLHReal_V0_n": 54.4004308394,
  "WLHReal_V1_n": 0.306190504,
  "WLHReal_V2_n": -4.54826e-05,
  "WLHReal_V3_n": 2.2024e-06,
  "WLHReal_V4_n": 20.8520311911,
  "WLHReal_V5_n": 0.2767479121,
  "WLHReal_V6_n": 0.0009019419,
  "WLHReal_r0_n": 1.2852147615,
  "WLHReal_r1_n": 0.3326140175,
  "WLHReal_r2_n": 0.0007703261,
  "WLHReal_r3_n": 5.0503e-06,
  "WLHReal_a0_n": 0.7332576165,
  "WLHReal_a1_n": 0.0006373739,
  "WLHReal_a2_n": 6.3238e-06,
  "WLHReal_a3_n": 0.2368406134,
  "WLHReal_a4_n": 0.7954995216,
  "WLHImagVolume_W0_p": 5.8997452155,
  "WLHImagVolume_W1_p": 0.1685679054,
  "WLHImagVolume_W2_p": 1.45359e-05,
  "WLHImagVolume_W3_p": 6.0439672041,
  "WLHImagVolume_W4_p": 0.0851881506,
  "WLHImagVolume_r0_p": 0.9691691334,
  "WLHImagVolume_r1_p": 13.1349518031,
  "WLHImagVolume_r2_p": 0.3988659645,
  "WLHImagVolume_r3_p": 34.2368514613,
  "WLHImagVolume_r4_p": 0.7585893466,
  "WLHImagVolume_r5_p": 8.761e-07,
  "WLHImagVolume_a0_p": 0.6617901455,
  "WLHImagVolume_a1_p": 0.2120928455,
  "WLHImagVolume_a2_p": 10.7111824624,
  "WLHImagVolume_a3_p": 0.4945665504,
  "WLHImagVolume_a4_p": 0.0038307932,
  "WLHImagVolume_W0_n": 2.9127475384,
  "WLHImagVolume_W1_n": 0.2759282004,
  "WLHImagVolume_W2_n": 0.000590563,
  "WLHImagVolume_W3_n": 8.9533656087,
  "WLHImagVolume_W4_n": 0.0477153023,
  "WLHImagVolume_r0_n": 0.5314522172,
  "WLHImagVolume_r1_n": 80.5800314578,
  "WLHImagVolume_r2_n": 0.7463571449,
  "WLHImagVolume_r3_n": 85.1690657374,
  "WLHImagVolume_r4_n": 0.8852874698,
  "WLHImagVolume_r5_n": 2.7195e-06,
  "WLHImagVolume_a0_n": 0.2249552923,
  "WLHImagVolume_a1_n": 0.5976495703,
  "WLHImagVolume_a2_n": 6.6361390777,
  "WLHImagVolume_a3_n": 0.0395165173,
  "WLHImagVolume_a4_n": 0.0005371461,
  "WLHImagSurface_W0_p": 0.2922614156,
  "WLHImagSurface_W1_p": -0.0091022692,
  "WLHImagSurface_W2_p": -0.2280383605,
  "WLHImagSurface_W3_p": -0.0364396712,
  "WLHImagSurface_r0_p": 0.6161324663,
  "WLHImagSurface_r1_p": -0.4617154975,
  "WLHImagSurface_r2_p": -0.0029826664,
  "WLHImagSurface_a0_p": 0.6394564211,
  "WLHImagSurface_W0_n": 1.9353130757,
  "WLHImagSurface_W1_n": 0.0448954116,
  "WLHImagSurface_W2_n": 2.9037792367,
  "WLHImagSurface_W3_n": 0.1526967806,
  "WLHImagSurface_r0_n": 1.2889008304,
  "WLHImagSurface_r1_n": 1.5026294359,
  "WLHImagSurface_r2_n": 0.0036337608,
  "WLHImagSurface_a0_n": 0.8381043209,
  "WLHRealSpinOrbit_V0_p": 9.0886802331,
  "WLHRealSpinOrbit_V1_p": 0.0090711544,
  "WLHRealSpinOrbit_r0_p": 1.3928114352,
  "WLHRealSpinOrbit_r1_p": 1.0343827673,
  "WLHRealSpinOrbit_a0_p": 0.8912852461,
  "WLHRealSpinOrbit_a1_p": 0.0003673871,
  "WLHRealSpinOrbit_V0_n": 9.6463841319,
  "WLHRealSpinOrbit_V1_n": 0.0084152874,
  "WLHRealSpinOrbit_r0_n": 1.2611953641,
  "WLHRealSpinOrbit_r1_n": 0.8503189276,
  "WLHRealSpinOrbit_a0_n": 0.7923948702,
  "WLHRealSpinOrbit_a1_n": 0.0003432517
}