{
  "WLHReal_V0_p": 62.8242388562,
  "WLHReal_V1_p": 0.3518481017,
  "WLHReal_V2_p": 0.0013608418,
  "WLHReal_V3_p": -2.7255e-06,
  "WLHReal_V4_p": 15.9406072026,
  "WLHReal_V5_p": 0.1584263354,
  "WLHReal_V6_p": -7.62313e-05,
  "WLHReal_r0_p": 1.1862500173,
  "WLHReal_r1_p": 0.3949283808,
  "WLHReal_r2_p": 0.000346011,
  "WLHReal_r3_p": -5.6371e-06,
  "WLHReal_a0_p": 0.737334499,
  "WLHReal_a1_p": 0.0004873995,
  "WLHReal_a2_p": -7.0155e-06,
  "WLHReal_a3_p": 0.2175839938,
  "WLHReal_a4_p": 0.6489124622,
  "WLHReal_V0_n": 51.8488042829,
  "WLHReal_V1_n": 0.2858817494,
  "WLHReal_V2_n": 7.4143e-05,
  "WLHReal_V3_n": 1.1896e-06,
  "WLHReal_V4_n": 21.110625017,
  "WLHReal_V5_n": 0.2589778533,
  "WLHReal_V6_n": 0.0007194153,
  "WLHReal_r0_n": 1.2964397117,
  "WLHReal_r1_n": 0.337366075,
  "WLHReal_r2_n": 0.0006462683,
  "WLHReal_r3_n": 3.8377e-06,
  "WLHReal_a0_n": 0.7221090107,
  "WLHReal_a1_n": 0.0006019488,
  "WLHReal_a2_n": 4.8644e-06,
  "WLHReal_a3_n": 0.2294992182,
  "WLHReal_a4_n": 0.7263614588,
  "WLHImagVolume_W0_p": 2.6431205691,
  "WLHImagVolume_W1_p": 0.3225351985,
  "WLHImagVolume_W2_p": 0.0006185717,
  "WLHImagVolume_W3_p": 18.0458265843,
  "WLHImagVolume_W4_p": 0.0787620823,
  "WLHImagVolume_r0_p": 0.3441459356,
  "WLHImagVolume_r1_p": 63.9485789758,
  "WLHImagVolume_r2_p": 0.7638350218,
  "WLHImagVolume_r3_p": 64.4320333398,
  "WLHImagVolume_r4_p": 0.6076091468,
  "WLHImagVolume_r5_p": 2.1017e-06,
  "WLHImagVolume_a0_p": 0.4719995977,
  "WLHImagVolume_a1_p": 0.2926054495,
  "WLHImagVolume_a2_p": 13.8919484585,
  "WLHImagVolume_a3_p": 0.3758780523,
  "WLHImagVolume_a4_p": 0.0014157944,
  "WLHImagVolume_W0_n": 1.8924726396,
  "WLHImagVolume_W1_n": 0.203814596,
  "WLHImagVolume_W2_n": 0.000441419,
  "WLHImagVolume_W3_n": 6.7338781577,
  "WLHImagVolume_W4_n": 0.0188779004,
  "WLHImagVolume_r0_n": 0.470183505,
  "WLHImagVolume_r1_n": 96.0835929539,
  "WLHImagVolume_r2_n": 0.813598714,
  "WLHImagVolume_r3_n": 88.4249107789,
  "WLHImagVolume_r4_n": 0.7891109574,
  "WLHImagVolume_r5_n": 2.4003e-06,
  "WLHImagVolume_a0_n": 0.1911717549,
  "WLHImagVolume_a1_n": 0.6314864258,
  "WLHImagVolume_a2_n": 9.2382605031,
  "WLHImagVolume_a3_n": 0.0822538009,
  "WLHImagVolume_a4_n": 0.0006557613,
  "WLHImagSurface_W0_p": 1.557187916,
  "WLHImagSurface_W1_p": 0.0860548249,
  "WLHImagSurface_W2_p": 2.5428323942,
  "WLHImagSurface_W3_p": 0.3196676325,
  "WLHImagSurface_r0_p": 1.2568568321,
  "WLHImagSurface_r1_p": 1.6289052745,
  "WLHImagSurface_r2_p": 0.0131338706,
  "WLHImagSurface_a0_p": 0.7362474987,
  "WLHImagSurface_W0_n": 1.6005136553,
  "WLHImagSurface_W1_n": 0.0330399762,
  "WLHImagSurface_W2_n": 2.6559032363,
  "WLHImagSurface_W3_n": 0.1327990711,
  "WLHImagSurface_r0_n": 1.3170414363,
  "WLHImagSurface_r1_n": 1.4226193666,
  "WLHImagSurface_r2_n": 0.0036049499,
  "WLHImagSurface_a0_n": 0.8421545829,
  "WLHRealSpinOrbit_V0_p": 10.6723735078,
  "WLHRealSpinOrbit_V1_p": 0.0080504116,
  "WLHRealSpinOrbit_r0_p": 1.1202611815,
  "WLHRealSpinOrbit_r1_p": 0.6387076762,
  "WLHRealSpinOrbit_a0_p": 0.6862671276,
  "WLHRealSpinOrbit_a1_p": 0.0003382383,
  "WLHRealSpinOrbit_V0_n": 9.3185697994,
  "WLHRealSpinOrbit_V1_n": 0.0080148504,
  "WLHRealSpinOrbit_r0_n": 1.2673148838,
  "WLHRealSpinOrbit_r1_n": 0.8348525205,
  "WLHRealSpinOrbit_a0_n": 0.7856705456,
  "WLHRealSpinOrbit_a1_n": 0.0003835097
}