{
  "WLHReal_V0_p": 54.8288728036,
  "WLHReal_V1_p": 0.2951990743,
  "WLHReal_V2_p": 0.0001145841,
  "WLHReal_V3_p": 1.5149e-06,
  "WLHReal_V4_p": 14.0941760953,
  "WLHReal_V5_p": 0.1264981651,
  "WLHReal_V6_p": 0.0002514086,
  "WLHReal_r0_p": 1.2626826294,
  "WLHReal_r1_p": 0.2491786389,
  "WLHReal_r2_p": 0.000791,
  "WLHReal_r3_p": 6.4979e-06,
  "WLHReal_a0_p": 0.7655036254,
  "WLHReal_a1_p": 0.0001447361,
  "WLHReal_a2_p": 5.0729e-06,
  "WLHReal_a3_p": 0.0615176713,
  "WLHReal_a4_p": 0.5680261259,
  "WLHReal_V0_n": 48.5136917675,
  "WLHReal_V1_n": 0.2418547583,
  "WLHReal_V2_n": -0.0005537665,
  "WLHReal_V3_n": 2.9219e-06,
  "WLHReal_V4_n": 21.7916826824,
  "WLHReal_V5_n": 0.284519565,
  "WLHReal_V6_n": 0.0012866728,
  "WLHReal_r0_n": 1.3095677013,
  "WLHReal_r1_n": 0.2346091743,
  "WLHReal_r2_n": 0.0011150916,
  "WLHReal_r3_n": 1.36481e-05,
  "WLHReal_a0_n": 0.7490848711,
  "WLHReal_a1_n": 0.0012120478,
  "WLHReal_a2_n": 1.66768e-05,
  "WLHReal_a3_n": 0.3805141761,
  "WLHReal_a4_n": 1.0461560808,
  "WLHImagVolume_W0_p": 3.8902387099,
  "WLHImagVolume_W1_p": 0.2178142446,
  "WLHImagVolume_W2_p": 0.0002188813,
  "WLHImagVolume_W3_p": 12.0163032696,
  "WLHImagVolume_W4_p": 0.0706582595,
  "WLHImagVolume_r0_p": 0.7203812482,
  "WLHImagVolume_r1_p": 36.0283585411,
  "WLHImagVolume_r2_p": 0.5033804363,
  "WLHImagVolume_r3_p": 51.055094742,
  "WLHImagVolume_r4_p": 0.7554604099,
  "WLHImagVolume_r5_p": 2.3268e-06,
  "WLHImagVolume_a0_p": 0.5520859122,
  "WLHImagVolume_a1_p": 0.2505974038,
  "WLHImagVolume_a2_p": 12.3135933168,
  "WLHImagVolume_a3_p": 0.418763123,
  "WLHImagVolume_a4_p": 0.0023657451,
  "WLHImagVolume_W0_n": 2.3765793182,
  "WLHImagVolume_W1_n": 0.1513395609,
  "WLHImagVolume_W2_n": 0.000179107,
  "WLHImagVolume_W3_n": 7.3580962106,
  "WLHImagVolume_W4_n": -0.0330844023,
  "WLHImagVolume_r0_n": 0.6091699374,
  "WLHImagVolume_r1_n": 84.0582692814,
  "WLHImagVolume_r2_n": 0.6913531356,
  "WLHImagVolume_r3_n": 88.7949661296,
  "WLHImagVolume_r4_n": 0.9275674146,
  "WLHImagVolume_r5_n": 4.7306e-06,
  "WLHImagVolume_a0_n": 0.2406739377,
  "WLHImagVolume_a1_n": 0.5740238649,
  "WLHImagVolume_a2_n": 8.2979676053,
  "WLHImagVolume_a3_n": 0.0869050895,
  "WLHImagVolume_a4_n": 0.0005410364,
  "WLHImagSurface_W0_p": 0.838127105,
  "WLHImagSurface_W1_p": 0.0223979925,
  "WLHImagSurface_W2_p": 0.5620562874,
  "WLHImagSurface_W3_p": 0.068389576,
  "WLHImagSurface_r0_p": 0.9498644727,
  "WLHImagSurface_r1_p": 0.5220763014,
  "WLHImagSurface_r2_p": 0.00542611,
  "WLHImagSurface_a0_p": 0.7290475242,
  "WLHImagSurface_W0_n": 0.9386584768,
  "WLHImagSurface_W1_n": 0.0218661608,
  "WLHImagSurface_W2_n": 0.9601795778,
  "WLHImagSurface_W3_n": 0.0983746705,
  "WLHImagSurface_r0_n": 1.295046459,
  "WLHImagSurface_r1_n": 1.3673407358,
  "WLHImagSurface_r2_n": 0.0021935705,
  "WLHImagSurface_a0_n": 0.8723857142,
  "WLHRealSpinOrbit_V0_p": 10.0986487089,
  "WLHRealSpinOrbit_V1_p": 0.008680905,
  "WLHRealSpinOrbit_r0_p": 1.2423766716,
  "WLHRealSpinOrbit_r1_p": 0.8228273441,
  "WLHRealSpinOrbit_a0_p": 0.7824804098,
  "WLHRealSpinOrbit_a1_p": 0.0003445245,
  "WLHRealSpinOrbit_V0_n": 9.559482732,
  "WLHRealSpinOrbit_V1_n": 0.0086729327,
  "WLHRealSpinOrbit_r0_n": 1.3053499177,
  "WLHRealSpinOrbit_r1_n": 0.9006668206,
  "WLHRealSpinOrbit_a0_n": 0.8236805614,
  "WLHRealSpinOrbit_a1_n": 0.0003752405
}