{
  "WLHReal_V0_p": 52.1878344161,
  "WLHReal_V1_p": 0.2996000458,
  "WLHReal_V2_p": -9.61195e-05,
  "WLHReal_V3_p": 2.9779e-06,
  "WLHReal_V4_p": 12.6027524477,
  "WLHReal_V5_p": 0.1354752843,
  "WLHReal_V6_p": 0.0003129026,
  "WLHReal_r0_p": 1.3284437047,
  "WLHReal_r1_p": 0.3387198106,
  "WLHReal_r2_p": 0.0006444732,
  "WLHReal_r3_p": 4.7408e-06,
  "WLHReal_a0_p": 0.7775231933,
  "WLHReal_a1_p": 6.09682e-05,
  "WLHReal_a2_p": 5.2114e-06,
  "WLHReal_a3_p": 0.0360760523,
  "WLHReal_a4_p": 0.5086638456,
  "WLHReal_V0_n": 55.9851503645,
  "WLHReal_V1_n": 0.2850213569,
  "WLHReal_V2_n": -0.0002137923,
  "WLHReal_V3_n": 2.873e-06,
  "WLHReal_V4_n": 20.8444109261,
  "WLHReal_V5_n": 0.3010431986,
  "WLHReal_V6_n": 0.0009590081,
  "WLHReal_r0_n": 1.3207743846,
  "WLHReal_r1_n": 0.4773067065,
  "WLHReal_r2_n": 0.0006239747,
  "WLHReal_r3_n": 3.1741e-06,
  "WLHReal_a0_n": 0.7386638417,
  "WLHReal_a1_n": 0.0003531099,
  "WLHReal_a2_n": 2.4741e-06,
  "WLHReal_a3_n": 0.1393596651,
  "WLHReal_a4_n": 0.6009198079,
  "WLHImagVolume_W0_p": 4.0288457527,
  "WLHImagVolume_W1_p": 0.199711614,
  "WLHImagVolume_W2_p": 0.000384544,
  "WLHImagVolume_W3_p": 10.180502016,
  "WLHImagVolume_W4_p": 0.0701209648,
  "WLHImagVolume_r0_p": 0.5462064789,
  "WLHImagVolume_r1_p": 59.8280956205,
  "WLHImagVolume_r2_p": 0.7399145821,
  "WLHImagVolume_r3_p": 66.9951953614,
  "WLHImagVolume_r4_p": 0.4905776722,
  "WLHImagVolume_r5_p": 1.288e-06,
  "WLHImagVolume_a0_p": 0.5376084149,
  "WLHImagVolume_a1_p": 0.3080842275,
  "WLHImagVolume_a2_p": 17.6222724954,
  "WLHImagVolume_a3_p": 0.3829466728,
  "WLHImagVolume_a4_p": 0.0019409832,
  "WLHImagVolume_W0_n": 3.1464732608,
  "WLHImagVolume_W1_n": 0.3470801908,
  "WLHImagVolume_W2_n": 0.0006684091,
  "WLHImagVolume_W3_n": 9.7139116195,
  "WLHImagVolume_W4_n": 0.068289069,
  "WLHImagVolume_r0_n": 0.5580111805,
  "WLHImagVolume_r1_n": 62.0304956563,
  "WLHImagVolume_r2_n": 0.7435488619,
  "WLHImagVolume_r3_n": 77.8389692142,
  "WLHImagVolume_r4_n": 1.0513938114,
  "WLHImagVolume_r5_n": 4.3135e-06,
  "WLHImagVolume_a0_n": 0.2763656371,
  "WLHImagVolume_a1_n": 0.5889490435,
  "WLHImagVolume_a2_n": 5.9953623873,
  "WLHImagVolume_a3_n": 0.0633049858,
  "WLHImagVolume_a4_n": 0.0013486396,
  "WLHImagSurface_W0_p": 1.1760246433,
  "WLHImagSurface_W1_p": 0.0641710062,
  "WLHImagSurface_W2_p": 1.6364093039,
  "WLHImagSurface_W3_p": 0.2313417299,
  "WLHImagSurface_r0_p": 1.032201782,
  "WLHImagSurface_r1_p": 0.4734715804,
  "WLHImagSurface_r2_p": 0.0043571442,
  "WLHImagSurface_a0_p": 0.833720507,
  "WLHImagSurface_W0_n": 1.8941119362,
  "WLHImagSurface_W1_n": 0.0456363511,
  "WLHImagSurface_W2_n": 3.4214247165,
  "WLHImagSurface_W3_n": 0.1721432631,
  "WLHImagSurface_r0_n": 1.2639703787,
  "WLHImagSurface_r1_n": 1.5323615875,
  "WLHImagSurface_r2_n": 0.0034512412,
  "WLHImagSurface_a0_n": 0.8399139212,
  "WLHRealSpinOrbit_V0_p": 9.1446008611,
  "WLHRealSpinOrbit_V1_p": 0.0080997367,
  "WLHRealSpinOrbit_r0_p": 1.2914595982,
  "WLHRealSpinOrbit_r1_p": 0.8748817241,
  "WLHRealSpinOrbit_a0_p": 0.8049020664,
  "WLHRealSpinOrbit_a1_p": 0.0003765013,
  "WLHRealSpinOrbit_V0_n": 9.6839623404,
  "WLHRealSpinOrbit_V1_n": 0.0085183257,
  "WLHRealSpinOrbit_r0_n": 1.2769495201,
  "WLHRealSpinOrbit_r1_n": 0.8594248933,
  "WLHRealSpinOrbit_a0_n": 0.8000137995,
  "WLHRealSpinOrbit_a1_n": 0.0003593951
}