{
  "WLHReal_V0_p": 53.1340249587,
  "WLHReal_V1_p": 0.2641810503,
  "WLHReal_V2_p": -0.0006995534,
  "WLHReal_V3_p": 3.5994e-06,
  "WLHReal_V4_p": 13.164853623,
  "WLHReal_V5_p": 0.1311990263,
  "WLHReal_V6_p": 0.0005484198,
  "WLHReal_r0_p": 1.3060204736,
  "WLHReal_r1_p": 0.2158462794,
  "WLHReal_r2_p": 0.0011052589,
  "WLHReal_r3_p": 1.25258e-05,
  "WLHReal_a0_p": 0.7953381652,
  "WLHReal_a1_p": 0.0001528504,
  "WLHReal_a2_p": 1.05588e-05,
  "WLHReal_a3_p": -0.0117052713,
  "WLHReal_a4_p": 0.5600767574,
  "WLHReal_V0_n": 47.5483699857,
  "WLHReal_V1_n": 0.2225140776,
  "WLHReal_V2_n": -0.0009018374,
  "WLHReal_V3_n": 4.15e-06,
  "WLHReal_V4_n": 21.7463914281,
  "WLHReal_V5_n": 0.3077894574,
  "WLHReal_V6_n": 0.0015658927,
  "WLHReal_r0_n": 1.3375771939,
  "WLHReal_r1_n": 0.2597771691,
  "WLHReal_r2_n": 0.0012673995,
  "WLHReal_r3_n": 1.59632e-05,
  "WLHReal_a0_n": 0.764044952,
  "WLHReal_a1_n": 0.0013974979,
  "WLHReal_a2_n": 1.93197e-05,
  "WLHReal_a3_n": 0.3983046784,
  "WLHReal_a4_n": 1.1007128382,
  "WLHImagVolume_W0_p": 5.5368187491,
  "WLHImagVolume_W1_p": 0.2361069562,
  "WLHImagVolume_W2_p": 5.50043e-05,
  "WLHImagVolume_W3_p": 10.5410434463,
  "WLHImagVolume_W4_p": 0.0912463121,
  "WLHImagVolume_r0_p": 0.9978780191,
  "WLHImagVolume_r1_p": 3.4128886174,
  "WLHImagVolume_r2_p": 0.2739195515,
  "WLHImagVolume_r3_p": 27.794470926,
  "WLHImagVolume_r4_p": 0.9612133263,
  "WLHImagVolume_r5_p": 2.6673e-06,
  "WLHImagVolume_a0_p": 0.6501162217,
  "WLHImagVolume_a1_p": 0.1747622908,
  "WLHImagVolume_a2_p": 6.5617488178,
  "WLHImagVolume_a3_p": 0.5160170048,
  "WLHImagVolume_a4_p": 0.0039410485,
  "WLHImagVolume_W0_n": 2.6842046527,
  "WLHImagVolume_W1_n": 0.1643292823,
  "WLHImagVolume_W2_n": 0.0001872746,
  "WLHImagVolume_W3_n": 7.8268340192,
  "WLHImagVolume_W4_n": -0.0435546181,
  "WLHImagVolume_r0_n": 0.6451895005,
  "WLHImagVolume_r1_n": 79.612654191,
  "WLHImagVolume_r2_n": 0.6803873397,
  "WLHImagVolume_r3_n": 91.3128453713,
  "WLHImagVolume_r4_n": 0.9993939393,
  "WLHImagVolume_r5_n": 5.7828e-06,
  "WLHImagVolume_a0_n": 0.278290346,
  "WLHImagVolume_a1_n": 0.5514171261,
  "WLHImagVolume_a2_n": 7.3670794164,
  "WLHImagVolume_a3_n": 0.0952409745,
  "WLHImagVolume_a4_n": 0.0007198036,
  "WLHImagSurface_W0_p": 0.1676637126,
  "WLHImagSurface_W1_p": -0.0320933075,
  "WLHImagSurface_W2_p": -0.8601728918,
  "WLHImagSurface_W3_p": -0.1264639062,
  "WLHImagSurface_r0_p": 0.645845404,
  "WLHImagSurface_r1_p": -0.0388346423,
  "WLHImagSurface_r2_p": 0.0002943422,
  "WLHImagSurface_a0_p": 0.5636585938,
  "WLHImagSurface_W0_n": 0.7821521573,
  "WLHImagSurface_W1_n": 0.0239912061,
  "WLHImagSurface_W2_n": 0.8163672247,
  "WLHImagSurface_W3_n": 0.1125886564,
  "WLHImagSurface_r0_n": 1.2902940539,
  "WLHImagSurface_r1_n": 1.4071732,
  "WLHImagSurface_r2_n": 0.00154781,
  "WLHImagSurface_a0_n": 0.8874746808,
  "WLHRealSpinOrbit_V0_p": 10.1999883077,
  "WLHRealSpinOrbit_V1_p": 0.0094571932,
  "WLHRealSpinOrbit_r0_p": 1.3043292372,
  "WLHRealSpinOrbit_r1_p": 0.9291348103,
  "WLHRealSpinOrbit_a0_p": 0.8396062947,
  "WLHRealSpinOrbit_a1_p": 0.0003233636,
  "WLHRealSpinOrbit_V0_n": 9.4995229146,
  "WLHRealSpinOrbit_V1_n": 0.0088770489,
  "WLHRealSpinOrbit_r0_n": 1.3340534737,
  "WLHRealSpinOrbit_r1_n": 0.941095224,
  "WLHRealSpinOrbit_a0_n": 0.8458351361,
  "WLHRealSpinOrbit_a1_n": 0.0003786695
}