{
  "WLHReal_V0_p": 50.7942568868,
  "WLHReal_V1_p": 0.3197692127,
  "WLHReal_V2_p": -0.0006794064,
  "WLHReal_V3_p": 4.2205e-06,
  "WLHReal_V4_p": 10.0550677995,
  "WLHReal_V5_p": 0.1190605717,
  "WLHReal_V6_p": 0.0004680002,
  "WLHReal_r0_p": 1.3621227721,
  "WLHReal_r1_p": 0.2563676716,
  "WLHReal_r2_p": 0.0011674425,
  "WLHReal_r3_p": 1.26156e-05,
  "WLHReal_a0_p": 0.808982077,
  "WLHReal_a1_p": -5.14136e-05,
  "WLHReal_a2_p": 1.13965e-05,
  "WLHReal_a3_p": 0.0062611966,
  "WLHReal_a4_p": 0.612276747,
  "WLHReal_V0_n": 53.7198885922,
  "WLHReal_V1_n": 0.3124037464,
  "WLHReal_V2_n": -0.0001240849,
  "WLHReal_V3_n": 3.229e-06,
  "WLHReal_V4_n": 20.2694046631,
  "WLHReal_V5_n": 0.2853491429,
  "WLHReal_V6_n": 0.0009516945,
  "WLHReal_r0_n": 1.3102284701,
  "WLHReal_r1_n": 0.3734953631,
  "WLHReal_r2_n": 0.0007778329,
  "WLHReal_r3_n": 5.3508e-06,
  "WLHReal_a0_n": 0.7369466984,
  "WLHReal_a1_n": 0.0007025242,
  "WLHReal_a2_n": 6.9267e-06,
  "WLHReal_a3_n": 0.2139265405,
  "WLHReal_a4_n": 0.7654221718,
  "WLHImagVolume_W0_p": 5.4622207354,
  "WLHImagVolume_W1_p": 0.2333926997,
  "WLHImagVolume_W2_p": 0.0005360957,
  "WLHImagVolume_W3_p": 10.9177318408,
  "WLHImagVolume_W4_p": 0.0831615939,
  "WLHImagVolume_r0_p": 0.6251098474,
  "WLHImagVolume_r1_p": 64.9559465021,
  "WLHImagVolume_r2_p": 0.7203256814,
  "WLHImagVolume_r3_p": 79.2167744217,
  "WLHImagVolume_r4_p": 0.5229795209,
  "WLHImagVolume_r5_p": 6.337e-07,
  "WLHImagVolume_a0_p": 0.5807097944,
  "WLHImagVolume_a1_p": 0.3062067917,
  "WLHImagVolume_a2_p": 18.5925846569,
  "WLHImagVolume_a3_p": 0.4133918013,
  "WLHImagVolume_a4_p": 0.0025152434,
  "WLHImagVolume_W0_n": 2.8509726588,
  "WLHImagVolume_W1_n": 0.287847861,
  "WLHImagVolume_W2_n": 0.0007425507,
  "WLHImagVolume_W3_n": 8.5967609956,
  "WLHImagVolume_W4_n": 0.0504348199,
  "WLHImagVolume_r0_n": 0.4686401354,
  "WLHImagVolume_r1_n": 95.0581920026,
  "WLHImagVolume_r2_n": 0.8320779982,
  "WLHImagVolume_r3_n": 94.992371149,
  "WLHImagVolume_r4_n": 0.8017505796,
  "WLHImagVolume_r5_n": 2.7983e-06,
  "WLHImagVolume_a0_n": 0.2240482866,
  "WLHImagVolume_a1_n": 0.6080127692,
  "WLHImagVolume_a2_n": 6.2980171183,
  "WLHImagVolume_a3_n": 0.043874317,
  "WLHImagVolume_a4_n": 0.0004915146,
  "WLHImagSurface_W0_p": 0.7346040084,
  "WLHImagSurface_W1_p": 0.0252939811,
  "WLHImagSurface_W2_p": -0.1000487129,
  "WLHImagSurface_W3_p": 0.0766791148,
  "WLHImagSurface_r0_p": 0.9278113283,
  "WLHImagSurface_r1_p": 0.0814432567,
  "WLHImagSurface_r2_p": -0.000212527,
  "WLHImagSurface_a0_p": 0.9073542517,
  "WLHImagSurface_W0_n": 2.1188563118,
  "WLHImagSurface_W1_n": 0.0557122376,
  "WLHImagSurface_W2_n": 3.5865795971,
  "WLHImagSurface_W3_n": 0.1930193483,
  "WLHImagSurface_r0_n": 1.316455973,
  "WLHImagSurface_r1_n": 1.5952589122,
  "WLHImagSurface_r2_n": 0.0035628005,
  "WLHImagSurface_a0_n": 0.8439911474,
  "WLHRealSpinOrbit_V0_p": 8.8842435914,
  "WLHRealSpinOrbit_V1_p": 0.0084927914,
  "WLHRealSpinOrbit_r0_p": 1.3414623717,
  "WLHRealSpinOrbit_r1_p": 0.97856759,
  "WLHRealSpinOrbit_a0_p": 0.8535049732,
  "WLHRealSpinOrbit_a1_p": 0.000334089,
  "WLHRealSpinOrbit_V0_n": 9.2655534944,
  "WLHRealSpinOrbit_V1_n": 0.0081833385,
  "WLHRealSpinOrbit_r0_n": 1.2797218541,
  "WLHRealSpinOrbit_r1_n": 0.8714711173,
  "WLHRealSpinOrbit_a0_n": 0.8010665549,
  "WLHRealSpinOrbit_a1_n": 0.0003523245
}