{
  "WLHReal_V0_p": 54.2750502455,
  "WLHReal_V1_p": 0.2989384909,
  "WLHReal_V2_p": 0.0002825654,
  "WLHReal_V3_p": 4.646e-07,
  "WLHReal_V4_p": 14.0657864015,
  "WLHReal_V5_p": 0.1357260204,
  "WLHReal_V6_p": 0.0002006473,
  "WLHReal_r0_p": 1.2816373596,
  "WLHReal_r1_p": 0.3250769693,
  "WLHReal_r2_p": 0.0005398776,
  "WLHReal_r3_p": 1.9929e-06,
  "WLHReal_a0_p": 0.7601016599,
  "WLHReal_a1_p": 0.0001385709,
  "WLHReal_a2_p": 1.5605e-06,
  "WLHReal_a3_p": 0.0698059911,
  "WLHReal_a4_p": 0.5174803447,
  "WLHReal_V0_n": 51.6053879083,
  "WLHReal_V1_n": 0.2808092068,
  "WLHReal_V2_n": 6.68391e-05,
  "WLHReal_V3_n": 1.0655e-06,
  "WLHReal_V4_n": 21.6848665073,
  "WLHReal_V5_n": 0.2511555235,
  "WLHReal_V6_n": 0.0007759544,
  "WLHReal_r0_n": 1.2673968779,
  "WLHReal_r1_n": 0.2453903775,
  "WLHReal_r2_n": 0.0007697943,
  "WLHReal_r3_n": 7.5169e-06,
  "WLHReal_a0_n": 0.7232383042,
  "WLHReal_a1_n": 0.0007381336,
  "WLHReal_a2_n": 8.4039e-06,
  "WLHReal_a3_n": 0.302244499,
  "WLHReal_a4_n": 0.866674536,
  "WLHImagVolume_W0_p": 3.3955948165,
  "WLHImagVolume_W1_p": 0.2028142581,
  "WLHImagVolume_W2_p": 0.0003071446,
  "WLHImagVolume_W3_p": 11.3001172956,
  "WLHImagVolume_W4_p": 0.0653543742,
  "WLHImagVolume_r0_p": 0.5624106393,
  "WLHImagVolume_r1_p": 52.4285286792,
  "WLHImagVolume_r2_p": 0.6705379828,
  "WLHImagVolume_r3_p": 59.9994454822,
  "WLHImagVolume_r4_p": 0.5778339297,
  "WLHImagVolume_r5_p": 1.6776e-06,
  "WLHImagVolume_a0_p": 0.5199148185,
  "WLHImagVolume_a1_p": 0.2920391239,
  "WLHImagVolume_a2_p": 15.6407417172,
  "WLHImagVolume_a3_p": 0.3797892372,
  "WLHImagVolume_a4_p": 0.0017877537,
  "WLHImagVolume_W0_n": 2.0503150807,
  "WLHImagVolume_W1_n": 0.1713863355,
  "WLHImagVolume_W2_n": 0.0002628658,
  "WLHImagVolume_W3_n": 7.1141714162,
  "WLHImagVolume_W4_n": 0.0043968094,
  "WLHImagVolume_r0_n": 0.5435743538,
  "WLHImagVolume_r1_n": 85.9846255623,
  "WLHImagVolume_r2_n": 0.7172588163,
  "WLHImagVolume_r3_n": 82.2195325093,
  "WLHImagVolume_r4_n": 0.8435048028,
  "WLHImagVolume_r5_n": 2.542e-06,
  "WLHImagVolume_a0_n": 0.1891176366,
  "WLHImagVolume_a1_n": 0.6125284442,
  "WLHImagVolume_a2_n": 9.3044185106,
  "WLHImagVolume_a3_n": 0.0691726291,
  "WLHImagVolume_a4_n": 0.0004355618,
  "WLHImagSurface_W0_p": 1.2247481658,
  "WLHImagSurface_W1_p": 0.0622845109,
  "WLHImagSurface_W2_p": 1.7709619397,
  "WLHImagSurface_W3_p": 0.2227147538,
  "WLHImagSurface_r0_p": 1.0652490204,
  "WLHImagSurface_r1_p": 0.6962670391,
  "WLHImagSurface_r2_p": 0.0068118273,
  "WLHImagSurface_a0_p": 0.7874252791,
  "WLHImagSurface_W0_n": 1.3760042246,
  "WLHImagSurface_W1_n": 0.0230782793,
  "WLHImagSurface_W2_n": 1.6805632749,
  "WLHImagSurface_W3_n": 0.0901691685,
  "WLHImagSurface_r0_n": 1.2952045662,
  "WLHImagSurface_r1_n": 1.3359543872,
  "WLHImagSurface_r2_n": 0.0034716827,
  "WLHImagSurface_a0_n": 0.8417391651,
  "WLHRealSpinOrbit_V0_p": 9.6645962817,
  "WLHRealSpinOrbit_V1_p": 0.0081689605,
  "WLHRealSpinOrbit_r0_p": 1.2447545002,
  "WLHRealSpinOrbit_r1_p": 0.80689897,
  "WLHRealSpinOrbit_a0_p": 0.7727045487,
  "WLHRealSpinOrbit_a1_p": 0.0003729741,
  "WLHRealSpinOrbit_V0_n": 9.689618159,
  "WLHRealSpinOrbit_V1_n": 0.0083249608,
  "WLHRealSpinOrbit_r0_n": 1.2538605249,
  "WLHRealSpinOrbit_r1_n": 0.8277972296,
  "WLHRealSpinOrbit_a0_n": 0.7836448374,
  "WLHRealSpinOrbit_a1_n": 0.0003658818
}