{
  "WLHReal_V0_p": 52.3748929829,
  "WLHReal_V1_p": 0.2820550517,
  "WLHReal_V2_p": -0.0001002189,
  "WLHReal_V3_p": 1.9606e-06,
  "WLHReal_V4_p": 13.5762028267,
  "WLHReal_V5_p": 0.1288487392,
  "WLHReal_V6_p": 0.0003127136,
  "WLHReal_r0_p": 1.3019898535,
  "WLHReal_r1_p": 0.2840272992,
  "WLHReal_r2_p": 0.0006907176,
  "WLHReal_r3_p": 6.2424e-06,
  "WLHReal_a0_p": 0.7701427482,
  "WLHReal_a1_p": 6.68755e-05,
  "WLHReal_a2_p": 5.5003e-06,
  "WLHReal_a3_p": 0.0260531354,
  "WLHReal_a4_p": 0.5015800179,
  "WLHReal_V0_n": 53.0515869693,
  "WLHReal_V1_n": 0.2809827634,
  "WLHReal_V2_n": -0.0003367892,
  "WLHReal_V3_n": 2.4139e-06,
  "WLHReal_V4_n": 21.6093965544,
  "WLHReal_V5_n": 0.2843233025,
  "WLHReal_V6_n": 0.0011947336,
  "WLHReal_r0_n": 1.2712428188,
  "WLHReal_r1_n": 0.2330467053,
  "WLHReal_r2_n": 0.0010507164,
  "WLHReal_r3_n": 1.15438e-05,
  "WLHReal_a0_n": 0.7462452732,
  "WLHReal_a1_n": 0.0009650565,
  "WLHReal_a2_n": 1.35718e-05,
  "WLHReal_a3_n": 0.3469109923,
  "WLHReal_a4_n": 1.0192663235,
  "WLHImagVolume_W0_p": 3.9019037228,
  "WLHImagVolume_W1_p": 0.1831495578,
  "WLHImagVolume_W2_p": 0.0001904773,
  "WLHImagVolume_W3_p": 9.8438250116,
  "WLHImagVolume_W4_p": 0.0665132351,
  "WLHImagVolume_r0_p": 0.6917301487,
  "WLHImagVolume_r1_p": 40.7778151028,
  "WLHImagVolume_r2_p": 0.5712108165,
  "WLHImagVolume_r3_p": 53.2282368576,
  "WLHImagVolume_r4_p": 0.6502425793,
  "WLHImagVolume_r5_p": 1.5675e-06,
  "WLHImagVolume_a0_p": 0.5520483584,
  "WLHImagVolume_a1_p": 0.2698443222,
  "WLHImagVolume_a2_p": 14.2796734104,
  "WLHImagVolume_a3_p": 0.4044083587,
  "WLHImagVolume_a4_p": 0.0022368906,
  "WLHImagVolume_W0_n": 3.2864898681,
  "WLHImagVolume_W1_n": 0.2374981878,
  "WLHImagVolume_W2_n": 0.0003443275,
  "WLHImagVolume_W3_n": 9.6532526857,
  "WLHImagVolume_W4_n": 0.0171441159,
  "WLHImagVolume_r0_n": 0.6544505294,
  "WLHImagVolume_r1_n": 64.5110657056,
  "WLHImagVolume_r2_n": 0.6143970264,
  "WLHImagVolume_r3_n": 79.1310793418,
  "WLHImagVolume_r4_n": 1.0115833946,
  "WLHImagVolume_r5_n": 4.187e-06,
  "WLHImagVolume_a0_n": 0.2511264963,
  "WLHImagVolume_a1_n": 0.5565029088,
  "WLHImagVolume_a2_n": 6.189189002,
  "WLHImagVolume_a3_n": 0.0334076469,
  "WLHImagVolume_a4_n": 0.0004165245,
  "WLHImagSurface_W0_p": 0.9562807661,
  "WLHImagSurface_W1_p": 0.0386976823,
  "WLHImagSurface_W2_p": 1.0811987761,
  "WLHImagSurface_W3_p": 0.1324869049,
  "WLHImagSurface_r0_p": 0.9512425448,
  "WLHImagSurface_r1_p": 0.373655791,
  "WLHImagSurface_r2_p": 0.0044149519,
  "WLHImagSurface_a0_p": 0.758997692,
  "WLHImagSurface_W0_n": 1.4709947278,
  "WLHImagSurface_W1_n": 0.032173952,
  "WLHImagSurface_W2_n": 1.4604324124,
  "WLHImagSurface_W3_n": 0.105753374,
  "WLHImagSurface_r0_n": 1.2579369297,
  "WLHImagSurface_r1_n": 1.4123362307,
  "WLHImagSurface_r2_n": 0.0029108624,
  "WLHImagSurface_a0_n": 0.8505287572,
  "WLHRealSpinOrbit_V0_p": 9.5900575891,
  "WLHRealSpinOrbit_V1_p": 0.0084417795,
  "WLHRealSpinOrbit_r0_p": 1.278573688,
  "WLHRealSpinOrbit_r1_p": 0.8607577742,
  "WLHRealSpinOrbit_a0_p": 0.8012334992,
  "WLHRealSpinOrbit_a1_p": 0.0003700404,
  "WLHRealSpinOrbit_V0_n": 10.0633777622,
  "WLHRealSpinOrbit_V1_n": 0.0089634961,
  "WLHRealSpinOrbit_r0_n": 1.267890992,
  "WLHRealSpinOrbit_r1_n": 0.873175959,
  "WLHRealSpinOrbit_a0_n": 0.8076017097,
  "WLHRealSpinOrbit_a1_n": 0.0003263115
}