{
  "WLHReal_V0_p": 50.6186716903,
  "WLHReal_V1_p": 0.2848507164,
  "WLHReal_V2_p": -0.0012637193,
  "WLHReal_V3_p": 5.6278e-06,
  "WLHReal_V4_p": 10.1361272129,
  "WLHReal_V5_p": 0.1332943928,
  "WLHReal_V6_p": 0.0007177661,
  "WLHReal_r0_p": 1.3857891264,
  "WLHReal_r1_p": 0.2543883294,
  "WLHReal_r2_p": 0.0013293781,
  "WLHReal_r3_p": 1.67807e-05,
  "WLHReal_a0_p": 0.8294570648,
  "WLHReal_a1_p": 4.98255e-05,
  "WLHReal_a2_p": 1.37716e-05,
  "WLHReal_a3_p": -0.0461756072,
  "WLHReal_a4_p": 0.5889165423,
  "WLHReal_V0_n": 48.2967631472,
  "WLHReal_V1_n": 0.2529474754,
  "WLHReal_V2_n": -0.0005146567,
  "WLHReal_V3_n": 2.8382e-06,
  "WLHReal_V4_n": 21.7156475402,
  "WLHReal_V5_n": 0.2790069026,
  "WLHReal_V6_n": 0.0012946957,
  "WLHReal_r0_n": 1.2968532455,
  "WLHReal_r1_n": 0.1854999059,
  "WLHReal_r2_n": 0.001185156,
  "WLHReal_r3_n": 1.40784e-05,
  "WLHReal_a0_n": 0.7489740454,
  "WLHReal_a1_n": 0.0013211811,
  "WLHReal_a2_n": 1.79154e-05,
  "WLHReal_a3_n": 0.4142479989,
  "WLHReal_a4_n": 1.1225548824,
  "WLHImagVolume_W0_p": 6.7778342044,
  "WLHImagVolume_W1_p": 0.2615768799,
  "WLHImagVolume_W2_p": 0.0003392159,
  "WLHImagVolume_W3_p": 9.9984120744,
  "WLHImagVolume_W4_p": 0.104711997,
  "WLHImagVolume_r0_p": 0.8908201253,
  "WLHImagVolume_r1_p": 26.7171460847,
  "WLHImagVolume_r2_p": 0.4707449303,
  "WLHImagVolume_r3_p": 48.5187061724,
  "WLHImagVolume_r4_p": 0.7596468292,
  "WLHImagVolume_r5_p": 1.589e-06,
  "WLHImagVolume_a0_p": 0.673105519,
  "WLHImagVolume_a1_p": 0.2179610852,
  "WLHImagVolume_a2_p": 11.2420686107,
  "WLHImagVolume_a3_p": 0.516075134,
  "WLHImagVolume_a4_p": 0.0041031243,
  "WLHImagVolume_W0_n": 2.4396558228,
  "WLHImagVolume_W1_n": 0.137736364,
  "WLHImagVolume_W2_n": 0.0001839879,
  "WLHImagVolume_W3_n": 7.3926511175,
  "WLHImagVolume_W4_n": -0.0357555047,
  "WLHImagVolume_r0_n": 0.6042869029,
  "WLHImagVolume_r1_n": 89.3278619868,
  "WLHImagVolume_r2_n": 0.6883486452,
  "WLHImagVolume_r3_n": 91.5550814716,
  "WLHImagVolume_r4_n": 0.8769431753,
  "WLHImagVolume_r5_n": 3.7251e-06,
  "WLHImagVolume_a0_n": 0.227209983,
  "WLHImagVolume_a1_n": 0.5729491642,
  "WLHImagVolume_a2_n": 8.1196457019,
  "WLHImagVolume_a3_n": 0.0723652148,
  "WLHImagVolume_a4_n": 0.0002328947,
  "WLHImagSurface_W0_p": 0.1488669629,
  "WLHImagSurface_W1_p": -0.0220162139,
  "WLHImagSurface_W2_p": -1.0695399092,
  "WLHImagSurface_W3_p": -0.0856631128,
  "WLHImagSurface_r0_p": 0.6373046158,
  "WLHImagSurface_r1_p": -0.2975181588,
  "WLHImagSurface_r2_p": -0.0036713346,
  "WLHImagSurface_a0_p": 0.6812626352,
  "WLHImagSurface_W0_n": 1.0172645185,
  "WLHImagSurface_W1_n": 0.0241092234,
  "WLHImagSurface_W2_n": 0.8632966918,
  "WLHImagSurface_W3_n": 0.0971707728,
  "WLHImagSurface_r0_n": 1.3015906527,
  "WLHImagSurface_r1_n": 1.3749060415,
  "WLHImagSurface_r2_n": 0.0022630789,
  "WLHImagSurface_a0_n": 0.8714241915,
  "WLHRealSpinOrbit_V0_p": 9.2555632869,
  "WLHRealSpinOrbit_V1_p": 0.009252782,
  "WLHRealSpinOrbit_r0_p": 1.3771559746,
  "WLHRealSpinOrbit_r1_p": 1.0411368252,
  "WLHRealSpinOrbit_a0_p": 0.8901947134,
  "WLHRealSpinOrbit_a1_p": 0.000318655,
  "WLHRealSpinOrbit_V0_n": 9.5692366588,
  "WLHRealSpinOrbit_V1_n": 0.0086782632,
  "WLHRealSpinOrbit_r0_n": 1.2999253788,
  "WLHRealSpinOrbit_r1_n": 0.9008949041,
  "WLHRealSpinOrbit_a0_n": 0.8224140894,
  "WLHRealSpinOrbit_a1_n": 0.0003629827
}