{
  "WLHReal_V0_p": 52.4039689047,
  "WLHReal_V1_p": 0.2763356133,
  "WLHReal_V2_p": -0.000476718,
  "WLHReal_V3_p": 3.4373e-06,
  "WLHReal_V4_p": 12.8075115728,
  "WLHReal_V5_p": 0.1409623771,
  "WLHReal_V6_p": 0.0004725141,
  "WLHReal_r0_p": 1.3324833943,
  "WLHReal_r1_p": 0.3104340725,
  "WLHReal_r2_p": 0.0008150593,
  "WLHReal_r3_p": 8.8395e-06,
  "WLHReal_a0_p": 0.7900922412,
  "WLHReal_a1_p": 0.0001302442,
  "WLHReal_a2_p": 7.3208e-06,
  "WLHReal_a3_p": 0.0034664142,
  "WLHReal_a4_p": 0.51038814,
  "WLHReal_V0_n": 53.1325695766,
  "WLHReal_V1_n": 0.3094775789,
  "WLHReal_V2_n": -0.0004030109,
  "WLHReal_V3_n": 3.0932e-06,
  "WLHReal_V4_n": 20.4218307333,
  "WLHReal_V5_n": 0.2984440205,
  "WLHReal_V6_n": 0.0012640194,
  "WLHReal_r0_n": 1.3013384151,
  "WLHReal_r1_n": 0.2906981473,
  "WLHReal_r2_n": 0.0010729453,
  "WLHReal_r3_n": 1.09701e-05,
  "WLHReal_a0_n": 0.7523171727,
  "WLHReal_a1_n": 0.0010496476,
  "WLHReal_a2_n": 1.40801e-05,
  "WLHReal_a3_n": 0.3061002749,
  "WLHReal_a4_n": 0.9838286038,
  "WLHImagVolume_W0_p": 4.932053699,
  "WLHImagVolume_W1_p": 0.2208921206,
  "WLHImagVolume_W2_p": 0.000222357,
  "WLHImagVolume_W3_p": 9.9038609703,
  "WLHImagVolume_W4_p": 0.0843566748,
  "WLHImagVolume_r0_p": 0.7647012841,
  "WLHImagVolume_r1_p": 30.0922972582,
  "WLHImagVolume_r2_p": 0.5236298082,
  "WLHImagVolume_r3_p": 44.4329243612,
  "WLHImagVolume_r4_p": 0.7030399513,
  "WLHImagVolume_r5_p": 1.5447e-06,
  "WLHImagVolume_a0_p": 0.603198462,
  "WLHImagVolume_a1_p": 0.2386944864,
  "WLHImagVolume_a2_p": 11.8295123246,
  "WLHImagVolume_a3_p": 0.4582239022,
  "WLHImagVolume_a4_p": 0.0030884463,
  "WLHImagVolume_W0_n": 3.4871579805,
  "WLHImagVolume_W1_n": 0.282349688,
  "WLHImagVolume_W2_n": 0.0006870005,
  "WLHImagVolume_W3_n": 9.7308393389,
  "WLHImagVolume_W4_n": 0.0372827807,
  "WLHImagVolume_r0_n": 0.5486762731,
  "WLHImagVolume_r1_n": 87.6014656403,
  "WLHImagVolume_r2_n": 0.7502911406,
  "WLHImagVolume_r3_n": 95.6561058938,
  "WLHImagVolume_r4_n": 0.8614686986,
  "WLHImagVolume_r5_n": 3.425e-06,
  "WLHImagVolume_a0_n": 0.247682393,
  "WLHImagVolume_a1_n": 0.5699339014,
  "WLHImagVolume_a2_n": 4.8025339177,
  "WLHImagVolume_a3_n": 0.018876471,
  "WLHImagVolume_a4_n": 0.0001725557,
  "WLHImagSurface_W0_p": 0.6931161654,
  "WLHImagSurface_W1_p": 0.0217141263,
  "WLHImagSurface_W2_p": 0.6552849193,
  "WLHImagSurface_W3_p": 0.0795468075,
  "WLHImagSurface_r0_p": 0.8183097111,
  "WLHImagSurface_r1_p": 0.1996424897,
  "WLHImagSurface_r2_p": 0.0019962074,
  "WLHImagSurface_a0_p": 0.6715169494,
  "WLHImagSurface_W0_n": 2.0177758471,
  "WLHImagSurface_W1_n": 0.056767698,
  "WLHImagSurface_W2_n": 2.8708572094,
  "WLHImagSurface_W3_n": 0.18379608,
  "WLHImagSurface_r0_n": 1.3005736487,
  "WLHImagSurface_r1_n": 1.6046482109,
  "WLHImagSurface_r2_n": 0.0030306509,
  "WLHImagSurface_a0_n": 0.854324209,
  "WLHRealSpinOrbit_V0_p": 9.5615945435,
  "WLHRealSpinOrbit_V1_p": 0.0087417227,
  "WLHRealSpinOrbit_r0_p": 1.3086029368,
  "WLHRealSpinOrbit_r1_p": 0.9125139485,
  "WLHRealSpinOrbit_a0_p": 0.8278498521,
  "WLHRealSpinOrbit_a1_p": 0.0003578594,
  "WLHRealSpinOrbit_V0_n": 9.5096882022,
  "WLHRealSpinOrbit_V1_n": 0.0086229108,
  "WLHRealSpinOrbit_r0_n": 1.2888621912,
  "WLHRealSpinOrbit_r1_n": 0.9045411522,
  "WLHRealSpinOrbit_a0_n": 0.8184141893,
  "WLHRealSpinOrbit_a1_n": 0.0003247744
}