{
  "WLHReal_V0_p": 51.6443780388,
  "WLHReal_V1_p": 0.2499436029,
  "WLHReal_V2_p": -2.39914e-05,
  "WLHReal_V3_p": 5.385e-07,
  "WLHReal_V4_p": 15.2927163989,
  "WLHReal_V5_p": 0.1169460946,
  "WLHReal_V6_p": 0.0002715663,
  "WLHReal_r0_p": 1.2663213688,
  "WLHReal_r1_p": 0.2146069562,
  "WLHReal_r2_p": 0.0006293129,
  "WLHReal_r3_p": 6.1027e-06,
  "WLHReal_a0_p": 0.751442822,
  "WLHReal_a1_p": 2.66312e-05,
  "WLHReal_a2_p": 5.0005e-06,
  "WLHReal_a3_p": 0.0052310175,
  "WLHReal_a4_p": 0.4490350929,
  "WLHReal_V0_n": 56.8837348928,
  "WLHReal_V1_n": 0.3253489243,
  "WLHReal_V2_n": 0.0001095225,
  "WLHReal_V3_n": 1.6448e-06,
  "WLHReal_V4_n": 20.8678500866,
  "WLHReal_V5_n": 0.2733053708,
  "WLHReal_V6_n": 0.0008155564,
  "WLHReal_r0_n": 1.2607875136,
  "WLHReal_r1_n": 0.3288207744,
  "WLHReal_r2_n": 0.0007093593,
  "WLHReal_r3_n": 4.8423e-06,
  "WLHReal_a0_n": 0.72955388,
  "WLHReal_a1_n": 0.000469728,
  "WLHReal_a2_n": 4.8354e-06,
  "WLHReal_a3_n": 0.217458668,
  "WLHReal_a4_n": 0.7708065505,
  "WLHImagVolume_W0_p": 3.2322231201,
  "WLHImagVolume_W1_p": 0.1261881093,
  "WLHImagVolume_W2_p": -0.0001394306,
  "WLHImagVolume_W3_p": 8.2648272379,
  "WLHImagVolume_W4_p": 0.0517681043,
  "WLHImagVolume_r0_p": 0.8661876985,
  "WLHImagVolume_r1_p": 17.532628842,
  "WLHImagVolume_r2_p": 0.3656918296,
  "WLHImagVolume_r3_p": 35.5415327652,
  "WLHImagVolume_r4_p": 0.8221917156,
  "WLHImagVolume_r5_p": 2.2233e-06,
  "WLHImagVolume_a0_p": 0.5521539125,
  "WLHImagVolume_a1_p": 0.2320435129,
  "WLHImagVolume_a2_p": 10.9151183159,
  "WLHImagVolume_a3_p": 0.4086955895,
  "WLHImagVolume_a4_p": 0.0022757467,
  "WLHImagVolume_W0_n": 3.3270387512,
  "WLHImagVolume_W1_n": 0.3167726171,
  "WLHImagVolume_W2_n": 0.0006467549,
  "WLHImagVolume_W3_n": 10.0813409877,
  "WLHImagVolume_W4_n": 0.073615815,
  "WLHImagVolume_r0_n": 0.5599794586,
  "WLHImagVolume_r1_n": 68.5344598149,
  "WLHImagVolume_r2_n": 0.6967363011,
  "WLHImagVolume_r3_n": 78.2296504055,
  "WLHImagVolume_r4_n": 0.9378078756,
  "WLHImagVolume_r5_n": 2.8821e-06,
  "WLHImagVolume_a0_n": 0.2275852166,
  "WLHImagVolume_a1_n": 0.5901701991,
  "WLHImagVolume_a2_n": 5.7804118158,
  "WLHImagVolume_a3_n": 0.0133492454,
  "WLHImagVolume_a4_n": 0.0005010406,
  "WLHImagSurface_W0_p": 0.8076297715,
  "WLHImagSurface_W1_p": 0.0168423619,
  "WLHImagSurface_W2_p": 0.7719129946,
  "WLHImagSurface_W3_p": 0.0437514381,
  "WLHImagSurface_r0_p": 0.8853106407,
  "WLHImagSurface_r1_p": 0.2491779742,
  "WLHImagSurface_r2_p": 0.0052744703,
  "WLHImagSurface_a0_p": 0.6847844331,
  "WLHImagSurface_W0_n": 2.1773781852,
  "WLHImagSurface_W1_n": 0.0477589365,
  "WLHImagSurface_W2_n": 3.0732508954,
  "WLHImagSurface_W3_n": 0.1485553235,
  "WLHImagSurface_r0_n": 1.2660341642,
  "WLHImagSurface_r1_n": 1.5047857338,
  "WLHImagSurface_r2_n": 0.004065481,
  "WLHImagSurface_a0_n": 0.8247779582,
  "WLHRealSpinOrbit_V0_p": 10.0630515578,
  "WLHRealSpinOrbit_V1_p": 0.0087105956,
  "WLHRealSpinOrbit_r0_p": 1.2608225073,
  "WLHRealSpinOrbit_r1_p": 0.8298118185,
  "WLHRealSpinOrbit_a0_p": 0.7907955013,
  "WLHRealSpinOrbit_a1_p": 0.0003795941,
  "WLHRealSpinOrbit_V0_n": 9.959824858,
  "WLHRealSpinOrbit_V1_n": 0.008570152,
  "WLHRealSpinOrbit_r0_n": 1.2371925421,
  "WLHRealSpinOrbit_r1_n": 0.828733218,
  "WLHRealSpinOrbit_a0_n": 0.7806983181,
  "WLHRealSpinOrbit_a1_n": 0.0003189541
}