{
  "WLHReal_V0_p": 54.0721229811,
  "WLHReal_V1_p": 0.286476943,
  "WLHReal_V2_p": 0.0001827891,
  "WLHReal_V3_p": 1.582e-06,
  "WLHReal_V4_p": 14.3985269787,
  "WLHReal_V5_p": 0.1345481124,
  "WLHReal_V6_p": 0.0002380259,
  "WLHReal_r0_p": 1.2775292471,
  "WLHReal_r1_p": 0.3038569368,
  "WLHReal_r2_p": 0.0005772148,
  "WLHReal_r3_p": 3.1934e-06,
  "WLHReal_a0_p": 0.7602697994,
  "WLHReal_a1_p": 0.0001432955,
  "WLHReal_a2_p": 2.8329e-06,
  "WLHReal_a3_p": 0.0555648162,
  "WLHReal_a4_p": 0.5068098222,
  "WLHReal_V0_n": 55.8864205452,
  "WLHReal_V1_n": 0.2729503595,
  "WLHReal_V2_n": 0.0003861114,
  "WLHReal_V3_n": -4.378e-07,
  "WLHReal_V4_n": 22.6826029919,
  "WLHReal_V5_n": 0.2391665644,
  "WLHReal_V6_n": 0.0004807534,
  "WLHReal_r0_n": 1.2284866711,
  "WLHReal_r1_n": 0.2949327511,
  "WLHReal_r2_n": 0.000464602,
  "WLHReal_r3_n": 7.354e-07,
  "WLHReal_a0_n": 0.7082080422,
  "WLHReal_a1_n": 0.000144478,
  "WLHReal_a2_n": -6.29e-08,
  "WLHReal_a3_n": 0.2240825492,
  "WLHReal_a4_n": 0.6727043456,
  "WLHImagVolume_W0_p": 3.5166016009,
  "WLHImagVolume_W1_p": 0.1961565032,
  "WLHImagVolume_W2_p": 0.000202455,
  "WLHImagVolume_W3_p": 10.8489127175,
  "WLHImagVolume_W4_p": 0.0661058369,
  "WLHImagVolume_r0_p": 0.6531721869,
  "WLHImagVolume_r1_p": 40.4778619511,
  "WLHImagVolume_r2_p": 0.5765568754,
  "WLHImagVolume_r3_p": 51.0131386397,
  "WLHImagVolume_r4_p": 0.6630129588,
  "WLHImagVolume_r5_p": 1.6026e-06,
  "WLHImagVolume_a0_p": 0.5373602141,
  "WLHImagVolume_a1_p": 0.2674923554,
  "WLHImagVolume_a2_p": 13.5820152386,
  "WLHImagVolume_a3_p": 0.3998047974,
  "WLHImagVolume_a4_p": 0.0020927871,
  "WLHImagVolume_W0_n": 2.2420264893,
  "WLHImagVolume_W1_n": 0.2222248093,
  "WLHImagVolume_W2_n": 9.68929e-05,
  "WLHImagVolume_W3_n": 8.3876801695,
  "WLHImagVolume_W4_n": 0.0371244137,
  "WLHImagVolume_r0_n": 0.6505647803,
  "WLHImagVolume_r1_n": 44.211336707,
  "WLHImagVolume_r2_n": 0.5670217979,
  "WLHImagVolume_r3_n": 54.5419261256,
  "WLHImagVolume_r4_n": 1.0961882166,
  "WLHImagVolume_r5_n": 3.4311e-06,
  "WLHImagVolume_a0_n": 0.2084982271,
  "WLHImagVolume_a1_n": 0.6043082291,
  "WLHImagVolume_a2_n": 9.780365569,
  "WLHImagVolume_a3_n": 0.0694819967,
  "WLHImagVolume_a4_n": 0.0011286978,
  "WLHImagSurface_W0_p": 1.0688735721,
  "WLHImagSurface_W1_p": 0.0470368934,
  "WLHImagSurface_W2_p": 1.4484736763,
  "WLHImagSurface_W3_p": 0.1660225133,
  "WLHImagSurface_r0_p": 0.9959194156,
  "WLHImagSurface_r1_p": 0.5896884393,
  "WLHImagSurface_r2_p": 0.0062680063,
  "WLHImagSurface_a0_p": 0.7336667759,
  "WLHImagSurface_W0_n": 1.2461445359,
  "WLHImagSurface_W1_n": 0.0050167689,
  "WLHImagSurface_W2_n": 1.2343039114,
  "WLHImagSurface_W3_n": 0.028830418,
  "WLHImagSurface_r0_n": 1.2225346642,
  "WLHImagSurface_r1_n": 1.1780362567,
  "WLHImagSurface_r2_n": 0.0041107031,
  "WLHImagSurface_a0_n": 0.8164474245,
  "WLHRealSpinOrbit_V0_p": 9.8424457017,
  "WLHRealSpinOrbit_V1_p": 0.0083832301,
  "WLHRealSpinOrbit_r0_p": 1.2477269751,
  "WLHRealSpinOrbit_r1_p": 0.813430901,
  "WLHRealSpinOrbit_a0_p": 0.7779646758,
  "WLHRealSpinOrbit_a1_p": 0.0003704689,
  "WLHRealSpinOrbit_V0_n": 10.505281272,
  "WLHRealSpinOrbit_V1_n": 0.0086777877,
  "WLHRealSpinOrbit_r0_n": 1.2060059728,
  "WLHRealSpinOrbit_r1_n": 0.7597512404,
  "WLHRealSpinOrbit_a0_n": 0.7537559885,
  "WLHRealSpinOrbit_a1_n": 0.0003554087
}