{
  "WLHReal_V0_p": 49.9672662035,
  "WLHReal_V1_p": 0.2500498251,
  "WLHReal_V2_p": -0.0002063231,
  "WLHReal_V3_p": 1.4846e-06,
  "WLHReal_V4_p": 14.5858626094,
  "WLHReal_V5_p": 0.1039725612,
  "WLHReal_V6_p": 0.0002950193,
  "WLHReal_r0_p": 1.2779409573,
  "WLHReal_r1_p": 0.1692244839,
  "WLHReal_r2_p": 0.0007625405,
  "WLHReal_r3_p": 8.5995e-06,
  "WLHReal_a0_p": 0.7560719862,
  "WLHReal_a1_p": -8.24824e-05,
  "WLHReal_a2_p": 7.7182e-06,
  "WLHReal_a3_p": -0.016542697,
  "WLHReal_a4_p": 0.456354187,
  "WLHReal_V0_n": 56.8873254699,
  "WLHReal_V1_n": 0.3258949137,
  "WLHReal_V2_n": -0.0001064125,
  "WLHReal_V3_n": 1.9035e-06,
  "WLHReal_V4_n": 20.5583841145,
  "WLHReal_V5_n": 0.2912834504,
  "WLHReal_V6_n": 0.0010140324,
  "WLHReal_r0_n": 1.2775642571,
  "WLHReal_r1_n": 0.3466238379,
  "WLHReal_r2_n": 0.0008275296,
  "WLHReal_r3_n": 6.6522e-06,
  "WLHReal_a0_n": 0.7408646774,
  "WLHReal_a1_n": 0.0006029689,
  "WLHReal_a2_n": 7.0452e-06,
  "WLHReal_a3_n": 0.2243527272,
  "WLHReal_a4_n": 0.8154516365,
  "WLHImagVolume_W0_p": 3.3562280835,
  "WLHImagVolume_W1_p": 0.1033550509,
  "WLHImagVolume_W2_p": -0.0001551362,
  "WLHImagVolume_W3_p": 7.4571869902,
  "WLHImagVolume_W4_p": 0.0465560939,
  "WLHImagVolume_r0_p": 0.8946268681,
  "WLHImagVolume_r1_p": 21.2821888222,
  "WLHImagVolume_r2_p": 0.3627609528,
  "WLHImagVolume_r3_p": 41.7324687282,
  "WLHImagVolume_r4_p": 0.8085488156,
  "WLHImagVolume_r5_p": 1.6351e-06,
  "WLHImagVolume_a0_p": 0.5519310698,
  "WLHImagVolume_a1_p": 0.243147084,
  "WLHImagVolume_a2_p": 12.3753460317,
  "WLHImagVolume_a3_p": 0.3973295414,
  "WLHImagVolume_a4_p": 0.0021678376,
  "WLHImagVolume_W0_n": 3.7428962986,
  "WLHImagVolume_W1_n": 0.345351519,
  "WLHImagVolume_W2_n": 0.0007460448,
  "WLHImagVolume_W3_n": 10.8010734763,
  "WLHImagVolume_W4_n": 0.0774944774,
  "WLHImagVolume_r0_n": 0.57100528,
  "WLHImagVolume_r1_n": 67.9585729951,
  "WLHImagVolume_r2_n": 0.7025365891,
  "WLHImagVolume_r3_n": 82.3180492589,
  "WLHImagVolume_r4_n": 0.9614685653,
  "WLHImagVolume_r5_n": 3.3939e-06,
  "WLHImagVolume_a0_n": 0.2522202814,
  "WLHImagVolume_a1_n": 0.5737373137,
  "WLHImagVolume_a2_n": 4.4753903601,
  "WLHImagVolume_a3_n": 0.0046671313,
  "WLHImagVolume_a4_n": 0.0004914068,
  "WLHImagSurface_W0_p": 0.7301536226,
  "WLHImagSurface_W1_p": 0.0083263941,
  "WLHImagSurface_W2_p": 0.3111479648,
  "WLHImagSurface_W3_p": 0.0038180625,
  "WLHImagSurface_r0_p": 0.8776771657,
  "WLHImagSurface_r1_p": 0.0641217262,
  "WLHImagSurface_r2_p": 0.0039563139,
  "WLHImagSurface_a0_p": 0.7471981054,
  "WLHImagSurface_W0_n": 2.2751418944,
  "WLHImagSurface_W1_n": 0.0561969388,
  "WLHImagSurface_W2_n": 3.3037774826,
  "WLHImagSurface_W3_n": 0.1747369711,
  "WLHImagSurface_r0_n": 1.2665448332,
  "WLHImagSurface_r1_n": 1.579330645,
  "WLHImagSurface_r2_n": 0.0037609373,
  "WLHImagSurface_a0_n": 0.8325262929,
  "WLHRealSpinOrbit_V0_p": 9.8550853015,
  "WLHRealSpinOrbit_V1_p": 0.008729098,
  "WLHRealSpinOrbit_r0_p": 1.2818522116,
  "WLHRealSpinOrbit_r1_p": 0.8644271049,
  "WLHRealSpinOrbit_a0_p": 0.8072554049,
  "WLHRealSpinOrbit_a1_p": 0.0003773482,
  "WLHRealSpinOrbit_V0_n": 9.8916879037,
  "WLHRealSpinOrbit_V1_n": 0.0086959401,
  "WLHRealSpinOrbit_r0_n": 1.2544588011,
  "WLHRealSpinOrbit_r1_n": 0.8591865494,
  "WLHRealSpinOrbit_a0_n": 0.7956718602,
  "WLHRealSpinOrbit_a1_n": 0.0003106514
}