{
  "WLHReal_V0_p": 45.9492836739,
  "WLHReal_V1_p": 0.2246701857,
  "WLHReal_V2_p": -0.000629551,
  "WLHReal_V3_p": 3.3574e-06,
  "WLHReal_V4_p": 13.7644367065,
  "WLHReal_V5_p": 0.107174984,
  "WLHReal_V6_p": 0.0004203778,
  "WLHReal_r0_p": 1.3412856429,
  "WLHReal_r1_p": 0.2138063191,
  "WLHReal_r2_p": 0.0006458514,
  "WLHReal_r3_p": 8.9396e-06,
  "WLHReal_a0_p": 0.765703582,
  "WLHReal_a1_p": -0.0002051413,
  "WLHReal_a2_p": 9.2811e-06,
  "WLHReal_a3_p": -0.0807516491,
  "WLHReal_a4_p": 0.3513599818,
  "WLHReal_V0_n": 51.0194536349,
  "WLHReal_V1_n": 0.2701947592,
  "WLHReal_V2_n": 8.13735e-05,
  "WLHReal_V3_n": 1.1172e-06,
  "WLHReal_V4_n": 22.0773335384,
  "WLHReal_V5_n": 0.244617505,
  "WLHReal_V6_n": 0.0007605161,
  "WLHReal_r0_n": 1.2580807421,
  "WLHReal_r1_n": 0.2135222376,
  "WLHReal_r2_n": 0.0007853915,
  "WLHReal_r3_n": 6.3303e-06,
  "WLHReal_a0_n": 0.7212144652,
  "WLHReal_a1_n": 0.0007636992,
  "WLHReal_a2_n": 8.4742e-06,
  "WLHReal_a3_n": 0.3277682244,
  "WLHReal_a4_n": 0.8997599301,
  "WLHImagVolume_W0_p": 3.5314245491,
  "WLHImagVolume_W1_p": 0.048997503,
  "WLHImagVolume_W2_p": -0.0002350705,
  "WLHImagVolume_W3_p": 3.8678702705,
  "WLHImagVolume_W4_p": 0.0417051482,
  "WLHImagVolume_r0_p": 0.8930586025,
  "WLHImagVolume_r1_p": 23.5855048225,
  "WLHImagVolume_r2_p": 0.4285820766,
  "WLHImagVolume_r3_p": 41.5406168177,
  "WLHImagVolume_r4_p": 0.6807503064,
  "WLHImagVolume_r5_p": 1.157e-06,
  "WLHImagVolume_a0_p": 0.5632282395,
  "WLHImagVolume_a1_p": 0.2619488941,
  "WLHImagVolume_a2_p": 14.5610941999,
  "WLHImagVolume_a3_p": 0.3866641255,
  "WLHImagVolume_a4_p": 0.0021537026,
  "WLHImagVolume_W0_n": 1.8884574073,
  "WLHImagVolume_W1_n": 0.1429221116,
  "WLHImagVolume_W2_n": 0.0001319857,
  "WLHImagVolume_W3_n": 6.8215151277,
  "WLHImagVolume_W4_n": -0.0084787192,
  "WLHImagVolume_r0_n": 0.5710070851,
  "WLHImagVolume_r1_n": 82.114484195,
  "WLHImagVolume_r2_n": 0.68103196,
  "WLHImagVolume_r3_n": 78.5641630156,
  "WLHImagVolume_r4_n": 0.8685109258,
  "WLHImagVolume_r5_n": 2.2599e-06,
  "WLHImagVolume_a0_n": 0.1847594469,
  "WLHImagVolume_a1_n": 0.6103730971,
  "WLHImagVolume_a2_n": 9.9786582363,
  "WLHImagVolume_a3_n": 0.0762290713,
  "WLHImagVolume_a4_n": 0.0004476817,
  "WLHImagSurface_W0_p": 0.82310942,
  "WLHImagSurface_W1_p": 0.0255277553,
  "WLHImagSurface_W2_p": 0.9118707156,
  "WLHImagSurface_W3_p": 0.0734121025,
  "WLHImagSurface_r0_p": 0.8408559423,
  "WLHImagSurface_r1_p": -0.2381573282,
  "WLHImagSurface_r2_p": 0.00183638,
  "WLHImagSurface_a0_p": 0.7711452222,
  "WLHImagSurface_W0_n": 1.1584900914,
  "WLHImagSurface_W1_n": 0.0143388418,
  "WLHImagSurface_W2_n": 1.1380794181,
  "WLHImagSurface_W3_n": 0.063074077,
  "WLHImagSurface_r0_n": 1.287283808,
  "WLHImagSurface_r1_n": 1.2686723224,
  "WLHImagSurface_r2_n": 0.003382334,
  "WLHImagSurface_a0_n": 0.8424429104,
  "WLHRealSpinOrbit_V0_p": 9.1114734862,
  "WLHRealSpinOrbit_V1_p": 0.0084676598,
  "WLHRealSpinOrbit_r0_p": 1.3437808936,
  "WLHRealSpinOrbit_r1_p": 0.9337277892,
  "WLHRealSpinOrbit_a0_p": 0.8422948136,
  "WLHRealSpinOrbit_a1_p": 0.0004144073,
  "WLHRealSpinOrbit_V0_n": 9.8168710007,
  "WLHRealSpinOrbit_V1_n": 0.0084000021,
  "WLHRealSpinOrbit_r0_n": 1.2492879834,
  "WLHRealSpinOrbit_r1_n": 0.8198456683,
  "WLHRealSpinOrbit_a0_n": 0.7811423371,
  "WLHRealSpinOrbit_a1_n": 0.0003691031
}