{
  "WLHReal_V0_p": 51.2447341928,
  "WLHReal_V1_p": 0.3312044406,
  "WLHReal_V2_p": -0.0005812504,
  "WLHReal_V3_p": 4.612e-06,
  "WLHReal_V4_p": 9.8626559163,
  "WLHReal_V5_p": 0.1176891339,
  "WLHReal_V6_p": 0.000430492,
  "WLHReal_r0_p": 1.3577139576,
  "WLHReal_r1_p": 0.2582110621,
  "WLHReal_r2_p": 0.0011757022,
  "WLHReal_r3_p": 1.16175e-05,
  "WLHReal_a0_p": 0.8081060783,
  "WLHReal_a1_p": -5.21672e-05,
  "WLHReal_a2_p": 1.08351e-05,
  "WLHReal_a3_p": 0.0212758859,
  "WLHReal_a4_p": 0.634006183,
  "WLHReal_V0_n": 55.1221648688,
  "WLHReal_V1_n": 0.3032933646,
  "WLHReal_V2_n": -0.0001677288,
  "WLHReal_V3_n": 2.2284e-06,
  "WLHReal_V4_n": 20.8252690692,
  "WLHReal_V5_n": 0.2890879252,
  "WLHReal_V6_n": 0.0010101222,
  "WLHReal_r0_n": 1.2918578459,
  "WLHReal_r1_n": 0.3558414876,
  "WLHReal_r2_n": 0.0008089604,
  "WLHReal_r3_n": 6.9072e-06,
  "WLHReal_a0_n": 0.739692559,
  "WLHReal_a1_n": 0.0006349763,
  "WLHReal_a2_n": 7.8605e-06,
  "WLHReal_a3_n": 0.2291841137,
  "WLHReal_a4_n": 0.7963262768,
  "WLHImagVolume_W0_p": 5.3727994222,
  "WLHImagVolume_W1_p": 0.2418424211,
  "WLHImagVolume_W2_p": 0.0006129351,
  "WLHImagVolume_W3_p": 11.5820737195,
  "WLHImagVolume_W4_p": 0.0825873534,
  "WLHImagVolume_r0_p": 0.5702030699,
  "WLHImagVolume_r1_p": 72.8681688903,
  "WLHImagVolume_r2_p": 0.7719240268,
  "WLHImagVolume_r3_p": 85.8556430967,
  "WLHImagVolume_r4_p": 0.4831518321,
  "WLHImagVolume_r5_p": 7.43e-07,
  "WLHImagVolume_a0_p": 0.5677424272,
  "WLHImagVolume_a1_p": 0.3210582346,
  "WLHImagVolume_a2_p": 19.8242044261,
  "WLHImagVolume_a3_p": 0.4002548331,
  "WLHImagVolume_a4_p": 0.0023037563,
  "WLHImagVolume_W0_n": 3.2691189639,
  "WLHImagVolume_W1_n": 0.3063943934,
  "WLHImagVolume_W2_n": 0.0006279543,
  "WLHImagVolume_W3_n": 9.7432755095,
  "WLHImagVolume_W4_n": 0.0555299926,
  "WLHImagVolume_r0_n": 0.5633112905,
  "WLHImagVolume_r1_n": 71.7911396583,
  "WLHImagVolume_r2_n": 0.7201482273,
  "WLHImagVolume_r3_n": 82.970594459,
  "WLHImagVolume_r4_n": 0.9565596223,
  "WLHImagVolume_r5_n": 3.8631e-06,
  "WLHImagVolume_a0_n": 0.2492253718,
  "WLHImagVolume_a1_n": 0.5823833357,
  "WLHImagVolume_a2_n": 5.7296787343,
  "WLHImagVolume_a3_n": 0.0341310464,
  "WLHImagVolume_a4_n": 0.0006751388,
  "WLHImagSurface_W0_p": 0.8137853702,
  "WLHImagSurface_W1_p": 0.0318078582,
  "WLHImagSurface_W2_p": -0.0293555685,
  "WLHImagSurface_W3_p": 0.0990512088,
  "WLHImagSurface_r0_p": 0.9769072097,
  "WLHImagSurface_r1_p": 0.167318232,
  "WLHImagSurface_r2_p": 0.0002610222,
  "WLHImagSurface_a0_p": 0.9471117099,
  "WLHImagSurface_W0_n": 1.9629534688,
  "WLHImagSurface_W1_n": 0.0474852608,
  "WLHImagSurface_W2_n": 2.9586746543,
  "WLHImagSurface_W3_n": 0.1603114733,
  "WLHImagSurface_r0_n": 1.2748985772,
  "WLHImagSurface_r1_n": 1.5277377801,
  "WLHImagSurface_r2_n": 0.0034821995,
  "WLHImagSurface_a0_n": 0.8401062777,
  "WLHRealSpinOrbit_V0_p": 8.8420794186,
  "WLHRealSpinOrbit_V1_p": 0.0083902174,
  "WLHRealSpinOrbit_r0_p": 1.3338843826,
  "WLHRealSpinOrbit_r1_p": 0.969367144,
  "WLHRealSpinOrbit_a0_p": 0.8474576332,
  "WLHRealSpinOrbit_a1_p": 0.000329655,
  "WLHRealSpinOrbit_V0_n": 9.7508348375,
  "WLHRealSpinOrbit_V1_n": 0.0085913916,
  "WLHRealSpinOrbit_r0_n": 1.2667005561,
  "WLHRealSpinOrbit_r1_n": 0.8623540827,
  "WLHRealSpinOrbit_a0_n": 0.7992052222,
  "WLHRealSpinOrbit_a1_n": 0.0003350959
}