{
  "WLHReal_V0_p": 51.1979439703,
  "WLHReal_V1_p": 0.2574373862,
  "WLHReal_V2_p": -2.16663e-05,
  "WLHReal_V3_p": 1.3305e-06,
  "WLHReal_V4_p": 15.0103582153,
  "WLHReal_V5_p": 0.1013098008,
  "WLHReal_V6_p": 0.0002341797,
  "WLHReal_r0_p": 1.2532288703,
  "WLHReal_r1_p": 0.1509643283,
  "WLHReal_r2_p": 0.0007769881,
  "WLHReal_r3_p": 7.753e-06,
  "WLHReal_a0_p": 0.7497839267,
  "WLHReal_a1_p": -5.32077e-05,
  "WLHReal_a2_p": 6.3537e-06,
  "WLHReal_a3_p": 0.0057459792,
  "WLHReal_a4_p": 0.4851375054,
  "WLHReal_V0_n": 48.8986151014,
  "WLHReal_V1_n": 0.2456064168,
  "WLHReal_V2_n": -0.0004349042,
  "WLHReal_V3_n": 2.7281e-06,
  "WLHReal_V4_n": 21.8877086885,
  "WLHReal_V5_n": 0.2764657252,
  "WLHReal_V6_n": 0.0011864394,
  "WLHReal_r0_n": 1.2994915963,
  "WLHReal_r1_n": 0.2285313754,
  "WLHReal_r2_n": 0.0010535338,
  "WLHReal_r3_n": 1.14458e-05,
  "WLHReal_a0_n": 0.7436531502,
  "WLHReal_a1_n": 0.0011298333,
  "WLHReal_a2_n": 1.52652e-05,
  "WLHReal_a3_n": 0.372634471,
  "WLHReal_a4_n": 1.0203979607,
  "WLHImagVolume_W0_p": 3.1418263715,
  "WLHImagVolume_W1_p": 0.1135107432,
  "WLHImagVolume_W2_p": -0.0001456463,
  "WLHImagVolume_W3_p": 8.5050498554,
  "WLHImagVolume_W4_p": 0.0453039486,
  "WLHImagVolume_r0_p": 0.8906008615,
  "WLHImagVolume_r1_p": 21.1333051506,
  "WLHImagVolume_r2_p": 0.3423026515,
  "WLHImagVolume_r3_p": 42.2187445284,
  "WLHImagVolume_r4_p": 0.8464019198,
  "WLHImagVolume_r5_p": 2.0769e-06,
  "WLHImagVolume_a0_p": 0.5417564662,
  "WLHImagVolume_a1_p": 0.2400362822,
  "WLHImagVolume_a2_p": 11.8893971342,
  "WLHImagVolume_a3_p": 0.3938680714,
  "WLHImagVolume_a4_p": 0.0020639552,
  "WLHImagVolume_W0_n": 2.2602653719,
  "WLHImagVolume_W1_n": 0.1465670521,
  "WLHImagVolume_W2_n": 0.0001552884,
  "WLHImagVolume_W3_n": 7.2099141174,
  "WLHImagVolume_W4_n": -0.0300458454,
  "WLHImagVolume_r0_n": 0.6044820488,
  "WLHImagVolume_r1_n": 83.3364830539,
  "WLHImagVolume_r2_n": 0.686429916,
  "WLHImagVolume_r3_n": 86.5132432943,
  "WLHImagVolume_r4_n": 0.9194030609,
  "WLHImagVolume_r5_n": 3.6462e-06,
  "WLHImagVolume_a0_n": 0.2299120587,
  "WLHImagVolume_a1_n": 0.5808152233,
  "WLHImagVolume_a2_n": 8.70166869,
  "WLHImagVolume_a3_n": 0.0863100648,
  "WLHImagVolume_a4_n": 0.0005325174,
  "WLHImagSurface_W0_p": 0.7335725016,
  "WLHImagSurface_W1_p": 0.0048230277,
  "WLHImagSurface_W2_p": 0.185614464,
  "WLHImagSurface_W3_p": -0.0123254351,
  "WLHImagSurface_r0_p": 0.9043952876,
  "WLHImagSurface_r1_p": 0.1790480268,
  "WLHImagSurface_r2_p": 0.0049794898,
  "WLHImagSurface_a0_p": 0.7475514704,
  "WLHImagSurface_W0_n": 0.9527335748,
  "WLHImagSurface_W1_n": 0.0194495814,
  "WLHImagSurface_W2_n": 0.9379688991,
  "WLHImagSurface_W3_n": 0.0889868778,
  "WLHImagSurface_r0_n": 1.2929260689,
  "WLHImagSurface_r1_n": 1.3415249986,
  "WLHImagSurface_r2_n": 0.002401807,
  "WLHImagSurface_a0_n": 0.8669941494,
  "WLHRealSpinOrbit_V0_p": 10.1051387576,
  "WLHRealSpinOrbit_V1_p": 0.0087774378,
  "WLHRealSpinOrbit_r0_p": 1.2580073724,
  "WLHRealSpinOrbit_r1_p": 0.8347167221,
  "WLHRealSpinOrbit_a0_p": 0.7923723771,
  "WLHRealSpinOrbit_a1_p": 0.0003670534,
  "WLHRealSpinOrbit_V0_n": 9.6167500952,
  "WLHRealSpinOrbit_V1_n": 0.0086266073,
  "WLHRealSpinOrbit_r0_n": 1.2947204863,
  "WLHRealSpinOrbit_r1_n": 0.8848357603,
  "WLHRealSpinOrbit_a0_n": 0.8155575068,
  "WLHRealSpinOrbit_a1_n": 0.000374704
}