{
  "WLHReal_V0_p": 50.5278388563,
  "WLHReal_V1_p": 0.2790594307,
  "WLHReal_V2_p": -0.0002539203,
  "WLHReal_V3_p": 2.8178e-06,
  "WLHReal_V4_p": 12.9684668222,
  "WLHReal_V5_p": 0.1225663587,
  "WLHReal_V6_p": 0.0003376866,
  "WLHReal_r0_p": 1.3233810472,
  "WLHReal_r1_p": 0.2760562315,
  "WLHReal_r2_p": 0.0007121508,
  "WLHReal_r3_p": 6.8802e-06,
  "WLHReal_a0_p": 0.7736608713,
  "WLHReal_a1_p": -2.58893e-05,
  "WLHReal_a2_p": 6.9647e-06,
  "WLHReal_a3_p": 0.0033805953,
  "WLHReal_a4_p": 0.4802570663,
  "WLHReal_V0_n": 55.677741575,
  "WLHReal_V1_n": 0.2843243303,
  "WLHReal_V2_n": 0.0004909414,
  "WLHReal_V3_n": -3.787e-07,
  "WLHReal_V4_n": 22.0664487282,
  "WLHReal_V5_n": 0.2375883373,
  "WLHReal_V6_n": 0.0003487174,
  "WLHReal_r0_n": 1.250220046,
  "WLHReal_r1_n": 0.3616225222,
  "WLHReal_r2_n": 0.0003264366,
  "WLHReal_r3_n": -1.0578e-06,
  "WLHReal_a0_n": 0.702687898,
  "WLHReal_a1_n": 3.06065e-05,
  "WLHReal_a2_n": -2.9813e-06,
  "WLHReal_a3_n": 0.1620962171,
  "WLHReal_a4_n": 0.5470173504,
  "WLHImagVolume_W0_p": 3.9130538291,
  "WLHImagVolume_W1_p": 0.1566515334,
  "WLHImagVolume_W2_p": 0.0001863029,
  "WLHImagVolume_W3_p": 8.6123781711,
  "WLHImagVolume_W4_p": 0.0612476134,
  "WLHImagVolume_r0_p": 0.6781486279,
  "WLHImagVolume_r1_p": 47.0045308178,
  "WLHImagVolume_r2_p": 0.6136154499,
  "WLHImagVolume_r3_p": 59.1826900288,
  "WLHImagVolume_r4_p": 0.5852169758,
  "WLHImagVolume_r5_p": 1.0808e-06,
  "WLHImagVolume_a0_p": 0.5471256941,
  "WLHImagVolume_a1_p": 0.288610709,
  "WLHImagVolume_a2_p": 16.2708108102,
  "WLHImagVolume_a3_p": 0.3872881213,
  "WLHImagVolume_a4_p": 0.0020458036,
  "WLHImagVolume_W0_n": 1.8751377472,
  "WLHImagVolume_W1_n": 0.2336718278,
  "WLHImagVolume_W2_n": 0.0002659069,
  "WLHImagVolume_W3_n": 7.5144055896,
  "WLHImagVolume_W4_n": 0.0473084512,
  "WLHImagVolume_r0_n": 0.5512162071,
  "WLHImagVolume_r1_n": 61.9850689875,
  "WLHImagVolume_r2_n": 0.6839284019,
  "WLHImagVolume_r3_n": 63.2435639131,
  "WLHImagVolume_r4_n": 0.9774220734,
  "WLHImagVolume_r5_n": 2.6763e-06,
  "WLHImagVolume_a0_n": 0.1906715907,
  "WLHImagVolume_a1_n": 0.6337887257,
  "WLHImagVolume_a2_n": 10.2170849589,
  "WLHImagVolume_a3_n": 0.0814510432,
  "WLHImagVolume_a4_n": 0.0011718755,
  "WLHImagSurface_W0_p": 0.9973135004,
  "WLHImagSurface_W1_p": 0.0437648529,
  "WLHImagSurface_W2_p": 1.110756906,
  "WLHImagSurface_W3_p": 0.1478965765,
  "WLHImagSurface_r0_p": 0.9639794938,
  "WLHImagSurface_r1_p": 0.239176591,
  "WLHImagSurface_r2_p": 0.0034875967,
  "WLHImagSurface_a0_p": 0.8163366978,
  "WLHImagSurface_W0_n": 1.4986880597,
  "WLHImagSurface_W1_n": 0.0147121024,
  "WLHImagSurface_W2_n": 2.2078249383,
  "WLHImagSurface_W3_n": 0.0686350223,
  "WLHImagSurface_r0_n": 1.2562529786,
  "WLHImagSurface_r1_n": 1.2562192222,
  "WLHImagSurface_r2_n": 0.0043862637,
  "WLHImagSurface_a0_n": 0.8148967204,
  "WLHRealSpinOrbit_V0_p": 9.2482270689,
  "WLHRealSpinOrbit_V1_p": 0.0083097331,
  "WLHRealSpinOrbit_r0_p": 1.3026420042,
  "WLHRealSpinOrbit_r1_p": 0.8913574054,
  "WLHRealSpinOrbit_a0_p": 0.8156502658,
  "WLHRealSpinOrbit_a1_p": 0.0003795656,
  "WLHRealSpinOrbit_V0_n": 10.0556728557,
  "WLHRealSpinOrbit_V1_n": 0.0082413926,
  "WLHRealSpinOrbit_r0_n": 1.2142855144,
  "WLHRealSpinOrbit_r1_n": 0.7588775509,
  "WLHRealSpinOrbit_a0_n": 0.7507418542,
  "WLHRealSpinOrbit_a1_n": 0.000374562
}