{
  "WLHReal_V0_p": 57.2939936306,
  "WLHReal_V1_p": 0.2770253253,
  "WLHReal_V2_p": 0.0001588091,
  "WLHReal_V3_p": 5.109e-07,
  "WLHReal_V4_p": 15.5091428997,
  "WLHReal_V5_p": 0.1424745156,
  "WLHReal_V6_p": 0.0003005413,
  "WLHReal_r0_p": 1.2364306968,
  "WLHReal_r1_p": 0.2654302,
  "WLHReal_r2_p": 0.0007429371,
  "WLHReal_r3_p": 5.7216e-06,
  "WLHReal_a0_p": 0.7629494031,
  "WLHReal_a1_p": 0.0003231348,
  "WLHReal_a2_p": 2.758e-06,
  "WLHReal_a3_p": 0.070412236,
  "WLHReal_a4_p": 0.5626945425,
  "WLHReal_V0_n": 57.2911229751,
  "WLHReal_V1_n": 0.3016470587,
  "WLHReal_V2_n": 0.0006676957,
  "WLHReal_V3_n": -4.754e-07,
  "WLHReal_V4_n": 21.7621275269,
  "WLHReal_V5_n": 0.2339329166,
  "WLHReal_V6_n": 0.000194708,
  "WLHReal_r0_n": 1.2473447211,
  "WLHReal_r1_n": 0.4061376482,
  "WLHReal_r2_n": 0.0001821413,
  "WLHReal_r3_n": -4.4422e-06,
  "WLHReal_a0_n": 0.6960379992,
  "WLHReal_a1_n": -0.0001831238,
  "WLHReal_a2_n": -7.3321e-06,
  "WLHReal_a3_n": 0.1055702133,
  "WLHReal_a4_n": 0.438121447,
  "WLHImagVolume_W0_p": 4.1541802817,
  "WLHImagVolume_W1_p": 0.2532450659,
  "WLHImagVolume_W2_p": 7.90887e-05,
  "WLHImagVolume_W3_p": 12.9178740037,
  "WLHImagVolume_W4_p": 0.083376463,
  "WLHImagVolume_r0_p": 0.8599309152,
  "WLHImagVolume_r1_p": 7.8703423091,
  "WLHImagVolume_r2_p": 0.3208298318,
  "WLHImagVolume_r3_p": 25.9624931011,
  "WLHImagVolume_r4_p": 0.9560036596,
  "WLHImagVolume_r5_p": 3.422e-06,
  "WLHImagVolume_a0_p": 0.5922535394,
  "WLHImagVolume_a1_p": 0.1837982853,
  "WLHImagVolume_a2_p": 5.988180695,
  "WLHImagVolume_a3_p": 0.4817573074,
  "WLHImagVolume_a4_p": 0.0032250809,
  "WLHImagVolume_W0_n": 1.8967351056,
  "WLHImagVolume_W1_n": 0.268452522,
  "WLHImagVolume_W2_n": 0.0003921978,
  "WLHImagVolume_W3_n": 7.7087353403,
  "WLHImagVolume_W4_n": 0.0710493202,
  "WLHImagVolume_r0_n": 0.5131781556,
  "WLHImagVolume_r1_n": 63.0524246514,
  "WLHImagVolume_r2_n": 0.7179553155,
  "WLHImagVolume_r3_n": 62.6505321054,
  "WLHImagVolume_r4_n": 0.9527135338,
  "WLHImagVolume_r5_n": 1.8698e-06,
  "WLHImagVolume_a0_n": 0.1827990486,
  "WLHImagVolume_a1_n": 0.6473743021,
  "WLHImagVolume_a2_n": 10.034066186,
  "WLHImagVolume_a3_n": 0.0742620869,
  "WLHImagVolume_a4_n": 0.0012365063,
  "WLHImagSurface_W0_p": 0.5841666855,
  "WLHImagSurface_W1_p": -0.0008143974,
  "WLHImagSurface_W2_p": 0.3525901499,
  "WLHImagSurface_W3_p": -0.0065335056,
  "WLHImagSurface_r0_p": 0.8154125138,
  "WLHImagSurface_r1_p": 0.5804675932,
  "WLHImagSurface_r2_p": 0.0059343912,
  "WLHImagSurface_a0_p": 0.5351300037,
  "WLHImagSurface_W0_n": 1.7854102932,
  "WLHImagSurface_W1_n": 0.0211042149,
  "WLHImagSurface_W2_n": 2.8870275279,
  "WLHImagSurface_W3_n": 0.0868921156,
  "WLHImagSurface_r0_n": 1.2588346597,
  "WLHImagSurface_r1_n": 1.2951099044,
  "WLHImagSurface_r2_n": 0.0048503856,
  "WLHImagSurface_a0_n": 0.8044689006,
  "WLHRealSpinOrbit_V0_p": 10.7947281062,
  "WLHRealSpinOrbit_V1_p": 0.0091498414,
  "WLHRealSpinOrbit_r0_p": 1.2170631503,
  "WLHRealSpinOrbit_r1_p": 0.7907526578,
  "WLHRealSpinOrbit_a0_p": 0.7710215619,
  "WLHRealSpinOrbit_a1_p": 0.0003328142,
  "WLHRealSpinOrbit_V0_n": 10.0125028944,
  "WLHRealSpinOrbit_V1_n": 0.008082304,
  "WLHRealSpinOrbit_r0_n": 1.2023841518,
  "WLHRealSpinOrbit_r1_n": 0.7410576076,
  "WLHRealSpinOrbit_a0_n": 0.7400263616,
  "WLHRealSpinOrbit_a1_n": 0.0003723559
}