{
  "WLHReal_V0_p": 55.6440750366,
  "WLHReal_V1_p": 0.3294058585,
  "WLHReal_V2_p": 0.0007242229,
  "WLHReal_V3_p": -5.912e-07,
  "WLHReal_V4_p": 13.9710728673,
  "WLHReal_V5_p": 0.1368013743,
  "WLHReal_V6_p": 4.47974e-05,
  "WLHReal_r0_p": 1.2675519104,
  "WLHReal_r1_p": 0.3649126363,
  "WLHReal_r2_p": 0.0004006783,
  "WLHReal_r3_p": -1.5255e-06,
  "WLHReal_a0_p": 0.7500009066,
  "WLHReal_a1_p": 0.0001503034,
  "WLHReal_a2_p": -1.4411e-06,
  "WLHReal_a3_p": 0.1209301119,
  "WLHReal_a4_p": 0.547280005,
  "WLHReal_V0_n": 53.349901812,
  "WLHReal_V1_n": 0.2937426687,
  "WLHReal_V2_n": -0.000440158,
  "WLHReal_V3_n": 3.4233e-06,
  "WLHReal_V4_n": 20.4941443703,
  "WLHReal_V5_n": 0.3052543346,
  "WLHReal_V6_n": 0.0012293244,
  "WLHReal_r0_n": 1.3215980002,
  "WLHReal_r1_n": 0.3675291206,
  "WLHReal_r2_n": 0.0009544967,
  "WLHReal_r3_n": 9.3004e-06,
  "WLHReal_a0_n": 0.7513288869,
  "WLHReal_a1_n": 0.0008779279,
  "WLHReal_a2_n": 1.08271e-05,
  "WLHReal_a3_n": 0.251232658,
  "WLHReal_a4_n": 0.8584391022,
  "WLHImagVolume_W0_p": 2.7196648525,
  "WLHImagVolume_W1_p": 0.215660069,
  "WLHImagVolume_W2_p": 0.0005237064,
  "WLHImagVolume_W3_p": 12.8683462702,
  "WLHImagVolume_W4_p": 0.0593684478,
  "WLHImagVolume_r0_p": 0.3450104228,
  "WLHImagVolume_r1_p": 79.1439335927,
  "WLHImagVolume_r2_p": 0.8700315643,
  "WLHImagVolume_r3_p": 79.69662798,
  "WLHImagVolume_r4_p": 0.4066490357,
  "WLHImagVolume_r5_p": 1.262e-06,
  "WLHImagVolume_a0_p": 0.4646529121,
  "WLHImagVolume_a1_p": 0.3475397318,
  "WLHImagVolume_a2_p": 20.0149347385,
  "WLHImagVolume_a3_p": 0.3242060769,
  "WLHImagVolume_a4_p": 0.0008926319,
  "WLHImagVolume_W0_n": 3.3199971571,
  "WLHImagVolume_W1_n": 0.3000823402,
  "WLHImagVolume_W2_n": 0.0006868946,
  "WLHImagVolume_W3_n": 9.5146590853,
  "WLHImagVolume_W4_n": 0.0410634603,
  "WLHImagVolume_r0_n": 0.5447533285,
  "WLHImagVolume_r1_n": 82.0252116967,
  "WLHImagVolume_r2_n": 0.7669325424,
  "WLHImagVolume_r3_n": 92.4090538074,
  "WLHImagVolume_r4_n": 0.9207746449,
  "WLHImagVolume_r5_n": 4.3185e-06,
  "WLHImagVolume_a0_n": 0.263912549,
  "WLHImagVolume_a1_n": 0.5756103996,
  "WLHImagVolume_a2_n": 5.2167454333,
  "WLHImagVolume_a3_n": 0.0425998685,
  "WLHImagVolume_a4_n": 0.0006278148,
  "WLHImagSurface_W0_p": 1.6445639815,
  "WLHImagSurface_W1_p": 0.0993753587,
  "WLHImagSurface_W2_p": 2.6255442096,
  "WLHImagSurface_W3_p": 0.3584182218,
  "WLHImagSurface_r0_p": 1.260494116,
  "WLHImagSurface_r1_p": 1.0638613827,
  "WLHImagSurface_r2_p": 0.009419772,
  "WLHImagSurface_a0_p": 0.9078669859,
  "WLHImagSurface_W0_n": 1.9130254088,
  "WLHImagSurface_W1_n": 0.0537716272,
  "WLHImagSurface_W2_n": 3.0836878945,
  "WLHImagSurface_W3_n": 0.1877294886,
  "WLHImagSurface_r0_n": 1.2949223171,
  "WLHImagSurface_r1_n": 1.5960544058,
  "WLHImagSurface_r2_n": 0.0029626287,
  "WLHImagSurface_a0_n": 0.8554908589,
  "WLHRealSpinOrbit_V0_p": 9.4675080418,
  "WLHRealSpinOrbit_V1_p": 0.0076531847,
  "WLHRealSpinOrbit_r0_p": 1.214166847,
  "WLHRealSpinOrbit_r1_p": 0.7565742384,
  "WLHRealSpinOrbit_a0_p": 0.7434277904,
  "WLHRealSpinOrbit_a1_p": 0.0003785292,
  "WLHRealSpinOrbit_V0_n": 9.4474357478,
  "WLHRealSpinOrbit_V1_n": 0.0085598464,
  "WLHRealSpinOrbit_r0_n": 1.2971771917,
  "WLHRealSpinOrbit_r1_n": 0.9028083672,
  "WLHRealSpinOrbit_a0_n": 0.8193605404,
  "WLHRealSpinOrbit_a1_n": 0.0003437793
}