{
  "WLHReal_V0_p": 56.4145277074,
  "WLHReal_V1_p": 0.306667527,
  "WLHReal_V2_p": 0.0004896467,
  "WLHReal_V3_p": 5.417e-07,
  "WLHReal_V4_p": 14.4490239041,
  "WLHReal_V5_p": 0.158366405,
  "WLHReal_V6_p": 0.0001870772,
  "WLHReal_r0_p": 1.2835919928,
  "WLHReal_r1_p": 0.419588716,
  "WLHReal_r2_p": 0.0003415349,
  "WLHReal_r3_p": -9.225e-07,
  "WLHReal_a0_p": 0.7596981045,
  "WLHReal_a1_p": 0.0002895635,
  "WLHReal_a2_p": -1.8374e-06,
  "WLHReal_a3_p": 0.1014066307,
  "WLHReal_a4_p": 0.5095651294,
  "WLHReal_V0_n": 51.8221459391,
  "WLHReal_V1_n": 0.3104981791,
  "WLHReal_V2_n": -0.0006098936,
  "WLHReal_V3_n": 4.749e-06,
  "WLHReal_V4_n": 19.7179861711,
  "WLHReal_V5_n": 0.315255015,
  "WLHReal_V6_n": 0.0014146374,
  "WLHReal_r0_n": 1.3396923665,
  "WLHReal_r1_n": 0.3412449766,
  "WLHReal_r2_n": 0.0011424981,
  "WLHReal_r3_n": 1.30302e-05,
  "WLHReal_a0_n": 0.7614556141,
  "WLHReal_a1_n": 0.0012053878,
  "WLHReal_a2_n": 1.53005e-05,
  "WLHReal_a3_n": 0.2898329329,
  "WLHReal_a4_n": 0.9752716305,
  "WLHImagVolume_W0_p": 3.3963821449,
  "WLHImagVolume_W1_p": 0.2455068597,
  "WLHImagVolume_W2_p": 0.0004313341,
  "WLHImagVolume_W3_p": 12.5177730519,
  "WLHImagVolume_W4_p": 0.0761038213,
  "WLHImagVolume_r0_p": 0.4556308695,
  "WLHImagVolume_r1_p": 55.9983117278,
  "WLHImagVolume_r2_p": 0.7578760906,
  "WLHImagVolume_r3_p": 57.6131293467,
  "WLHImagVolume_r4_p": 0.5172302343,
  "WLHImagVolume_r5_p": 1.7562e-06,
  "WLHImagVolume_a0_p": 0.5181889952,
  "WLHImagVolume_a1_p": 0.2935929359,
  "WLHImagVolume_a2_p": 15.1382261041,
  "WLHImagVolume_a3_p": 0.3896660775,
  "WLHImagVolume_a4_p": 0.0018699327,
  "WLHImagVolume_W0_n": 3.4817608272,
  "WLHImagVolume_W1_n": 0.2955112215,
  "WLHImagVolume_W2_n": 0.0008635354,
  "WLHImagVolume_W3_n": 9.3695617512,
  "WLHImagVolume_W4_n": 0.034921451,
  "WLHImagVolume_r0_n": 0.4834092269,
  "WLHImagVolume_r1_n": 104.6915215688,
  "WLHImagVolume_r2_n": 0.8507958851,
  "WLHImagVolume_r3_n": 108.7468822364,
  "WLHImagVolume_r4_n": 0.7761137705,
  "WLHImagVolume_r5_n": 3.5807e-06,
  "WLHImagVolume_a0_n": 0.2564130173,
  "WLHImagVolume_a1_n": 0.5756671983,
  "WLHImagVolume_a2_n": 4.1747096852,
  "WLHImagVolume_a3_n": 0.0270681439,
  "WLHImagVolume_a4_n": 0.0001444337,
  "WLHImagSurface_W0_p": 1.4204150155,
  "WLHImagSurface_W1_p": 0.0858210199,
  "WLHImagSurface_W2_p": 2.6640978992,
  "WLHImagSurface_W3_p": 0.3249458402,
  "WLHImagSurface_r0_p": 1.1032277593,
  "WLHImagSurface_r1_p": 0.9795005731,
  "WLHImagSurface_r2_p": 0.0083157275,
  "WLHImagSurface_a0_p": 0.7311631233,
  "WLHImagSurface_W0_n": 2.173588536,
  "WLHImagSurface_W1_n": 0.0700599649,
  "WLHImagSurface_W2_n": 3.6012722244,
  "WLHImagSurface_W3_n": 0.2354351064,
  "WLHImagSurface_r0_n": 1.333854555,
  "WLHImagSurface_r1_n": 1.7256056124,
  "WLHImagSurface_r2_n": 0.002723616,
  "WLHImagSurface_a0_n": 0.8667519627,
  "WLHRealSpinOrbit_V0_p": 9.7044989673,
  "WLHRealSpinOrbit_V1_p": 0.0079908912,
  "WLHRealSpinOrbit_r0_p": 1.2266406215,
  "WLHRealSpinOrbit_r1_p": 0.772964814,
  "WLHRealSpinOrbit_a0_p": 0.7552504883,
  "WLHRealSpinOrbit_a1_p": 0.0003799416,
  "WLHRealSpinOrbit_V0_n": 9.022345161,
  "WLHRealSpinOrbit_V1_n": 0.0084020455,
  "WLHRealSpinOrbit_r0_n": 1.3205804607,
  "WLHRealSpinOrbit_r1_n": 0.9432884071,
  "WLHRealSpinOrbit_a0_n": 0.8360784086,
  "WLHRealSpinOrbit_a1_n": 0.0003380157
}