{
  "WLHReal_V0_p": 50.168413167,
  "WLHReal_V1_p": 0.258922866,
  "WLHReal_V2_p": -0.0011029738,
  "WLHReal_V3_p": 4.619e-06,
  "WLHReal_V4_p": 11.6766512058,
  "WLHReal_V5_p": 0.1335950525,
  "WLHReal_V6_p": 0.0006675714,
  "WLHReal_r0_p": 1.3667844821,
  "WLHReal_r1_p": 0.2541356396,
  "WLHReal_r2_p": 0.0011153481,
  "WLHReal_r3_p": 1.40486e-05,
  "WLHReal_a0_p": 0.8118613886,
  "WLHReal_a1_p": 5.22132e-05,
  "WLHReal_a2_p": 1.28157e-05,
  "WLHReal_a3_p": -0.0559867439,
  "WLHReal_a4_p": 0.5152021559,
  "WLHReal_V0_n": 53.8851958197,
  "WLHReal_V1_n": 0.2780966203,
  "WLHReal_V2_n": -0.0004440598,
  "WLHReal_V3_n": 3.4836e-06,
  "WLHReal_V4_n": 20.9238287908,
  "WLHReal_V5_n": 0.3061076934,
  "WLHReal_V6_n": 0.0012025681,
  "WLHReal_r0_n": 1.3200407842,
  "WLHReal_r1_n": 0.3909019055,
  "WLHReal_r2_n": 0.0008874872,
  "WLHReal_r3_n": 8.751e-06,
  "WLHReal_a0_n": 0.7497172024,
  "WLHReal_a1_n": 0.0007420196,
  "WLHReal_a2_n": 1.00625e-05,
  "WLHReal_a3_n": 0.23362671,
  "WLHReal_a4_n": 0.8051038781,
  "WLHImagVolume_W0_p": 6.0325009193,
  "WLHImagVolume_W1_p": 0.2162525515,
  "WLHImagVolume_W2_p": 0.000118286,
  "WLHImagVolume_W3_p": 8.4955981792,
  "WLHImagVolume_W4_p": 0.0930394334,
  "WLHImagVolume_r0_p": 0.95209733,
  "WLHImagVolume_r1_p": 13.6987397082,
  "WLHImagVolume_r2_p": 0.3843225937,
  "WLHImagVolume_r3_p": 35.6094442646,
  "WLHImagVolume_r4_p": 0.817115,
  "WLHImagVolume_r5_p": 1.68e-06,
  "WLHImagVolume_a0_p": 0.661954564,
  "WLHImagVolume_a1_p": 0.2018271624,
  "WLHImagVolume_a2_p": 9.5125837029,
  "WLHImagVolume_a3_p": 0.5081769289,
  "WLHImagVolume_a4_p": 0.0039547765,
  "WLHImagVolume_W0_n": 3.2953766168,
  "WLHImagVolume_W1_n": 0.3052949862,
  "WLHImagVolume_W2_n": 0.0005864189,
  "WLHImagVolume_W3_n": 9.6852201673,
  "WLHImagVolume_W4_n": 0.0410027141,
  "WLHImagVolume_r0_n": 0.5884056385,
  "WLHImagVolume_r1_n": 68.201923031,
  "WLHImagVolume_r2_n": 0.7181597093,
  "WLHImagVolume_r3_n": 83.9554779789,
  "WLHImagVolume_r4_n": 1.0219648554,
  "WLHImagVolume_r5_n": 4.6598e-06,
  "WLHImagVolume_a0_n": 0.2785901299,
  "WLHImagVolume_a1_n": 0.5698019459,
  "WLHImagVolume_a2_n": 5.5912317437,
  "WLHImagVolume_a3_n": 0.0549462512,
  "WLHImagVolume_a4_n": 0.0009610271,
  "WLHImagSurface_W0_p": 0.2262417996,
  "WLHImagSurface_W1_p": -0.0180951683,
  "WLHImagSurface_W2_p": -0.5821791196,
  "WLHImagSurface_W3_p": -0.0703926244,
  "WLHImagSurface_r0_p": 0.6306413714,
  "WLHImagSurface_r1_p": -0.2761429443,
  "WLHImagSurface_r2_p": -0.0021105911,
  "WLHImagSurface_a0_p": 0.6218371609,
  "WLHImagSurface_W0_n": 1.7131786314,
  "WLHImagSurface_W1_n": 0.0449451624,
  "WLHImagSurface_W2_n": 2.7497076234,
  "WLHImagSurface_W3_n": 0.1646735891,
  "WLHImagSurface_r0_n": 1.2721033613,
  "WLHImagSurface_r1_n": 1.5329894098,
  "WLHImagSurface_r2_n": 0.002908922,
  "WLHImagSurface_a0_n": 0.8536054482,
  "WLHRealSpinOrbit_V0_p": 9.4697611741,
  "WLHRealSpinOrbit_V1_p": 0.0092272132,
  "WLHRealSpinOrbit_r0_p": 1.3613750222,
  "WLHRealSpinOrbit_r1_p": 1.0029257384,
  "WLHRealSpinOrbit_a0_p": 0.8746852164,
  "WLHRealSpinOrbit_a1_p": 0.0003417505,
  "WLHRealSpinOrbit_V0_n": 9.661942959,
  "WLHRealSpinOrbit_V1_n": 0.0086991571,
  "WLHRealSpinOrbit_r0_n": 1.2925430923,
  "WLHRealSpinOrbit_r1_n": 0.8913724294,
  "WLHRealSpinOrbit_a0_n": 0.8162320579,
  "WLHRealSpinOrbit_a1_n": 0.0003502875
}