{
  "WLHReal_V0_p": 52.8788630009,
  "WLHReal_V1_p": 0.3018683777,
  "WLHReal_V2_p": -0.0005910954,
  "WLHReal_V3_p": 4.1061e-06,
  "WLHReal_V4_p": 11.3898138746,
  "WLHReal_V5_p": 0.1418748435,
  "WLHReal_V6_p": 0.0005085369,
  "WLHReal_r0_p": 1.3508526995,
  "WLHReal_r1_p": 0.3197045266,
  "WLHReal_r2_p": 0.0009845424,
  "WLHReal_r3_p": 1.02783e-05,
  "WLHReal_a0_p": 0.8055197529,
  "WLHReal_a1_p": 0.0001313598,
  "WLHReal_a2_p": 8.6287e-06,
  "WLHReal_a3_p": 0.0157907116,
  "WLHReal_a4_p": 0.5757142377,
  "WLHReal_V0_n": 53.6283740336,
  "WLHReal_V1_n": 0.3142908805,
  "WLHReal_V2_n": -0.0002269571,
  "WLHReal_V3_n": 2.3232e-06,
  "WLHReal_V4_n": 20.6556210937,
  "WLHReal_V5_n": 0.2849856083,
  "WLHReal_V6_n": 0.0011225418,
  "WLHReal_r0_n": 1.2816188905,
  "WLHReal_r1_n": 0.2657560059,
  "WLHReal_r2_n": 0.0010030108,
  "WLHReal_r3_n": 9.8192e-06,
  "WLHReal_a0_n": 0.7443688251,
  "WLHReal_a1_n": 0.0009519893,
  "WLHReal_a2_n": 1.18838e-05,
  "WLHReal_a3_n": 0.3069471976,
  "WLHReal_a4_n": 0.9696354972,
  "WLHImagVolume_W0_p": 5.5571070547,
  "WLHImagVolume_W1_p": 0.2630165747,
  "WLHImagVolume_W2_p": 0.000443582,
  "WLHImagVolume_W3_p": 11.3254894889,
  "WLHImagVolume_W4_p": 0.0947315412,
  "WLHImagVolume_r0_p": 0.6860464041,
  "WLHImagVolume_r1_p": 44.3964138112,
  "WLHImagVolume_r2_p": 0.6250036421,
  "WLHImagVolume_r3_p": 57.6979946371,
  "WLHImagVolume_r4_p": 0.6292892741,
  "WLHImagVolume_r5_p": 1.2973e-06,
  "WLHImagVolume_a0_p": 0.6089617318,
  "WLHImagVolume_a1_p": 0.2587560047,
  "WLHImagVolume_a2_p": 13.8237315151,
  "WLHImagVolume_a3_p": 0.4607356446,
  "WLHImagVolume_a4_p": 0.0031500049,
  "WLHImagVolume_W0_n": 3.3319427069,
  "WLHImagVolume_W1_n": 0.2690087586,
  "WLHImagVolume_W2_n": 0.0006225535,
  "WLHImagVolume_W3_n": 9.5507899102,
  "WLHImagVolume_W4_n": 0.0390745998,
  "WLHImagVolume_r0_n": 0.5527003506,
  "WLHImagVolume_r1_n": 85.2339549286,
  "WLHImagVolume_r2_n": 0.7282823025,
  "WLHImagVolume_r3_n": 91.4128952914,
  "WLHImagVolume_r4_n": 0.855709085,
  "WLHImagVolume_r5_n": 2.812e-06,
  "WLHImagVolume_a0_n": 0.2307650892,
  "WLHImagVolume_a1_n": 0.5772450663,
  "WLHImagVolume_a2_n": 5.4305080955,
  "WLHImagVolume_a3_n": 0.0159584366,
  "WLHImagVolume_a4_n": 0.0001163351,
  "WLHImagSurface_W0_p": 0.6702205897,
  "WLHImagSurface_W1_p": 0.0229232018,
  "WLHImagSurface_W2_p": 0.345482286,
  "WLHImagSurface_W3_p": 0.084067593,
  "WLHImagSurface_r0_p": 0.8412168046,
  "WLHImagSurface_r1_p": 0.2129447837,
  "WLHImagSurface_r2_p": 0.0007916687,
  "WLHImagSurface_a0_p": 0.7340136915,
  "WLHImagSurface_W0_n": 2.0013556227,
  "WLHImagSurface_W1_n": 0.0515534059,
  "WLHImagSurface_W2_n": 2.6772055132,
  "WLHImagSurface_W3_n": 0.1629137771,
  "WLHImagSurface_r0_n": 1.294439335,
  "WLHImagSurface_r1_n": 1.5521371384,
  "WLHImagSurface_r2_n": 0.0033175032,
  "WLHImagSurface_a0_n": 0.8463269778,
  "WLHRealSpinOrbit_V0_p": 9.3260881431,
  "WLHRealSpinOrbit_V1_p": 0.0087035931,
  "WLHRealSpinOrbit_r0_p": 1.3217320502,
  "WLHRealSpinOrbit_r1_p": 0.9438929114,
  "WLHRealSpinOrbit_a0_p": 0.8399217183,
  "WLHRealSpinOrbit_a1_p": 0.000337986,
  "WLHRealSpinOrbit_V0_n": 9.6501445045,
  "WLHRealSpinOrbit_V1_n": 0.0086003393,
  "WLHRealSpinOrbit_r0_n": 1.2709615371,
  "WLHRealSpinOrbit_r1_n": 0.8799231623,
  "WLHRealSpinOrbit_a0_n": 0.8060124465,
  "WLHRealSpinOrbit_a1_n": 0.0003217103
}