{
  "WLHReal_V0_p": 57.3643048207,
  "WLHReal_V1_p": 0.3360821283,
  "WLHReal_V2_p": 2.73389e-05,
  "WLHReal_V3_p": 2.6738e-06,
  "WLHReal_V4_p": 12.2167252798,
  "WLHReal_V5_p": 0.1511926904,
  "WLHReal_V6_p": 0.0003363965,
  "WLHReal_r0_p": 1.2992738937,
  "WLHReal_r1_p": 0.3532339209,
  "WLHReal_r2_p": 0.0008890048,
  "WLHReal_r3_p": 6.3199e-06,
  "WLHReal_a0_p": 0.7925577205,
  "WLHReal_a1_p": 0.0002967465,
  "WLHReal_a2_p": 4.1599e-06,
  "WLHReal_a3_p": 0.0998346638,
  "WLHReal_a4_p": 0.6546757851,
  "WLHReal_V0_n": 52.1685990105,
  "WLHReal_V1_n": 0.2958982665,
  "WLHReal_V2_n": -0.0003293143,
  "WLHReal_V3_n": 2.5354e-06,
  "WLHReal_V4_n": 21.1165114714,
  "WLHReal_V5_n": 0.2826958149,
  "WLHReal_V6_n": 0.0012092111,
  "WLHReal_r0_n": 1.2772622477,
  "WLHReal_r1_n": 0.2155507859,
  "WLHReal_r2_n": 0.0011046357,
  "WLHReal_r3_n": 1.28043e-05,
  "WLHReal_a0_n": 0.7471436978,
  "WLHReal_a1_n": 0.0011045132,
  "WLHReal_a2_n": 1.48781e-05,
  "WLHReal_a3_n": 0.360467166,
  "WLHReal_a4_n": 1.0613769169,
  "WLHImagVolume_W0_p": 5.0633967085,
  "WLHImagVolume_W1_p": 0.3250051232,
  "WLHImagVolume_W2_p": 0.0006466157,
  "WLHImagVolume_W3_p": 15.0807921962,
  "WLHImagVolume_W4_p": 0.0997533203,
  "WLHImagVolume_r0_p": 0.5366624297,
  "WLHImagVolume_r1_p": 56.2290554704,
  "WLHImagVolume_r2_p": 0.7095049149,
  "WLHImagVolume_r3_p": 65.074412597,
  "WLHImagVolume_r4_p": 0.612790082,
  "WLHImagVolume_r5_p": 1.9633e-06,
  "WLHImagVolume_a0_p": 0.5733059825,
  "WLHImagVolume_a1_p": 0.2713747162,
  "WLHImagVolume_a2_p": 13.9864249084,
  "WLHImagVolume_a3_p": 0.4462624616,
  "WLHImagVolume_a4_p": 0.0027670411,
  "WLHImagVolume_W0_n": 3.1978175444,
  "WLHImagVolume_W1_n": 0.2266574321,
  "WLHImagVolume_W2_n": 0.000452152,
  "WLHImagVolume_W3_n": 9.2036356111,
  "WLHImagVolume_W4_n": 0.0148496473,
  "WLHImagVolume_r0_n": 0.5947253793,
  "WLHImagVolume_r1_n": 82.1768452495,
  "WLHImagVolume_r2_n": 0.6829506531,
  "WLHImagVolume_r3_n": 89.4008931103,
  "WLHImagVolume_r4_n": 0.886820787,
  "WLHImagVolume_r5_n": 3.2749e-06,
  "WLHImagVolume_a0_n": 0.232395723,
  "WLHImagVolume_a1_n": 0.567482563,
  "WLHImagVolume_a2_n": 6.0297963196,
  "WLHImagVolume_a3_n": 0.0257097421,
  "WLHImagVolume_a4_n": 8.31291e-05,
  "WLHImagSurface_W0_p": 0.9038624116,
  "WLHImagSurface_W1_p": 0.0400886036,
  "WLHImagSurface_W2_p": 0.7958429089,
  "WLHImagSurface_W3_p": 0.1501090448,
  "WLHImagSurface_r0_p": 0.9773745149,
  "WLHImagSurface_r1_p": 0.7388056137,
  "WLHImagSurface_r2_p": 0.0043568165,
  "WLHImagSurface_a0_p": 0.7424734144,
  "WLHImagSurface_W0_n": 1.6681531118,
  "WLHImagSurface_W1_n": 0.0414681263,
  "WLHImagSurface_W2_n": 1.8741888159,
  "WLHImagSurface_W3_n": 0.1327911915,
  "WLHImagSurface_r0_n": 1.2878551751,
  "WLHImagSurface_r1_n": 1.4811796587,
  "WLHImagSurface_r2_n": 0.0029594716,
  "WLHImagSurface_a0_n": 0.8535300096,
  "WLHRealSpinOrbit_V0_p": 9.7904736151,
  "WLHRealSpinOrbit_V1_p": 0.0085564557,
  "WLHRealSpinOrbit_r0_p": 1.2537923329,
  "WLHRealSpinOrbit_r1_p": 0.852175498,
  "WLHRealSpinOrbit_a0_p": 0.7918584554,
  "WLHRealSpinOrbit_a1_p": 0.000320192,
  "WLHRealSpinOrbit_V0_n": 9.7592976407,
  "WLHRealSpinOrbit_V1_n": 0.0087480748,
  "WLHRealSpinOrbit_r0_n": 1.2755656314,
  "WLHRealSpinOrbit_r1_n": 0.8858413461,
  "WLHRealSpinOrbit_a0_n": 0.8111186343,
  "WLHRealSpinOrbit_a1_n": 0.0003260916
}