{
  "WLHReal_V0_p": 53.0747432528,
  "WLHReal_V1_p": 0.3251912736,
  "WLHReal_V2_p": -0.0007325634,
  "WLHReal_V3_p": 5.6991e-06,
  "WLHReal_V4_p": 9.8535135739,
  "WLHReal_V5_p": 0.1502661857,
  "WLHReal_V6_p": 0.0005662281,
  "WLHReal_r0_p": 1.3849221911,
  "WLHReal_r1_p": 0.3690611015,
  "WLHReal_r2_p": 0.0010662414,
  "WLHReal_r3_p": 1.07848e-05,
  "WLHReal_a0_p": 0.8231187443,
  "WLHReal_a1_p": 0.0001485161,
  "WLHReal_a2_p": 9.3195e-06,
  "WLHReal_a3_p": 0.024027151,
  "WLHReal_a4_p": 0.6159217116,
  "WLHReal_V0_n": 53.3985869849,
  "WLHReal_V1_n": 0.2928674657,
  "WLHReal_V2_n": -0.0002850946,
  "WLHReal_V3_n": 3.0764e-06,
  "WLHReal_V4_n": 20.6284572804,
  "WLHReal_V5_n": 0.2939905371,
  "WLHReal_V6_n": 0.0010717811,
  "WLHReal_r0_n": 1.3160043779,
  "WLHReal_r1_n": 0.376483448,
  "WLHReal_r2_n": 0.0008369919,
  "WLHReal_r3_n": 6.5532e-06,
  "WLHReal_a0_n": 0.7427839872,
  "WLHReal_a1_n": 0.0007435138,
  "WLHReal_a2_n": 8.4132e-06,
  "WLHReal_a3_n": 0.2293423004,
  "WLHReal_a4_n": 0.7916226765,
  "WLHImagVolume_W0_p": 6.2140849445,
  "WLHImagVolume_W1_p": 0.3059700579,
  "WLHImagVolume_W2_p": 0.0006944217,
  "WLHImagVolume_W3_p": 12.3276474837,
  "WLHImagVolume_W4_p": 0.1071099806,
  "WLHImagVolume_r0_p": 0.5662987609,
  "WLHImagVolume_r1_p": 61.5508736169,
  "WLHImagVolume_r2_p": 0.777062082,
  "WLHImagVolume_r3_p": 71.1941714536,
  "WLHImagVolume_r4_p": 0.4993979462,
  "WLHImagVolume_r5_p": 8.44e-07,
  "WLHImagVolume_a0_p": 0.6151100827,
  "WLHImagVolume_a1_p": 0.2861804078,
  "WLHImagVolume_a2_p": 16.392664496,
  "WLHImagVolume_a3_p": 0.4616793976,
  "WLHImagVolume_a4_p": 0.0032025811,
  "WLHImagVolume_W0_n": 2.9734973428,
  "WLHImagVolume_W1_n": 0.2860079741,
  "WLHImagVolume_W2_n": 0.0006434651,
  "WLHImagVolume_W3_n": 8.9012819939,
  "WLHImagVolume_W4_n": 0.040922145,
  "WLHImagVolume_r0_n": 0.523720281,
  "WLHImagVolume_r1_n": 83.7582772096,
  "WLHImagVolume_r2_n": 0.7806697461,
  "WLHImagVolume_r3_n": 90.2335944947,
  "WLHImagVolume_r4_n": 0.8988069557,
  "WLHImagVolume_r5_n": 3.7458e-06,
  "WLHImagVolume_a0_n": 0.247535453,
  "WLHImagVolume_a1_n": 0.5913739255,
  "WLHImagVolume_a2_n": 6.1977020757,
  "WLHImagVolume_a3_n": 0.0532118993,
  "WLHImagVolume_a4_n": 0.0007096122,
  "WLHImagSurface_W0_p": 0.7414587357,
  "WLHImagSurface_W1_p": 0.0365152258,
  "WLHImagSurface_W2_p": 0.465966863,
  "WLHImagSurface_W3_p": 0.1402319092,
  "WLHImagSurface_r0_p": 0.8737995847,
  "WLHImagSurface_r1_p": 0.250022662,
  "WLHImagSurface_r2_p": -0.0004155363,
  "WLHImagSurface_a0_p": 0.7913228576,
  "WLHImagSurface_W0_n": 1.8704977741,
  "WLHImagSurface_W1_n": 0.0490413771,
  "WLHImagSurface_W2_n": 3.0983832801,
  "WLHImagSurface_W3_n": 0.1761760516,
  "WLHImagSurface_r0_n": 1.2978951342,
  "WLHImagSurface_r1_n": 1.555568493,
  "WLHImagSurface_r2_n": 0.003201453,
  "WLHImagSurface_a0_n": 0.8500249221,
  "WLHRealSpinOrbit_V0_p": 8.9115409575,
  "WLHRealSpinOrbit_V1_p": 0.0085321212,
  "WLHRealSpinOrbit_r0_p": 1.3436326749,
  "WLHRealSpinOrbit_r1_p": 0.9808624728,
  "WLHRealSpinOrbit_a0_p": 0.8545184658,
  "WLHRealSpinOrbit_a1_p": 0.0003297891,
  "WLHRealSpinOrbit_V0_n": 9.4278253509,
  "WLHRealSpinOrbit_V1_n": 0.0084093715,
  "WLHRealSpinOrbit_r0_n": 1.2875859108,
  "WLHRealSpinOrbit_r1_n": 0.8816387662,
  "WLHRealSpinOrbit_a0_n": 0.8088553618,
  "WLHRealSpinOrbit_a1_n": 0.0003549104
}