{
  "WLHReal_V0_p": 51.1634144933,
  "WLHReal_V1_p": 0.3006642253,
  "WLHReal_V2_p": -0.0005903573,
  "WLHReal_V3_p": 4.2852e-06,
  "WLHReal_V4_p": 11.29318943,
  "WLHReal_V5_p": 0.1195451645,
  "WLHReal_V6_p": 0.0004499207,
  "WLHReal_r0_p": 1.3393256861,
  "WLHReal_r1_p": 0.2404035706,
  "WLHReal_r2_p": 0.001082503,
  "WLHReal_r3_p": 1.15754e-05,
  "WLHReal_a0_p": 0.7981377286,
  "WLHReal_a1_p": -1.64216e-05,
  "WLHReal_a2_p": 1.0193e-05,
  "WLHReal_a3_p": 0.0021424793,
  "WLHReal_a4_p": 0.5795948735,
  "WLHReal_V0_n": 50.4460931107,
  "WLHReal_V1_n": 0.2816587395,
  "WLHReal_V2_n": -0.0005853437,
  "WLHReal_V3_n": 3.8942e-06,
  "WLHReal_V4_n": 20.4372648782,
  "WLHReal_V5_n": 0.3046624418,
  "WLHReal_V6_n": 0.0013401287,
  "WLHReal_r0_n": 1.3367067293,
  "WLHReal_r1_n": 0.3265370334,
  "WLHReal_r2_n": 0.00108754,
  "WLHReal_r3_n": 1.16e-05,
  "WLHReal_a0_n": 0.7557503491,
  "WLHReal_a1_n": 0.0011616586,
  "WLHReal_a2_n": 1.52781e-05,
  "WLHReal_a3_n": 0.3046404548,
  "WLHReal_a4_n": 0.9580205056,
  "WLHImagVolume_W0_p": 5.1264409345,
  "WLHImagVolume_W1_p": 0.2152720498,
  "WLHImagVolume_W2_p": 0.0003575811,
  "WLHImagVolume_W3_p": 10.3951642999,
  "WLHImagVolume_W4_p": 0.0789840108,
  "WLHImagVolume_r0_p": 0.7197663244,
  "WLHImagVolume_r1_p": 48.7156226689,
  "WLHImagVolume_r2_p": 0.5984914865,
  "WLHImagVolume_r3_p": 65.2298799335,
  "WLHImagVolume_r4_p": 0.6338294624,
  "WLHImagVolume_r5_p": 1.4713e-06,
  "WLHImagVolume_a0_p": 0.5862069265,
  "WLHImagVolume_a1_p": 0.2760110019,
  "WLHImagVolume_a2_p": 15.7176283041,
  "WLHImagVolume_a3_p": 0.4267953403,
  "WLHImagVolume_a4_p": 0.0026769558,
  "WLHImagVolume_W0_n": 2.9435597161,
  "WLHImagVolume_W1_n": 0.2434150679,
  "WLHImagVolume_W2_n": 0.0006232238,
  "WLHImagVolume_W3_n": 8.3594749168,
  "WLHImagVolume_W4_n": 0.0098737162,
  "WLHImagVolume_r0_n": 0.5143136765,
  "WLHImagVolume_r1_n": 98.8902809057,
  "WLHImagVolume_r2_n": 0.8131692861,
  "WLHImagVolume_r3_n": 102.0327463585,
  "WLHImagVolume_r4_n": 0.825889158,
  "WLHImagVolume_r5_n": 3.9759e-06,
  "WLHImagVolume_a0_n": 0.2507330333,
  "WLHImagVolume_a1_n": 0.5811913592,
  "WLHImagVolume_a2_n": 5.962088877,
  "WLHImagVolume_a3_n": 0.058145299,
  "WLHImagVolume_a4_n": 0.0004007836,
  "WLHImagSurface_W0_p": 0.6578438722,
  "WLHImagSurface_W1_p": 0.0149264499,
  "WLHImagSurface_W2_p": -0.1071105883,
  "WLHImagSurface_W3_p": 0.0387654984,
  "WLHImagSurface_r0_p": 0.8796039117,
  "WLHImagSurface_r1_p": 0.0783884543,
  "WLHImagSurface_r2_p": 0.0006475704,
  "WLHImagSurface_a0_p": 0.8263313469,
  "WLHImagSurface_W0_n": 1.7035439693,
  "WLHImagSurface_W1_n": 0.0522003125,
  "WLHImagSurface_W2_n": 2.7697527469,
  "WLHImagSurface_W3_n": 0.1896796123,
  "WLHImagSurface_r0_n": 1.3239953764,
  "WLHImagSurface_r1_n": 1.5974564584,
  "WLHImagSurface_r2_n": 0.0025293964,
  "WLHImagSurface_a0_n": 0.8695037903,
  "WLHRealSpinOrbit_V0_p": 9.2509438827,
  "WLHRealSpinOrbit_V1_p": 0.0086701467,
  "WLHRealSpinOrbit_r0_p": 1.324520394,
  "WLHRealSpinOrbit_r1_p": 0.949945699,
  "WLHRealSpinOrbit_a0_p": 0.8425626527,
  "WLHRealSpinOrbit_a1_p": 0.0003396921,
  "WLHRealSpinOrbit_V0_n": 9.132674334,
  "WLHRealSpinOrbit_V1_n": 0.0084186007,
  "WLHRealSpinOrbit_r0_n": 1.3187485259,
  "WLHRealSpinOrbit_r1_n": 0.9272302318,
  "WLHRealSpinOrbit_a0_n": 0.8315032703,
  "WLHRealSpinOrbit_a1_n": 0.0003601657
}