{
  "WLHReal_V0_p": 58.3578628963,
  "WLHReal_V1_p": 0.3226955632,
  "WLHReal_V2_p": 0.000588035,
  "WLHReal_V3_p": -4.393e-07,
  "WLHReal_V4_p": 14.5324744524,
  "WLHReal_V5_p": 0.1463673748,
  "WLHReal_V6_p": 0.000143026,
  "WLHReal_r0_p": 1.2433306031,
  "WLHReal_r1_p": 0.3394195229,
  "WLHReal_r2_p": 0.0005914612,
  "WLHReal_r3_p": 1.8048e-06,
  "WLHReal_a0_p": 0.7592116864,
  "WLHReal_a1_p": 0.0003148007,
  "WLHReal_a2_p": -9.271e-07,
  "WLHReal_a3_p": 0.1282054905,
  "WLHReal_a4_p": 0.6035030265,
  "WLHReal_V0_n": 50.9747806499,
  "WLHReal_V1_n": 0.2940412594,
  "WLHReal_V2_n": -0.0007493988,
  "WLHReal_V3_n": 3.9021e-06,
  "WLHReal_V4_n": 20.1906164897,
  "WLHReal_V5_n": 0.3175177806,
  "WLHReal_V6_n": 0.0015470345,
  "WLHReal_r0_n": 1.3324943012,
  "WLHReal_r1_n": 0.2908357394,
  "WLHReal_r2_n": 0.0012702282,
  "WLHReal_r3_n": 1.62455e-05,
  "WLHReal_a0_n": 0.7670078146,
  "WLHReal_a1_n": 0.001359616,
  "WLHReal_a2_n": 1.95266e-05,
  "WLHReal_a3_n": 0.3454877275,
  "WLHReal_a4_n": 1.0817222942,
  "WLHImagVolume_W0_p": 3.5923941528,
  "WLHImagVolume_W1_p": 0.2772186996,
  "WLHImagVolume_W2_p": 0.0004516757,
  "WLHImagVolume_W3_p": 14.7469153483,
  "WLHImagVolume_W4_p": 0.0794647393,
  "WLHImagVolume_r0_p": 0.5297353792,
  "WLHImagVolume_r1_p": 50.6407939718,
  "WLHImagVolume_r2_p": 0.6539773422,
  "WLHImagVolume_r3_p": 57.9725202882,
  "WLHImagVolume_r4_p": 0.6577781796,
  "WLHImagVolume_r5_p": 2.9937e-06,
  "WLHImagVolume_a0_p": 0.5246169048,
  "WLHImagVolume_a1_p": 0.2716847214,
  "WLHImagVolume_a2_p": 13.2608176801,
  "WLHImagVolume_a3_p": 0.4069048683,
  "WLHImagVolume_a4_p": 0.0020673928,
  "WLHImagVolume_W0_n": 3.5893986483,
  "WLHImagVolume_W1_n": 0.269565667,
  "WLHImagVolume_W2_n": 0.000709519,
  "WLHImagVolume_W3_n": 9.5721936487,
  "WLHImagVolume_W4_n": 0.0165033337,
  "WLHImagVolume_r0_n": 0.5480801499,
  "WLHImagVolume_r1_n": 95.9393661005,
  "WLHImagVolume_r2_n": 0.7808208603,
  "WLHImagVolume_r3_n": 104.8099346968,
  "WLHImagVolume_r4_n": 0.8454908017,
  "WLHImagVolume_r5_n": 4.2832e-06,
  "WLHImagVolume_a0_n": 0.2685535137,
  "WLHImagVolume_a1_n": 0.5562882472,
  "WLHImagVolume_a2_n": 4.2068989748,
  "WLHImagVolume_a3_n": 0.028519665,
  "WLHImagVolume_a4_n": 0.0001239468,
  "WLHImagSurface_W0_p": 1.1652434558,
  "WLHImagSurface_W1_p": 0.0547519195,
  "WLHImagSurface_W2_p": 1.5513278052,
  "WLHImagSurface_W3_p": 0.199446588,
  "WLHImagSurface_r0_p": 1.0767398354,
  "WLHImagSurface_r1_p": 1.0072660851,
  "WLHImagSurface_r2_p": 0.0083468012,
  "WLHImagSurface_a0_p": 0.7268874138,
  "WLHImagSurface_W0_n": 1.879940505,
  "WLHImagSurface_W1_n": 0.0613064344,
  "WLHImagSurface_W2_n": 2.7787823171,
  "WLHImagSurface_W3_n": 0.2060210448,
  "WLHImagSurface_r0_n": 1.3172067026,
  "WLHImagSurface_r1_n": 1.6633231953,
  "WLHImagSurface_r2_n": 0.0023431522,
  "WLHImagSurface_a0_n": 0.8732064626,
  "WLHRealSpinOrbit_V0_p": 10.2276500665,
  "WLHRealSpinOrbit_V1_p": 0.0083702674,
  "WLHRealSpinOrbit_r0_p": 1.1982561848,
  "WLHRealSpinOrbit_r1_p": 0.7553148596,
  "WLHRealSpinOrbit_a0_p": 0.7462693261,
  "WLHRealSpinOrbit_a1_p": 0.0003422299,
  "WLHRealSpinOrbit_V0_n": 9.2425514418,
  "WLHRealSpinOrbit_V1_n": 0.008672912,
  "WLHRealSpinOrbit_r0_n": 1.3236042707,
  "WLHRealSpinOrbit_r1_n": 0.9521841543,
  "WLHRealSpinOrbit_a0_n": 0.8428713628,
  "WLHRealSpinOrbit_a1_n": 0.0003327442
}