{
  "WLHReal_V0_p": 52.3237210349,
  "WLHReal_V1_p": 0.2700109637,
  "WLHReal_V2_p": -0.0005199018,
  "WLHReal_V3_p": 2.6712e-06,
  "WLHReal_V4_p": 13.1132048338,
  "WLHReal_V5_p": 0.1308102849,
  "WLHReal_V6_p": 0.0004722536,
  "WLHReal_r0_p": 1.314371863,
  "WLHReal_r1_p": 0.2506317808,
  "WLHReal_r2_p": 0.0009337042,
  "WLHReal_r3_p": 1.09204e-05,
  "WLHReal_a0_p": 0.7875672304,
  "WLHReal_a1_p": 0.0001019836,
  "WLHReal_a2_p": 8.5132e-06,
  "WLHReal_a3_p": -0.0039802782,
  "WLHReal_a4_p": 0.5270473138,
  "WLHReal_V0_n": 57.0275570971,
  "WLHReal_V1_n": 0.3155523846,
  "WLHReal_V2_n": 0.001022238,
  "WLHReal_V3_n": -2.0565e-06,
  "WLHReal_V4_n": 22.1935670507,
  "WLHReal_V5_n": 0.2001063613,
  "WLHReal_V6_n": -6.05349e-05,
  "WLHReal_r0_n": 1.2008423962,
  "WLHReal_r1_n": 0.2980551755,
  "WLHReal_r2_n": 0.0001335037,
  "WLHReal_r3_n": -5.149e-06,
  "WLHReal_a0_n": 0.680362572,
  "WLHReal_a1_n": -0.0001992323,
  "WLHReal_a2_n": -7.5233e-06,
  "WLHReal_a3_n": 0.1544803902,
  "WLHReal_a4_n": 0.504896614,
  "WLHImagVolume_W0_p": 4.9428269149,
  "WLHImagVolume_W1_p": 0.2105468983,
  "WLHImagVolume_W2_p": 0.0001167449,
  "WLHImagVolume_W3_p": 9.8841738466,
  "WLHImagVolume_W4_p": 0.0813469721,
  "WLHImagVolume_r0_p": 0.866631087,
  "WLHImagVolume_r1_p": 20.052025496,
  "WLHImagVolume_r2_p": 0.4119487535,
  "WLHImagVolume_r3_p": 39.1399874556,
  "WLHImagVolume_r4_p": 0.8114276581,
  "WLHImagVolume_r5_p": 1.8444e-06,
  "WLHImagVolume_a0_p": 0.6121466677,
  "WLHImagVolume_a1_p": 0.2175760658,
  "WLHImagVolume_a2_p": 10.1526435498,
  "WLHImagVolume_a3_p": 0.4693437916,
  "WLHImagVolume_a4_p": 0.0032500994,
  "WLHImagVolume_W0_n": 1.4503315817,
  "WLHImagVolume_W1_n": 0.2059208372,
  "WLHImagVolume_W2_n": 0.0002294896,
  "WLHImagVolume_W3_n": 6.8683543336,
  "WLHImagVolume_W4_n": 0.0602318127,
  "WLHImagVolume_r0_n": 0.5058737694,
  "WLHImagVolume_r1_n": 68.708910887,
  "WLHImagVolume_r2_n": 0.6864492416,
  "WLHImagVolume_r3_n": 59.3626268079,
  "WLHImagVolume_r4_n": 0.8634225055,
  "WLHImagVolume_r5_n": 8.9e-07,
  "WLHImagVolume_a0_n": 0.130304144,
  "WLHImagVolume_a1_n": 0.6648588838,
  "WLHImagVolume_a2_n": 11.5797211461,
  "WLHImagVolume_a3_n": 0.0633456531,
  "WLHImagVolume_a4_n": 0.0007911868,
  "WLHImagSurface_W0_p": 0.5002017897,
  "WLHImagSurface_W1_p": -0.0007762406,
  "WLHImagSurface_W2_p": -0.0095337786,
  "WLHImagSurface_W3_p": -0.01094761,
  "WLHImagSurface_r0_p": 0.767103886,
  "WLHImagSurface_r1_p": 0.0900710928,
  "WLHImagSurface_r2_p": 0.0015969569,
  "WLHImagSurface_a0_p": 0.6510972848,
  "WLHImagSurface_W0_n": 1.7227763822,
  "WLHImagSurface_W1_n": 0.0107296845,
  "WLHImagSurface_W2_n": 2.2625983818,
  "WLHImagSurface_W3_n": 0.0410880722,
  "WLHImagSurface_r0_n": 1.2621908708,
  "WLHImagSurface_r1_n": 1.1864242397,
  "WLHImagSurface_r2_n": 0.0053543377,
  "WLHImagSurface_a0_n": 0.7919691491,
  "WLHRealSpinOrbit_V0_p": 9.8329448984,
  "WLHRealSpinOrbit_V1_p": 0.0090049884,
  "WLHRealSpinOrbit_r0_p": 1.3031811976,
  "WLHRealSpinOrbit_r1_p": 0.9129858076,
  "WLHRealSpinOrbit_a0_p": 0.8296007972,
  "WLHRealSpinOrbit_a1_p": 0.0003465908,
  "WLHRealSpinOrbit_V0_n": 10.1985386466,
  "WLHRealSpinOrbit_V1_n": 0.0079785517,
  "WLHRealSpinOrbit_r0_n": 1.1679571139,
  "WLHRealSpinOrbit_r1_n": 0.6973221911,
  "WLHRealSpinOrbit_a0_n": 0.7168942514,
  "WLHRealSpinOrbit_a1_n": 0.0003638649
}