{
  "WLHReal_V0_p": 49.5681074603,
  "WLHReal_V1_p": 0.2590211434,
  "WLHReal_V2_p": -0.0005755254,
  "WLHReal_V3_p": 3.3905e-06,
  "WLHReal_V4_p": 12.9874499313,
  "WLHReal_V5_p": 0.1179347114,
  "WLHReal_V6_p": 0.0004429337,
  "WLHReal_r0_p": 1.3284996102,
  "WLHReal_r1_p": 0.2284619817,
  "WLHReal_r2_p": 0.000863298,
  "WLHReal_r3_p": 1.1242e-05,
  "WLHReal_a0_p": 0.7808940903,
  "WLHReal_a1_p": -4.84631e-05,
  "WLHReal_a2_p": 9.4435e-06,
  "WLHReal_a3_p": -0.0326204309,
  "WLHReal_a4_p": 0.4719972069,
  "WLHReal_V0_n": 52.3508286655,
  "WLHReal_V1_n": 0.3082507007,
  "WLHReal_V2_n": -0.0005592751,
  "WLHReal_V3_n": 4.1045e-06,
  "WLHReal_V4_n": 20.3377992942,
  "WLHReal_V5_n": 0.3060273378,
  "WLHReal_V6_n": 0.0014231651,
  "WLHReal_r0_n": 1.3054927095,
  "WLHReal_r1_n": 0.2600390561,
  "WLHReal_r2_n": 0.0012177582,
  "WLHReal_r3_n": 1.47763e-05,
  "WLHReal_a0_n": 0.7603217881,
  "WLHReal_a1_n": 0.001249725,
  "WLHReal_a2_n": 1.69609e-05,
  "WLHReal_a3_n": 0.3466411573,
  "WLHReal_a4_n": 1.0823774149,
  "WLHImagVolume_W0_p": 4.4165251206,
  "WLHImagVolume_W1_p": 0.1471641238,
  "WLHImagVolume_W2_p": 2.62869e-05,
  "WLHImagVolume_W3_p": 7.6577273071,
  "WLHImagVolume_W4_p": 0.0647736347,
  "WLHImagVolume_r0_p": 0.8500732714,
  "WLHImagVolume_r1_p": 27.4135865074,
  "WLHImagVolume_r2_p": 0.4531063993,
  "WLHImagVolume_r3_p": 45.8238481459,
  "WLHImagVolume_r4_p": 0.7275725322,
  "WLHImagVolume_r5_p": 1.6041e-06,
  "WLHImagVolume_a0_p": 0.5868642185,
  "WLHImagVolume_a1_p": 0.2471794099,
  "WLHImagVolume_a2_p": 13.0605684597,
  "WLHImagVolume_a3_p": 0.4272203666,
  "WLHImagVolume_a4_p": 0.0026878134,
  "WLHImagVolume_W0_n": 3.6961894864,
  "WLHImagVolume_W1_n": 0.2757355834,
  "WLHImagVolume_W2_n": 0.0006915784,
  "WLHImagVolume_W3_n": 9.9824132776,
  "WLHImagVolume_W4_n": 0.028405274,
  "WLHImagVolume_r0_n": 0.5636837742,
  "WLHImagVolume_r1_n": 90.0789607637,
  "WLHImagVolume_r2_n": 0.7420704352,
  "WLHImagVolume_r3_n": 99.5457389449,
  "WLHImagVolume_r4_n": 0.8545364066,
  "WLHImagVolume_r5_n": 3.7674e-06,
  "WLHImagVolume_a0_n": 0.255840543,
  "WLHImagVolume_a1_n": 0.5569189215,
  "WLHImagVolume_a2_n": 4.1760231535,
  "WLHImagVolume_a3_n": 0.0111924117,
  "WLHImagVolume_a4_n": -4.3932e-06,
  "WLHImagSurface_W0_p": 0.6513905728,
  "WLHImagSurface_W1_p": 0.0115495906,
  "WLHImagSurface_W2_p": 0.2797874793,
  "WLHImagSurface_W3_p": 0.0268810566,
  "WLHImagSurface_r0_p": 0.8201117235,
  "WLHImagSurface_r1_p": -0.0460345661,
  "WLHImagSurface_r2_p": 0.0014854384,
  "WLHImagSurface_a0_p": 0.7382480828,
  "WLHImagSurface_W0_n": 1.9931776796,
  "WLHImagSurface_W1_n": 0.0596564056,
  "WLHImagSurface_W2_n": 2.6919487199,
  "WLHImagSurface_W3_n": 0.1899082893,
  "WLHImagSurface_r0_n": 1.3041773629,
  "WLHImagSurface_r1_n": 1.6313678858,
  "WLHImagSurface_r2_n": 0.0027324334,
  "WLHImagSurface_a0_n": 0.8619206571,
  "WLHRealSpinOrbit_V0_p": 9.4410257433,
  "WLHRealSpinOrbit_V1_p": 0.0087347837,
  "WLHRealSpinOrbit_r0_p": 1.3228632073,
  "WLHRealSpinOrbit_r1_p": 0.9286031752,
  "WLHRealSpinOrbit_a0_p": 0.8371522681,
  "WLHRealSpinOrbit_a1_p": 0.0003700478,
  "WLHRealSpinOrbit_V0_n": 9.4816214394,
  "WLHRealSpinOrbit_V1_n": 0.0087364348,
  "WLHRealSpinOrbit_r0_n": 1.2999602052,
  "WLHRealSpinOrbit_r1_n": 0.9268545608,
  "WLHRealSpinOrbit_a0_n": 0.8294412663,
  "WLHRealSpinOrbit_a1_n": 0.0003173537
}