{
  "WLHReal_V0_p": 58.8175941385,
  "WLHReal_V1_p": 0.3991072401,
  "WLHReal_V2_p": 0.0004846125,
  "WLHReal_V3_p": 1.9159e-06,
  "WLHReal_V4_p": 10.5325940554,
  "WLHReal_V5_p": 0.1568469179,
  "WLHReal_V6_p": 0.0001696519,
  "WLHReal_r0_p": 1.3151438124,
  "WLHReal_r1_p": 0.4462927334,
  "WLHReal_r2_p": 0.0007730334,
  "WLHReal_r3_p": 1.9834e-06,
  "WLHReal_a0_p": 0.7943402561,
  "WLHReal_a1_p": 0.000291444,
  "WLHReal_a2_p": 1.666e-07,
  "WLHReal_a3_p": 0.1721771673,
  "WLHReal_a4_p": 0.7263717965,
  "WLHReal_V0_n": 50.1278670338,
  "WLHReal_V1_n": 0.2683677827,
  "WLHReal_V2_n": -0.0006044252,
  "WLHReal_V3_n": 3.5691e-06,
  "WLHReal_V4_n": 21.2393406949,
  "WLHReal_V5_n": 0.2960939048,
  "WLHReal_V6_n": 0.0013961159,
  "WLHReal_r0_n": 1.3058769514,
  "WLHReal_r1_n": 0.2331508823,
  "WLHReal_r2_n": 0.0012045305,
  "WLHReal_r3_n": 1.47536e-05,
  "WLHReal_a0_n": 0.7564171199,
  "WLHReal_a1_n": 0.001274694,
  "WLHReal_a2_n": 1.83741e-05,
  "WLHReal_a3_n": 0.3803829732,
  "WLHReal_a4_n": 1.0947333369,
  "WLHImagVolume_W0_p": 4.657838486,
  "WLHImagVolume_W1_p": 0.3702236421,
  "WLHImagVolume_W2_p": 0.001168957,
  "WLHImagVolume_W3_p": 17.7667317306,
  "WLHImagVolume_W4_p": 0.0995841744,
  "WLHImagVolume_r0_p": 0.1190438351,
  "WLHImagVolume_r1_p": 111.6169252832,
  "WLHImagVolume_r2_p": 1.1394183839,
  "WLHImagVolume_r3_p": 107.3449449093,
  "WLHImagVolume_r4_p": 0.2345260239,
  "WLHImagVolume_r5_p": 4.771e-07,
  "WLHImagVolume_a0_p": 0.4971051427,
  "WLHImagVolume_a1_p": 0.3814771963,
  "WLHImagVolume_a2_p": 23.2133758554,
  "WLHImagVolume_a3_p": 0.3605874187,
  "WLHImagVolume_a4_p": 0.001450556,
  "WLHImagVolume_W0_n": 3.055121743,
  "WLHImagVolume_W1_n": 0.2044967139,
  "WLHImagVolume_W2_n": 0.0003791948,
  "WLHImagVolume_W3_n": 8.7089589158,
  "WLHImagVolume_W4_n": -0.0088648375,
  "WLHImagVolume_r0_n": 0.6084596369,
  "WLHImagVolume_r1_n": 83.8305011989,
  "WLHImagVolume_r2_n": 0.6932924846,
  "WLHImagVolume_r3_n": 92.6085310485,
  "WLHImagVolume_r4_n": 0.9174277454,
  "WLHImagVolume_r5_n": 4.3306e-06,
  "WLHImagVolume_a0_n": 0.2528304728,
  "WLHImagVolume_a1_n": 0.5593243455,
  "WLHImagVolume_a2_n": 6.2990064715,
  "WLHImagVolume_a3_n": 0.0510758209,
  "WLHImagVolume_a4_n": 0.0002836308,
  "WLHImagSurface_W0_p": 1.5767132049,
  "WLHImagSurface_W1_p": 0.1060002381,
  "WLHImagSurface_W2_p": 2.1011059707,
  "WLHImagSurface_W3_p": 0.3950056881,
  "WLHImagSurface_r0_p": 1.2905826912,
  "WLHImagSurface_r1_p": 1.2458904596,
  "WLHImagSurface_r2_p": 0.0067138864,
  "WLHImagSurface_a0_p": 0.9879032261,
  "WLHImagSurface_W0_n": 1.3543816719,
  "WLHImagSurface_W1_n": 0.037373721,
  "WLHImagSurface_W2_n": 1.543076542,
  "WLHImagSurface_W3_n": 0.1335852456,
  "WLHImagSurface_r0_n": 1.2936665443,
  "WLHImagSurface_r1_n": 1.4757370016,
  "WLHImagSurface_r2_n": 0.0023288314,
  "WLHImagSurface_a0_n": 0.8694257901,
  "WLHRealSpinOrbit_V0_p": 9.034242199,
  "WLHRealSpinOrbit_V1_p": 0.0076272105,
  "WLHRealSpinOrbit_r0_p": 1.2370967297,
  "WLHRealSpinOrbit_r1_p": 0.822871996,
  "WLHRealSpinOrbit_a0_p": 0.7676142251,
  "WLHRealSpinOrbit_a1_p": 0.0003231435,
  "WLHRealSpinOrbit_V0_n": 9.5935229337,
  "WLHRealSpinOrbit_V1_n": 0.0087928978,
  "WLHRealSpinOrbit_r0_n": 1.3039808823,
  "WLHRealSpinOrbit_r1_n": 0.9163879533,
  "WLHRealSpinOrbit_a0_n": 0.8287956903,
  "WLHRealSpinOrbit_a1_n": 0.0003453454
}