{
  "WLHReal_V0_p": 56.165423236,
  "WLHReal_V1_p": 0.3396948984,
  "WLHReal_V2_p": 0.000219453,
  "WLHReal_V3_p": 1.388e-06,
  "WLHReal_V4_p": 12.582725322,
  "WLHReal_V5_p": 0.1198907442,
  "WLHReal_V6_p": 0.0001964448,
  "WLHReal_r0_p": 1.2612726259,
  "WLHReal_r1_p": 0.2365044457,
  "WLHReal_r2_p": 0.0010000265,
  "WLHReal_r3_p": 7.638e-06,
  "WLHReal_a0_p": 0.7755272475,
  "WLHReal_a1_p": 0.0001290624,
  "WLHReal_a2_p": 5.1046e-06,
  "WLHReal_a3_p": 0.1020743678,
  "WLHReal_a4_p": 0.6780268759,
  "WLHReal_V0_n": 55.6741752966,
  "WLHReal_V1_n": 0.2966588157,
  "WLHReal_V2_n": 5.72819e-05,
  "WLHReal_V3_n": 1.5403e-06,
  "WLHReal_V4_n": 21.0564617983,
  "WLHReal_V5_n": 0.2761500393,
  "WLHReal_V6_n": 0.0007564836,
  "WLHReal_r0_n": 1.2908775643,
  "WLHReal_r1_n": 0.4081601967,
  "WLHReal_r2_n": 0.0005705651,
  "WLHReal_r3_n": 2.795e-06,
  "WLHReal_a0_n": 0.7264966509,
  "WLHReal_a1_n": 0.0003303559,
  "WLHReal_a2_n": 1.7921e-06,
  "WLHReal_a3_n": 0.1665467794,
  "WLHReal_a4_n": 0.632249879,
  "WLHImagVolume_W0_p": 4.2180966717,
  "WLHImagVolume_W1_p": 0.2673300812,
  "WLHImagVolume_W2_p": 0.0005326695,
  "WLHImagVolume_W3_p": 14.6671707291,
  "WLHImagVolume_W4_p": 0.0767186409,
  "WLHImagVolume_r0_p": 0.5721687723,
  "WLHImagVolume_r1_p": 61.873816418,
  "WLHImagVolume_r2_p": 0.6598925279,
  "WLHImagVolume_r3_p": 75.0960127475,
  "WLHImagVolume_r4_p": 0.6467362832,
  "WLHImagVolume_r5_p": 1.6062e-06,
  "WLHImagVolume_a0_p": 0.531286138,
  "WLHImagVolume_a1_p": 0.2926512609,
  "WLHImagVolume_a2_p": 16.118782057,
  "WLHImagVolume_a3_p": 0.3954602821,
  "WLHImagVolume_a4_p": 0.0020028396,
  "WLHImagVolume_W0_n": 2.7515057465,
  "WLHImagVolume_W1_n": 0.3017573795,
  "WLHImagVolume_W2_n": 0.0005752385,
  "WLHImagVolume_W3_n": 8.9274769363,
  "WLHImagVolume_W4_n": 0.0611530332,
  "WLHImagVolume_r0_n": 0.5356909432,
  "WLHImagVolume_r1_n": 69.5337535903,
  "WLHImagVolume_r2_n": 0.7409227517,
  "WLHImagVolume_r3_n": 77.1471511335,
  "WLHImagVolume_r4_n": 0.9642778281,
  "WLHImagVolume_r5_n": 3.5286e-06,
  "WLHImagVolume_a0_n": 0.2348699574,
  "WLHImagVolume_a1_n": 0.6066044738,
  "WLHImagVolume_a2_n": 7.2116251567,
  "WLHImagVolume_a3_n": 0.057715401,
  "WLHImagVolume_a4_n": 0.0010239552,
  "WLHImagSurface_W0_p": 0.9192444188,
  "WLHImagSurface_W1_p": 0.0290033963,
  "WLHImagSurface_W2_p": 0.1904518393,
  "WLHImagSurface_W3_p": 0.0859253802,
  "WLHImagSurface_r0_p": 1.0589243998,
  "WLHImagSurface_r1_p": 0.6786021866,
  "WLHImagSurface_r2_p": 0.0052947009,
  "WLHImagSurface_a0_p": 0.8639111402,
  "WLHImagSurface_W0_n": 1.8836036342,
  "WLHImagSurface_W1_n": 0.0396227811,
  "WLHImagSurface_W2_n": 3.1155883977,
  "WLHImagSurface_W3_n": 0.1453327856,
  "WLHImagSurface_r0_n": 1.2727459541,
  "WLHImagSurface_r1_n": 1.4660447232,
  "WLHImagSurface_r2_n": 0.0038498626,
  "WLHImagSurface_a0_n": 0.8309775471,
  "WLHRealSpinOrbit_V0_p": 9.9091164215,
  "WLHRealSpinOrbit_V1_p": 0.0085233562,
  "WLHRealSpinOrbit_r0_p": 1.2346841361,
  "WLHRealSpinOrbit_r1_p": 0.8293528342,
  "WLHRealSpinOrbit_a0_p": 0.7800521462,
  "WLHRealSpinOrbit_a1_p": 0.0003155994,
  "WLHRealSpinOrbit_V0_n": 9.7372346046,
  "WLHRealSpinOrbit_V1_n": 0.0083678478,
  "WLHRealSpinOrbit_r0_n": 1.2538654711,
  "WLHRealSpinOrbit_r1_n": 0.8281867841,
  "WLHRealSpinOrbit_a0_n": 0.7830510418,
  "WLHRealSpinOrbit_a1_n": 0.000356848
}