{
  "WLHReal_V0_p": 52.4442833145,
  "WLHReal_V1_p": 0.3234216421,
  "WLHReal_V2_p": -0.0008251672,
  "WLHReal_V3_p": 4.9336e-06,
  "WLHReal_V4_p": 9.807419793,
  "WLHReal_V5_p": 0.1297074325,
  "WLHReal_V6_p": 0.0005544378,
  "WLHReal_r0_p": 1.3636254982,
  "WLHReal_r1_p": 0.2678514556,
  "WLHReal_r2_p": 0.0012969891,
  "WLHReal_r3_p": 1.3885e-05,
  "WLHReal_a0_p": 0.8216622175,
  "WLHReal_a1_p": 5.91309e-05,
  "WLHReal_a2_p": 1.23414e-05,
  "WLHReal_a3_p": 0.0122783983,
  "WLHReal_a4_p": 0.6552137095,
  "WLHReal_V0_n": 51.1652472114,
  "WLHReal_V1_n": 0.2683498798,
  "WLHReal_V2_n": -0.0004612888,
  "WLHReal_V3_n": 3.1299e-06,
  "WLHReal_V4_n": 21.2866475206,
  "WLHReal_V5_n": 0.2914929047,
  "WLHReal_V6_n": 0.0012383333,
  "WLHReal_r0_n": 1.3064204319,
  "WLHReal_r1_n": 0.2840190754,
  "WLHReal_r2_n": 0.0010361975,
  "WLHReal_r3_n": 1.07704e-05,
  "WLHReal_a0_n": 0.7488753401,
  "WLHReal_a1_n": 0.0010344783,
  "WLHReal_a2_n": 1.39466e-05,
  "WLHReal_a3_n": 0.325048882,
  "WLHReal_a4_n": 0.9676575878,
  "WLHImagVolume_W0_p": 6.2498610213,
  "WLHImagVolume_W1_p": 0.2867893836,
  "WLHImagVolume_W2_p": 0.0005891439,
  "WLHImagVolume_W3_p": 12.3192140655,
  "WLHImagVolume_W4_p": 0.1004919408,
  "WLHImagVolume_r0_p": 0.6864693165,
  "WLHImagVolume_r1_p": 54.2574163825,
  "WLHImagVolume_r2_p": 0.6541022626,
  "WLHImagVolume_r3_p": 70.7724311414,
  "WLHImagVolume_r4_p": 0.6172003649,
  "WLHImagVolume_r5_p": 1.1286e-06,
  "WLHImagVolume_a0_p": 0.6201873719,
  "WLHImagVolume_a1_p": 0.2711465211,
  "WLHImagVolume_a2_p": 15.504139357,
  "WLHImagVolume_a3_p": 0.4643852167,
  "WLHImagVolume_a4_p": 0.0032577377,
  "WLHImagVolume_W0_n": 2.8774563031,
  "WLHImagVolume_W1_n": 0.2218321206,
  "WLHImagVolume_W2_n": 0.0003949903,
  "WLHImagVolume_W3_n": 8.5548573981,
  "WLHImagVolume_W4_n": 0.0038271425,
  "WLHImagVolume_r0_n": 0.5928476804,
  "WLHImagVolume_r1_n": 79.6642984663,
  "WLHImagVolume_r2_n": 0.7053598585,
  "WLHImagVolume_r3_n": 88.1488851809,
  "WLHImagVolume_r4_n": 0.9399874136,
  "WLHImagVolume_r5_n": 4.3077e-06,
  "WLHImagVolume_a0_n": 0.2503319817,
  "WLHImagVolume_a1_n": 0.5721892375,
  "WLHImagVolume_a2_n": 6.817715959,
  "WLHImagVolume_a3_n": 0.0610450594,
  "WLHImagVolume_a4_n": 0.0005552846,
  "WLHImagSurface_W0_p": 0.4860222834,
  "WLHImagSurface_W1_p": 0.0055653476,
  "WLHImagSurface_W2_p": -0.6196880727,
  "WLHImagSurface_W3_p": 0.0109546643,
  "WLHImagSurface_r0_p": 0.8279750548,
  "WLHImagSurface_r1_p": 0.0624749965,
  "WLHImagSurface_r2_p": -0.0013351241,
  "WLHImagSurface_a0_p": 0.8155502701,
  "WLHImagSurface_W0_n": 1.3965873169,
  "WLHImagSurface_W1_n": 0.0353109002,
  "WLHImagSurface_W2_n": 1.8396364665,
  "WLHImagSurface_W3_n": 0.1320579649,
  "WLHImagSurface_r0_n": 1.2880757252,
  "WLHImagSurface_r1_n": 1.4578582916,
  "WLHImagSurface_r2_n": 0.002627509,
  "WLHImagSurface_a0_n": 0.8616771437,
  "WLHRealSpinOrbit_V0_p": 9.1563682247,
  "WLHRealSpinOrbit_V1_p": 0.0088408542,
  "WLHRealSpinOrbit_r0_p": 1.3421212406,
  "WLHRealSpinOrbit_r1_p": 0.9931494501,
  "WLHRealSpinOrbit_a0_p": 0.8614636863,
  "WLHRealSpinOrbit_a1_p": 0.0003106901,
  "WLHRealSpinOrbit_V0_n": 9.6130374875,
  "WLHRealSpinOrbit_V1_n": 0.0086777571,
  "WLHRealSpinOrbit_r0_n": 1.2946603862,
  "WLHRealSpinOrbit_r1_n": 0.8949858763,
  "WLHRealSpinOrbit_a0_n": 0.8184177512,
  "WLHRealSpinOrbit_a1_n": 0.0003553365
}