{
  "WLHReal_V0_p": 52.72772536,
  "WLHReal_V1_p": 0.3148244334,
  "WLHReal_V2_p": -0.0003565327,
  "WLHReal_V3_p": 3.8624e-06,
  "WLHReal_V4_p": 11.3157058193,
  "WLHReal_V5_p": 0.1394130615,
  "WLHReal_V6_p": 0.0004117278,
  "WLHReal_r0_p": 1.3490735865,
  "WLHReal_r1_p": 0.3409591139,
  "WLHReal_r2_p": 0.0008645402,
  "WLHReal_r3_p": 7.8061e-06,
  "WLHReal_a0_p": 0.7974891706,
  "WLHReal_a1_p": 9.22631e-05,
  "WLHReal_a2_p": 7.2073e-06,
  "WLHReal_a3_p": 0.0350148572,
  "WLHReal_a4_p": 0.5698107304,
  "WLHReal_V0_n": 53.4536256799,
  "WLHReal_V1_n": 0.2781942112,
  "WLHReal_V2_n": -0.000679428,
  "WLHReal_V3_n": 4.2054e-06,
  "WLHReal_V4_n": 21.1561828968,
  "WLHReal_V5_n": 0.3151531623,
  "WLHReal_V6_n": 0.0014914591,
  "WLHReal_r0_n": 1.30206084,
  "WLHReal_r1_n": 0.288220952,
  "WLHReal_r2_n": 0.0011879012,
  "WLHReal_r3_n": 1.39672e-05,
  "WLHReal_a0_n": 0.7635781412,
  "WLHReal_a1_n": 0.0010949545,
  "WLHReal_a2_n": 1.6873e-05,
  "WLHReal_a3_n": 0.3363193344,
  "WLHReal_a4_n": 1.0433323144,
  "WLHImagVolume_W0_p": 4.9886704815,
  "WLHImagVolume_W1_p": 0.2490617176,
  "WLHImagVolume_W2_p": 0.0005369592,
  "WLHImagVolume_W3_p": 11.4130061923,
  "WLHImagVolume_W4_p": 0.0859974768,
  "WLHImagVolume_r0_p": 0.5522252076,
  "WLHImagVolume_r1_p": 62.1101913816,
  "WLHImagVolume_r2_p": 0.7572193299,
  "WLHImagVolume_r3_p": 70.8202260899,
  "WLHImagVolume_r4_p": 0.4981022175,
  "WLHImagVolume_r5_p": 1.1492e-06,
  "WLHImagVolume_a0_p": 0.5690620893,
  "WLHImagVolume_a1_p": 0.3006085449,
  "WLHImagVolume_a2_p": 17.2947880255,
  "WLHImagVolume_a3_p": 0.4150556552,
  "WLHImagVolume_a4_p": 0.0024538187,
  "WLHImagVolume_W0_n": 3.9474325362,
  "WLHImagVolume_W1_n": 0.2946076623,
  "WLHImagVolume_W2_n": 0.0005075675,
  "WLHImagVolume_W3_n": 10.8805081185,
  "WLHImagVolume_W4_n": 0.0277908463,
  "WLHImagVolume_r0_n": 0.6761089825,
  "WLHImagVolume_r1_n": 59.6640248082,
  "WLHImagVolume_r2_n": 0.6213346051,
  "WLHImagVolume_r3_n": 83.4123248371,
  "WLHImagVolume_r4_n": 1.0802773244,
  "WLHImagVolume_r5_n": 4.9808e-06,
  "WLHImagVolume_a0_n": 0.297156158,
  "WLHImagVolume_a1_n": 0.5308624658,
  "WLHImagVolume_a2_n": 4.1437382604,
  "WLHImagVolume_a3_n": 0.0248393976,
  "WLHImagVolume_a4_n": 0.0005639864,
  "WLHImagSurface_W0_p": 0.9736255207,
  "WLHImagSurface_W1_p": 0.0498968614,
  "WLHImagSurface_W2_p": 0.9984664007,
  "WLHImagSurface_W3_p": 0.1813341267,
  "WLHImagSurface_r0_p": 0.970981615,
  "WLHImagSurface_r1_p": 0.3831981322,
  "WLHImagSurface_r2_p": 0.0022831032,
  "WLHImagSurface_a0_p": 0.8286379816,
  "WLHImagSurface_W0_n": 1.6136275999,
  "WLHImagSurface_W1_n": 0.0447030893,
  "WLHImagSurface_W2_n": 1.9097844211,
  "WLHImagSurface_W3_n": 0.1477167689,
  "WLHImagSurface_r0_n": 1.2531279282,
  "WLHImagSurface_r1_n": 1.5269015336,
  "WLHImagSurface_r2_n": 0.0024476553,
  "WLHImagSurface_a0_n": 0.8616910052,
  "WLHRealSpinOrbit_V0_p": 9.0678809857,
  "WLHRealSpinOrbit_V1_p": 0.0083032046,
  "WLHRealSpinOrbit_r0_p": 1.3114125647,
  "WLHRealSpinOrbit_r1_p": 0.9200082586,
  "WLHRealSpinOrbit_a0_p": 0.8255936925,
  "WLHRealSpinOrbit_a1_p": 0.0003523335,
  "WLHRealSpinOrbit_V0_n": 9.9795640433,
  "WLHRealSpinOrbit_V1_n": 0.0091688618,
  "WLHRealSpinOrbit_r0_n": 1.295369492,
  "WLHRealSpinOrbit_r1_n": 0.9184597071,
  "WLHRealSpinOrbit_a0_n": 0.8304482467,
  "WLHRealSpinOrbit_a1_n": 0.000317917
}