{
  "WLHReal_V0_p": 56.0476881032,
  "WLHReal_V1_p": 0.3010558592,
  "WLHReal_V2_p": -0.0001856293,
  "WLHReal_V3_p": 3.2997e-06,
  "WLHReal_V4_p": 12.9081345488,
  "WLHReal_V5_p": 0.1660470135,
  "WLHReal_V6_p": 0.0004413312,
  "WLHReal_r0_p": 1.3253284612,
  "WLHReal_r1_p": 0.4080259356,
  "WLHReal_r2_p": 0.0006918618,
  "WLHReal_r3_p": 4.7431e-06,
  "WLHReal_a0_p": 0.7933643194,
  "WLHReal_a1_p": 0.0003345103,
  "WLHReal_a2_p": 3.0949e-06,
  "WLHReal_a3_p": 0.0598548386,
  "WLHReal_a4_p": 0.5542698345,
  "WLHReal_V0_n": 52.9318597404,
  "WLHReal_V1_n": 0.286761218,
  "WLHReal_V2_n": -0.0002846855,
  "WLHReal_V3_n": 2.4065e-06,
  "WLHReal_V4_n": 21.0044409374,
  "WLHReal_V5_n": 0.2878887445,
  "WLHReal_V6_n": 0.0010926947,
  "WLHReal_r0_n": 1.3007622586,
  "WLHReal_r1_n": 0.3231107394,
  "WLHReal_r2_n": 0.0009003484,
  "WLHReal_r3_n": 9.508e-06,
  "WLHReal_a0_n": 0.7425435189,
  "WLHReal_a1_n": 0.0008249939,
  "WLHReal_a2_n": 9.8755e-06,
  "WLHReal_a3_n": 0.2721870378,
  "WLHReal_a4_n": 0.8681631515,
  "WLHImagVolume_W0_p": 5.1484117683,
  "WLHImagVolume_W1_p": 0.299858693,
  "WLHImagVolume_W2_p": 0.0004644339,
  "WLHImagVolume_W3_p": 12.7555809818,
  "WLHImagVolume_W4_p": 0.10202966,
  "WLHImagVolume_r0_p": 0.6192236176,
  "WLHImagVolume_r1_p": 38.4154563623,
  "WLHImagVolume_r2_p": 0.6393086258,
  "WLHImagVolume_r3_p": 46.4616080676,
  "WLHImagVolume_r4_p": 0.6442341993,
  "WLHImagVolume_r5_p": 2.1768e-06,
  "WLHImagVolume_a0_p": 0.6019282003,
  "WLHImagVolume_a1_p": 0.2418311151,
  "WLHImagVolume_a2_p": 11.3433435185,
  "WLHImagVolume_a3_p": 0.4746799974,
  "WLHImagVolume_a4_p": 0.003232699,
  "WLHImagVolume_W0_n": 2.9559195912,
  "WLHImagVolume_W1_n": 0.2585942536,
  "WLHImagVolume_W2_n": 0.0005191677,
  "WLHImagVolume_W3_n": 8.881755434,
  "WLHImagVolume_W4_n": 0.0286018682,
  "WLHImagVolume_r0_n": 0.5617248314,
  "WLHImagVolume_r1_n": 79.2965293477,
  "WLHImagVolume_r2_n": 0.7303220349,
  "WLHImagVolume_r3_n": 86.9003988968,
  "WLHImagVolume_r4_n": 0.9229421867,
  "WLHImagVolume_r5_n": 3.7358e-06,
  "WLHImagVolume_a0_n": 0.2435256777,
  "WLHImagVolume_a1_n": 0.5833607251,
  "WLHImagVolume_a2_n": 6.5211780586,
  "WLHImagVolume_a3_n": 0.0507902147,
  "WLHImagVolume_a4_n": 0.0006016451,
  "WLHImagSurface_W0_p": 0.8697023912,
  "WLHImagSurface_W1_p": 0.0432478126,
  "WLHImagSurface_W2_p": 1.3615841675,
  "WLHImagSurface_W3_p": 0.174826077,
  "WLHImagSurface_r0_p": 0.8749745404,
  "WLHImagSurface_r1_p": 0.5964010601,
  "WLHImagSurface_r2_p": 0.0037249573,
  "WLHImagSurface_a0_p": 0.6227863786,
  "WLHImagSurface_W0_n": 1.6908652557,
  "WLHImagSurface_W1_n": 0.0416756615,
  "WLHImagSurface_W2_n": 2.4801267168,
  "WLHImagSurface_W3_n": 0.1485707393,
  "WLHImagSurface_r0_n": 1.2878197944,
  "WLHImagSurface_r1_n": 1.4949363661,
  "WLHImagSurface_r2_n": 0.0031004102,
  "WLHImagSurface_a0_n": 0.8506531906,
  "WLHRealSpinOrbit_V0_p": 9.7183676904,
  "WLHRealSpinOrbit_V1_p": 0.0086096524,
  "WLHRealSpinOrbit_r0_p": 1.2775059223,
  "WLHRealSpinOrbit_r1_p": 0.8692081882,
  "WLHRealSpinOrbit_a0_p": 0.804233881,
  "WLHRealSpinOrbit_a1_p": 0.0003477596,
  "WLHRealSpinOrbit_V0_n": 9.6110737868,
  "WLHRealSpinOrbit_V1_n": 0.0085543927,
  "WLHRealSpinOrbit_r0_n": 1.2810298823,
  "WLHRealSpinOrbit_r1_n": 0.8766174366,
  "WLHRealSpinOrbit_a0_n": 0.8074388476,
  "WLHRealSpinOrbit_a1_n": 0.0003496469
}