{
  "WLHReal_V0_p": 58.5622906581,
  "WLHReal_V1_p": 0.3088996229,
  "WLHReal_V2_p": 0.0006376575,
  "WLHReal_V3_p": -9.92e-08,
  "WLHReal_V4_p": 15.2652339731,
  "WLHReal_V5_p": 0.1556844699,
  "WLHReal_V6_p": 0.0001512135,
  "WLHReal_r0_p": 1.2429077545,
  "WLHReal_r1_p": 0.374034875,
  "WLHReal_r2_p": 0.0004416333,
  "WLHReal_r3_p": -1.331e-07,
  "WLHReal_a0_p": 0.754269967,
  "WLHReal_a1_p": 0.0003674381,
  "WLHReal_a2_p": -2.0061e-06,
  "WLHReal_a3_p": 0.1246610574,
  "WLHReal_a4_p": 0.5592218158,
  "WLHReal_V0_n": 55.8836133262,
  "WLHReal_V1_n": 0.3242560761,
  "WLHReal_V2_n": 0.0005081423,
  "WLHReal_V3_n": 1.148e-07,
  "WLHReal_V4_n": 21.1766758833,
  "WLHReal_V5_n": 0.2393918112,
  "WLHReal_V6_n": 0.0004242253,
  "WLHReal_r0_n": 1.2444791257,
  "WLHReal_r1_n": 0.3146697283,
  "WLHReal_r2_n": 0.0004688059,
  "WLHReal_r3_n": 9.43e-08,
  "WLHReal_a0_n": 0.7075608788,
  "WLHReal_a1_n": 0.000256522,
  "WLHReal_a2_n": -2.208e-07,
  "WLHReal_a3_n": 0.1927891545,
  "WLHReal_a4_n": 0.6600793021,
  "WLHImagVolume_W0_p": 3.4152409,
  "WLHImagVolume_W1_p": 0.2707842456,
  "WLHImagVolume_W2_p": 0.0003734226,
  "WLHImagVolume_W3_p": 14.1532971151,
  "WLHImagVolume_W4_p": 0.0798011139,
  "WLHImagVolume_r0_p": 0.545978402,
  "WLHImagVolume_r1_p": 42.7226336161,
  "WLHImagVolume_r2_p": 0.6268741324,
  "WLHImagVolume_r3_p": 48.6577696365,
  "WLHImagVolume_r4_p": 0.6755437009,
  "WLHImagVolume_r5_p": 2.3977e-06,
  "WLHImagVolume_a0_p": 0.5291092478,
  "WLHImagVolume_a1_p": 0.2581329333,
  "WLHImagVolume_a2_p": 11.8024436986,
  "WLHImagVolume_a3_p": 0.4160198657,
  "WLHImagVolume_a4_p": 0.0021851813,
  "WLHImagVolume_W0_n": 2.2724060058,
  "WLHImagVolume_W1_n": 0.2513539465,
  "WLHImagVolume_W2_n": 0.0005091652,
  "WLHImagVolume_W3_n": 8.0026329514,
  "WLHImagVolume_W4_n": 0.0609230955,
  "WLHImagVolume_r0_n": 0.4886638715,
  "WLHImagVolume_r1_n": 81.9409349857,
  "WLHImagVolume_r2_n": 0.7497060418,
  "WLHImagVolume_r3_n": 77.0576089932,
  "WLHImagVolume_r4_n": 0.8182775649,
  "WLHImagVolume_r5_n": 1.7749e-06,
  "WLHImagVolume_a0_n": 0.1711547739,
  "WLHImagVolume_a1_n": 0.6350158292,
  "WLHImagVolume_a2_n": 8.6510736872,
  "WLHImagVolume_a3_n": 0.0407735116,
  "WLHImagVolume_a4_n": 0.0004918944,
  "WLHImagSurface_W0_p": 1.2136623097,
  "WLHImagSurface_W1_p": 0.0609769903,
  "WLHImagSurface_W2_p": 2.0086729977,
  "WLHImagSurface_W3_p": 0.2295472217,
  "WLHImagSurface_r0_p": 1.0555626853,
  "WLHImagSurface_r1_p": 1.0515284979,
  "WLHImagSurface_r2_p": 0.0090213977,
  "WLHImagSurface_a0_p": 0.6624932775,
  "WLHImagSurface_W0_n": 2.0267269116,
  "WLHImagSurface_W1_n": 0.0353615178,
  "WLHImagSurface_W2_n": 2.9578708731,
  "WLHImagSurface_W3_n": 0.1170411375,
  "WLHImagSurface_r0_n": 1.287848459,
  "WLHImagSurface_r1_n": 1.3980973791,
  "WLHImagSurface_r2_n": 0.0046051266,
  "WLHImagSurface_a0_n": 0.8142198964,
  "WLHRealSpinOrbit_V0_p": 10.3129565548,
  "WLHRealSpinOrbit_V1_p": 0.0083545948,
  "WLHRealSpinOrbit_r0_p": 1.1935703109,
  "WLHRealSpinOrbit_r1_p": 0.7389244896,
  "WLHRealSpinOrbit_a0_p": 0.7400029702,
  "WLHRealSpinOrbit_a1_p": 0.000355236,
  "WLHRealSpinOrbit_V0_n": 9.7981499428,
  "WLHRealSpinOrbit_V1_n": 0.0081071628,
  "WLHRealSpinOrbit_r0_n": 1.215777276,
  "WLHRealSpinOrbit_r1_n": 0.7793010786,
  "WLHRealSpinOrbit_a0_n": 0.7554790268,
  "WLHRealSpinOrbit_a1_n": 0.0003470746
}