{
  "WLHReal_V0_p": 51.1466578054,
  "WLHReal_V1_p": 0.2610454663,
  "WLHReal_V2_p": -0.0004902015,
  "WLHReal_V3_p": 2.5772e-06,
  "WLHReal_V4_p": 13.3029758459,
  "WLHReal_V5_p": 0.1331207456,
  "WLHReal_V6_p": 0.0004567537,
  "WLHReal_r0_p": 1.3275799436,
  "WLHReal_r1_p": 0.2815405198,
  "WLHReal_r2_p": 0.0007721143,
  "WLHReal_r3_p": 8.5385e-06,
  "WLHReal_a0_p": 0.7823953009,
  "WLHReal_a1_p": 6.55927e-05,
  "WLHReal_a2_p": 7.0597e-06,
  "WLHReal_a3_p": -0.0153091455,
  "WLHReal_a4_p": 0.4720628507,
  "WLHReal_V0_n": 53.0692464356,
  "WLHReal_V1_n": 0.2804504286,
  "WLHReal_V2_n": 5.56564e-05,
  "WLHReal_V3_n": 1.4899e-06,
  "WLHReal_V4_n": 21.5926144907,
  "WLHReal_V5_n": 0.2603455639,
  "WLHReal_V6_n": 0.0007622378,
  "WLHReal_r0_n": 1.2768153422,
  "WLHReal_r1_n": 0.3114542041,
  "WLHReal_r2_n": 0.0006800461,
  "WLHReal_r3_n": 4.2518e-06,
  "WLHReal_a0_n": 0.723952004,
  "WLHReal_a1_n": 0.0005581837,
  "WLHReal_a2_n": 5.1724e-06,
  "WLHReal_a3_n": 0.2488656345,
  "WLHReal_a4_n": 0.7661839097,
  "WLHImagVolume_W0_p": 4.5664875239,
  "WLHImagVolume_W1_p": 0.1804429724,
  "WLHImagVolume_W2_p": 8.02487e-05,
  "WLHImagVolume_W3_p": 8.5462305796,
  "WLHImagVolume_W4_p": 0.074300707,
  "WLHImagVolume_r0_p": 0.8203067612,
  "WLHImagVolume_r1_p": 24.410654425,
  "WLHImagVolume_r2_p": 0.4680105527,
  "WLHImagVolume_r3_p": 40.399183274,
  "WLHImagVolume_r4_p": 0.731803092,
  "WLHImagVolume_r5_p": 2.0707e-06,
  "WLHImagVolume_a0_p": 0.5966680982,
  "WLHImagVolume_a1_p": 0.2352539254,
  "WLHImagVolume_a2_p": 11.6357542383,
  "WLHImagVolume_a3_p": 0.447070357,
  "WLHImagVolume_a4_p": 0.002940397,
  "WLHImagVolume_W0_n": 2.2592022934,
  "WLHImagVolume_W1_n": 0.2167951744,
  "WLHImagVolume_W2_n": 0.0003396056,
  "WLHImagVolume_W3_n": 7.7290411393,
  "WLHImagVolume_W4_n": 0.0230679834,
  "WLHImagVolume_r0_n": 0.5517030058,
  "WLHImagVolume_r1_n": 76.6827295006,
  "WLHImagVolume_r2_n": 0.7144346466,
  "WLHImagVolume_r3_n": 78.2163977547,
  "WLHImagVolume_r4_n": 0.9138266268,
  "WLHImagVolume_r5_n": 2.9101e-06,
  "WLHImagVolume_a0_n": 0.2094649945,
  "WLHImagVolume_a1_n": 0.6094963327,
  "WLHImagVolume_a2_n": 8.7467455234,
  "WLHImagVolume_a3_n": 0.0707942576,
  "WLHImagVolume_a4_n": 0.0007534175,
  "WLHImagSurface_W0_p": 0.6874163541,
  "WLHImagSurface_W1_p": 0.0183302087,
  "WLHImagSurface_W2_p": 0.648887704,
  "WLHImagSurface_W3_p": 0.0622411709,
  "WLHImagSurface_r0_p": 0.8087040375,
  "WLHImagSurface_r1_p": 0.0998989431,
  "WLHImagSurface_r2_p": 0.0021264041,
  "WLHImagSurface_a0_p": 0.6732519744,
  "WLHImagSurface_W0_n": 1.4804425838,
  "WLHImagSurface_W1_n": 0.0260232675,
  "WLHImagSurface_W2_n": 2.0832579142,
  "WLHImagSurface_W3_n": 0.102931397,
  "WLHImagSurface_r0_n": 1.2817336425,
  "WLHImagSurface_r1_n": 1.362296395,
  "WLHImagSurface_r2_n": 0.0035683609,
  "WLHImagSurface_a0_n": 0.8380359719,
  "WLHRealSpinOrbit_V0_p": 9.5724952814,
  "WLHRealSpinOrbit_V1_p": 0.0087451827,
  "WLHRealSpinOrbit_r0_p": 1.3115416399,
  "WLHRealSpinOrbit_r1_p": 0.9104738912,
  "WLHRealSpinOrbit_a0_p": 0.8284774531,
  "WLHRealSpinOrbit_a1_p": 0.0003697775,
  "WLHRealSpinOrbit_V0_n": 9.7512918113,
  "WLHRealSpinOrbit_V1_n": 0.008368846,
  "WLHRealSpinOrbit_r0_n": 1.2537823884,
  "WLHRealSpinOrbit_r1_n": 0.8253414922,
  "WLHRealSpinOrbit_a0_n": 0.7829854654,
  "WLHRealSpinOrbit_a1_n": 0.0003661184
}