{
  "WLHReal_V0_p": 50.1196928525,
  "WLHReal_V1_p": 0.2902416757,
  "WLHReal_V2_p": -0.0009816837,
  "WLHReal_V3_p": 4.6951e-06,
  "WLHReal_V4_p": 10.6426399318,
  "WLHReal_V5_p": 0.1156697201,
  "WLHReal_V6_p": 0.0005762399,
  "WLHReal_r0_p": 1.3570497232,
  "WLHReal_r1_p": 0.2018593999,
  "WLHReal_r2_p": 0.001292033,
  "WLHReal_r3_p": 1.5921e-05,
  "WLHReal_a0_p": 0.8124074517,
  "WLHReal_a1_p": -4.65643e-05,
  "WLHReal_a2_p": 1.37102e-05,
  "WLHReal_a3_p": -0.032370138,
  "WLHReal_a4_p": 0.5911694542,
  "WLHReal_V0_n": 53.5693040445,
  "WLHReal_V1_n": 0.2931284611,
  "WLHReal_V2_n": -0.000143615,
  "WLHReal_V3_n": 2.5382e-06,
  "WLHReal_V4_n": 20.7851259815,
  "WLHReal_V5_n": 0.283624999,
  "WLHReal_V6_n": 0.0009379372,
  "WLHReal_r0_n": 1.3073194179,
  "WLHReal_r1_n": 0.3756973012,
  "WLHReal_r2_n": 0.000745356,
  "WLHReal_r3_n": 5.7133e-06,
  "WLHReal_a0_n": 0.7354776335,
  "WLHReal_a1_n": 0.0006335676,
  "WLHReal_a2_n": 5.7063e-06,
  "WLHReal_a3_n": 0.2160744819,
  "WLHReal_a4_n": 0.7464097834,
  "WLHImagVolume_W0_p": 5.8897772971,
  "WLHImagVolume_W1_p": 0.2196502546,
  "WLHImagVolume_W2_p": 0.0002919115,
  "WLHImagVolume_W3_p": 9.7954304151,
  "WLHImagVolume_W4_p": 0.0863678886,
  "WLHImagVolume_r0_p": 0.8516982332,
  "WLHImagVolume_r1_p": 36.1461549864,
  "WLHImagVolume_r2_p": 0.4923185266,
  "WLHImagVolume_r3_p": 58.0269182842,
  "WLHImagVolume_r4_p": 0.7293324114,
  "WLHImagVolume_r5_p": 1.4474e-06,
  "WLHImagVolume_a0_p": 0.6277352158,
  "WLHImagVolume_a1_p": 0.2462143904,
  "WLHImagVolume_a2_p": 13.6552381805,
  "WLHImagVolume_a3_p": 0.4653584654,
  "WLHImagVolume_a4_p": 0.0033188661,
  "WLHImagVolume_W0_n": 2.7219643264,
  "WLHImagVolume_W1_n": 0.2739525459,
  "WLHImagVolume_W2_n": 0.0005972883,
  "WLHImagVolume_W3_n": 8.4866794493,
  "WLHImagVolume_W4_n": 0.0412260648,
  "WLHImagVolume_r0_n": 0.5134447196,
  "WLHImagVolume_r1_n": 83.785540791,
  "WLHImagVolume_r2_n": 0.7816033203,
  "WLHImagVolume_r3_n": 87.5534770768,
  "WLHImagVolume_r4_n": 0.8868900512,
  "WLHImagVolume_r5_n": 3.3222e-06,
  "WLHImagVolume_a0_n": 0.2335553862,
  "WLHImagVolume_a1_n": 0.6026373352,
  "WLHImagVolume_a2_n": 6.9691181856,
  "WLHImagVolume_a3_n": 0.0592082126,
  "WLHImagVolume_a4_n": 0.0007529302,
  "WLHImagSurface_W0_p": 0.3225091026,
  "WLHImagSurface_W1_p": -0.0142217889,
  "WLHImagSurface_W2_p": -0.9924284695,
  "WLHImagSurface_W3_p": -0.0703907039,
  "WLHImagSurface_r0_p": 0.7480966743,
  "WLHImagSurface_r1_p": -0.2146865666,
  "WLHImagSurface_r2_p": -0.0019603037,
  "WLHImagSurface_a0_p": 0.7799343239,
  "WLHImagSurface_W0_n": 1.8338168563,
  "WLHImagSurface_W1_n": 0.0445221603,
  "WLHImagSurface_W2_n": 3.0436716494,
  "WLHImagSurface_W3_n": 0.162907457,
  "WLHImagSurface_r0_n": 1.2974094207,
  "WLHImagSurface_r1_n": 1.515183716,
  "WLHImagSurface_r2_n": 0.0034200978,
  "WLHImagSurface_a0_n": 0.8445720904,
  "WLHRealSpinOrbit_V0_p": 9.2772161042,
  "WLHRealSpinOrbit_V1_p": 0.0090419492,
  "WLHRealSpinOrbit_r0_p": 1.3544742028,
  "WLHRealSpinOrbit_r1_p": 1.0046452933,
  "WLHRealSpinOrbit_a0_p": 0.8711730268,
  "WLHRealSpinOrbit_a1_p": 0.0003244055,
  "WLHRealSpinOrbit_V0_n": 9.4596392248,
  "WLHRealSpinOrbit_V1_n": 0.0083167651,
  "WLHRealSpinOrbit_r0_n": 1.2769230857,
  "WLHRealSpinOrbit_r1_n": 0.8620207931,
  "WLHRealSpinOrbit_a0_n": 0.7991483542,
  "WLHRealSpinOrbit_a1_n": 0.0003609885
}