{
  "WLHReal_V0_p": 55.3857364823,
  "WLHReal_V1_p": 0.2872881385,
  "WLHReal_V2_p": -8.19553e-05,
  "WLHReal_V3_p": 2.2079e-06,
  "WLHReal_V4_p": 13.8467194427,
  "WLHReal_V5_p": 0.1510536828,
  "WLHReal_V6_p": 0.0003762657,
  "WLHReal_r0_p": 1.2963169001,
  "WLHReal_r1_p": 0.3404594243,
  "WLHReal_r2_p": 0.0006938859,
  "WLHReal_r3_p": 5.4703e-06,
  "WLHReal_a0_p": 0.779094908,
  "WLHReal_a1_p": 0.0002664958,
  "WLHReal_a2_p": 3.6504e-06,
  "WLHReal_a3_p": 0.0516767671,
  "WLHReal_a4_p": 0.5369159155,
  "WLHReal_V0_n": 59.6799207928,
  "WLHReal_V1_n": 0.3592682468,
  "WLHReal_V2_n": 0.0003070374,
  "WLHReal_V3_n": 7.601e-07,
  "WLHReal_V4_n": 20.063411018,
  "WLHReal_V5_n": 0.2767392537,
  "WLHReal_V6_n": 0.0006526345,
  "WLHReal_r0_n": 1.2662486012,
  "WLHReal_r1_n": 0.4177534616,
  "WLHReal_r2_n": 0.0005213829,
  "WLHReal_r3_n": 1.2035e-06,
  "WLHReal_a0_n": 0.7240680956,
  "WLHReal_a1_n": 0.0001798729,
  "WLHReal_a2_n": -4.918e-07,
  "WLHReal_a3_n": 0.1204031772,
  "WLHReal_a4_n": 0.6040345478,
  "WLHImagVolume_W0_p": 4.5635459541,
  "WLHImagVolume_W1_p": 0.2558585699,
  "WLHImagVolume_W2_p": 0.0002762317,
  "WLHImagVolume_W3_p": 11.917762287,
  "WLHImagVolume_W4_p": 0.088039754,
  "WLHImagVolume_r0_p": 0.7102393967,
  "WLHImagVolume_r1_p": 29.3077199859,
  "WLHImagVolume_r2_p": 0.5285004053,
  "WLHImagVolume_r3_p": 41.2253928526,
  "WLHImagVolume_r4_p": 0.7350353065,
  "WLHImagVolume_r5_p": 1.6107e-06,
  "WLHImagVolume_a0_p": 0.5885802328,
  "WLHImagVolume_a1_p": 0.2307137897,
  "WLHImagVolume_a2_p": 10.4121844384,
  "WLHImagVolume_a3_p": 0.4608663352,
  "WLHImagVolume_a4_p": 0.0030106682,
  "WLHImagVolume_W0_n": 3.5884540516,
  "WLHImagVolume_W1_n": 0.3946976884,
  "WLHImagVolume_W2_n": 0.0009492591,
  "WLHImagVolume_W3_n": 10.7736059999,
  "WLHImagVolume_W4_n": 0.1186022282,
  "WLHImagVolume_r0_n": 0.4879772472,
  "WLHImagVolume_r1_n": 72.8204872607,
  "WLHImagVolume_r2_n": 0.7725345024,
  "WLHImagVolume_r3_n": 81.0431222865,
  "WLHImagVolume_r4_n": 0.88772719,
  "WLHImagVolume_r5_n": 2.4799e-06,
  "WLHImagVolume_a0_n": 0.2246067314,
  "WLHImagVolume_a1_n": 0.6071938045,
  "WLHImagVolume_a2_n": 4.6823705957,
  "WLHImagVolume_a3_n": -0.0056361766,
  "WLHImagVolume_a4_n": 0.0005644987,
  "WLHImagSurface_W0_p": 0.8090094589,
  "WLHImagSurface_W1_p": 0.0299522768,
  "WLHImagSurface_W2_p": 1.0442788832,
  "WLHImagSurface_W3_p": 0.1149302655,
  "WLHImagSurface_r0_p": 0.8707306723,
  "WLHImagSurface_r1_p": 0.5263231936,
  "WLHImagSurface_r2_p": 0.0044717204,
  "WLHImagSurface_a0_p": 0.6247764656,
  "WLHImagSurface_W0_n": 2.7831249288,
  "WLHImagSurface_W1_n": 0.0655857123,
  "WLHImagSurface_W2_n": 4.5033702898,
  "WLHImagSurface_W3_n": 0.2008448838,
  "WLHImagSurface_r0_n": 1.2755797406,
  "WLHImagSurface_r1_n": 1.6284712636,
  "WLHImagSurface_r2_n": 0.0047414463,
  "WLHImagSurface_a0_n": 0.8107441647,
  "WLHRealSpinOrbit_V0_p": 9.9822849213,
  "WLHRealSpinOrbit_V1_p": 0.008722554,
  "WLHRealSpinOrbit_r0_p": 1.2624531754,
  "WLHRealSpinOrbit_r1_p": 0.8463319846,
  "WLHRealSpinOrbit_a0_p": 0.7950350334,
  "WLHRealSpinOrbit_a1_p": 0.0003512941,
  "WLHRealSpinOrbit_V0_n": 9.7951100314,
  "WLHRealSpinOrbit_V1_n": 0.0083201489,
  "WLHRealSpinOrbit_r0_n": 1.2267016028,
  "WLHRealSpinOrbit_r1_n": 0.8157083573,
  "WLHRealSpinOrbit_a0_n": 0.7703460581,
  "WLHRealSpinOrbit_a1_n": 0.0003095882
}