{
  "WLHReal_V0_p": 54.9121781222,
  "WLHReal_V1_p": 0.3399262771,
  "WLHReal_V2_p": -0.0001689438,
  "WLHReal_V3_p": 2.7006e-06,
  "WLHReal_V4_p": 11.0024986793,
  "WLHReal_V5_p": 0.1462799196,
  "WLHReal_V6_p": 0.0003701953,
  "WLHReal_r0_p": 1.338793514,
  "WLHReal_r1_p": 0.3680654542,
  "WLHReal_r2_p": 0.0008930455,
  "WLHReal_r3_p": 6.6915e-06,
  "WLHReal_a0_p": 0.8004677746,
  "WLHReal_a1_p": 0.0001771338,
  "WLHReal_a2_p": 5.2893e-06,
  "WLHReal_a3_p": 0.0750434111,
  "WLHReal_a4_p": 0.6300910027,
  "WLHReal_V0_n": 51.8259844696,
  "WLHReal_V1_n": 0.293354653,
  "WLHReal_V2_n": -0.000988657,
  "WLHReal_V3_n": 5.5882e-06,
  "WLHReal_V4_n": 20.0169182921,
  "WLHReal_V5_n": 0.3393433401,
  "WLHReal_V6_n": 0.0017762616,
  "WLHReal_r0_n": 1.344178723,
  "WLHReal_r1_n": 0.3128715953,
  "WLHReal_r2_n": 0.0013937908,
  "WLHReal_r3_n": 1.69567e-05,
  "WLHReal_a0_n": 0.780085894,
  "WLHReal_a1_n": 0.0014459764,
  "WLHReal_a2_n": 2.08459e-05,
  "WLHReal_a3_n": 0.3494489682,
  "WLHReal_a4_n": 1.1257033189,
  "WLHImagVolume_W0_p": 5.139783536,
  "WLHImagVolume_W1_p": 0.2986141659,
  "WLHImagVolume_W2_p": 0.0007275223,
  "WLHImagVolume_W3_p": 13.6456497235,
  "WLHImagVolume_W4_p": 0.0947366245,
  "WLHImagVolume_r0_p": 0.4546265316,
  "WLHImagVolume_r1_p": 72.6107436952,
  "WLHImagVolume_r2_p": 0.8389880743,
  "WLHImagVolume_r3_p": 78.7356301428,
  "WLHImagVolume_r4_p": 0.4582678666,
  "WLHImagVolume_r5_p": 5.434e-07,
  "WLHImagVolume_a0_p": 0.5609036568,
  "WLHImagVolume_a1_p": 0.312262053,
  "WLHImagVolume_a2_p": 18.009441549,
  "WLHImagVolume_a3_p": 0.4151214641,
  "WLHImagVolume_a4_p": 0.0023962195,
  "WLHImagVolume_W0_n": 4.2419932974,
  "WLHImagVolume_W1_n": 0.3161954079,
  "WLHImagVolume_W2_n": 0.0007974812,
  "WLHImagVolume_W3_n": 10.9039714598,
  "WLHImagVolume_W4_n": 0.0270042777,
  "WLHImagVolume_r0_n": 0.5938233615,
  "WLHImagVolume_r1_n": 85.6775547441,
  "WLHImagVolume_r2_n": 0.7469338886,
  "WLHImagVolume_r3_n": 104.3694442831,
  "WLHImagVolume_r4_n": 0.934249551,
  "WLHImagVolume_r5_n": 4.9047e-06,
  "WLHImagVolume_a0_n": 0.3064606209,
  "WLHImagVolume_a1_n": 0.5290360072,
  "WLHImagVolume_a2_n": 2.446520822,
  "WLHImagVolume_a3_n": 0.013819197,
  "WLHImagVolume_a4_n": 0.0002082778,
  "WLHImagSurface_W0_p": 1.0537941949,
  "WLHImagSurface_W1_p": 0.0579635248,
  "WLHImagSurface_W2_p": 1.0845952283,
  "WLHImagSurface_W3_p": 0.2141739737,
  "WLHImagSurface_r0_p": 1.0289134562,
  "WLHImagSurface_r1_p": 0.6102583904,
  "WLHImagSurface_r2_p": 0.0031313148,
  "WLHImagSurface_a0_p": 0.8483213667,
  "WLHImagSurface_W0_n": 1.9720312135,
  "WLHImagSurface_W1_n": 0.0685873275,
  "WLHImagSurface_W2_n": 2.8983264131,
  "WLHImagSurface_W3_n": 0.2256604411,
  "WLHImagSurface_r0_n": 1.3008530079,
  "WLHImagSurface_r1_n": 1.7273236034,
  "WLHImagSurface_r2_n": 0.0020315625,
  "WLHImagSurface_a0_n": 0.8788645063,
  "WLHRealSpinOrbit_V0_p": 9.152667931,
  "WLHRealSpinOrbit_V1_p": 0.0082356523,
  "WLHRealSpinOrbit_r0_p": 1.290615045,
  "WLHRealSpinOrbit_r1_p": 0.8979638777,
  "WLHRealSpinOrbit_a0_p": 0.8121217995,
  "WLHRealSpinOrbit_a1_p": 0.0003353336,
  "WLHRealSpinOrbit_V0_n": 9.3570099245,
  "WLHRealSpinOrbit_V1_n": 0.008960255,
  "WLHRealSpinOrbit_r0_n": 1.3363549937,
  "WLHRealSpinOrbit_r1_n": 0.9805813198,
  "WLHRealSpinOrbit_a0_n": 0.8576432789,
  "WLHRealSpinOrbit_a1_n": 0.000316867
}