{
  "WLHReal_V0_p": 52.9369297603,
  "WLHReal_V1_p": 0.2745524361,
  "WLHReal_V2_p": 0.0001100933,
  "WLHReal_V3_p": 7.246e-07,
  "WLHReal_V4_p": 14.7886296453,
  "WLHReal_V5_p": 0.1126755143,
  "WLHReal_V6_p": 0.0002169424,
  "WLHReal_r0_p": 1.2531219226,
  "WLHReal_r1_p": 0.1988052765,
  "WLHReal_r2_p": 0.0007418812,
  "WLHReal_r3_p": 6.9398e-06,
  "WLHReal_a0_p": 0.7534306546,
  "WLHReal_a1_p": 3.70643e-05,
  "WLHReal_a2_p": 4.6853e-06,
  "WLHReal_a3_p": 0.0354158751,
  "WLHReal_a4_p": 0.5168627219,
  "WLHReal_V0_n": 51.8161669268,
  "WLHReal_V1_n": 0.2929748397,
  "WLHReal_V2_n": -0.0008676264,
  "WLHReal_V3_n": 5.3969e-06,
  "WLHReal_V4_n": 19.9267235441,
  "WLHReal_V5_n": 0.333189308,
  "WLHReal_V6_n": 0.0016293257,
  "WLHReal_r0_n": 1.3515991473,
  "WLHReal_r1_n": 0.3543996674,
  "WLHReal_r2_n": 0.0012545359,
  "WLHReal_r3_n": 1.43631e-05,
  "WLHReal_a0_n": 0.7728643231,
  "WLHReal_a1_n": 0.0012943404,
  "WLHReal_a2_n": 1.81033e-05,
  "WLHReal_a3_n": 0.3058493454,
  "WLHReal_a4_n": 1.0202696413,
  "WLHImagVolume_W0_p": 3.3073710271,
  "WLHImagVolume_W1_p": 0.1561312433,
  "WLHImagVolume_W2_p": 1.34343e-05,
  "WLHImagVolume_W3_p": 10.0786984637,
  "WLHImagVolume_W4_p": 0.0545285582,
  "WLHImagVolume_r0_p": 0.798488139,
  "WLHImagVolume_r1_p": 29.0703592522,
  "WLHImagVolume_r2_p": 0.4248275387,
  "WLHImagVolume_r3_p": 46.7139407028,
  "WLHImagVolume_r4_p": 0.7950491875,
  "WLHImagVolume_r5_p": 2.3432e-06,
  "WLHImagVolume_a0_p": 0.5388346408,
  "WLHImagVolume_a1_p": 0.2487061028,
  "WLHImagVolume_a2_p": 12.3291265665,
  "WLHImagVolume_a3_p": 0.397952266,
  "WLHImagVolume_a4_p": 0.0020810617,
  "WLHImagVolume_W0_n": 3.8752375493,
  "WLHImagVolume_W1_n": 0.314107889,
  "WLHImagVolume_W2_n": 0.0008215481,
  "WLHImagVolume_W3_n": 10.198972177,
  "WLHImagVolume_W4_n": 0.0305878633,
  "WLHImagVolume_r0_n": 0.5491593216,
  "WLHImagVolume_r1_n": 91.1893465494,
  "WLHImagVolume_r2_n": 0.7951281394,
  "WLHImagVolume_r3_n": 105.0754619063,
  "WLHImagVolume_r4_n": 0.8955585593,
  "WLHImagVolume_r5_n": 4.579e-06,
  "WLHImagVolume_a0_n": 0.2939635494,
  "WLHImagVolume_a1_n": 0.549160746,
  "WLHImagVolume_a2_n": 3.2858949143,
  "WLHImagVolume_a3_n": 0.0291232366,
  "WLHImagVolume_a4_n": 0.0003653889,
  "WLHImagSurface_W0_p": 0.8353005334,
  "WLHImagSurface_W1_p": 0.0171060682,
  "WLHImagSurface_W2_p": 0.5040582039,
  "WLHImagSurface_W3_p": 0.0400080288,
  "WLHImagSurface_r0_p": 0.9455048084,
  "WLHImagSurface_r1_p": 0.3769468453,
  "WLHImagSurface_r2_p": 0.0056730159,
  "WLHImagSurface_a0_p": 0.7449649999,
  "WLHImagSurface_W0_n": 1.9997546877,
  "WLHImagSurface_W1_n": 0.0679664143,
  "WLHImagSurface_W2_n": 3.2473300654,
  "WLHImagSurface_W3_n": 0.23143731,
  "WLHImagSurface_r0_n": 1.3121018439,
  "WLHImagSurface_r1_n": 1.7241456763,
  "WLHImagSurface_r2_n": 0.0022487632,
  "WLHImagSurface_a0_n": 0.8753016549,
  "WLHRealSpinOrbit_V0_p": 10.1120904748,
  "WLHRealSpinOrbit_V1_p": 0.0086767439,
  "WLHRealSpinOrbit_r0_p": 1.2453157516,
  "WLHRealSpinOrbit_r1_p": 0.8186874441,
  "WLHRealSpinOrbit_a0_p": 0.7825912205,
  "WLHRealSpinOrbit_a1_p": 0.0003599294,
  "WLHRealSpinOrbit_V0_n": 9.191859042,
  "WLHRealSpinOrbit_V1_n": 0.0087179216,
  "WLHRealSpinOrbit_r0_n": 1.3347410824,
  "WLHRealSpinOrbit_r1_n": 0.9668591108,
  "WLHRealSpinOrbit_a0_n": 0.8504138297,
  "WLHRealSpinOrbit_a1_n": 0.0003334005
}