{
  "WLHReal_V0_p": 51.8754290316,
  "WLHReal_V1_p": 0.2829851658,
  "WLHReal_V2_p": -0.0002337199,
  "WLHReal_V3_p": 2.1361e-06,
  "WLHReal_V4_p": 13.1098347503,
  "WLHReal_V5_p": 0.1266631827,
  "WLHReal_V6_p": 0.0003504943,
  "WLHReal_r0_p": 1.3121352021,
  "WLHReal_r1_p": 0.2736699512,
  "WLHReal_r2_p": 0.0007712725,
  "WLHReal_r3_p": 7.1902e-06,
  "WLHReal_a0_p": 0.7762510285,
  "WLHReal_a1_p": 4.19193e-05,
  "WLHReal_a2_p": 6.3903e-06,
  "WLHReal_a3_p": 0.0159630536,
  "WLHReal_a4_p": 0.5108600214,
  "WLHReal_V0_n": 58.9336142172,
  "WLHReal_V1_n": 0.3343227795,
  "WLHReal_V2_n": 0.0005779203,
  "WLHReal_V3_n": 2.383e-07,
  "WLHReal_V4_n": 21.0164920002,
  "WLHReal_V5_n": 0.2491682292,
  "WLHReal_V6_n": 0.0003547061,
  "WLHReal_r0_n": 1.2459323308,
  "WLHReal_r1_n": 0.4007357163,
  "WLHReal_r2_n": 0.0003155026,
  "WLHReal_r3_n": -1.8015e-06,
  "WLHReal_a0_n": 0.7062546658,
  "WLHReal_a1_n": -5.98309e-05,
  "WLHReal_a2_n": -3.7457e-06,
  "WLHReal_a3_n": 0.1115636439,
  "WLHReal_a4_n": 0.5126304426,
  "WLHImagVolume_W0_p": 4.1692858376,
  "WLHImagVolume_W1_p": 0.1854451398,
  "WLHImagVolume_W2_p": 0.0002064733,
  "WLHImagVolume_W3_p": 9.7048890216,
  "WLHImagVolume_W4_p": 0.0686831105,
  "WLHImagVolume_r0_p": 0.7091406162,
  "WLHImagVolume_r1_p": 41.0801624199,
  "WLHImagVolume_r2_p": 0.5680211662,
  "WLHImagVolume_r3_p": 54.6452897252,
  "WLHImagVolume_r4_p": 0.6510998836,
  "WLHImagVolume_r5_p": 1.1227e-06,
  "WLHImagVolume_a0_p": 0.5614391117,
  "WLHImagVolume_a1_p": 0.2692303225,
  "WLHImagVolume_a2_p": 14.4527184012,
  "WLHImagVolume_a3_p": 0.4104541756,
  "WLHImagVolume_a4_p": 0.002357513,
  "WLHImagVolume_W0_n": 2.7140622391,
  "WLHImagVolume_W1_n": 0.3295947628,
  "WLHImagVolume_W2_n": 0.0006483017,
  "WLHImagVolume_W3_n": 9.2689885755,
  "WLHImagVolume_W4_n": 0.0980204867,
  "WLHImagVolume_r0_n": 0.5050795757,
  "WLHImagVolume_r1_n": 65.7615693662,
  "WLHImagVolume_r2_n": 0.7309431431,
  "WLHImagVolume_r3_n": 69.3432845932,
  "WLHImagVolume_r4_n": 0.9227687475,
  "WLHImagVolume_r5_n": 1.8704e-06,
  "WLHImagVolume_a0_n": 0.1966189666,
  "WLHImagVolume_a1_n": 0.6297409504,
  "WLHImagVolume_a2_n": 7.5511263316,
  "WLHImagVolume_a3_n": 0.0306011952,
  "WLHImagVolume_a4_n": 0.0008736465,
  "WLHImagSurface_W0_p": 0.8806245381,
  "WLHImagSurface_W1_p": 0.0327190983,
  "WLHImagSurface_W2_p": 0.8232835989,
  "WLHImagSurface_W3_p": 0.1092421944,
  "WLHImagSurface_r0_p": 0.9266710851,
  "WLHImagSurface_r1_p": 0.2830551592,
  "WLHImagSurface_r2_p": 0.0034702858,
  "WLHImagSurface_a0_p": 0.7684897419,
  "WLHImagSurface_W0_n": 2.2994727109,
  "WLHImagSurface_W1_n": 0.0413348889,
  "WLHImagSurface_W2_n": 3.6261165314,
  "WLHImagSurface_W3_n": 0.1343682721,
  "WLHImagSurface_r0_n": 1.2623691861,
  "WLHImagSurface_r1_n": 1.4390852905,
  "WLHImagSurface_r2_n": 0.0049609908,
  "WLHImagSurface_a0_n": 0.8028854874,
  "WLHRealSpinOrbit_V0_p": 9.5044207224,
  "WLHRealSpinOrbit_V1_p": 0.0085010323,
  "WLHRealSpinOrbit_r0_p": 1.2914809353,
  "WLHRealSpinOrbit_r1_p": 0.8833318839,
  "WLHRealSpinOrbit_a0_p": 0.812119098,
  "WLHRealSpinOrbit_a1_p": 0.0003651465,
  "WLHRealSpinOrbit_V0_n": 9.9945437112,
  "WLHRealSpinOrbit_V1_n": 0.0082057619,
  "WLHRealSpinOrbit_r0_n": 1.2045129752,
  "WLHRealSpinOrbit_r1_n": 0.7656600622,
  "WLHRealSpinOrbit_a0_n": 0.7487037867,
  "WLHRealSpinOrbit_a1_n": 0.0003372747
}