{
  "WLHReal_V0_p": 45.5370469231,
  "WLHReal_V1_p": 0.2469003542,
  "WLHReal_V2_p": -0.0005210704,
  "WLHReal_V3_p": 3.3297e-06,
  "WLHReal_V4_p": 12.9112403146,
  "WLHReal_V5_p": 0.1010719851,
  "WLHReal_V6_p": 0.0003558013,
  "WLHReal_r0_p": 1.349718204,
  "WLHReal_r1_p": 0.2205230142,
  "WLHReal_r2_p": 0.0006555837,
  "WLHReal_r3_p": 8.0233e-06,
  "WLHReal_a0_p": 0.7662024419,
  "WLHReal_a1_p": -0.0002715177,
  "WLHReal_a2_p": 9.2738e-06,
  "WLHReal_a3_p": -0.0647552172,
  "WLHReal_a4_p": 0.3769803548,
  "WLHReal_V0_n": 48.7666698489,
  "WLHReal_V1_n": 0.2222307314,
  "WLHReal_V2_n": -0.0009295709,
  "WLHReal_V3_n": 3.7412e-06,
  "WLHReal_V4_n": 21.9871637002,
  "WLHReal_V5_n": 0.3117992418,
  "WLHReal_V6_n": 0.0016137581,
  "WLHReal_r0_n": 1.3250821395,
  "WLHReal_r1_n": 0.249593442,
  "WLHReal_r2_n": 0.0012960607,
  "WLHReal_r3_n": 1.67875e-05,
  "WLHReal_a0_n": 0.7666858874,
  "WLHReal_a1_n": 0.0013601304,
  "WLHReal_a2_n": 1.94887e-05,
  "WLHReal_a3_n": 0.4058877582,
  "WLHReal_a4_n": 1.1246458503,
  "WLHImagVolume_W0_p": 3.3212649781,
  "WLHImagVolume_W1_p": 0.0473196705,
  "WLHImagVolume_W2_p": -6.70129e-05,
  "WLHImagVolume_W3_p": 4.3241135791,
  "WLHImagVolume_W4_p": 0.0366025237,
  "WLHImagVolume_r0_p": 0.7529656326,
  "WLHImagVolume_r1_p": 46.1204070071,
  "WLHImagVolume_r2_p": 0.5835449227,
  "WLHImagVolume_r3_p": 60.4659605408,
  "WLHImagVolume_r4_p": 0.5336227114,
  "WLHImagVolume_r5_p": 8.547e-07,
  "WLHImagVolume_a0_p": 0.5301816172,
  "WLHImagVolume_a1_p": 0.3101206302,
  "WLHImagVolume_a2_p": 18.8541190004,
  "WLHImagVolume_a3_p": 0.3440006567,
  "WLHImagVolume_a4_p": 0.0015308768,
  "WLHImagVolume_W0_n": 3.0618694727,
  "WLHImagVolume_W1_n": 0.1861759476,
  "WLHImagVolume_W2_n": 0.0001543055,
  "WLHImagVolume_W3_n": 8.7807598779,
  "WLHImagVolume_W4_n": -0.0352797056,
  "WLHImagVolume_r0_n": 0.7025814849,
  "WLHImagVolume_r1_n": 65.137512313,
  "WLHImagVolume_r2_n": 0.6120553251,
  "WLHImagVolume_r3_n": 84.4395274432,
  "WLHImagVolume_r4_n": 1.0926665397,
  "WLHImagVolume_r5_n": 5.8695e-06,
  "WLHImagVolume_a0_n": 0.2954961888,
  "WLHImagVolume_a1_n": 0.5334961588,
  "WLHImagVolume_a2_n": 6.6650402396,
  "WLHImagVolume_a3_n": 0.082548341,
  "WLHImagVolume_a4_n": 0.0007882256,
  "WLHImagSurface_W0_p": 1.0534815624,
  "WLHImagSurface_W1_p": 0.0466130929,
  "WLHImagSurface_W2_p": 1.1984707368,
  "WLHImagSurface_W3_p": 0.1463456126,
  "WLHImagSurface_r0_p": 0.9624202933,
  "WLHImagSurface_r1_p": -0.1378034477,
  "WLHImagSurface_r2_p": 0.0022711567,
  "WLHImagSurface_a0_p": 0.899548993,
  "WLHImagSurface_W0_n": 0.7684594897,
  "WLHImagSurface_W1_n": 0.021760889,
  "WLHImagSurface_W2_n": 0.5494574715,
  "WLHImagSurface_W3_n": 0.0987863705,
  "WLHImagSurface_r0_n": 1.2642541735,
  "WLHImagSurface_r1_n": 1.3848881991,
  "WLHImagSurface_r2_n": 0.0015424335,
  "WLHImagSurface_a0_n": 0.8840518104,
  "WLHRealSpinOrbit_V0_p": 8.7356463036,
  "WLHRealSpinOrbit_V1_p": 0.008111778,
  "WLHRealSpinOrbit_r0_p": 1.3456947741,
  "WLHRealSpinOrbit_r1_p": 0.9353881178,
  "WLHRealSpinOrbit_a0_p": 0.8392818354,
  "WLHRealSpinOrbit_a1_p": 0.000416549,
  "WLHRealSpinOrbit_V0_n": 9.8075766194,
  "WLHRealSpinOrbit_V1_n": 0.0091447418,
  "WLHRealSpinOrbit_r0_n": 1.3250215621,
  "WLHRealSpinOrbit_r1_n": 0.9372009205,
  "WLHRealSpinOrbit_a0_n": 0.845011439,
  "WLHRealSpinOrbit_a1_n": 0.0003631515
}