{
  "WLHReal_V0_p": 51.4819797377,
  "WLHReal_V1_p": 0.2829216238,
  "WLHReal_V2_p": -0.0001184068,
  "WLHReal_V3_p": 2.282e-06,
  "WLHReal_V4_p": 13.1920598882,
  "WLHReal_V5_p": 0.1353017898,
  "WLHReal_V6_p": 0.0003210799,
  "WLHReal_r0_p": 1.3270152387,
  "WLHReal_r1_p": 0.3355850262,
  "WLHReal_r2_p": 0.0005656443,
  "WLHReal_r3_p": 4.7833e-06,
  "WLHReal_a0_p": 0.7720699853,
  "WLHReal_a1_p": 4.74773e-05,
  "WLHReal_a2_p": 4.4611e-06,
  "WLHReal_a3_p": 0.020257512,
  "WLHReal_a4_p": 0.4660129212,
  "WLHReal_V0_n": 51.8242862488,
  "WLHReal_V1_n": 0.2635363188,
  "WLHReal_V2_n": -0.0015852644,
  "WLHReal_V3_n": 6.4931e-06,
  "WLHReal_V4_n": 20.2379650042,
  "WLHReal_V5_n": 0.3817271912,
  "WLHReal_V6_n": 0.0022962444,
  "WLHReal_r0_n": 1.3715098099,
  "WLHReal_r1_n": 0.3329464845,
  "WLHReal_r2_n": 0.0016902397,
  "WLHReal_r3_n": 2.19579e-05,
  "WLHReal_a0_n": 0.807947678,
  "WLHReal_a1_n": 0.0017157343,
  "WLHReal_a2_n": 2.777e-05,
  "WLHReal_a3_n": 0.39352785,
  "WLHReal_a4_n": 1.2581316723,
  "WLHImagVolume_W0_p": 3.808933205,
  "WLHImagVolume_W1_p": 0.1740500975,
  "WLHImagVolume_W2_p": 0.0002574227,
  "WLHImagVolume_W3_p": 9.0579196688,
  "WLHImagVolume_W4_p": 0.0653375827,
  "WLHImagVolume_r0_p": 0.599793963,
  "WLHImagVolume_r1_p": 51.2723227524,
  "WLHImagVolume_r2_p": 0.683234091,
  "WLHImagVolume_r3_p": 59.2378391844,
  "WLHImagVolume_r4_p": 0.5263543576,
  "WLHImagVolume_r5_p": 1.1409e-06,
  "WLHImagVolume_a0_p": 0.5404060343,
  "WLHImagVolume_a1_p": 0.2961094014,
  "WLHImagVolume_a2_p": 16.5520441229,
  "WLHImagVolume_a3_p": 0.3852252312,
  "WLHImagVolume_a4_p": 0.0019820434,
  "WLHImagVolume_W0_n": 5.2520056224,
  "WLHImagVolume_W1_n": 0.3642771506,
  "WLHImagVolume_W2_n": 0.0007723404,
  "WLHImagVolume_W3_n": 12.9294272184,
  "WLHImagVolume_W4_n": 0.0205908138,
  "WLHImagVolume_r0_n": 0.7263554873,
  "WLHImagVolume_r1_n": 60.4277585165,
  "WLHImagVolume_r2_n": 0.6397506871,
  "WLHImagVolume_r3_n": 100.0035890147,
  "WLHImagVolume_r4_n": 1.1645296486,
  "WLHImagVolume_r5_n": 7.7279e-06,
  "WLHImagVolume_a0_n": 0.3881392415,
  "WLHImagVolume_a1_n": 0.4685726043,
  "WLHImagVolume_a2_n": -0.0338672185,
  "WLHImagVolume_a3_n": 0.0081938792,
  "WLHImagVolume_a4_n": 0.0005385569,
  "WLHImagSurface_W0_p": 1.1622211017,
  "WLHImagSurface_W1_p": 0.062307115,
  "WLHImagSurface_W2_p": 1.7701875719,
  "WLHImagSurface_W3_p": 0.2251326072,
  "WLHImagSurface_r0_p": 1.0025549969,
  "WLHImagSurface_r1_p": 0.4098515352,
  "WLHImagSurface_r2_p": 0.0045111523,
  "WLHImagSurface_a0_p": 0.7972425297,
  "WLHImagSurface_W0_n": 1.7165540717,
  "WLHImagSurface_W1_n": 0.0696793013,
  "WLHImagSurface_W2_n": 2.3088298182,
  "WLHImagSurface_W3_n": 0.231082886,
  "WLHImagSurface_r0_n": 1.260246005,
  "WLHImagSurface_r1_n": 1.765659587,
  "WLHImagSurface_r2_n": 0.0009854772,
  "WLHImagSurface_a0_n": 0.8987974301,
  "WLHRealSpinOrbit_V0_p": 9.1996354515,
  "WLHRealSpinOrbit_V1_p": 0.0081336158,
  "WLHRealSpinOrbit_r0_p": 1.2936170169,
  "WLHRealSpinOrbit_r1_p": 0.8708082815,
  "WLHRealSpinOrbit_a0_p": 0.8049109607,
  "WLHRealSpinOrbit_a1_p": 0.0003883693,
  "WLHRealSpinOrbit_V0_n": 9.6619971227,
  "WLHRealSpinOrbit_V1_n": 0.0096441875,
  "WLHRealSpinOrbit_r0_n": 1.370483082,
  "WLHRealSpinOrbit_r1_n": 1.0415648553,
  "WLHRealSpinOrbit_a0_n": 0.8925087749,
  "WLHRealSpinOrbit_a1_n": 0.0003003724
}