{
  "WLHReal_V0_p": 54.3654837594,
  "WLHReal_V1_p": 0.31959122,
  "WLHReal_V2_p": -9.75825e-05,
  "WLHReal_V3_p": 1.6537e-06,
  "WLHReal_V4_p": 12.3854840753,
  "WLHReal_V5_p": 0.1169205862,
  "WLHReal_V6_p": 0.000294627,
  "WLHReal_r0_p": 1.2813171889,
  "WLHReal_r1_p": 0.2155593254,
  "WLHReal_r2_p": 0.0010642502,
  "WLHReal_r3_p": 9.6733e-06,
  "WLHReal_a0_p": 0.7821778938,
  "WLHReal_a1_p": 7.47696e-05,
  "WLHReal_a2_p": 7.1606e-06,
  "WLHReal_a3_p": 0.06084935,
  "WLHReal_a4_p": 0.6427197687,
  "WLHReal_V0_n": 55.040825288,
  "WLHReal_V1_n": 0.2967235,
  "WLHReal_V2_n": 0.0002276197,
  "WLHReal_V3_n": 7.226e-07,
  "WLHReal_V4_n": 21.457087416,
  "WLHReal_V5_n": 0.2564786778,
  "WLHReal_V6_n": 0.0006273486,
  "WLHReal_r0_n": 1.2655992892,
  "WLHReal_r1_n": 0.3400538269,
  "WLHReal_r2_n": 0.0005581526,
  "WLHReal_r3_n": 2.3091e-06,
  "WLHReal_a0_n": 0.7180050458,
  "WLHReal_a1_n": 0.0003471177,
  "WLHReal_a2_n": 2.0808e-06,
  "WLHReal_a3_n": 0.2043148022,
  "WLHReal_a4_n": 0.6822960156,
  "WLHImagVolume_W0_p": 4.5541878919,
  "WLHImagVolume_W1_p": 0.2435488662,
  "WLHImagVolume_W2_p": 0.0004026956,
  "WLHImagVolume_W3_p": 13.0070794298,
  "WLHImagVolume_W4_p": 0.0767460784,
  "WLHImagVolume_r0_p": 0.682300524,
  "WLHImagVolume_r1_p": 50.170720799,
  "WLHImagVolume_r2_p": 0.5747256327,
  "WLHImagVolume_r3_p": 66.7605626989,
  "WLHImagVolume_r4_p": 0.7018902483,
  "WLHImagVolume_r5_p": 1.6003e-06,
  "WLHImagVolume_a0_p": 0.5583034147,
  "WLHImagVolume_a1_p": 0.2722870684,
  "WLHImagVolume_a2_p": 14.7598840813,
  "WLHImagVolume_a3_p": 0.4160715111,
  "WLHImagVolume_a4_p": 0.0023811475,
  "WLHImagVolume_W0_n": 2.4115340021,
  "WLHImagVolume_W1_n": 0.2534127674,
  "WLHImagVolume_W2_n": 0.0004268136,
  "WLHImagVolume_W3_n": 8.2622774344,
  "WLHImagVolume_W4_n": 0.04732797,
  "WLHImagVolume_r0_n": 0.5422837797,
  "WLHImagVolume_r1_n": 71.5965280885,
  "WLHImagVolume_r2_n": 0.7127733672,
  "WLHImagVolume_r3_n": 74.3777947666,
  "WLHImagVolume_r4_n": 0.9270362367,
  "WLHImagVolume_r5_n": 2.6805e-06,
  "WLHImagVolume_a0_n": 0.2063963635,
  "WLHImagVolume_a1_n": 0.6151110256,
  "WLHImagVolume_a2_n": 8.387603998,
  "WLHImagVolume_a3_n": 0.0582025126,
  "WLHImagVolume_a4_n": 0.0008147976,
  "WLHImagSurface_W0_p": 0.7279682215,
  "WLHImagSurface_W1_p": 0.0132239325,
  "WLHImagSurface_W2_p": -0.1776204312,
  "WLHImagSurface_W3_p": 0.0273917775,
  "WLHImagSurface_r0_p": 0.9596713769,
  "WLHImagSurface_r1_p": 0.4097105225,
  "WLHImagSurface_r2_p": 0.0034623538,
  "WLHImagSurface_a0_p": 0.8244427522,
  "WLHImagSurface_W0_n": 1.7265009015,
  "WLHImagSurface_W1_n": 0.0300082807,
  "WLHImagSurface_W2_n": 2.5334717932,
  "WLHImagSurface_W3_n": 0.1100068659,
  "WLHImagSurface_r0_n": 1.2727372115,
  "WLHImagSurface_r1_n": 1.3795284323,
  "WLHImagSurface_r2_n": 0.0040194513,
  "WLHImagSurface_a0_n": 0.8262678367,
  "WLHRealSpinOrbit_V0_p": 9.8239124298,
  "WLHRealSpinOrbit_V1_p": 0.0087162693,
  "WLHRealSpinOrbit_r0_p": 1.2644973741,
  "WLHRealSpinOrbit_r1_p": 0.8717324031,
  "WLHRealSpinOrbit_a0_p": 0.8031999772,
  "WLHRealSpinOrbit_a1_p": 0.0003200643,
  "WLHRealSpinOrbit_V0_n": 9.8611574161,
  "WLHRealSpinOrbit_V1_n": 0.0083361316,
  "WLHRealSpinOrbit_r0_n": 1.2367179268,
  "WLHRealSpinOrbit_r1_n": 0.804449588,
  "WLHRealSpinOrbit_a0_n": 0.7713419227,
  "WLHRealSpinOrbit_a1_n": 0.0003565457
}