{
  "WLHReal_V0_p": 49.5697218436,
  "WLHReal_V1_p": 0.3187540619,
  "WLHReal_V2_p": -0.0014045329,
  "WLHReal_V3_p": 7.0274e-06,
  "WLHReal_V4_p": 7.8903938054,
  "WLHReal_V5_p": 0.1321169237,
  "WLHReal_V6_p": 0.0007386181,
  "WLHReal_r0_p": 1.4307860169,
  "WLHReal_r1_p": 0.2909435658,
  "WLHReal_r2_p": 0.0014385064,
  "WLHReal_r3_p": 1.75804e-05,
  "WLHReal_a0_p": 0.8473164602,
  "WLHReal_a1_p": -3.04801e-05,
  "WLHReal_a2_p": 1.62024e-05,
  "WLHReal_a3_p": -0.0404670242,
  "WLHReal_a4_p": 0.634794313,
  "WLHReal_V0_n": 57.9445431241,
  "WLHReal_V1_n": 0.3362768428,
  "WLHReal_V2_n": 0.0007292971,
  "WLHReal_V3_n": -1.463e-07,
  "WLHReal_V4_n": 21.2259784024,
  "WLHReal_V5_n": 0.2312709446,
  "WLHReal_V6_n": 0.0002352425,
  "WLHReal_r0_n": 1.2288781451,
  "WLHReal_r1_n": 0.3438784836,
  "WLHReal_r2_n": 0.0003024942,
  "WLHReal_r3_n": -2.7745e-06,
  "WLHReal_a0_n": 0.6984875239,
  "WLHReal_a1_n": -1.6782e-05,
  "WLHReal_a2_n": -3.5902e-06,
  "WLHReal_a3_n": 0.1431146349,
  "WLHReal_a4_n": 0.553659392,
  "WLHImagVolume_W0_p": 7.2450108007,
  "WLHImagVolume_W1_p": 0.2847612374,
  "WLHImagVolume_W2_p": 0.0006638066,
  "WLHImagVolume_W3_p": 10.596785713,
  "WLHImagVolume_W4_p": 0.1094706434,
  "WLHImagVolume_r0_p": 0.6951523943,
  "WLHImagVolume_r1_p": 59.2852940245,
  "WLHImagVolume_r2_p": 0.7191996666,
  "WLHImagVolume_r3_p": 75.8846990242,
  "WLHImagVolume_r4_p": 0.5248087965,
  "WLHImagVolume_r5_p": -2.9e-09,
  "WLHImagVolume_a0_p": 0.6552776582,
  "WLHImagVolume_a1_p": 0.281932337,
  "WLHImagVolume_a2_p": 17.2506869715,
  "WLHImagVolume_a3_p": 0.4811208476,
  "WLHImagVolume_a4_p": 0.0036574618,
  "WLHImagVolume_W0_n": 2.3107243861,
  "WLHImagVolume_W1_n": 0.2812918202,
  "WLHImagVolume_W2_n": 0.0005457715,
  "WLHImagVolume_W3_n": 8.3847719758,
  "WLHImagVolume_W4_n": 0.0837059993,
  "WLHImagVolume_r0_n": 0.487212801,
  "WLHImagVolume_r1_n": 73.7549961053,
  "WLHImagVolume_r2_n": 0.7348135517,
  "WLHImagVolume_r3_n": 70.2169589665,
  "WLHImagVolume_r4_n": 0.8497528136,
  "WLHImagVolume_r5_n": 1.4635e-06,
  "WLHImagVolume_a0_n": 0.1654841632,
  "WLHImagVolume_a1_n": 0.6432626534,
  "WLHImagVolume_a2_n": 8.7192559267,
  "WLHImagVolume_a3_n": 0.0336184892,
  "WLHImagVolume_a4_n": 0.0006353081,
  "WLHImagSurface_W0_p": 0.361104141,
  "WLHImagSurface_W1_p": 0.0038134728,
  "WLHImagSurface_W2_p": -0.8522656551,
  "WLHImagSurface_W3_p": 0.0090455973,
  "WLHImagSurface_r0_p": 0.7479316692,
  "WLHImagSurface_r1_p": -0.2807671146,
  "WLHImagSurface_r2_p": -0.0050145371,
  "WLHImagSurface_a0_p": 0.8465165741,
  "WLHImagSurface_W0_n": 2.1948085066,
  "WLHImagSurface_W1_n": 0.0350009287,
  "WLHImagSurface_W2_n": 3.2601273271,
  "WLHImagSurface_W3_n": 0.1117868565,
  "WLHImagSurface_r0_n": 1.2733786207,
  "WLHImagSurface_r1_n": 1.3809029308,
  "WLHImagSurface_r2_n": 0.0051107179,
  "WLHImagSurface_a0_n": 0.8002737845,
  "WLHRealSpinOrbit_V0_p": 8.4898361875,
  "WLHRealSpinOrbit_V1_p": 0.0088277709,
  "WLHRealSpinOrbit_r0_p": 1.4099000283,
  "WLHRealSpinOrbit_r1_p": 1.091732983,
  "WLHRealSpinOrbit_a0_p": 0.9091158537,
  "WLHRealSpinOrbit_a1_p": 0.0003151425,
  "WLHRealSpinOrbit_V0_n": 9.9749247696,
  "WLHRealSpinOrbit_V1_n": 0.008077485,
  "WLHRealSpinOrbit_r0_n": 1.1935753694,
  "WLHRealSpinOrbit_r1_n": 0.7483700443,
  "WLHRealSpinOrbit_a0_n": 0.7395311209,
  "WLHRealSpinOrbit_a1_n": 0.0003410099
}