{
  "WLHReal_V0_p": 54.2150878902,
  "WLHReal_V1_p": 0.3031055076,
  "WLHReal_V2_p": -0.0001325087,
  "WLHReal_V3_p": 1.9189e-06,
  "WLHReal_V4_p": 12.6592735769,
  "WLHReal_V5_p": 0.1510106232,
  "WLHReal_V6_p": 0.0003750564,
  "WLHReal_r0_p": 1.3276141182,
  "WLHReal_r1_p": 0.3757804601,
  "WLHReal_r2_p": 0.0006744657,
  "WLHReal_r3_p": 4.7749e-06,
  "WLHReal_a0_p": 0.7861846807,
  "WLHReal_a1_p": 0.0001989522,
  "WLHReal_a2_p": 3.9736e-06,
  "WLHReal_a3_p": 0.0506992992,
  "WLHReal_a4_p": 0.5370275261,
  "WLHReal_V0_n": 52.0605705166,
  "WLHReal_V1_n": 0.3029804223,
  "WLHReal_V2_n": -0.0003677797,
  "WLHReal_V3_n": 2.7617e-06,
  "WLHReal_V4_n": 20.8736574152,
  "WLHReal_V5_n": 0.2862123397,
  "WLHReal_V6_n": 0.0012585554,
  "WLHReal_r0_n": 1.2809402801,
  "WLHReal_r1_n": 0.211376483,
  "WLHReal_r2_n": 0.0011515851,
  "WLHReal_r3_n": 1.26881e-05,
  "WLHReal_a0_n": 0.7500529525,
  "WLHReal_a1_n": 0.0011781274,
  "WLHReal_a2_n": 1.59833e-05,
  "WLHReal_a3_n": 0.3670638683,
  "WLHReal_a4_n": 1.0889619262,
  "WLHImagVolume_W0_p": 4.6112813212,
  "WLHImagVolume_W1_p": 0.2534957586,
  "WLHImagVolume_W2_p": 0.0004478225,
  "WLHImagVolume_W3_p": 11.6291209107,
  "WLHImagVolume_W4_p": 0.0867003935,
  "WLHImagVolume_r0_p": 0.5700559535,
  "WLHImagVolume_r1_p": 50.9246265824,
  "WLHImagVolume_r2_p": 0.7030297232,
  "WLHImagVolume_r3_p": 58.2133054106,
  "WLHImagVolume_r4_p": 0.5570581699,
  "WLHImagVolume_r5_p": 1.5372e-06,
  "WLHImagVolume_a0_p": 0.5684845202,
  "WLHImagVolume_a1_p": 0.2779655366,
  "WLHImagVolume_a2_p": 14.7423831218,
  "WLHImagVolume_a3_p": 0.4274256281,
  "WLHImagVolume_a4_p": 0.0025650931,
  "WLHImagVolume_W0_n": 3.3111950311,
  "WLHImagVolume_W1_n": 0.2328431896,
  "WLHImagVolume_W2_n": 0.0005178952,
  "WLHImagVolume_W3_n": 9.3308747099,
  "WLHImagVolume_W4_n": 0.0169352666,
  "WLHImagVolume_r0_n": 0.5800541879,
  "WLHImagVolume_r1_n": 87.1459543805,
  "WLHImagVolume_r2_n": 0.7027544413,
  "WLHImagVolume_r3_n": 93.414255662,
  "WLHImagVolume_r4_n": 0.8535109024,
  "WLHImagVolume_r5_n": 3.3004e-06,
  "WLHImagVolume_a0_n": 0.2320802033,
  "WLHImagVolume_a1_n": 0.5661940227,
  "WLHImagVolume_a2_n": 5.5668896318,
  "WLHImagVolume_a3_n": 0.0181496165,
  "WLHImagVolume_a4_n": -4.85436e-05,
  "WLHImagSurface_W0_p": 1.0349825845,
  "WLHImagSurface_W1_p": 0.0550285582,
  "WLHImagSurface_W2_p": 1.5081772331,
  "WLHImagSurface_W3_p": 0.2080196544,
  "WLHImagSurface_r0_p": 0.9613290761,
  "WLHImagSurface_r1_p": 0.5494613278,
  "WLHImagSurface_r2_p": 0.004050623,
  "WLHImagSurface_a0_p": 0.7356974547,
  "WLHImagSurface_W0_n": 1.7803672585,
  "WLHImagSurface_W1_n": 0.0470051843,
  "WLHImagSurface_W2_n": 2.0754707567,
  "WLHImagSurface_W3_n": 0.1479251043,
  "WLHImagSurface_r0_n": 1.2963289207,
  "WLHImagSurface_r1_n": 1.5233127648,
  "WLHImagSurface_r2_n": 0.0029332529,
  "WLHImagSurface_a0_n": 0.8554217153,
  "WLHRealSpinOrbit_V0_p": 9.4112246903,
  "WLHRealSpinOrbit_V1_p": 0.0083361481,
  "WLHRealSpinOrbit_r0_p": 1.2842168969,
  "WLHRealSpinOrbit_r1_p": 0.872322945,
  "WLHRealSpinOrbit_a0_p": 0.8043310293,
  "WLHRealSpinOrbit_a1_p": 0.000360898,
  "WLHRealSpinOrbit_V0_n": 9.6675072128,
  "WLHRealSpinOrbit_V1_n": 0.0087215838,
  "WLHRealSpinOrbit_r0_n": 1.2803527687,
  "WLHRealSpinOrbit_r1_n": 0.8961441007,
  "WLHRealSpinOrbit_a0_n": 0.8151418734,
  "WLHRealSpinOrbit_a1_n": 0.0003212742
}