{
  "WLHReal_V0_p": 57.1897931866,
  "WLHReal_V1_p": 0.3357126458,
  "WLHReal_V2_p": 0.0006373196,
  "WLHReal_V3_p": -2.65e-08,
  "WLHReal_V4_p": 13.9213386276,
  "WLHReal_V5_p": 0.1299189077,
  "WLHReal_V6_p": 7.78905e-05,
  "WLHReal_r0_p": 1.2418630952,
  "WLHReal_r1_p": 0.295724955,
  "WLHReal_r2_p": 0.0006718898,
  "WLHReal_r3_p": 1.9528e-06,
  "WLHReal_a0_p": 0.7563303572,
  "WLHReal_a1_p": 0.0001928208,
  "WLHReal_a2_p": 3.872e-07,
  "WLHReal_a3_p": 0.1296972878,
  "WLHReal_a4_p": 0.6253977982,
  "WLHReal_V0_n": 50.9593721784,
  "WLHReal_V1_n": 0.2622598615,
  "WLHReal_V2_n": -0.0006721454,
  "WLHReal_V3_n": 4.1881e-06,
  "WLHReal_V4_n": 20.8202248143,
  "WLHReal_V5_n": 0.3123444512,
  "WLHReal_V6_n": 0.0013781211,
  "WLHReal_r0_n": 1.3431973493,
  "WLHReal_r1_n": 0.3648073232,
  "WLHReal_r2_n": 0.001046301,
  "WLHReal_r3_n": 1.25544e-05,
  "WLHReal_a0_n": 0.7578328245,
  "WLHReal_a1_n": 0.0010502051,
  "WLHReal_a2_n": 1.36007e-05,
  "WLHReal_a3_n": 0.283827687,
  "WLHReal_a4_n": 0.904653161,
  "WLHImagVolume_W0_p": 3.2811830727,
  "WLHImagVolume_W1_p": 0.2518300065,
  "WLHImagVolume_W2_p": 0.0005057159,
  "WLHImagVolume_W3_p": 14.5721882651,
  "WLHImagVolume_W4_p": 0.0683724642,
  "WLHImagVolume_r0_p": 0.4718430002,
  "WLHImagVolume_r1_p": 65.9337313685,
  "WLHImagVolume_r2_p": 0.7252988498,
  "WLHImagVolume_r3_p": 73.2861593125,
  "WLHImagVolume_r4_p": 0.5801441347,
  "WLHImagVolume_r5_p": 1.5458e-06,
  "WLHImagVolume_a0_p": 0.4945954304,
  "WLHImagVolume_a1_p": 0.3081600675,
  "WLHImagVolume_a2_p": 16.7397827024,
  "WLHImagVolume_a3_p": 0.3651528752,
  "WLHImagVolume_a4_p": 0.0014727296,
  "WLHImagVolume_W0_n": 3.0256656082,
  "WLHImagVolume_W1_n": 0.2585175882,
  "WLHImagVolume_W2_n": 0.0005423956,
  "WLHImagVolume_W3_n": 8.7290269495,
  "WLHImagVolume_W4_n": 0.010301008,
  "WLHImagVolume_r0_n": 0.5655227856,
  "WLHImagVolume_r1_n": 83.2632328723,
  "WLHImagVolume_r2_n": 0.7637487067,
  "WLHImagVolume_r3_n": 93.9666383748,
  "WLHImagVolume_r4_n": 0.949762461,
  "WLHImagVolume_r5_n": 5.0507e-06,
  "WLHImagVolume_a0_n": 0.2766393196,
  "WLHImagVolume_a1_n": 0.569884629,
  "WLHImagVolume_a2_n": 6.0107869064,
  "WLHImagVolume_a3_n": 0.0720047914,
  "WLHImagVolume_a4_n": 0.0008076602,
  "WLHImagSurface_W0_p": 1.2721588102,
  "WLHImagSurface_W1_p": 0.0606467443,
  "WLHImagSurface_W2_p": 1.3934475719,
  "WLHImagSurface_W3_p": 0.2092035872,
  "WLHImagSurface_r0_p": 1.1638435566,
  "WLHImagSurface_r1_p": 0.9808468748,
  "WLHImagSurface_r2_p": 0.0083897093,
  "WLHImagSurface_a0_p": 0.8529098776,
  "WLHImagSurface_W0_n": 1.4938423632,
  "WLHImagSurface_W1_n": 0.0447840893,
  "WLHImagSurface_W2_n": 2.4815601661,
  "WLHImagSurface_W3_n": 0.1730951625,
  "WLHImagSurface_r0_n": 1.2990883714,
  "WLHImagSurface_r1_n": 1.5510261509,
  "WLHImagSurface_r2_n": 0.0023430087,
  "WLHImagSurface_a0_n": 0.8706528979,
  "WLHRealSpinOrbit_V0_p": 9.9761146506,
  "WLHRealSpinOrbit_V1_p": 0.0081677149,
  "WLHRealSpinOrbit_r0_p": 1.2016161015,
  "WLHRealSpinOrbit_r1_p": 0.7620702043,
  "WLHRealSpinOrbit_a0_p": 0.7471394647,
  "WLHRealSpinOrbit_a1_p": 0.0003410779,
  "WLHRealSpinOrbit_V0_n": 9.3324568029,
  "WLHRealSpinOrbit_V1_n": 0.0086051489,
  "WLHRealSpinOrbit_r0_n": 1.3210181072,
  "WLHRealSpinOrbit_r1_n": 0.9254369042,
  "WLHRealSpinOrbit_a0_n": 0.8336058221,
  "WLHRealSpinOrbit_a1_n": 0.0003661664
}