{
  "WLHReal_V0_p": 52.6856446472,
  "WLHReal_V1_p": 0.2593112162,
  "WLHReal_V2_p": -0.0005090363,
  "WLHReal_V3_p": 2.4811e-06,
  "WLHReal_V4_p": 13.8247835108,
  "WLHReal_V5_p": 0.1249832885,
  "WLHReal_V6_p": 0.0004651885,
  "WLHReal_r0_p": 1.2910831643,
  "WLHReal_r1_p": 0.2039809313,
  "WLHReal_r2_p": 0.000990401,
  "WLHReal_r3_p": 1.15774e-05,
  "WLHReal_a0_p": 0.7821327506,
  "WLHReal_a1_p": 0.0001098641,
  "WLHReal_a2_p": 8.5498e-06,
  "WLHReal_a3_p": -0.0078226277,
  "WLHReal_a4_p": 0.5318169245,
  "WLHReal_V0_n": 52.7137403548,
  "WLHReal_V1_n": 0.2873932698,
  "WLHReal_V2_n": -2.88333e-05,
  "WLHReal_V3_n": 1.8737e-06,
  "WLHReal_V4_n": 21.4499190613,
  "WLHReal_V5_n": 0.2640685577,
  "WLHReal_V6_n": 0.0008758405,
  "WLHReal_r0_n": 1.2734132607,
  "WLHReal_r1_n": 0.2721388717,
  "WLHReal_r2_n": 0.0008081475,
  "WLHReal_r3_n": 6.1085e-06,
  "WLHReal_a0_n": 0.7296549366,
  "WLHReal_a1_n": 0.0007313941,
  "WLHReal_a2_n": 8.7663e-06,
  "WLHReal_a3_n": 0.2875582294,
  "WLHReal_a4_n": 0.8636965675,
  "WLHImagVolume_W0_p": 4.8671346321,
  "WLHImagVolume_W1_p": 0.2023323246,
  "WLHImagVolume_W2_p": -1.89598e-05,
  "WLHImagVolume_W3_p": 9.8929144338,
  "WLHImagVolume_W4_p": 0.0791409023,
  "WLHImagVolume_r0_p": 0.9767128597,
  "WLHImagVolume_r1_p": 5.9977964357,
  "WLHImagVolume_r2_p": 0.2818258142,
  "WLHImagVolume_r3_p": 29.3854105173,
  "WLHImagVolume_r4_p": 0.9392427678,
  "WLHImagVolume_r5_p": 2.968e-06,
  "WLHImagVolume_a0_p": 0.6228122466,
  "WLHImagVolume_a1_p": 0.188178349,
  "WLHImagVolume_a2_p": 7.5786448017,
  "WLHImagVolume_a3_p": 0.4862708863,
  "WLHImagVolume_a4_p": 0.0034778128,
  "WLHImagVolume_W0_n": 2.4974330953,
  "WLHImagVolume_W1_n": 0.2136925514,
  "WLHImagVolume_W2_n": 0.0003674784,
  "WLHImagVolume_W3_n": 8.069191446,
  "WLHImagVolume_W4_n": 0.0195361618,
  "WLHImagVolume_r0_n": 0.5596607049,
  "WLHImagVolume_r1_n": 80.1009509448,
  "WLHImagVolume_r2_n": 0.707273832,
  "WLHImagVolume_r3_n": 82.0475110373,
  "WLHImagVolume_r4_n": 0.8890042698,
  "WLHImagVolume_r5_n": 2.6807e-06,
  "WLHImagVolume_a0_n": 0.2105256146,
  "WLHImagVolume_a1_n": 0.5991475367,
  "WLHImagVolume_a2_n": 8.0484908048,
  "WLHImagVolume_a3_n": 0.0557159174,
  "WLHImagVolume_a4_n": 0.0004897549,
  "WLHImagSurface_W0_p": 0.3200394679,
  "WLHImagSurface_W1_p": -0.0218866912,
  "WLHImagSurface_W2_p": -0.5114894612,
  "WLHImagSurface_W3_p": -0.0933584035,
  "WLHImagSurface_r0_p": 0.7077299704,
  "WLHImagSurface_r1_p": 0.0258400883,
  "WLHImagSurface_r2_p": 0.0016709151,
  "WLHImagSurface_a0_p": 0.5972619454,
  "WLHImagSurface_W0_n": 1.5463055523,
  "WLHImagSurface_W1_n": 0.0304722066,
  "WLHImagSurface_W2_n": 1.9978901751,
  "WLHImagSurface_W3_n": 0.1099994564,
  "WLHImagSurface_r0_n": 1.286034183,
  "WLHImagSurface_r1_n": 1.3938685765,
  "WLHImagSurface_r2_n": 0.003432541,
  "WLHImagSurface_a0_n": 0.8418393787,
  "WLHRealSpinOrbit_V0_p": 10.2066639071,
  "WLHRealSpinOrbit_V1_p": 0.0092847978,
  "WLHRealSpinOrbit_r0_p": 1.2906177635,
  "WLHRealSpinOrbit_r1_p": 0.9003832479,
  "WLHRealSpinOrbit_a0_p": 0.8256942691,
  "WLHRealSpinOrbit_a1_p": 0.000336941,
  "WLHRealSpinOrbit_V0_n": 9.7474997734,
  "WLHRealSpinOrbit_V1_n": 0.0084578525,
  "WLHRealSpinOrbit_r0_n": 1.2579450358,
  "WLHRealSpinOrbit_r1_n": 0.8407252875,
  "WLHRealSpinOrbit_a0_n": 0.7897251908,
  "WLHRealSpinOrbit_a1_n": 0.0003535564
}