{
  "WLHReal_V0_p": 55.2813376458,
  "WLHReal_V1_p": 0.3078934072,
  "WLHReal_V2_p": -0.0004118823,
  "WLHReal_V3_p": 3.4718e-06,
  "WLHReal_V4_p": 12.015988683,
  "WLHReal_V5_p": 0.1510105271,
  "WLHReal_V6_p": 0.0004845112,
  "WLHReal_r0_p": 1.3270220906,
  "WLHReal_r1_p": 0.3354182318,
  "WLHReal_r2_p": 0.0009676488,
  "WLHReal_r3_p": 9.13e-06,
  "WLHReal_a0_p": 0.8029416214,
  "WLHReal_a1_p": 0.0002543718,
  "WLHReal_a2_p": 6.8609e-06,
  "WLHReal_a3_p": 0.0455475027,
  "WLHReal_a4_p": 0.6070335631,
  "WLHReal_V0_n": 52.3456658507,
  "WLHReal_V1_n": 0.2685272935,
  "WLHReal_V2_n": 0.0004305312,
  "WLHReal_V3_n": -6.817e-07,
  "WLHReal_V4_n": 22.6819994874,
  "WLHReal_V5_n": 0.2206566255,
  "WLHReal_V6_n": 0.0004382272,
  "WLHReal_r0_n": 1.2283884981,
  "WLHReal_r1_n": 0.2125133068,
  "WLHReal_r2_n": 0.0005519865,
  "WLHReal_r3_n": 3.3336e-06,
  "WLHReal_a0_n": 0.7035719176,
  "WLHReal_a1_n": 0.0004250632,
  "WLHReal_a2_n": 2.5916e-06,
  "WLHReal_a3_n": 0.2921751193,
  "WLHReal_a4_n": 0.7829975242,
  "WLHImagVolume_W0_p": 5.6192824094,
  "WLHImagVolume_W1_p": 0.3018621225,
  "WLHImagVolume_W2_p": 0.0004741232,
  "WLHImagVolume_W3_p": 13.0098348191,
  "WLHImagVolume_W4_p": 0.1029672013,
  "WLHImagVolume_r0_p": 0.6926305963,
  "WLHImagVolume_r1_p": 37.8962266118,
  "WLHImagVolume_r2_p": 0.5847069815,
  "WLHImagVolume_r3_p": 51.1992633818,
  "WLHImagVolume_r4_p": 0.7009592824,
  "WLHImagVolume_r5_p": 2.0312e-06,
  "WLHImagVolume_a0_p": 0.6165607171,
  "WLHImagVolume_a1_p": 0.2368277048,
  "WLHImagVolume_a2_p": 11.4735010872,
  "WLHImagVolume_a3_p": 0.4836040292,
  "WLHImagVolume_a4_p": 0.003412496,
  "WLHImagVolume_W0_n": 1.4661377252,
  "WLHImagVolume_W1_n": 0.1278489035,
  "WLHImagVolume_W2_n": -1.72222e-05,
  "WLHImagVolume_W3_n": 6.3668332049,
  "WLHImagVolume_W4_n": -0.0017010926,
  "WLHImagVolume_r0_n": 0.584773811,
  "WLHImagVolume_r1_n": 71.1530405797,
  "WLHImagVolume_r2_n": 0.6360496856,
  "WLHImagVolume_r3_n": 66.1093286504,
  "WLHImagVolume_r4_n": 0.9108431859,
  "WLHImagVolume_r5_n": 1.8086e-06,
  "WLHImagVolume_a0_n": 0.1617663817,
  "WLHImagVolume_a1_n": 0.6281002828,
  "WLHImagVolume_a2_n": 11.5904454022,
  "WLHImagVolume_a3_n": 0.0861166292,
  "WLHImagVolume_a4_n": 0.0006672239,
  "WLHImagSurface_W0_p": 0.6215415546,
  "WLHImagSurface_W1_p": 0.0175772476,
  "WLHImagSurface_W2_p": 0.3170716408,
  "WLHImagSurface_W3_p": 0.0693317401,
  "WLHImagSurface_r0_p": 0.8263092635,
  "WLHImagSurface_r1_p": 0.3881991485,
  "WLHImagSurface_r2_p": 0.0018418347,
  "WLHImagSurface_a0_p": 0.6643370051,
  "WLHImagSurface_W0_n": 1.0333709556,
  "WLHImagSurface_W1_n": 0.0002013628,
  "WLHImagSurface_W2_n": 0.8147301518,
  "WLHImagSurface_W3_n": 0.017898372,
  "WLHImagSurface_r0_n": 1.2666450844,
  "WLHImagSurface_r1_n": 1.1431225612,
  "WLHImagSurface_r2_n": 0.0039448894,
  "WLHImagSurface_a0_n": 0.8257366152,
  "WLHRealSpinOrbit_V0_p": 9.7257928581,
  "WLHRealSpinOrbit_V1_p": 0.0088607968,
  "WLHRealSpinOrbit_r0_p": 1.2932086877,
  "WLHRealSpinOrbit_r1_p": 0.9086343847,
  "WLHRealSpinOrbit_a0_p": 0.8230665207,
  "WLHRealSpinOrbit_a1_p": 0.0003250032,
  "WLHRealSpinOrbit_V0_n": 10.1155816133,
  "WLHRealSpinOrbit_V1_n": 0.0083399535,
  "WLHRealSpinOrbit_r0_n": 1.215519602,
  "WLHRealSpinOrbit_r1_n": 0.7647279152,
  "WLHRealSpinOrbit_a0_n": 0.754903239,
  "WLHRealSpinOrbit_a1_n": 0.000375668
}