{
  "WLHReal_V0_p": 51.2612167762,
  "WLHReal_V1_p": 0.2971444898,
  "WLHReal_V2_p": -0.0010724616,
  "WLHReal_V3_p": 6.1923e-06,
  "WLHReal_V4_p": 9.9303896987,
  "WLHReal_V5_p": 0.1520947846,
  "WLHReal_V6_p": 0.000683676,
  "WLHReal_r0_p": 1.4078587892,
  "WLHReal_r1_p": 0.3639212334,
  "WLHReal_r2_p": 0.0010746846,
  "WLHReal_r3_p": 1.26164e-05,
  "WLHReal_a0_p": 0.8292214003,
  "WLHReal_a1_p": 0.0001180963,
  "WLHReal_a2_p": 1.05313e-05,
  "WLHReal_a3_p": -0.0228632085,
  "WLHReal_a4_p": 0.558996469,
  "WLHReal_V0_n": 56.3348212304,
  "WLHReal_V1_n": 0.3018073497,
  "WLHReal_V2_n": 0.0007794699,
  "WLHReal_V3_n": -1.5245e-06,
  "WLHReal_V4_n": 22.51423203,
  "WLHReal_V5_n": 0.2110461106,
  "WLHReal_V6_n": 0.0001788483,
  "WLHReal_r0_n": 1.1983962243,
  "WLHReal_r1_n": 0.2478832515,
  "WLHReal_r2_n": 0.0003355973,
  "WLHReal_r3_n": -8.199e-07,
  "WLHReal_a0_n": 0.6918803519,
  "WLHReal_a1_n": 3.20386e-05,
  "WLHReal_a2_n": -2.8117e-06,
  "WLHReal_a3_n": 0.2192287469,
  "WLHReal_a4_n": 0.6482571536,
  "WLHImagVolume_W0_p": 6.5582378897,
  "WLHImagVolume_W1_p": 0.2802492156,
  "WLHImagVolume_W2_p": 0.0005219281,
  "WLHImagVolume_W3_p": 10.300499343,
  "WLHImagVolume_W4_p": 0.1084574703,
  "WLHImagVolume_r0_p": 0.6961912017,
  "WLHImagVolume_r1_p": 44.7312363404,
  "WLHImagVolume_r2_p": 0.6702838398,
  "WLHImagVolume_r3_p": 57.4728474011,
  "WLHImagVolume_r4_p": 0.5704141528,
  "WLHImagVolume_r5_p": 9.6e-07,
  "WLHImagVolume_a0_p": 0.6492878295,
  "WLHImagVolume_a1_p": 0.2561488727,
  "WLHImagVolume_a2_p": 14.1086026646,
  "WLHImagVolume_a3_p": 0.4913737647,
  "WLHImagVolume_a4_p": 0.0037149189,
  "WLHImagVolume_W0_n": 1.8308527568,
  "WLHImagVolume_W1_n": 0.1958618859,
  "WLHImagVolume_W2_n": 0.0001273068,
  "WLHImagVolume_W3_n": 7.5707470479,
  "WLHImagVolume_W4_n": 0.044973531,
  "WLHImagVolume_r0_n": 0.5813829685,
  "WLHImagVolume_r1_n": 58.8656650639,
  "WLHImagVolume_r2_n": 0.611444992,
  "WLHImagVolume_r3_n": 57.176103727,
  "WLHImagVolume_r4_n": 0.9466404157,
  "WLHImagVolume_r5_n": 1.2852e-06,
  "WLHImagVolume_a0_n": 0.1546233531,
  "WLHImagVolume_a1_n": 0.6349665413,
  "WLHImagVolume_a2_n": 10.8153020064,
  "WLHImagVolume_a3_n": 0.0559416384,
  "WLHImagVolume_a4_n": 0.0007199546,
  "WLHImagSurface_W0_p": 0.5416269292,
  "WLHImagSurface_W1_p": 0.0213084254,
  "WLHImagSurface_W2_p": 0.2506344543,
  "WLHImagSurface_W3_p": 0.0876339325,
  "WLHImagSurface_r0_p": 0.7496160703,
  "WLHImagSurface_r1_p": -0.0273432866,
  "WLHImagSurface_r2_p": -0.0022145171,
  "WLHImagSurface_a0_p": 0.7140699947,
  "WLHImagSurface_W0_n": 1.4996863577,
  "WLHImagSurface_W1_n": 0.0066325527,
  "WLHImagSurface_W2_n": 1.5267722699,
  "WLHImagSurface_W3_n": 0.0237576432,
  "WLHImagSurface_r0_n": 1.2438652786,
  "WLHImagSurface_r1_n": 1.1622734757,
  "WLHImagSurface_r2_n": 0.0048400956,
  "WLHImagSurface_a0_n": 0.801552752,
  "WLHRealSpinOrbit_V0_p": 8.8605617769,
  "WLHRealSpinOrbit_V1_p": 0.0087517603,
  "WLHRealSpinOrbit_r0_p": 1.3750546406,
  "WLHRealSpinOrbit_r1_p": 1.0217580553,
  "WLHRealSpinOrbit_a0_p": 0.877984862,
  "WLHRealSpinOrbit_a1_p": 0.0003404309,
  "WLHRealSpinOrbit_V0_n": 10.4219758481,
  "WLHRealSpinOrbit_V1_n": 0.0083447069,
  "WLHRealSpinOrbit_r0_n": 1.1774889503,
  "WLHRealSpinOrbit_r1_n": 0.7210264816,
  "WLHRealSpinOrbit_a0_n": 0.7308008205,
  "WLHRealSpinOrbit_a1_n": 0.0003509167
}