{
  "WLHReal_V0_p": 48.4811614332,
  "WLHReal_V1_p": 0.2815093522,
  "WLHReal_V2_p": -0.0009462264,
  "WLHReal_V3_p": 4.9175e-06,
  "WLHReal_V4_p": 10.6815066718,
  "WLHReal_V5_p": 0.1211576727,
  "WLHReal_V6_p": 0.0005604294,
  "WLHReal_r0_p": 1.3821694474,
  "WLHReal_r1_p": 0.2595653516,
  "WLHReal_r2_p": 0.0010575044,
  "WLHReal_r3_p": 1.28786e-05,
  "WLHReal_a0_p": 0.8073812529,
  "WLHReal_a1_p": -9.39349e-05,
  "WLHReal_a2_p": 1.23315e-05,
  "WLHReal_a3_p": -0.0460505572,
  "WLHReal_a4_p": 0.5160648882,
  "WLHReal_V0_n": 52.3388275293,
  "WLHReal_V1_n": 0.2636990561,
  "WLHReal_V2_n": 0.0002025995,
  "WLHReal_V3_n": 5.98e-07,
  "WLHReal_V4_n": 22.8761475648,
  "WLHReal_V5_n": 0.2332514464,
  "WLHReal_V6_n": 0.0006859347,
  "WLHReal_r0_n": 1.2215473441,
  "WLHReal_r1_n": 0.1609605376,
  "WLHReal_r2_n": 0.0007622031,
  "WLHReal_r3_n": 7.1114e-06,
  "WLHReal_a0_n": 0.7159525211,
  "WLHReal_a1_n": 0.0006463846,
  "WLHReal_a2_n": 7.9714e-06,
  "WLHReal_a3_n": 0.354102256,
  "WLHReal_a4_n": 0.9331719376,
  "WLHImagVolume_W0_p": 5.423191871,
  "WLHImagVolume_W1_p": 0.1832348001,
  "WLHImagVolume_W2_p": 0.0002862749,
  "WLHImagVolume_W3_p": 8.0277030816,
  "WLHImagVolume_W4_p": 0.0780758662,
  "WLHImagVolume_r0_p": 0.7555837991,
  "WLHImagVolume_r1_p": 46.1000538537,
  "WLHImagVolume_r2_p": 0.6074056933,
  "WLHImagVolume_r3_p": 62.4472771605,
  "WLHImagVolume_r4_p": 0.5840212951,
  "WLHImagVolume_r5_p": 4.125e-07,
  "WLHImagVolume_a0_p": 0.6045228706,
  "WLHImagVolume_a1_p": 0.2782492071,
  "WLHImagVolume_a2_p": 16.3637805047,
  "WLHImagVolume_a3_p": 0.4314610543,
  "WLHImagVolume_a4_p": 0.0028500784,
  "WLHImagVolume_W0_n": 2.0429704938,
  "WLHImagVolume_W1_n": 0.1344900523,
  "WLHImagVolume_W2_n": -6.66732e-05,
  "WLHImagVolume_W3_n": 7.4984159509,
  "WLHImagVolume_W4_n": -0.0080565798,
  "WLHImagVolume_r0_n": 0.6622309065,
  "WLHImagVolume_r1_n": 60.0316037876,
  "WLHImagVolume_r2_n": 0.5563075263,
  "WLHImagVolume_r3_n": 63.9623912451,
  "WLHImagVolume_r4_n": 0.9955235539,
  "WLHImagVolume_r5_n": 2.9078e-06,
  "WLHImagVolume_a0_n": 0.1881474628,
  "WLHImagVolume_a1_n": 0.5945992587,
  "WLHImagVolume_a2_n": 10.2890838697,
  "WLHImagVolume_a3_n": 0.0671624909,
  "WLHImagVolume_a4_n": 0.0005262467,
  "WLHImagSurface_W0_p": 0.6273787477,
  "WLHImagSurface_W1_p": 0.0179232318,
  "WLHImagSurface_W2_p": 0.0520273457,
  "WLHImagSurface_W3_p": 0.0536343771,
  "WLHImagSurface_r0_p": 0.8204247363,
  "WLHImagSurface_r1_p": -0.1788400078,
  "WLHImagSurface_r2_p": -0.001276791,
  "WLHImagSurface_a0_p": 0.823218396,
  "WLHImagSurface_W0_n": 0.9394711165,
  "WLHImagSurface_W1_n": -1.0019e-06,
  "WLHImagSurface_W2_n": 0.2394216408,
  "WLHImagSurface_W3_n": 0.0079615205,
  "WLHImagSurface_r0_n": 1.2455696914,
  "WLHImagSurface_r1_n": 1.1434805849,
  "WLHImagSurface_r2_n": 0.0035291416,
  "WLHImagSurface_a0_n": 0.8326900199,
  "WLHRealSpinOrbit_V0_p": 8.817308303,
  "WLHRealSpinOrbit_V1_p": 0.0086113918,
  "WLHRealSpinOrbit_r0_p": 1.369467635,
  "WLHRealSpinOrbit_r1_p": 1.0050656254,
  "WLHRealSpinOrbit_a0_p": 0.8708470811,
  "WLHRealSpinOrbit_a1_p": 0.0003587226,
  "WLHRealSpinOrbit_V0_n": 10.383735553,
  "WLHRealSpinOrbit_V1_n": 0.0087443877,
  "WLHRealSpinOrbit_r0_n": 1.2212077354,
  "WLHRealSpinOrbit_r1_n": 0.7885081737,
  "WLHRealSpinOrbit_a0_n": 0.7680486351,
  "WLHRealSpinOrbit_a1_n": 0.0003534286
}