{
  "WLHReal_V0_p": 57.6152113247,
  "WLHReal_V1_p": 0.3385127464,
  "WLHReal_V2_p": 0.000762438,
  "WLHReal_V3_p": -1.462e-07,
  "WLHReal_V4_p": 13.9979492886,
  "WLHReal_V5_p": 0.1460057759,
  "WLHReal_V6_p": 6.5899e-05,
  "WLHReal_r0_p": 1.2584134475,
  "WLHReal_r1_p": 0.3818318438,
  "WLHReal_r2_p": 0.0004528363,
  "WLHReal_r3_p": -7.591e-07,
  "WLHReal_a0_p": 0.7552591029,
  "WLHReal_a1_p": 0.0002561579,
  "WLHReal_a2_p": -2.313e-06,
  "WLHReal_a3_p": 0.1421113735,
  "WLHReal_a4_p": 0.5887740095,
  "WLHReal_V0_n": 51.0296214172,
  "WLHReal_V1_n": 0.2659361331,
  "WLHReal_V2_n": -0.0007826999,
  "WLHReal_V3_n": 4.4972e-06,
  "WLHReal_V4_n": 20.4313471175,
  "WLHReal_V5_n": 0.3243525252,
  "WLHReal_V6_n": 0.0014665829,
  "WLHReal_r0_n": 1.3612080665,
  "WLHReal_r1_n": 0.4014547909,
  "WLHReal_r2_n": 0.0010744028,
  "WLHReal_r3_n": 1.15396e-05,
  "WLHReal_a0_n": 0.7636336436,
  "WLHReal_a1_n": 0.0010875623,
  "WLHReal_a2_n": 1.44564e-05,
  "WLHReal_a3_n": 0.2656530526,
  "WLHReal_a4_n": 0.8884322521,
  "WLHImagVolume_W0_p": 3.109294067,
  "WLHImagVolume_W1_p": 0.2621871754,
  "WLHImagVolume_W2_p": 0.0005992865,
  "WLHImagVolume_W3_p": 14.506912576,
  "WLHImagVolume_W4_p": 0.0714286739,
  "WLHImagVolume_r0_p": 0.3505152388,
  "WLHImagVolume_r1_p": 74.8840705399,
  "WLHImagVolume_r2_p": 0.8480807322,
  "WLHImagVolume_r3_p": 75.7619566752,
  "WLHImagVolume_r4_p": 0.4600510349,
  "WLHImagVolume_r5_p": 7.714e-07,
  "WLHImagVolume_a0_p": 0.4820953173,
  "WLHImagVolume_a1_p": 0.3282312211,
  "WLHImagVolume_a2_p": 18.1056928658,
  "WLHImagVolume_a3_p": 0.3533402776,
  "WLHImagVolume_a4_p": 0.0012812276,
  "WLHImagVolume_W0_n": 3.2075741276,
  "WLHImagVolume_W1_n": 0.2843765695,
  "WLHImagVolume_W2_n": 0.000663376,
  "WLHImagVolume_W3_n": 8.9965877815,
  "WLHImagVolume_W4_n": 0.0174283402,
  "WLHImagVolume_r0_n": 0.5444454871,
  "WLHImagVolume_r1_n": 87.2629093989,
  "WLHImagVolume_r2_n": 0.8013049246,
  "WLHImagVolume_r3_n": 98.8122798067,
  "WLHImagVolume_r4_n": 0.9365678269,
  "WLHImagVolume_r5_n": 4.6955e-06,
  "WLHImagVolume_a0_n": 0.2891937511,
  "WLHImagVolume_a1_n": 0.5675270487,
  "WLHImagVolume_a2_n": 5.2405121819,
  "WLHImagVolume_a3_n": 0.0699418296,
  "WLHImagVolume_a4_n": 0.0008403676,
  "WLHImagSurface_W0_p": 1.5428998391,
  "WLHImagSurface_W1_p": 0.091304539,
  "WLHImagSurface_W2_p": 2.4235278925,
  "WLHImagSurface_W3_p": 0.3340865542,
  "WLHImagSurface_r0_p": 1.2263757953,
  "WLHImagSurface_r1_p": 1.1645200644,
  "WLHImagSurface_r2_p": 0.0094762256,
  "WLHImagSurface_a0_p": 0.8503680598,
  "WLHImagSurface_W0_n": 1.6404209414,
  "WLHImagSurface_W1_n": 0.0533560912,
  "WLHImagSurface_W2_n": 2.9500842047,
  "WLHImagSurface_W3_n": 0.202814732,
  "WLHImagSurface_r0_n": 1.3080744117,
  "WLHImagSurface_r1_n": 1.6245666358,
  "WLHImagSurface_r2_n": 0.0022338997,
  "WLHImagSurface_a0_n": 0.8749023174,
  "WLHRealSpinOrbit_V0_p": 9.7292329064,
  "WLHRealSpinOrbit_V1_p": 0.0078344142,
  "WLHRealSpinOrbit_r0_p": 1.2006344784,
  "WLHRealSpinOrbit_r1_p": 0.7464109743,
  "WLHRealSpinOrbit_a0_p": 0.7383280822,
  "WLHRealSpinOrbit_a1_p": 0.0003606949,
  "WLHRealSpinOrbit_V0_n": 9.1627448313,
  "WLHRealSpinOrbit_V1_n": 0.0085639496,
  "WLHRealSpinOrbit_r0_n": 1.3346149616,
  "WLHRealSpinOrbit_r1_n": 0.9447424126,
  "WLHRealSpinOrbit_a0_n": 0.8423879105,
  "WLHRealSpinOrbit_a1_n": 0.0003670534
}