{
  "WLHReal_V0_p": 50.2724204968,
  "WLHReal_V1_p": 0.2761740364,
  "WLHReal_V2_p": -0.0005676623,
  "WLHReal_V3_p": 4.2763e-06,
  "WLHReal_V4_p": 12.0998492122,
  "WLHReal_V5_p": 0.138128491,
  "WLHReal_V6_p": 0.0004768165,
  "WLHReal_r0_p": 1.3631838544,
  "WLHReal_r1_p": 0.3338182417,
  "WLHReal_r2_p": 0.0007394985,
  "WLHReal_r3_p": 7.5356e-06,
  "WLHReal_a0_p": 0.7920249303,
  "WLHReal_a1_p": 2.98574e-05,
  "WLHReal_a2_p": 7.6839e-06,
  "WLHReal_a3_p": -0.0157549375,
  "WLHReal_a4_p": 0.4703795292,
  "WLHReal_V0_n": 44.812569576,
  "WLHReal_V1_n": 0.2233674537,
  "WLHReal_V2_n": -0.001305243,
  "WLHReal_V3_n": 6.0595e-06,
  "WLHReal_V4_n": 20.8189720363,
  "WLHReal_V5_n": 0.3334357159,
  "WLHReal_V6_n": 0.0019126577,
  "WLHReal_r0_n": 1.3855308575,
  "WLHReal_r1_n": 0.2721536256,
  "WLHReal_r2_n": 0.0015226055,
  "WLHReal_r3_n": 1.94325e-05,
  "WLHReal_a0_n": 0.7830665197,
  "WLHReal_a1_n": 0.0018376954,
  "WLHReal_a2_n": 2.64733e-05,
  "WLHReal_a3_n": 0.433730578,
  "WLHReal_a4_n": 1.2175380288,
  "WLHImagVolume_W0_p": 4.7554200512,
  "WLHImagVolume_W1_p": 0.1886701006,
  "WLHImagVolume_W2_p": 0.0002663145,
  "WLHImagVolume_W3_p": 8.3949525857,
  "WLHImagVolume_W4_p": 0.0769426798,
  "WLHImagVolume_r0_p": 0.6796782889,
  "WLHImagVolume_r1_p": 44.3018577007,
  "WLHImagVolume_r2_p": 0.6433316825,
  "WLHImagVolume_r3_p": 55.174575513,
  "WLHImagVolume_r4_p": 0.5567591053,
  "WLHImagVolume_r5_p": 1.4259e-06,
  "WLHImagVolume_a0_p": 0.5842438561,
  "WLHImagVolume_a1_p": 0.2769895236,
  "WLHImagVolume_a2_p": 15.4279932859,
  "WLHImagVolume_a3_p": 0.423517591,
  "WLHImagVolume_a4_p": 0.0026395156,
  "WLHImagVolume_W0_n": 2.8438313777,
  "WLHImagVolume_W1_n": 0.162388422,
  "WLHImagVolume_W2_n": 0.0003913306,
  "WLHImagVolume_W3_n": 7.4995660381,
  "WLHImagVolume_W4_n": -0.0598263801,
  "WLHImagVolume_r0_n": 0.5784016952,
  "WLHImagVolume_r1_n": 105.4562247395,
  "WLHImagVolume_r2_n": 0.7952434218,
  "WLHImagVolume_r3_n": 112.3048911783,
  "WLHImagVolume_r4_n": 0.8686476532,
  "WLHImagVolume_r5_n": 5.4484e-06,
  "WLHImagVolume_a0_n": 0.2915484957,
  "WLHImagVolume_a1_n": 0.5459655821,
  "WLHImagVolume_a2_n": 6.0876298504,
  "WLHImagVolume_a3_n": 0.0961604031,
  "WLHImagVolume_a4_n": 0.0004140239,
  "WLHImagSurface_W0_p": 0.8993844852,
  "WLHImagSurface_W1_p": 0.0439021329,
  "WLHImagSurface_W2_p": 1.1793235388,
  "WLHImagSurface_W3_p": 0.16083424,
  "WLHImagSurface_r0_p": 0.8826983291,
  "WLHImagSurface_r1_p": 0.1351536452,
  "WLHImagSurface_r2_p": 0.0015791507,
  "WLHImagSurface_a0_p": 0.7600658811,
  "WLHImagSurface_W0_n": 0.9289568226,
  "WLHImagSurface_W1_n": 0.0425904751,
  "WLHImagSurface_W2_n": 1.4290154514,
  "WLHImagSurface_W3_n": 0.1787382274,
  "WLHImagSurface_r0_n": 1.3380743909,
  "WLHImagSurface_r1_n": 1.5760999868,
  "WLHImagSurface_r2_n": 0.0008562313,
  "WLHImagSurface_a0_n": 0.911058164,
  "WLHRealSpinOrbit_V0_p": 9.0128538266,
  "WLHRealSpinOrbit_V1_p": 0.0083837387,
  "WLHRealSpinOrbit_r0_p": 1.3349292415,
  "WLHRealSpinOrbit_r1_p": 0.938662641,
  "WLHRealSpinOrbit_a0_p": 0.8390507157,
  "WLHRealSpinOrbit_a1_p": 0.0003790521,
  "WLHRealSpinOrbit_V0_n": 8.8630028809,
  "WLHRealSpinOrbit_V1_n": 0.0087118303,
  "WLHRealSpinOrbit_r0_n": 1.3835623787,
  "WLHRealSpinOrbit_r1_n": 1.011378291,
  "WLHRealSpinOrbit_a0_n": 0.8785357475,
  "WLHRealSpinOrbit_a1_n": 0.0003860016
}