{
  "WLHReal_V0_p": 51.0857259846,
  "WLHReal_V1_p": 0.2572767316,
  "WLHReal_V2_p": -0.000742606,
  "WLHReal_V3_p": 3.2412e-06,
  "WLHReal_V4_p": 12.8525992468,
  "WLHReal_V5_p": 0.133902001,
  "WLHReal_V6_p": 0.0005494482,
  "WLHReal_r0_p": 1.3374288542,
  "WLHReal_r1_p": 0.2633026933,
  "WLHReal_r2_p": 0.000927412,
  "WLHReal_r3_p": 1.13763e-05,
  "WLHReal_a0_p": 0.7939620903,
  "WLHReal_a1_p": 8.07013e-05,
  "WLHReal_a2_p": 9.8828e-06,
  "WLHReal_a3_p": -0.0315056532,
  "WLHReal_a4_p": 0.4930274498,
  "WLHReal_V0_n": 52.8179981806,
  "WLHReal_V1_n": 0.2904808924,
  "WLHReal_V2_n": -0.0001590293,
  "WLHReal_V3_n": 1.7799e-06,
  "WLHReal_V4_n": 21.3153576578,
  "WLHReal_V5_n": 0.2737909062,
  "WLHReal_V6_n": 0.0010150885,
  "WLHReal_r0_n": 1.2761153602,
  "WLHReal_r1_n": 0.2603231837,
  "WLHReal_r2_n": 0.0009161147,
  "WLHReal_r3_n": 8.7344e-06,
  "WLHReal_a0_n": 0.7372403217,
  "WLHReal_a1_n": 0.0008524629,
  "WLHReal_a2_n": 1.07269e-05,
  "WLHReal_a3_n": 0.3085804502,
  "WLHReal_a4_n": 0.9286672846,
  "WLHImagVolume_W0_p": 5.2140596119,
  "WLHImagVolume_W1_p": 0.1991637868,
  "WLHImagVolume_W2_p": 6.47302e-05,
  "WLHImagVolume_W3_p": 8.679234949,
  "WLHImagVolume_W4_p": 0.0834118208,
  "WLHImagVolume_r0_p": 0.9073936266,
  "WLHImagVolume_r1_p": 14.9307921502,
  "WLHImagVolume_r2_p": 0.3935268847,
  "WLHImagVolume_r3_p": 34.4780491296,
  "WLHImagVolume_r4_p": 0.8095304303,
  "WLHImagVolume_r5_p": 1.8544e-06,
  "WLHImagVolume_a0_p": 0.6302413684,
  "WLHImagVolume_a1_p": 0.2096203033,
  "WLHImagVolume_a2_p": 9.6852113776,
  "WLHImagVolume_a3_p": 0.4823472539,
  "WLHImagVolume_a4_p": 0.0034972209,
  "WLHImagVolume_W0_n": 2.8473193964,
  "WLHImagVolume_W1_n": 0.2284890873,
  "WLHImagVolume_W2_n": 0.000413243,
  "WLHImagVolume_W3_n": 8.7071911814,
  "WLHImagVolume_W4_n": 0.0213011133,
  "WLHImagVolume_r0_n": 0.5797480714,
  "WLHImagVolume_r1_n": 78.2600775169,
  "WLHImagVolume_r2_n": 0.6920317712,
  "WLHImagVolume_r3_n": 83.883586292,
  "WLHImagVolume_r4_n": 0.9077872972,
  "WLHImagVolume_r5_n": 3.5368e-06,
  "WLHImagVolume_a0_n": 0.2246086264,
  "WLHImagVolume_a1_n": 0.5842579576,
  "WLHImagVolume_a2_n": 7.074052987,
  "WLHImagVolume_a3_n": 0.0430964093,
  "WLHImagVolume_a4_n": 0.0003867886,
  "WLHImagSurface_W0_p": 0.4340310789,
  "WLHImagSurface_W1_p": -0.0032040316,
  "WLHImagSurface_W2_p": 0.0069774372,
  "WLHImagSurface_W3_p": -0.0162269636,
  "WLHImagSurface_r0_p": 0.7103405407,
  "WLHImagSurface_r1_p": -0.061946976,
  "WLHImagSurface_r2_p": 0.0003842537,
  "WLHImagSurface_a0_p": 0.6239894852,
  "WLHImagSurface_W0_n": 1.6104839618,
  "WLHImagSurface_W1_n": 0.0353009129,
  "WLHImagSurface_W2_n": 1.9968729427,
  "WLHImagSurface_W3_n": 0.120654109,
  "WLHImagSurface_r0_n": 1.2825581133,
  "WLHImagSurface_r1_n": 1.4327185411,
  "WLHImagSurface_r2_n": 0.0032485587,
  "WLHImagSurface_a0_n": 0.845896493,
  "WLHRealSpinOrbit_V0_p": 9.6640952246,
  "WLHRealSpinOrbit_V1_p": 0.0090469783,
  "WLHRealSpinOrbit_r0_p": 1.3277405658,
  "WLHRealSpinOrbit_r1_p": 0.9444127453,
  "WLHRealSpinOrbit_a0_p": 0.8462247756,
  "WLHRealSpinOrbit_a1_p": 0.0003545313,
  "WLHRealSpinOrbit_V0_n": 9.7835911043,
  "WLHRealSpinOrbit_V1_n": 0.0086043166,
  "WLHRealSpinOrbit_r0_n": 1.2648243868,
  "WLHRealSpinOrbit_r1_n": 0.8588302424,
  "WLHRealSpinOrbit_a0_n": 0.7985104904,
  "WLHRealSpinOrbit_a1_n": 0.0003410134
}