{
  "WLHReal_V0_p": 51.5805007263,
  "WLHReal_V1_p": 0.3222767414,
  "WLHReal_V2_p": -0.0009740485,
  "WLHReal_V3_p": 5.6412e-06,
  "WLHReal_V4_p": 9.1763912511,
  "WLHReal_V5_p": 0.1390469111,
  "WLHReal_V6_p": 0.0006171177,
  "WLHReal_r0_p": 1.3968420327,
  "WLHReal_r1_p": 0.3213051704,
  "WLHReal_r2_p": 0.001230434,
  "WLHReal_r3_p": 1.37782e-05,
  "WLHReal_a0_p": 0.8302478889,
  "WLHReal_a1_p": 5.9447e-05,
  "WLHReal_a2_p": 1.18769e-05,
  "WLHReal_a3_p": -0.001394304,
  "WLHReal_a4_p": 0.6263448234,
  "WLHReal_V0_n": 51.8804557704,
  "WLHReal_V1_n": 0.2709355038,
  "WLHReal_V2_n": -0.0006026475,
  "WLHReal_V3_n": 3.7363e-06,
  "WLHReal_V4_n": 21.2661448392,
  "WLHReal_V5_n": 0.3032724328,
  "WLHReal_V6_n": 0.0013967518,
  "WLHReal_r0_n": 1.3038682357,
  "WLHReal_r1_n": 0.2709259357,
  "WLHReal_r2_n": 0.0011507415,
  "WLHReal_r3_n": 1.36165e-05,
  "WLHReal_a0_n": 0.7575425994,
  "WLHReal_a1_n": 0.0011250966,
  "WLHReal_a2_n": 1.66742e-05,
  "WLHReal_a3_n": 0.3467108649,
  "WLHReal_a4_n": 1.0374149737,
  "WLHImagVolume_W0_p": 6.5151201107,
  "WLHImagVolume_W1_p": 0.290247242,
  "WLHImagVolume_W2_p": 0.0006585268,
  "WLHImagVolume_W3_p": 11.5969082614,
  "WLHImagVolume_W4_p": 0.1051798366,
  "WLHImagVolume_r0_p": 0.629212782,
  "WLHImagVolume_r1_p": 60.2860352455,
  "WLHImagVolume_r2_p": 0.7389776978,
  "WLHImagVolume_r3_p": 73.4903537609,
  "WLHImagVolume_r4_p": 0.5226789205,
  "WLHImagVolume_r5_p": 1.2037e-06,
  "WLHImagVolume_a0_p": 0.6267836864,
  "WLHImagVolume_a1_p": 0.2848442871,
  "WLHImagVolume_a2_p": 16.7910958027,
  "WLHImagVolume_a3_p": 0.4646246034,
  "WLHImagVolume_a4_p": 0.0033090395,
  "WLHImagVolume_W0_n": 3.3992941884,
  "WLHImagVolume_W1_n": 0.248106944,
  "WLHImagVolume_W2_n": 0.0004268042,
  "WLHImagVolume_W3_n": 9.6383640082,
  "WLHImagVolume_W4_n": 0.0100015915,
  "WLHImagVolume_r0_n": 0.639493222,
  "WLHImagVolume_r1_n": 70.7394349834,
  "WLHImagVolume_r2_n": 0.6587344635,
  "WLHImagVolume_r3_n": 86.5667864141,
  "WLHImagVolume_r4_n": 1.0050020495,
  "WLHImagVolume_r5_n": 4.2195e-06,
  "WLHImagVolume_a0_n": 0.2730301779,
  "WLHImagVolume_a1_n": 0.5492490018,
  "WLHImagVolume_a2_n": 5.5274980646,
  "WLHImagVolume_a3_n": 0.0432402851,
  "WLHImagVolume_a4_n": 0.0005047703,
  "WLHImagSurface_W0_p": 0.580526806,
  "WLHImagSurface_W1_p": 0.0208212097,
  "WLHImagSurface_W2_p": -0.1595430165,
  "WLHImagSurface_W3_p": 0.075138472,
  "WLHImagSurface_r0_p": 0.8294479977,
  "WLHImagSurface_r1_p": 0.0293729886,
  "WLHImagSurface_r2_p": -0.0021098131,
  "WLHImagSurface_a0_p": 0.8232628578,
  "WLHImagSurface_W0_n": 1.4539363771,
  "WLHImagSurface_W1_n": 0.0390236706,
  "WLHImagSurface_W2_n": 1.7288719913,
  "WLHImagSurface_W3_n": 0.1364702164,
  "WLHImagSurface_r0_n": 1.2720315671,
  "WLHImagSurface_r1_n": 1.4860699451,
  "WLHImagSurface_r2_n": 0.002446131,
  "WLHImagSurface_a0_n": 0.8639753116,
  "WLHRealSpinOrbit_V0_p": 8.7866231004,
  "WLHRealSpinOrbit_V1_p": 0.0086648678,
  "WLHRealSpinOrbit_r0_p": 1.3665695437,
  "WLHRealSpinOrbit_r1_p": 1.0209020055,
  "WLHRealSpinOrbit_a0_p": 0.8743387201,
  "WLHRealSpinOrbit_a1_p": 0.0003229253,
  "WLHRealSpinOrbit_V0_n": 9.7928361875,
  "WLHRealSpinOrbit_V1_n": 0.0089463253,
  "WLHRealSpinOrbit_r0_n": 1.2973360272,
  "WLHRealSpinOrbit_r1_n": 0.9108092725,
  "WLHRealSpinOrbit_a0_n": 0.8266421007,
  "WLHRealSpinOrbit_a1_n": 0.0003358051
}