{
  "WLHReal_V0_p": 48.7138968406,
  "WLHReal_V1_p": 0.2359238577,
  "WLHReal_V2_p": -0.0005156672,
  "WLHReal_V3_p": 2.4955e-06,
  "WLHReal_V4_p": 14.1321574963,
  "WLHReal_V5_p": 0.1109373572,
  "WLHReal_V6_p": 0.0004114692,
  "WLHReal_r0_p": 1.3100586592,
  "WLHReal_r1_p": 0.1939016113,
  "WLHReal_r2_p": 0.0007732138,
  "WLHReal_r3_p": 9.6967e-06,
  "WLHReal_a0_p": 0.7673000579,
  "WLHReal_a1_p": -8.72168e-05,
  "WLHReal_a2_p": 8.6249e-06,
  "WLHReal_a3_p": -0.0494039673,
  "WLHReal_a4_p": 0.4211848795,
  "WLHReal_V0_n": 45.491959546,
  "WLHReal_V1_n": 0.2367837688,
  "WLHReal_V2_n": -0.0002979854,
  "WLHReal_V3_n": 2.6298e-06,
  "WLHReal_V4_n": 21.8996789889,
  "WLHReal_V5_n": 0.2539223176,
  "WLHReal_V6_n": 0.0010198554,
  "WLHReal_r0_n": 1.3066492672,
  "WLHReal_r1_n": 0.1902012999,
  "WLHReal_r2_n": 0.0010064792,
  "WLHReal_r3_n": 1.17309e-05,
  "WLHReal_a0_n": 0.7329471189,
  "WLHReal_a1_n": 0.0012506468,
  "WLHReal_a2_n": 1.50235e-05,
  "WLHReal_a3_n": 0.3979393341,
  "WLHReal_a4_n": 1.0262648669,
  "WLHImagVolume_W0_p": 3.8653230947,
  "WLHImagVolume_W1_p": 0.1010155941,
  "WLHImagVolume_W2_p": -0.0001941652,
  "WLHImagVolume_W3_p": 6.2239347471,
  "WLHImagVolume_W4_p": 0.0530040133,
  "WLHImagVolume_r0_p": 0.9449951176,
  "WLHImagVolume_r1_p": 14.2617568718,
  "WLHImagVolume_r2_p": 0.3417117487,
  "WLHImagVolume_r3_p": 35.1935983439,
  "WLHImagVolume_r4_p": 0.8100211365,
  "WLHImagVolume_r5_p": 1.7534e-06,
  "WLHImagVolume_a0_p": 0.5815254894,
  "WLHImagVolume_a1_p": 0.229352074,
  "WLHImagVolume_a2_p": 11.4463805367,
  "WLHImagVolume_a3_p": 0.42221796,
  "WLHImagVolume_a4_p": 0.0026046931,
  "WLHImagVolume_W0_n": 1.1810958667,
  "WLHImagVolume_W1_n": 0.0536402612,
  "WLHImagVolume_W2_n": 4.26474e-05,
  "WLHImagVolume_W3_n": 4.6583213541,
  "WLHImagVolume_W4_n": -0.0654376296,
  "WLHImagVolume_r0_n": 0.5113754207,
  "WLHImagVolume_r1_n": 111.4770900426,
  "WLHImagVolume_r2_n": 0.7856542461,
  "WLHImagVolume_r3_n": 96.7496422259,
  "WLHImagVolume_r4_n": 0.7280132004,
  "WLHImagVolume_r5_n": 2.7004e-06,
  "WLHImagVolume_a0_n": 0.1776121522,
  "WLHImagVolume_a1_n": 0.6198030132,
  "WLHImagVolume_a2_n": 11.2661066819,
  "WLHImagVolume_a3_n": 0.1191435829,
  "WLHImagVolume_a4_n": 0.000295039,
  "WLHImagSurface_W0_p": 0.6191260334,
  "WLHImagSurface_W1_p": 0.0039464984,
  "WLHImagSurface_W2_p": 0.295087706,
  "WLHImagSurface_W3_p": -0.005584571,
  "WLHImagSurface_r0_p": 0.7928995053,
  "WLHImagSurface_r1_p": -0.1216668088,
  "WLHImagSurface_r2_p": 0.0022063929,
  "WLHImagSurface_a0_p": 0.6998226226,
  "WLHImagSurface_W0_n": 0.7186352698,
  "WLHImagSurface_W1_n": 0.0123259451,
  "WLHImagSurface_W2_n": 0.7550224209,
  "WLHImagSurface_W3_n": 0.0788435474,
  "WLHImagSurface_r0_n": 1.3410149129,
  "WLHImagSurface_r1_n": 1.2921683335,
  "WLHImagSurface_r2_n": 0.0023931445,
  "WLHImagSurface_a0_n": 0.8731381553,
  "WLHRealSpinOrbit_V0_p": 9.654478936,
  "WLHRealSpinOrbit_V1_p": 0.0088185827,
  "WLHRealSpinOrbit_r0_p": 1.3142701175,
  "WLHRealSpinOrbit_r1_p": 0.9081315186,
  "WLHRealSpinOrbit_a0_p": 0.8301235089,
  "WLHRealSpinOrbit_a1_p": 0.000384287,
  "WLHRealSpinOrbit_V0_n": 9.132928663,
  "WLHRealSpinOrbit_V1_n": 0.0081191821,
  "WLHRealSpinOrbit_r0_n": 1.3027139337,
  "WLHRealSpinOrbit_r1_n": 0.8766623595,
  "WLHRealSpinOrbit_a0_n": 0.8104673252,
  "WLHRealSpinOrbit_a1_n": 0.0004101076
}