{
  "WLHReal_V0_p": 51.6210266838,
  "WLHReal_V1_p": 0.2849310606,
  "WLHReal_V2_p": -0.0005335035,
  "WLHReal_V3_p": 3.9297e-06,
  "WLHReal_V4_p": 12.172786724,
  "WLHReal_V5_p": 0.1312793243,
  "WLHReal_V6_p": 0.0004630524,
  "WLHReal_r0_p": 1.3372786781,
  "WLHReal_r1_p": 0.2808494194,
  "WLHReal_r2_p": 0.0009165037,
  "WLHReal_r3_p": 1.02922e-05,
  "WLHReal_a0_p": 0.7929418363,
  "WLHReal_a1_p": 5.61122e-05,
  "WLHReal_a2_p": 7.9227e-06,
  "WLHReal_a3_p": -0.0003085678,
  "WLHReal_a4_p": 0.5324744155,
  "WLHReal_V0_n": 49.1990336109,
  "WLHReal_V1_n": 0.2659348144,
  "WLHReal_V2_n": -0.0007828637,
  "WLHReal_V3_n": 4.8278e-06,
  "WLHReal_V4_n": 20.4650503309,
  "WLHReal_V5_n": 0.3150409343,
  "WLHReal_V6_n": 0.001486007,
  "WLHReal_r0_n": 1.3551936662,
  "WLHReal_r1_n": 0.3348971844,
  "WLHReal_r2_n": 0.0011735782,
  "WLHReal_r3_n": 1.37135e-05,
  "WLHReal_a0_n": 0.7631302461,
  "WLHReal_a1_n": 0.0012960595,
  "WLHReal_a2_n": 1.70674e-05,
  "WLHReal_a3_n": 0.3213249695,
  "WLHReal_a4_n": 0.992971074,
  "WLHImagVolume_W0_p": 4.9704864338,
  "WLHImagVolume_W1_p": 0.2126911395,
  "WLHImagVolume_W2_p": 0.0002688465,
  "WLHImagVolume_W3_p": 9.8713033616,
  "WLHImagVolume_W4_p": 0.0807639113,
  "WLHImagVolume_r0_p": 0.745229496,
  "WLHImagVolume_r1_p": 38.2551178773,
  "WLHImagVolume_r2_p": 0.5581153166,
  "WLHImagVolume_r3_p": 53.389957876,
  "WLHImagVolume_r4_p": 0.666497691,
  "WLHImagVolume_r5_p": 1.3613e-06,
  "WLHImagVolume_a0_p": 0.5944309699,
  "WLHImagVolume_a1_p": 0.2564571969,
  "WLHImagVolume_a2_p": 13.6695168171,
  "WLHImagVolume_a3_p": 0.4419343446,
  "WLHImagVolume_a4_p": 0.0028759113,
  "WLHImagVolume_W0_n": 2.9306412638,
  "WLHImagVolume_W1_n": 0.2331054699,
  "WLHImagVolume_W2_n": 0.0005927948,
  "WLHImagVolume_W3_n": 8.1841067128,
  "WLHImagVolume_W4_n": -0.0041957677,
  "WLHImagVolume_r0_n": 0.5250542416,
  "WLHImagVolume_r1_n": 100.0372157766,
  "WLHImagVolume_r2_n": 0.8186451604,
  "WLHImagVolume_r3_n": 104.7237059556,
  "WLHImagVolume_r4_n": 0.8450758855,
  "WLHImagVolume_r5_n": 4.7579e-06,
  "WLHImagVolume_a0_n": 0.2658898535,
  "WLHImagVolume_a1_n": 0.573317644,
  "WLHImagVolume_a2_n": 5.9050428399,
  "WLHImagVolume_a3_n": 0.0707482649,
  "WLHImagVolume_a4_n": 0.0004935911,
  "WLHImagSurface_W0_p": 0.692253675,
  "WLHImagSurface_W1_p": 0.0201889125,
  "WLHImagSurface_W2_p": 0.3779395652,
  "WLHImagSurface_W3_p": 0.0670058149,
  "WLHImagSurface_r0_p": 0.8468717656,
  "WLHImagSurface_r1_p": 0.135125303,
  "WLHImagSurface_r2_p": 0.0014108341,
  "WLHImagSurface_a0_p": 0.741606732,
  "WLHImagSurface_W0_n": 1.5327755099,
  "WLHImagSurface_W1_n": 0.0510914798,
  "WLHImagSurface_W2_n": 2.5852292684,
  "WLHImagSurface_W3_n": 0.1935756814,
  "WLHImagSurface_r0_n": 1.3277355005,
  "WLHImagSurface_r1_n": 1.6052582153,
  "WLHImagSurface_r2_n": 0.0021045571,
  "WLHImagSurface_a0_n": 0.8802159073,
  "WLHRealSpinOrbit_V0_p": 9.3937203175,
  "WLHRealSpinOrbit_V1_p": 0.0086864724,
  "WLHRealSpinOrbit_r0_p": 1.3175150237,
  "WLHRealSpinOrbit_r1_p": 0.9299173824,
  "WLHRealSpinOrbit_a0_p": 0.8349165704,
  "WLHRealSpinOrbit_a1_p": 0.0003526483,
  "WLHRealSpinOrbit_V0_n": 9.0284245385,
  "WLHRealSpinOrbit_V1_n": 0.0084701916,
  "WLHRealSpinOrbit_r0_n": 1.3379706909,
  "WLHRealSpinOrbit_r1_n": 0.9503424046,
  "WLHRealSpinOrbit_a0_n": 0.8443849233,
  "WLHRealSpinOrbit_a1_n": 0.0003693925
}