{
  "WLHReal_V0_p": 55.8286795883,
  "WLHReal_V1_p": 0.2947642095,
  "WLHReal_V2_p": -2.1977e-06,
  "WLHReal_V3_p": 1.5951e-06,
  "WLHReal_V4_p": 14.0015735508,
  "WLHReal_V5_p": 0.1330757068,
  "WLHReal_V6_p": 0.0003163488,
  "WLHReal_r0_p": 1.2630232715,
  "WLHReal_r1_p": 0.2520096987,
  "WLHReal_r2_p": 0.000881672,
  "WLHReal_r3_p": 7.0629e-06,
  "WLHReal_a0_p": 0.7737584093,
  "WLHReal_a1_p": 0.0002148213,
  "WLHReal_a2_p": 5.0772e-06,
  "WLHReal_a3_p": 0.0620185618,
  "WLHReal_a4_p": 0.5930276315,
  "WLHReal_V0_n": 52.0341880561,
  "WLHReal_V1_n": 0.2641784189,
  "WLHReal_V2_n": 0.0001427204,
  "WLHReal_V3_n": 1.2222e-06,
  "WLHReal_V4_n": 22.0541696448,
  "WLHReal_V5_n": 0.2477206581,
  "WLHReal_V6_n": 0.0006507942,
  "WLHReal_r0_n": 1.2717289322,
  "WLHReal_r1_n": 0.2971913684,
  "WLHReal_r2_n": 0.0006102331,
  "WLHReal_r3_n": 3.8083e-06,
  "WLHReal_a0_n": 0.7166928037,
  "WLHReal_a1_n": 0.0005052842,
  "WLHReal_a2_n": 4.0964e-06,
  "WLHReal_a3_n": 0.2554196778,
  "WLHReal_a4_n": 0.7415306063,
  "WLHImagVolume_W0_p": 4.4248974694,
  "WLHImagVolume_W1_p": 0.250514922,
  "WLHImagVolume_W2_p": 0.0002294264,
  "WLHImagVolume_W3_p": 12.8063799191,
  "WLHImagVolume_W4_p": 0.0819532899,
  "WLHImagVolume_r0_p": 0.7796360467,
  "WLHImagVolume_r1_p": 26.5685386606,
  "WLHImagVolume_r2_p": 0.4406006892,
  "WLHImagVolume_r3_p": 43.687538939,
  "WLHImagVolume_r4_p": 0.8341023698,
  "WLHImagVolume_r5_p": 2.3131e-06,
  "WLHImagVolume_a0_p": 0.5813357741,
  "WLHImagVolume_a1_p": 0.2227964531,
  "WLHImagVolume_a2_p": 9.8903724137,
  "WLHImagVolume_a3_p": 0.4558768573,
  "WLHImagVolume_a4_p": 0.002909757,
  "WLHImagVolume_W0_n": 1.7528698248,
  "WLHImagVolume_W1_n": 0.1732249847,
  "WLHImagVolume_W2_n": 0.0001761341,
  "WLHImagVolume_W3_n": 6.7474554901,
  "WLHImagVolume_W4_n": 0.0057319068,
  "WLHImagVolume_r0_n": 0.555174768,
  "WLHImagVolume_r1_n": 76.4677881206,
  "WLHImagVolume_r2_n": 0.7036289431,
  "WLHImagVolume_r3_n": 74.5037607623,
  "WLHImagVolume_r4_n": 0.91551145,
  "WLHImagVolume_r5_n": 3.2578e-06,
  "WLHImagVolume_a0_n": 0.1948001252,
  "WLHImagVolume_a1_n": 0.6210366229,
  "WLHImagVolume_a2_n": 10.3026282939,
  "WLHImagVolume_a3_n": 0.0931316003,
  "WLHImagVolume_a4_n": 0.0008776832,
  "WLHImagSurface_W0_p": 0.6443347896,
  "WLHImagSurface_W1_p": 0.0064232098,
  "WLHImagSurface_W2_p": 0.1582349251,
  "WLHImagSurface_W3_p": 0.0139044872,
  "WLHImagSurface_r0_p": 0.8703811364,
  "WLHImagSurface_r1_p": 0.4851562281,
  "WLHImagSurface_r2_p": 0.004572935,
  "WLHImagSurface_a0_p": 0.6585368127,
  "WLHImagSurface_W0_n": 1.1850907622,
  "WLHImagSurface_W1_n": 0.0136442607,
  "WLHImagSurface_W2_n": 1.5780564811,
  "WLHImagSurface_W3_n": 0.0710241673,
  "WLHImagSurface_r0_n": 1.2810734539,
  "WLHImagSurface_r1_n": 1.2699788441,
  "WLHImagSurface_r2_n": 0.0035536502,
  "WLHImagSurface_a0_n": 0.8378553517,
  "WLHRealSpinOrbit_V0_p": 10.309184329,
  "WLHRealSpinOrbit_V1_p": 0.0089512919,
  "WLHRealSpinOrbit_r0_p": 1.2437292771,
  "WLHRealSpinOrbit_r1_p": 0.8339880219,
  "WLHRealSpinOrbit_a0_p": 0.7889219638,
  "WLHRealSpinOrbit_a1_p": 0.000328523,
  "WLHRealSpinOrbit_V0_n": 9.7784173665,
  "WLHRealSpinOrbit_V1_n": 0.0082898773,
  "WLHRealSpinOrbit_r0_n": 1.2488930554,
  "WLHRealSpinOrbit_r1_n": 0.8074884019,
  "WLHRealSpinOrbit_a0_n": 0.7758582822,
  "WLHRealSpinOrbit_a1_n": 0.0003845768
}