{
  "WLHReal_V0_p": 60.604114548,
  "WLHReal_V1_p": 0.3297684619,
  "WLHReal_V2_p": 0.0011014329,
  "WLHReal_V3_p": -2.451e-06,
  "WLHReal_V4_p": 16.0954399841,
  "WLHReal_V5_p": 0.1372227205,
  "WLHReal_V6_p": -3.45252e-05,
  "WLHReal_r0_p": 1.1792085201,
  "WLHReal_r1_p": 0.2920205431,
  "WLHReal_r2_p": 0.0005249482,
  "WLHReal_r3_p": -9.253e-07,
  "WLHReal_a0_p": 0.7355939432,
  "WLHReal_a1_p": 0.0003545816,
  "WLHReal_a2_p": -3.085e-06,
  "WLHReal_a3_p": 0.1741530082,
  "WLHReal_a4_p": 0.6346314778,
  "WLHReal_V0_n": 54.6110120301,
  "WLHReal_V1_n": 0.3142321616,
  "WLHReal_V2_n": -0.0001106893,
  "WLHReal_V3_n": 2.4273e-06,
  "WLHReal_V4_n": 20.472946506,
  "WLHReal_V5_n": 0.2851765745,
  "WLHReal_V6_n": 0.0009646391,
  "WLHReal_r0_n": 1.2964627472,
  "WLHReal_r1_n": 0.3551572969,
  "WLHReal_r2_n": 0.0007972047,
  "WLHReal_r3_n": 6.2383e-06,
  "WLHReal_a0_n": 0.7375004071,
  "WLHReal_a1_n": 0.000673556,
  "WLHReal_a2_n": 7.2803e-06,
  "WLHReal_a3_n": 0.2244644169,
  "WLHReal_a4_n": 0.7909887009,
  "WLHImagVolume_W0_p": 2.6523245377,
  "WLHImagVolume_W1_p": 0.2713254324,
  "WLHImagVolume_W2_p": 0.0003816579,
  "WLHImagVolume_W3_p": 16.2887661883,
  "WLHImagVolume_W4_p": 0.0681595522,
  "WLHImagVolume_r0_p": 0.5296925538,
  "WLHImagVolume_r1_p": 48.2488312189,
  "WLHImagVolume_r2_p": 0.590344777,
  "WLHImagVolume_r3_p": 56.7011138001,
  "WLHImagVolume_r4_p": 0.7443363372,
  "WLHImagVolume_r5_p": 2.5847e-06,
  "WLHImagVolume_a0_p": 0.4879132581,
  "WLHImagVolume_a1_p": 0.2671947152,
  "WLHImagVolume_a2_p": 12.2845734112,
  "WLHImagVolume_a3_p": 0.383833867,
  "WLHImagVolume_a4_p": 0.0015967036,
  "WLHImagVolume_W0_n": 3.0968478695,
  "WLHImagVolume_W1_n": 0.2986620863,
  "WLHImagVolume_W2_n": 0.0007079827,
  "WLHImagVolume_W3_n": 9.2366004439,
  "WLHImagVolume_W4_n": 0.0558936549,
  "WLHImagVolume_r0_n": 0.5094657778,
  "WLHImagVolume_r1_n": 85.1579107947,
  "WLHImagVolume_r2_n": 0.779512111,
  "WLHImagVolume_r3_n": 89.7998912064,
  "WLHImagVolume_r4_n": 0.860010437,
  "WLHImagVolume_r5_n": 2.6405e-06,
  "WLHImagVolume_a0_n": 0.2315695575,
  "WLHImagVolume_a1_n": 0.5963890681,
  "WLHImagVolume_a2_n": 5.8936760391,
  "WLHImagVolume_a3_n": 0.0326983128,
  "WLHImagVolume_a4_n": 0.0004901557,
  "WLHImagSurface_W0_p": 1.2539467642,
  "WLHImagSurface_W1_p": 0.0520932179,
  "WLHImagSurface_W2_p": 1.530268812,
  "WLHImagSurface_W3_p": 0.1804226955,
  "WLHImagSurface_r0_p": 1.1589608017,
  "WLHImagSurface_r1_p": 1.2778944038,
  "WLHImagSurface_r2_p": 0.0114793244,
  "WLHImagSurface_a0_p": 0.7303529925,
  "WLHImagSurface_W0_n": 2.1127178084,
  "WLHImagSurface_W1_n": 0.0534500177,
  "WLHImagSurface_W2_n": 3.3445257381,
  "WLHImagSurface_W3_n": 0.1793343804,
  "WLHImagSurface_r0_n": 1.297937575,
  "WLHImagSurface_r1_n": 1.5710113508,
  "WLHImagSurface_r2_n": 0.0036107384,
  "WLHImagSurface_a0_n": 0.8402225458,
  "WLHRealSpinOrbit_V0_p": 10.814422989,
  "WLHRealSpinOrbit_V1_p": 0.0083946981,
  "WLHRealSpinOrbit_r0_p": 1.1379514145,
  "WLHRealSpinOrbit_r1_p": 0.6707937827,
  "WLHRealSpinOrbit_a0_p": 0.7050390132,
  "WLHRealSpinOrbit_a1_p": 0.0003335228,
  "WLHRealSpinOrbit_V0_n": 9.5077168288,
  "WLHRealSpinOrbit_V1_n": 0.0083705045,
  "WLHRealSpinOrbit_r0_n": 1.2697546287,
  "WLHRealSpinOrbit_r1_n": 0.8647493389,
  "WLHRealSpinOrbit_a0_n": 0.7983244971,
  "WLHRealSpinOrbit_a1_n": 0.0003391051
}