{
  "WLHReal_V0_p": 61.4067959846,
  "WLHReal_V1_p": 0.3841801912,
  "WLHReal_V2_p": 0.0013709767,
  "WLHReal_V3_p": -1.0326e-06,
  "WLHReal_V4_p": 14.180219758,
  "WLHReal_V5_p": 0.1461799554,
  "WLHReal_V6_p": -0.0001331988,
  "WLHReal_r0_p": 1.2113541083,
  "WLHReal_r1_p": 0.3930550863,
  "WLHReal_r2_p": 0.0004330279,
  "WLHReal_r3_p": -4.2109e-06,
  "WLHReal_a0_p": 0.7439734809,
  "WLHReal_a1_p": 0.000349288,
  "WLHReal_a2_p": -5.2409e-06,
  "WLHReal_a3_p": 0.2272659873,
  "WLHReal_a4_p": 0.6898422954,
  "WLHReal_V0_n": 54.819173981,
  "WLHReal_V1_n": 0.2883363773,
  "WLHReal_V2_n": 0.00016265,
  "WLHReal_V3_n": 8.966e-07,
  "WLHReal_V4_n": 21.9109359313,
  "WLHReal_V5_n": 0.2550894057,
  "WLHReal_V6_n": 0.0007148829,
  "WLHReal_r0_n": 1.2489205616,
  "WLHReal_r1_n": 0.2808685796,
  "WLHReal_r2_n": 0.0006664907,
  "WLHReal_r3_n": 4.4849e-06,
  "WLHReal_a0_n": 0.7212648636,
  "WLHReal_a1_n": 0.000460331,
  "WLHReal_a2_n": 4.1245e-06,
  "WLHReal_a3_n": 0.2574720337,
  "WLHReal_a4_n": 0.7867224064,
  "WLHImagVolume_W0_p": 2.5688185039,
  "WLHImagVolume_W1_p": 0.3162641963,
  "WLHImagVolume_W2_p": 0.0008718468,
  "WLHImagVolume_W3_p": 18.328957069,
  "WLHImagVolume_W4_p": 0.0720367432,
  "WLHImagVolume_r0_p": 0.1545492974,
  "WLHImagVolume_r1_p": 98.0681331746,
  "WLHImagVolume_r2_p": 0.9930915406,
  "WLHImagVolume_r3_p": 94.2907831317,
  "WLHImagVolume_r4_p": 0.382895739,
  "WLHImagVolume_r5_p": 1.2807e-06,
  "WLHImagVolume_a0_p": 0.4311481848,
  "WLHImagVolume_a1_p": 0.3656256618,
  "WLHImagVolume_a2_p": 20.6650880645,
  "WLHImagVolume_a3_p": 0.3156610878,
  "WLHImagVolume_a4_p": 0.0005772639,
  "WLHImagVolume_W0_n": 2.5904353928,
  "WLHImagVolume_W1_n": 0.2341544191,
  "WLHImagVolume_W2_n": 0.0002904138,
  "WLHImagVolume_W3_n": 8.6728591782,
  "WLHImagVolume_W4_n": 0.0357089387,
  "WLHImagVolume_r0_n": 0.6074166129,
  "WLHImagVolume_r1_n": 61.6260925157,
  "WLHImagVolume_r2_n": 0.6345091979,
  "WLHImagVolume_r3_n": 69.2274358111,
  "WLHImagVolume_r4_n": 0.9921085268,
  "WLHImagVolume_r5_n": 3.6143e-06,
  "WLHImagVolume_a0_n": 0.2134939652,
  "WLHImagVolume_a1_n": 0.5964639745,
  "WLHImagVolume_a2_n": 8.2827952675,
  "WLHImagVolume_a3_n": 0.0509320003,
  "WLHImagVolume_a4_n": 0.0007253596,
  "WLHImagSurface_W0_p": 1.8322913493,
  "WLHImagSurface_W1_p": 0.1122318126,
  "WLHImagSurface_W2_p": 2.7328542621,
  "WLHImagSurface_W3_p": 0.4073389459,
  "WLHImagSurface_r0_p": 1.41417749,
  "WLHImagSurface_r1_p": 1.6668196424,
  "WLHImagSurface_r2_p": 0.0127554608,
  "WLHImagSurface_a0_p": 0.9425949595,
  "WLHImagSurface_W0_n": 1.5207366793,
  "WLHImagSurface_W1_n": 0.0223157474,
  "WLHImagSurface_W2_n": 1.7719811249,
  "WLHImagSurface_W3_n": 0.079197427,
  "WLHImagSurface_r0_n": 1.2529438814,
  "WLHImagSurface_r1_n": 1.317385026,
  "WLHImagSurface_r2_n": 0.0038113611,
  "WLHImagSurface_a0_n": 0.828136142,
  "WLHRealSpinOrbit_V0_p": 9.9860779509,
  "WLHRealSpinOrbit_V1_p": 0.0075605984,
  "WLHRealSpinOrbit_r0_p": 1.1390546109,
  "WLHRealSpinOrbit_r1_p": 0.666880517,
  "WLHRealSpinOrbit_a0_p": 0.6942690409,
  "WLHRealSpinOrbit_a1_p": 0.0003392047,
  "WLHRealSpinOrbit_V0_n": 10.1503664818,
  "WLHRealSpinOrbit_V1_n": 0.0086162576,
  "WLHRealSpinOrbit_r0_n": 1.2310667304,
  "WLHRealSpinOrbit_r1_n": 0.804861383,
  "WLHRealSpinOrbit_a0_n": 0.7732466544,
  "WLHRealSpinOrbit_a1_n": 0.0003452945
}