{
  "WLHReal_V0_p": 48.2896530585,
  "WLHReal_V1_p": 0.2581745115,
  "WLHReal_V2_p": -0.0005432045,
  "WLHReal_V3_p": 3.0078e-06,
  "WLHReal_V4_p": 12.8099284904,
  "WLHReal_V5_p": 0.1161000281,
  "WLHReal_V6_p": 0.0004153002,
  "WLHReal_r0_p": 1.3425349583,
  "WLHReal_r1_p": 0.2479473525,
  "WLHReal_r2_p": 0.0007566082,
  "WLHReal_r3_p": 9.0422e-06,
  "WLHReal_a0_p": 0.7773915616,
  "WLHReal_a1_p": -0.0001113062,
  "WLHReal_a2_p": 9.3293e-06,
  "WLHReal_a3_p": -0.0399578712,
  "WLHReal_a4_p": 0.4367011187,
  "WLHReal_V0_n": 53.543562304,
  "WLHReal_V1_n": 0.3015818268,
  "WLHReal_V2_n": -0.0004604131,
  "WLHReal_V3_n": 3.4501e-06,
  "WLHReal_V4_n": 20.4579638177,
  "WLHReal_V5_n": 0.3057112676,
  "WLHReal_V6_n": 0.0012860152,
  "WLHReal_r0_n": 1.311799543,
  "WLHReal_r1_n": 0.332183816,
  "WLHReal_r2_n": 0.001034342,
  "WLHReal_r3_n": 1.04462e-05,
  "WLHReal_a0_n": 0.7540879283,
  "WLHReal_a1_n": 0.0009687998,
  "WLHReal_a2_n": 1.23996e-05,
  "WLHReal_a3_n": 0.2792685362,
  "WLHReal_a4_n": 0.9289546784,
  "WLHImagVolume_W0_p": 4.0682018955,
  "WLHImagVolume_W1_p": 0.1193411606,
  "WLHImagVolume_W2_p": 4.07205e-05,
  "WLHImagVolume_W3_p": 6.6149629228,
  "WLHImagVolume_W4_p": 0.0568803026,
  "WLHImagVolume_r0_p": 0.7781271775,
  "WLHImagVolume_r1_p": 37.7164870311,
  "WLHImagVolume_r2_p": 0.5401538886,
  "WLHImagVolume_r3_p": 53.0135091928,
  "WLHImagVolume_r4_p": 0.6217269005,
  "WLHImagVolume_r5_p": 4.177e-07,
  "WLHImagVolume_a0_p": 0.5649520584,
  "WLHImagVolume_a1_p": 0.2763180303,
  "WLHImagVolume_a2_p": 15.6475852805,
  "WLHImagVolume_a3_p": 0.3956947413,
  "WLHImagVolume_a4_p": 0.0022471169,
  "WLHImagVolume_W0_n": 3.5505131601,
  "WLHImagVolume_W1_n": 0.3016219633,
  "WLHImagVolume_W2_n": 0.0006973264,
  "WLHImagVolume_W3_n": 9.947757981,
  "WLHImagVolume_W4_n": 0.042114321,
  "WLHImagVolume_r0_n": 0.5604401658,
  "WLHImagVolume_r1_n": 81.4144042688,
  "WLHImagVolume_r2_n": 0.7453823615,
  "WLHImagVolume_r3_n": 93.0868295079,
  "WLHImagVolume_r4_n": 0.916440146,
  "WLHImagVolume_r5_n": 3.9449e-06,
  "WLHImagVolume_a0_n": 0.2637828897,
  "WLHImagVolume_a1_n": 0.5665287236,
  "WLHImagVolume_a2_n": 4.6509572598,
  "WLHImagVolume_a3_n": 0.0269415836,
  "WLHImagVolume_a4_n": 0.0004245711,
  "WLHImagSurface_W0_p": 0.8544016096,
  "WLHImagSurface_W1_p": 0.0314035191,
  "WLHImagSurface_W2_p": 0.8170396203,
  "WLHImagSurface_W3_p": 0.0995982794,
  "WLHImagSurface_r0_p": 0.8868312958,
  "WLHImagSurface_r1_p": -0.0348374915,
  "WLHImagSurface_r2_p": 0.0018627616,
  "WLHImagSurface_a0_p": 0.8009454108,
  "WLHImagSurface_W0_n": 1.9806337886,
  "WLHImagSurface_W1_n": 0.0561735466,
  "WLHImagSurface_W2_n": 2.9715645499,
  "WLHImagSurface_W3_n": 0.187311948,
  "WLHImagSurface_r0_n": 1.2919904166,
  "WLHImagSurface_r1_n": 1.6078637358,
  "WLHImagSurface_r2_n": 0.0029525947,
  "WLHImagSurface_a0_n": 0.8552430542,
  "WLHRealSpinOrbit_V0_p": 9.1030378754,
  "WLHRealSpinOrbit_V1_p": 0.0084317056,
  "WLHRealSpinOrbit_r0_p": 1.3326171876,
  "WLHRealSpinOrbit_r1_p": 0.9314055266,
  "WLHRealSpinOrbit_a0_p": 0.8374688298,
  "WLHRealSpinOrbit_a1_p": 0.0003891481,
  "WLHRealSpinOrbit_V0_n": 9.5336277754,
  "WLHRealSpinOrbit_V1_n": 0.0086671408,
  "WLHRealSpinOrbit_r0_n": 1.2937751146,
  "WLHRealSpinOrbit_r1_n": 0.9073602132,
  "WLHRealSpinOrbit_a0_n": 0.8209470799,
  "WLHRealSpinOrbit_a1_n": 0.0003297304
}