{
  "WLHReal_V0_p": 48.5366375187,
  "WLHReal_V1_p": 0.2630062911,
  "WLHReal_V2_p": -0.0008616656,
  "WLHReal_V3_p": 4.2638e-06,
  "WLHReal_V4_p": 11.7710791254,
  "WLHReal_V5_p": 0.1238289528,
  "WLHReal_V6_p": 0.0005437494,
  "WLHReal_r0_p": 1.3682575023,
  "WLHReal_r1_p": 0.2615692358,
  "WLHReal_r2_p": 0.0009302734,
  "WLHReal_r3_p": 1.17204e-05,
  "WLHReal_a0_p": 0.7973021724,
  "WLHReal_a1_p": -6.67715e-05,
  "WLHReal_a2_p": 1.11433e-05,
  "WLHReal_a3_p": -0.0520363339,
  "WLHReal_a4_p": 0.4715566005,
  "WLHReal_V0_n": 53.5673925455,
  "WLHReal_V1_n": 0.3111398292,
  "WLHReal_V2_n": 0.0005842495,
  "WLHReal_V3_n": -2.933e-07,
  "WLHReal_V4_n": 21.7215303306,
  "WLHReal_V5_n": 0.2191120523,
  "WLHReal_V6_n": 0.000361046,
  "WLHReal_r0_n": 1.2263348277,
  "WLHReal_r1_n": 0.2220910443,
  "WLHReal_r2_n": 0.0005272194,
  "WLHReal_r3_n": 2.1143e-06,
  "WLHReal_a0_n": 0.701426021,
  "WLHReal_a1_n": 0.0004194013,
  "WLHReal_a2_n": 1.7095e-06,
  "WLHReal_a3_n": 0.2635414961,
  "WLHReal_a4_n": 0.7651870105,
  "WLHImagVolume_W0_p": 5.0570730028,
  "WLHImagVolume_W1_p": 0.1621270009,
  "WLHImagVolume_W2_p": 0.0001326309,
  "WLHImagVolume_W3_p": 7.2414141275,
  "WLHImagVolume_W4_p": 0.0734990006,
  "WLHImagVolume_r0_p": 0.8168548818,
  "WLHImagVolume_r1_p": 33.7576800423,
  "WLHImagVolume_r2_p": 0.526214964,
  "WLHImagVolume_r3_p": 50.769748371,
  "WLHImagVolume_r4_p": 0.650278312,
  "WLHImagVolume_r5_p": 1.6013e-06,
  "WLHImagVolume_a0_p": 0.605758136,
  "WLHImagVolume_a1_p": 0.2576678729,
  "WLHImagVolume_a2_p": 14.3236452986,
  "WLHImagVolume_a3_p": 0.437875355,
  "WLHImagVolume_a4_p": 0.0029184694,
  "WLHImagVolume_W0_n": 1.6962384859,
  "WLHImagVolume_W1_n": 0.1665984055,
  "WLHImagVolume_W2_n": 0.0002748819,
  "WLHImagVolume_W3_n": 6.68653405,
  "WLHImagVolume_W4_n": 0.0263090963,
  "WLHImagVolume_r0_n": 0.4952954977,
  "WLHImagVolume_r1_n": 89.4639582231,
  "WLHImagVolume_r2_n": 0.7283220738,
  "WLHImagVolume_r3_n": 77.1904654644,
  "WLHImagVolume_r4_n": 0.757902247,
  "WLHImagVolume_r5_n": 1.2368e-06,
  "WLHImagVolume_a0_n": 0.1390422284,
  "WLHImagVolume_a1_n": 0.6438603163,
  "WLHImagVolume_a2_n": 10.4274476264,
  "WLHImagVolume_a3_n": 0.0543211518,
  "WLHImagVolume_a4_n": 0.0002329425,
  "WLHImagSurface_W0_p": 0.6237080413,
  "WLHImagSurface_W1_p": 0.0159171496,
  "WLHImagSurface_W2_p": 0.2844106928,
  "WLHImagSurface_W3_p": 0.0484504681,
  "WLHImagSurface_r0_p": 0.791068241,
  "WLHImagSurface_r1_p": -0.1687805081,
  "WLHImagSurface_r2_p": -0.000388866,
  "WLHImagSurface_a0_p": 0.7568678376,
  "WLHImagSurface_W0_n": 1.6556022593,
  "WLHImagSurface_W1_n": 0.0211700685,
  "WLHImagSurface_W2_n": 2.0007234122,
  "WLHImagSurface_W3_n": 0.0724876893,
  "WLHImagSurface_r0_n": 1.2972895014,
  "WLHImagSurface_r1_n": 1.2858623004,
  "WLHImagSurface_r2_n": 0.0044729454,
  "WLHImagSurface_a0_n": 0.8177591396,
  "WLHRealSpinOrbit_V0_p": 9.0438513918,
  "WLHRealSpinOrbit_V1_p": 0.0086795453,
  "WLHRealSpinOrbit_r0_p": 1.3578763846,
  "WLHRealSpinOrbit_r1_p": 0.9801745598,
  "WLHRealSpinOrbit_a0_p": 0.861252121,
  "WLHRealSpinOrbit_a1_p": 0.0003710466,
  "WLHRealSpinOrbit_V0_n": 9.8180240905,
  "WLHRealSpinOrbit_V1_n": 0.0080527613,
  "WLHRealSpinOrbit_r0_n": 1.209900035,
  "WLHRealSpinOrbit_r1_n": 0.7668355451,
  "WLHRealSpinOrbit_a0_n": 0.7503192438,
  "WLHRealSpinOrbit_a1_n": 0.0003577175
}