{
  "WLHReal_V0_p": 57.0581964275,
  "WLHReal_V1_p": 0.3752615141,
  "WLHReal_V2_p": -0.0002160023,
  "WLHReal_V3_p": 3.9228e-06,
  "WLHReal_V4_p": 9.5786068288,
  "WLHReal_V5_p": 0.1558428681,
  "WLHReal_V6_p": 0.0004102951,
  "WLHReal_r0_p": 1.3509105756,
  "WLHReal_r1_p": 0.4006769671,
  "WLHReal_r2_p": 0.0010796797,
  "WLHReal_r3_p": 7.7844e-06,
  "WLHReal_a0_p": 0.8195538101,
  "WLHReal_a1_p": 0.0002665558,
  "WLHReal_a2_p": 6.0402e-06,
  "WLHReal_a3_p": 0.108485767,
  "WLHReal_a4_p": 0.7278195795,
  "WLHReal_V0_n": 60.2961307345,
  "WLHReal_V1_n": 0.352396663,
  "WLHReal_V2_n": 0.0005595436,
  "WLHReal_V3_n": -1.916e-07,
  "WLHReal_V4_n": 21.1426973493,
  "WLHReal_V5_n": 0.2498290379,
  "WLHReal_V6_n": 0.0004758492,
  "WLHReal_r0_n": 1.2122221588,
  "WLHReal_r1_n": 0.3132921179,
  "WLHReal_r2_n": 0.0004878175,
  "WLHReal_r3_n": 1.0411e-06,
  "WLHReal_a0_n": 0.7121017602,
  "WLHReal_a1_n": 8.70945e-05,
  "WLHReal_a2_n": -8.011e-07,
  "WLHReal_a3_n": 0.1760956045,
  "WLHReal_a4_n": 0.6752696118,
  "WLHImagVolume_W0_p": 6.0225586479,
  "WLHImagVolume_W1_p": 0.3795598498,
  "WLHImagVolume_W2_p": 0.0010340036,
  "WLHImagVolume_W3_p": 16.468165378,
  "WLHImagVolume_W4_p": 0.1145951799,
  "WLHImagVolume_r0_p": 0.3543021539,
  "WLHImagVolume_r1_p": 86.3616206411,
  "WLHImagVolume_r2_p": 0.9486216653,
  "WLHImagVolume_r3_p": 90.6722909985,
  "WLHImagVolume_r4_p": 0.4033761304,
  "WLHImagVolume_r5_p": 1.1212e-06,
  "WLHImagVolume_a0_p": 0.5757478396,
  "WLHImagVolume_a1_p": 0.3229561314,
  "WLHImagVolume_a2_p": 18.9527828585,
  "WLHImagVolume_a3_p": 0.4358069287,
  "WLHImagVolume_a4_p": 0.0026882704,
  "WLHImagVolume_W0_n": 3.4278183831,
  "WLHImagVolume_W1_n": 0.345169727,
  "WLHImagVolume_W2_n": 0.0006390866,
  "WLHImagVolume_W3_n": 10.7989524924,
  "WLHImagVolume_W4_n": 0.1066116361,
  "WLHImagVolume_r0_n": 0.5770379879,
  "WLHImagVolume_r1_n": 54.3656220809,
  "WLHImagVolume_r2_n": 0.635138775,
  "WLHImagVolume_r3_n": 65.3222400175,
  "WLHImagVolume_r4_n": 0.9734959768,
  "WLHImagVolume_r5_n": 1.5099e-06,
  "WLHImagVolume_a0_n": 0.2039279032,
  "WLHImagVolume_a1_n": 0.6001415075,
  "WLHImagVolume_a2_n": 5.9991278029,
  "WLHImagVolume_a3_n": -0.0123163312,
  "WLHImagVolume_a4_n": 0.0004718338,
  "WLHImagSurface_W0_p": 1.0014792307,
  "WLHImagSurface_W1_p": 0.057926208,
  "WLHImagSurface_W2_p": 0.7547953398,
  "WLHImagSurface_W3_p": 0.2192835083,
  "WLHImagSurface_r0_p": 1.0436102274,
  "WLHImagSurface_r1_p": 0.7417767086,
  "WLHImagSurface_r2_p": 0.0022078865,
  "WLHImagSurface_a0_p": 0.8747379732,
  "WLHImagSurface_W0_n": 2.4380513965,
  "WLHImagSurface_W1_n": 0.0440292308,
  "WLHImagSurface_W2_n": 3.1789182647,
  "WLHImagSurface_W3_n": 0.1201645423,
  "WLHImagSurface_r0_n": 1.2375256726,
  "WLHImagSurface_r1_n": 1.4391679608,
  "WLHImagSurface_r2_n": 0.0050073069,
  "WLHImagSurface_a0_n": 0.7981542169,
  "WLHRealSpinOrbit_V0_p": 9.0827555779,
  "WLHRealSpinOrbit_V1_p": 0.0082755947,
  "WLHRealSpinOrbit_r0_p": 1.2913942047,
  "WLHRealSpinOrbit_r1_p": 0.9174432369,
  "WLHRealSpinOrbit_a0_p": 0.8178094743,
  "WLHRealSpinOrbit_a1_p": 0.0003040936,
  "WLHRealSpinOrbit_V0_n": 10.4138571104,
  "WLHRealSpinOrbit_V1_n": 0.0086057296,
  "WLHRealSpinOrbit_r0_n": 1.1871022314,
  "WLHRealSpinOrbit_r1_n": 0.7672261661,
  "WLHRealSpinOrbit_a0_n": 0.7486904721,
  "WLHRealSpinOrbit_a1_n": 0.0002956253
}