{
  "WLHReal_V0_p": 52.9107864619,
  "WLHReal_V1_p": 0.301810628,
  "WLHReal_V2_p": -0.000424556,
  "WLHReal_V3_p": 3.1294e-06,
  "WLHReal_V4_p": 11.977461859,
  "WLHReal_V5_p": 0.1274390543,
  "WLHReal_V6_p": 0.0004228494,
  "WLHReal_r0_p": 1.3201012547,
  "WLHReal_r1_p": 0.2580505689,
  "WLHReal_r2_p": 0.0010239528,
  "WLHReal_r3_p": 1.01542e-05,
  "WLHReal_a0_p": 0.7936301201,
  "WLHReal_a1_p": 7.88561e-05,
  "WLHReal_a2_p": 8.6248e-06,
  "WLHReal_a3_p": 0.0238499239,
  "WLHReal_a4_p": 0.5900057081,
  "WLHReal_V0_n": 50.3756857724,
  "WLHReal_V1_n": 0.2675088536,
  "WLHReal_V2_n": -0.0001273349,
  "WLHReal_V3_n": 1.9495e-06,
  "WLHReal_V4_n": 21.2228031168,
  "WLHReal_V5_n": 0.2680827612,
  "WLHReal_V6_n": 0.0008684518,
  "WLHReal_r0_n": 1.3132117361,
  "WLHReal_r1_n": 0.3362178349,
  "WLHReal_r2_n": 0.000743137,
  "WLHReal_r3_n": 5.8161e-06,
  "WLHReal_a0_n": 0.729400612,
  "WLHReal_a1_n": 0.000755164,
  "WLHReal_a2_n": 8.0998e-06,
  "WLHReal_a3_n": 0.2547687895,
  "WLHReal_a4_n": 0.7748997517,
  "WLHImagVolume_W0_p": 5.0522357265,
  "WLHImagVolume_W1_p": 0.2383577525,
  "WLHImagVolume_W2_p": 0.0003570964,
  "WLHImagVolume_W3_p": 11.4313561438,
  "WLHImagVolume_W4_p": 0.0836005091,
  "WLHImagVolume_r0_p": 0.7238788366,
  "WLHImagVolume_r1_p": 42.8268633431,
  "WLHImagVolume_r2_p": 0.5659403618,
  "WLHImagVolume_r3_p": 58.8803308259,
  "WLHImagVolume_r4_p": 0.6858062837,
  "WLHImagVolume_r5_p": 1.6466e-06,
  "WLHImagVolume_a0_p": 0.5891162495,
  "WLHImagVolume_a1_p": 0.2591916612,
  "WLHImagVolume_a2_p": 13.8533166639,
  "WLHImagVolume_a3_p": 0.4414878132,
  "WLHImagVolume_a4_p": 0.0028323928,
  "WLHImagVolume_W0_n": 1.841932363,
  "WLHImagVolume_W1_n": 0.1854654874,
  "WLHImagVolume_W2_n": 0.0003804958,
  "WLHImagVolume_W3_n": 6.4750275847,
  "WLHImagVolume_W4_n": 0.0008695063,
  "WLHImagVolume_r0_n": 0.4869444103,
  "WLHImagVolume_r1_n": 96.849135325,
  "WLHImagVolume_r2_n": 0.8115950073,
  "WLHImagVolume_r3_n": 90.6528668684,
  "WLHImagVolume_r4_n": 0.8112808782,
  "WLHImagVolume_r5_n": 2.9679e-06,
  "WLHImagVolume_a0_n": 0.2052364337,
  "WLHImagVolume_a1_n": 0.622797314,
  "WLHImagVolume_a2_n": 9.3283528102,
  "WLHImagVolume_a3_n": 0.0964510026,
  "WLHImagVolume_a4_n": 0.0007377483,
  "WLHImagSurface_W0_p": 0.6533809025,
  "WLHImagSurface_W1_p": 0.0138088728,
  "WLHImagSurface_W2_p": 0.0151271726,
  "WLHImagSurface_W3_p": 0.0392374431,
  "WLHImagSurface_r0_p": 0.8729122147,
  "WLHImagSurface_r1_p": 0.225263853,
  "WLHImagSurface_r2_p": 0.0017305388,
  "WLHImagSurface_a0_p": 0.7669304805,
  "WLHImagSurface_W0_n": 1.3753777839,
  "WLHImagSurface_W1_n": 0.0300272092,
  "WLHImagSurface_W2_n": 2.3345706185,
  "WLHImagSurface_W3_n": 0.1307944062,
  "WLHImagSurface_r0_n": 1.3198014553,
  "WLHImagSurface_r1_n": 1.4161503121,
  "WLHImagSurface_r2_n": 0.0031412709,
  "WLHImagSurface_a0_n": 0.8535932342,
  "WLHRealSpinOrbit_V0_p": 9.5585466474,
  "WLHRealSpinOrbit_V1_p": 0.0087574456,
  "WLHRealSpinOrbit_r0_p": 1.3010037593,
  "WLHRealSpinOrbit_r1_p": 0.9171932836,
  "WLHRealSpinOrbit_a0_p": 0.8271765504,
  "WLHRealSpinOrbit_a1_p": 0.0003344281,
  "WLHRealSpinOrbit_V0_n": 9.2352320135,
  "WLHRealSpinOrbit_V1_n": 0.008085297,
  "WLHRealSpinOrbit_r0_n": 1.2863278959,
  "WLHRealSpinOrbit_r1_n": 0.8574703719,
  "WLHRealSpinOrbit_a0_n": 0.798624736,
  "WLHRealSpinOrbit_a1_n": 0.0003932159
}