{
  "WLHReal_V0_p": 55.4429247842,
  "WLHReal_V1_p": 0.2845194221,
  "WLHReal_V2_p": 0.0003178757,
  "WLHReal_V3_p": -1.078e-07,
  "WLHReal_V4_p": 15.3544821461,
  "WLHReal_V5_p": 0.1185965739,
  "WLHReal_V6_p": 0.000177043,
  "WLHReal_r0_p": 1.2243608174,
  "WLHReal_r1_p": 0.2017124552,
  "WLHReal_r2_p": 0.000755685,
  "WLHReal_r3_p": 5.8364e-06,
  "WLHReal_a0_p": 0.7501403959,
  "WLHReal_a1_p": 0.0001477157,
  "WLHReal_a2_p": 3.1889e-06,
  "WLHReal_a3_p": 0.0694858325,
  "WLHReal_a4_p": 0.5613747317,
  "WLHReal_V0_n": 52.1180926124,
  "WLHReal_V1_n": 0.2950442218,
  "WLHReal_V2_n": 0.0002093598,
  "WLHReal_V3_n": 9.306e-07,
  "WLHReal_V4_n": 21.0174301039,
  "WLHReal_V5_n": 0.2506499812,
  "WLHReal_V6_n": 0.0006061134,
  "WLHReal_r0_n": 1.2897623426,
  "WLHReal_r1_n": 0.3360783924,
  "WLHReal_r2_n": 0.0005792322,
  "WLHReal_r3_n": 2.6808e-06,
  "WLHReal_a0_n": 0.7162922854,
  "WLHReal_a1_n": 0.0005318256,
  "WLHReal_a2_n": 3.4233e-06,
  "WLHReal_a3_n": 0.2161957037,
  "WLHReal_a4_n": 0.6940483471,
  "WLHImagVolume_W0_p": 3.3340536845,
  "WLHImagVolume_W1_p": 0.1955410564,
  "WLHImagVolume_W2_p": 5.7247e-05,
  "WLHImagVolume_W3_p": 12.0163295987,
  "WLHImagVolume_W4_p": 0.0616186139,
  "WLHImagVolume_r0_p": 0.8009335945,
  "WLHImagVolume_r1_p": 24.4322934742,
  "WLHImagVolume_r2_p": 0.3865137067,
  "WLHImagVolume_r3_p": 42.5188929663,
  "WLHImagVolume_r4_p": 0.8685397837,
  "WLHImagVolume_r5_p": 1.9917e-06,
  "WLHImagVolume_a0_p": 0.5421354013,
  "WLHImagVolume_a1_p": 0.2300826433,
  "WLHImagVolume_a2_p": 10.2931778348,
  "WLHImagVolume_a3_p": 0.4162992935,
  "WLHImagVolume_a4_p": 0.0022720612,
  "WLHImagVolume_W0_n": 1.7376722103,
  "WLHImagVolume_W1_n": 0.2004386356,
  "WLHImagVolume_W2_n": 0.0004666852,
  "WLHImagVolume_W3_n": 6.4422886409,
  "WLHImagVolume_W4_n": 0.0238255737,
  "WLHImagVolume_r0_n": 0.4416814778,
  "WLHImagVolume_r1_n": 100.8762867751,
  "WLHImagVolume_r2_n": 0.8361090789,
  "WLHImagVolume_r3_n": 89.2499185933,
  "WLHImagVolume_r4_n": 0.7419774168,
  "WLHImagVolume_r5_n": 1.6251e-06,
  "WLHImagVolume_a0_n": 0.1748312341,
  "WLHImagVolume_a1_n": 0.6436319727,
  "WLHImagVolume_a2_n": 9.5975442012,
  "WLHImagVolume_a3_n": 0.0802368341,
  "WLHImagVolume_a4_n": 0.0005781871,
  "WLHImagSurface_W0_p": 0.7826775888,
  "WLHImagSurface_W1_p": 0.0100633856,
  "WLHImagSurface_W2_p": 0.3604143031,
  "WLHImagSurface_W3_p": 0.0163910831,
  "WLHImagSurface_r0_p": 0.9429632207,
  "WLHImagSurface_r1_p": 0.5613861999,
  "WLHImagSurface_r2_p": 0.0068028926,
  "WLHImagSurface_a0_p": 0.6925871488,
  "WLHImagSurface_W0_n": 1.7004690358,
  "WLHImagSurface_W1_n": 0.0341393773,
  "WLHImagSurface_W2_n": 2.8560394423,
  "WLHImagSurface_W3_n": 0.1346171274,
  "WLHImagSurface_r0_n": 1.324644838,
  "WLHImagSurface_r1_n": 1.4231471692,
  "WLHImagSurface_r2_n": 0.0038689133,
  "WLHImagSurface_a0_n": 0.8368552579,
  "WLHRealSpinOrbit_V0_p": 10.5340904148,
  "WLHRealSpinOrbit_V1_p": 0.0088367734,
  "WLHRealSpinOrbit_r0_p": 1.2133091016,
  "WLHRealSpinOrbit_r1_p": 0.7809253271,
  "WLHRealSpinOrbit_a0_p": 0.7640800026,
  "WLHRealSpinOrbit_a1_p": 0.0003428343,
  "WLHRealSpinOrbit_V0_n": 9.2655296067,
  "WLHRealSpinOrbit_V1_n": 0.0078774348,
  "WLHRealSpinOrbit_r0_n": 1.2587945365,
  "WLHRealSpinOrbit_r1_n": 0.8214637603,
  "WLHRealSpinOrbit_a0_n": 0.7778003518,
  "WLHRealSpinOrbit_a1_n": 0.0003845107
}