{
  "WLHReal_V0_p": 50.721166773,
  "WLHReal_V1_p": 0.2740792932,
  "WLHReal_V2_p": -0.0004863273,
  "WLHReal_V3_p": 2.2856e-06,
  "WLHReal_V4_p": 12.8334884984,
  "WLHReal_V5_p": 0.1112954476,
  "WLHReal_V6_p": 0.0004053548,
  "WLHReal_r0_p": 1.3082837687,
  "WLHReal_r1_p": 0.1909422088,
  "WLHReal_r2_p": 0.0009993666,
  "WLHReal_r3_p": 1.11846e-05,
  "WLHReal_a0_p": 0.7811364987,
  "WLHReal_a1_p": -4.01507e-05,
  "WLHReal_a2_p": 9.1502e-06,
  "WLHReal_a3_p": -0.0117197293,
  "WLHReal_a4_p": 0.531824936,
  "WLHReal_V0_n": 51.1050298129,
  "WLHReal_V1_n": 0.2725445127,
  "WLHReal_V2_n": -0.0001383817,
  "WLHReal_V3_n": 2.2469e-06,
  "WLHReal_V4_n": 21.5278774458,
  "WLHReal_V5_n": 0.2662108469,
  "WLHReal_V6_n": 0.0009392198,
  "WLHReal_r0_n": 1.2873951743,
  "WLHReal_r1_n": 0.2699039872,
  "WLHReal_r2_n": 0.0008531715,
  "WLHReal_r3_n": 7.7063e-06,
  "WLHReal_a0_n": 0.7322961881,
  "WLHReal_a1_n": 0.0008429299,
  "WLHReal_a2_n": 9.0435e-06,
  "WLHReal_a3_n": 0.3047649814,
  "WLHReal_a4_n": 0.8870684218,
  "WLHImagVolume_W0_p": 4.4989595114,
  "WLHImagVolume_W1_p": 0.1685300283,
  "WLHImagVolume_W2_p": 8.78017e-05,
  "WLHImagVolume_W3_p": 9.1290781188,
  "WLHImagVolume_W4_p": 0.0665259896,
  "WLHImagVolume_r0_p": 0.8525065729,
  "WLHImagVolume_r1_p": 29.9123674932,
  "WLHImagVolume_r2_p": 0.4365327358,
  "WLHImagVolume_r3_p": 50.3572343399,
  "WLHImagVolume_r4_p": 0.7689503917,
  "WLHImagVolume_r5_p": 2.031e-06,
  "WLHImagVolume_a0_p": 0.5833663736,
  "WLHImagVolume_a1_p": 0.2459530922,
  "WLHImagVolume_a2_p": 12.959124849,
  "WLHImagVolume_a3_p": 0.4283633057,
  "WLHImagVolume_a4_p": 0.0026707197,
  "WLHImagVolume_W0_n": 2.243001339,
  "WLHImagVolume_W1_n": 0.1851152881,
  "WLHImagVolume_W2_n": 0.0003068369,
  "WLHImagVolume_W3_n": 7.3887620456,
  "WLHImagVolume_W4_n": 0.0012200154,
  "WLHImagVolume_r0_n": 0.5519931031,
  "WLHImagVolume_r1_n": 85.7029465033,
  "WLHImagVolume_r2_n": 0.726832821,
  "WLHImagVolume_r3_n": 85.2923985893,
  "WLHImagVolume_r4_n": 0.8704620412,
  "WLHImagVolume_r5_n": 3.4749e-06,
  "WLHImagVolume_a0_n": 0.210806616,
  "WLHImagVolume_a1_n": 0.6014832953,
  "WLHImagVolume_a2_n": 8.6322234908,
  "WLHImagVolume_a3_n": 0.0731277027,
  "WLHImagVolume_a4_n": 0.0005312474,
  "WLHImagSurface_W0_p": 0.569259432,
  "WLHImagSurface_W1_p": 0.0001328999,
  "WLHImagSurface_W2_p": -0.2376246013,
  "WLHImagSurface_W3_p": -0.0214553034,
  "WLHImagSurface_r0_p": 0.8346009168,
  "WLHImagSurface_r1_p": 0.0095401129,
  "WLHImagSurface_r2_p": 0.0016571152,
  "WLHImagSurface_a0_p": 0.7619359169,
  "WLHImagSurface_W0_n": 1.3470886013,
  "WLHImagSurface_W1_n": 0.0269588276,
  "WLHImagSurface_W2_n": 1.771920339,
  "WLHImagSurface_W3_n": 0.1072305779,
  "WLHImagSurface_r0_n": 1.2968588892,
  "WLHImagSurface_r1_n": 1.3799425965,
  "WLHImagSurface_r2_n": 0.0031216492,
  "WLHImagSurface_a0_n": 0.8506200581,
  "WLHRealSpinOrbit_V0_p": 9.6500937029,
  "WLHRealSpinOrbit_V1_p": 0.0088585701,
  "WLHRealSpinOrbit_r0_p": 1.3065173621,
  "WLHRealSpinOrbit_r1_p": 0.9177711072,
  "WLHRealSpinOrbit_a0_p": 0.8306823465,
  "WLHRealSpinOrbit_a1_p": 0.00034936,
  "WLHRealSpinOrbit_V0_n": 9.5928792261,
  "WLHRealSpinOrbit_V1_n": 0.0083993645,
  "WLHRealSpinOrbit_r0_n": 1.2726308032,
  "WLHRealSpinOrbit_r1_n": 0.8539073469,
  "WLHRealSpinOrbit_a0_n": 0.7973226203,
  "WLHRealSpinOrbit_a1_n": 0.0003685194
}