{
  "WLHReal_V0_p": 56.7307633871,
  "WLHReal_V1_p": 0.3272709783,
  "WLHReal_V2_p": -0.000470484,
  "WLHReal_V3_p": 3.3173e-06,
  "WLHReal_V4_p": 11.2345991241,
  "WLHReal_V5_p": 0.1553141514,
  "WLHReal_V6_p": 0.000520467,
  "WLHReal_r0_p": 1.3294819864,
  "WLHReal_r1_p": 0.3400667912,
  "WLHReal_r2_p": 0.0011236042,
  "WLHReal_r3_p": 1.07595e-05,
  "WLHReal_a0_p": 0.815093811,
  "WLHReal_a1_p": 0.0003138719,
  "WLHReal_a2_p": 7.162e-06,
  "WLHReal_a3_p": 0.0638331183,
  "WLHReal_a4_p": 0.6741236156,
  "WLHReal_V0_n": 48.9843622198,
  "WLHReal_V1_n": 0.2952491485,
  "WLHReal_V2_n": 6.76462e-05,
  "WLHReal_V3_n": 1.5816e-06,
  "WLHReal_V4_n": 21.3311348905,
  "WLHReal_V5_n": 0.2396649003,
  "WLHReal_V6_n": 0.0008281278,
  "WLHReal_r0_n": 1.2615888173,
  "WLHReal_r1_n": 0.1452704089,
  "WLHReal_r2_n": 0.0009511057,
  "WLHReal_r3_n": 9.8687e-06,
  "WLHReal_a0_n": 0.7243074827,
  "WLHReal_a1_n": 0.0011080701,
  "WLHReal_a2_n": 1.27608e-05,
  "WLHReal_a3_n": 0.384377641,
  "WLHReal_a4_n": 1.0401626291,
  "WLHImagVolume_W0_p": 6.2423286403,
  "WLHImagVolume_W1_p": 0.3534232454,
  "WLHImagVolume_W2_p": 0.0006314894,
  "WLHImagVolume_W3_p": 14.8358866275,
  "WLHImagVolume_W4_p": 0.1160635895,
  "WLHImagVolume_r0_p": 0.6695851117,
  "WLHImagVolume_r1_p": 41.7923180299,
  "WLHImagVolume_r2_p": 0.6099425788,
  "WLHImagVolume_r3_p": 55.6042977164,
  "WLHImagVolume_r4_p": 0.7104764203,
  "WLHImagVolume_r5_p": 1.7212e-06,
  "WLHImagVolume_a0_p": 0.6329053954,
  "WLHImagVolume_a1_p": 0.2327207842,
  "WLHImagVolume_a2_p": 11.1613695953,
  "WLHImagVolume_a3_p": 0.5054732524,
  "WLHImagVolume_a4_p": 0.0037261657,
  "WLHImagVolume_W0_n": 1.7601243292,
  "WLHImagVolume_W1_n": 0.1069624212,
  "WLHImagVolume_W2_n": 0.0002717894,
  "WLHImagVolume_W3_n": 6.0300196891,
  "WLHImagVolume_W4_n": -0.0207900288,
  "WLHImagVolume_r0_n": 0.4819829465,
  "WLHImagVolume_r1_n": 113.429873143,
  "WLHImagVolume_r2_n": 0.7810414741,
  "WLHImagVolume_r3_n": 96.8554535626,
  "WLHImagVolume_r4_n": 0.6448427099,
  "WLHImagVolume_r5_n": 1.8512e-06,
  "WLHImagVolume_a0_n": 0.1487695372,
  "WLHImagVolume_a1_n": 0.6241051445,
  "WLHImagVolume_a2_n": 9.7118884153,
  "WLHImagVolume_a3_n": 0.0583221143,
  "WLHImagVolume_a4_n": -0.0002796233,
  "WLHImagSurface_W0_p": 0.5063193941,
  "WLHImagSurface_W1_p": 0.0089222855,
  "WLHImagSurface_W2_p": -0.121573598,
  "WLHImagSurface_W3_p": 0.0394092339,
  "WLHImagSurface_r0_p": 0.8077888418,
  "WLHImagSurface_r1_p": 0.4330050183,
  "WLHImagSurface_r2_p": 0.0010461945,
  "WLHImagSurface_a0_p": 0.6619246359,
  "WLHImagSurface_W0_n": 1.4341687903,
  "WLHImagSurface_W1_n": 0.0285785633,
  "WLHImagSurface_W2_n": 1.5541898258,
  "WLHImagSurface_W3_n": 0.1004584837,
  "WLHImagSurface_r0_n": 1.3387885406,
  "WLHImagSurface_r1_n": 1.3715493887,
  "WLHImagSurface_r2_n": 0.0033667171,
  "WLHImagSurface_a0_n": 0.8497300811,
  "WLHRealSpinOrbit_V0_p": 9.7936947703,
  "WLHRealSpinOrbit_V1_p": 0.0090009917,
  "WLHRealSpinOrbit_r0_p": 1.2923270897,
  "WLHRealSpinOrbit_r1_p": 0.9220851639,
  "WLHRealSpinOrbit_a0_p": 0.8279270665,
  "WLHRealSpinOrbit_a1_p": 0.0003005842,
  "WLHRealSpinOrbit_V0_n": 9.3404448713,
  "WLHRealSpinOrbit_V1_n": 0.008094619,
  "WLHRealSpinOrbit_r0_n": 1.2620295496,
  "WLHRealSpinOrbit_r1_n": 0.8451448206,
  "WLHRealSpinOrbit_a0_n": 0.7890074032,
  "WLHRealSpinOrbit_a1_n": 0.0003628223
}