{
  "WLHReal_V0_p": 54.9142563722,
  "WLHReal_V1_p": 0.3157336815,
  "WLHReal_V2_p": 0.0005202257,
  "WLHReal_V3_p": -2.087e-07,
  "WLHReal_V4_p": 14.0119086837,
  "WLHReal_V5_p": 0.1328898864,
  "WLHReal_V6_p": 0.0001105481,
  "WLHReal_r0_p": 1.2703015166,
  "WLHReal_r1_p": 0.3314196141,
  "WLHReal_r2_p": 0.0004941715,
  "WLHReal_r3_p": 9.519e-07,
  "WLHReal_a0_p": 0.7539035919,
  "WLHReal_a1_p": 0.0001287998,
  "WLHReal_a2_p": 4.751e-07,
  "WLHReal_a3_p": 0.0966519585,
  "WLHReal_a4_p": 0.5395000249,
  "WLHReal_V0_n": 52.9585361764,
  "WLHReal_V1_n": 0.286790087,
  "WLHReal_V2_n": -0.0003579023,
  "WLHReal_V3_n": 2.8022e-06,
  "WLHReal_V4_n": 20.8779962376,
  "WLHReal_V5_n": 0.2944807548,
  "WLHReal_V6_n": 0.0011556015,
  "WLHReal_r0_n": 1.3081153789,
  "WLHReal_r1_n": 0.3350526982,
  "WLHReal_r2_n": 0.0009318627,
  "WLHReal_r3_n": 9.1894e-06,
  "WLHReal_a0_n": 0.7462907538,
  "WLHReal_a1_n": 0.0008588876,
  "WLHReal_a2_n": 1.07623e-05,
  "WLHReal_a3_n": 0.2699313191,
  "WLHReal_a4_n": 0.8739428825,
  "WLHImagVolume_W0_p": 3.0034510655,
  "WLHImagVolume_W1_p": 0.2059211559,
  "WLHImagVolume_W2_p": 0.00041143,
  "WLHImagVolume_W3_p": 12.1530382654,
  "WLHImagVolume_W4_p": 0.060579145,
  "WLHImagVolume_r0_p": 0.4575444872,
  "WLHImagVolume_r1_p": 66.5452599325,
  "WLHImagVolume_r2_p": 0.764939465,
  "WLHImagVolume_r3_p": 71.1928492316,
  "WLHImagVolume_r4_p": 0.4979866552,
  "WLHImagVolume_r5_p": 1.5627e-06,
  "WLHImagVolume_a0_p": 0.4887501665,
  "WLHImagVolume_a1_p": 0.3216550209,
  "WLHImagVolume_a2_p": 18.027409306,
  "WLHImagVolume_a3_p": 0.3478437413,
  "WLHImagVolume_a4_p": 0.0012770255,
  "WLHImagVolume_W0_n": 3.0873161048,
  "WLHImagVolume_W1_n": 0.2702635409,
  "WLHImagVolume_W2_n": 0.0005602748,
  "WLHImagVolume_W3_n": 9.1083518105,
  "WLHImagVolume_W4_n": 0.030716273,
  "WLHImagVolume_r0_n": 0.5624432434,
  "WLHImagVolume_r1_n": 79.3156978579,
  "WLHImagVolume_r2_n": 0.7365254561,
  "WLHImagVolume_r3_n": 88.4248078552,
  "WLHImagVolume_r4_n": 0.9305764308,
  "WLHImagVolume_r5_n": 3.4141e-06,
  "WLHImagVolume_a0_n": 0.2524230587,
  "WLHImagVolume_a1_n": 0.5786993792,
  "WLHImagVolume_a2_n": 6.0843610603,
  "WLHImagVolume_a3_n": 0.0489463833,
  "WLHImagVolume_a4_n": 0.0006192191,
  "WLHImagSurface_W0_p": 1.4264235167,
  "WLHImagSurface_W1_p": 0.0787392987,
  "WLHImagSurface_W2_p": 2.0933592781,
  "WLHImagSurface_W3_p": 0.2802685438,
  "WLHImagSurface_r0_p": 1.170129291,
  "WLHImagSurface_r1_p": 0.8744781419,
  "WLHImagSurface_r2_p": 0.0081613897,
  "WLHImagSurface_a0_p": 0.8609056368,
  "WLHImagSurface_W0_n": 1.7312372627,
  "WLHImagSurface_W1_n": 0.0448725728,
  "WLHImagSurface_W2_n": 2.6049452202,
  "WLHImagSurface_W3_n": 0.1592930162,
  "WLHImagSurface_r0_n": 1.288647202,
  "WLHImagSurface_r1_n": 1.5235394908,
  "WLHImagSurface_r2_n": 0.0030022869,
  "WLHImagSurface_a0_n": 0.8532785852,
  "WLHRealSpinOrbit_V0_p": 9.5866899715,
  "WLHRealSpinOrbit_V1_p": 0.0079193519,
  "WLHRealSpinOrbit_r0_p": 1.2272413288,
  "WLHRealSpinOrbit_r1_p": 0.7801180504,
  "WLHRealSpinOrbit_a0_p": 0.7571111469,
  "WLHRealSpinOrbit_a1_p": 0.0003740474,
  "WLHRealSpinOrbit_V0_n": 9.5721716363,
  "WLHRealSpinOrbit_V1_n": 0.008582647,
  "WLHRealSpinOrbit_r0_n": 1.2875766269,
  "WLHRealSpinOrbit_r1_n": 0.8871013082,
  "WLHRealSpinOrbit_a0_n": 0.8125807063,
  "WLHRealSpinOrbit_a1_n": 0.0003477729
}