{
  "WLHReal_V0_p": 54.5278785629,
  "WLHReal_V1_p": 0.2936177697,
  "WLHReal_V2_p": 0.0005758319,
  "WLHReal_V3_p": -3.955e-07,
  "WLHReal_V4_p": 15.3045861556,
  "WLHReal_V5_p": 0.1187050564,
  "WLHReal_V6_p": 7.0108e-05,
  "WLHReal_r0_p": 1.234183528,
  "WLHReal_r1_p": 0.2506684303,
  "WLHReal_r2_p": 0.0005227934,
  "WLHReal_r3_p": 1.6718e-06,
  "WLHReal_a0_p": 0.7394968877,
  "WLHReal_a1_p": 8.68542e-05,
  "WLHReal_a2_p": 1.0232e-06,
  "WLHReal_a3_p": 0.0828313247,
  "WLHReal_a4_p": 0.5199426394,
  "WLHReal_V0_n": 54.4479697875,
  "WLHReal_V1_n": 0.2806895783,
  "WLHReal_V2_n": -0.0004595603,
  "WLHReal_V3_n": 2.9733e-06,
  "WLHReal_V4_n": 21.3757950533,
  "WLHReal_V5_n": 0.3022608945,
  "WLHReal_V6_n": 0.001285815,
  "WLHReal_r0_n": 1.2883456613,
  "WLHReal_r1_n": 0.3036585447,
  "WLHReal_r2_n": 0.001025806,
  "WLHReal_r3_n": 1.15978e-05,
  "WLHReal_a0_n": 0.7527975405,
  "WLHReal_a1_n": 0.0008645908,
  "WLHReal_a2_n": 1.25798e-05,
  "WLHReal_a3_n": 0.3008749284,
  "WLHReal_a4_n": 0.9489102936,
  "WLHImagVolume_W0_p": 2.5311806264,
  "WLHImagVolume_W1_p": 0.1641885538,
  "WLHImagVolume_W2_p": 0.000149129,
  "WLHImagVolume_W3_p": 11.2780511108,
  "WLHImagVolume_W4_p": 0.0487871984,
  "WLHImagVolume_r0_p": 0.6190520021,
  "WLHImagVolume_r1_p": 47.1640146044,
  "WLHImagVolume_r2_p": 0.5754396622,
  "WLHImagVolume_r3_p": 57.9514799088,
  "WLHImagVolume_r4_p": 0.6665150114,
  "WLHImagVolume_r5_p": 1.7792e-06,
  "WLHImagVolume_a0_p": 0.4904047416,
  "WLHImagVolume_a1_p": 0.2878081665,
  "WLHImagVolume_a2_p": 15.1013308751,
  "WLHImagVolume_a3_p": 0.3537137751,
  "WLHImagVolume_a4_p": 0.0013394225,
  "WLHImagVolume_W0_n": 3.7039666995,
  "WLHImagVolume_W1_n": 0.2950023579,
  "WLHImagVolume_W2_n": 0.0004649787,
  "WLHImagVolume_W3_n": 10.6210546344,
  "WLHImagVolume_W4_n": 0.0366642299,
  "WLHImagVolume_r0_n": 0.6697031972,
  "WLHImagVolume_r1_n": 55.0360738552,
  "WLHImagVolume_r2_n": 0.6124406889,
  "WLHImagVolume_r3_n": 77.2448113213,
  "WLHImagVolume_r4_n": 1.0927780159,
  "WLHImagVolume_r5_n": 4.821e-06,
  "WLHImagVolume_a0_n": 0.2833767192,
  "WLHImagVolume_a1_n": 0.5446761816,
  "WLHImagVolume_a2_n": 4.9856605433,
  "WLHImagVolume_a3_n": 0.0303071993,
  "WLHImagVolume_a4_n": 0.0007127292,
  "WLHImagSurface_W0_p": 1.2364327408,
  "WLHImagSurface_W1_p": 0.0527602448,
  "WLHImagSurface_W2_p": 1.5209381274,
  "WLHImagSurface_W3_p": 0.1741970429,
  "WLHImagSurface_r0_p": 1.109633605,
  "WLHImagSurface_r1_p": 0.7533146465,
  "WLHImagSurface_r2_p": 0.008660415,
  "WLHImagSurface_a0_p": 0.8092281089,
  "WLHImagSurface_W0_n": 1.6151246639,
  "WLHImagSurface_W1_n": 0.0390876696,
  "WLHImagSurface_W2_n": 1.9419849219,
  "WLHImagSurface_W3_n": 0.1304708698,
  "WLHImagSurface_r0_n": 1.2447499218,
  "WLHImagSurface_r1_n": 1.473879089,
  "WLHImagSurface_r2_n": 0.0028423768,
  "WLHImagSurface_a0_n": 0.8509953247,
  "WLHRealSpinOrbit_V0_p": 10.0562169617,
  "WLHRealSpinOrbit_V1_p": 0.0082258006,
  "WLHRealSpinOrbit_r0_p": 1.2096202329,
  "WLHRealSpinOrbit_r1_p": 0.756405621,
  "WLHRealSpinOrbit_a0_p": 0.7491414934,
  "WLHRealSpinOrbit_a1_p": 0.0003722549,
  "WLHRealSpinOrbit_V0_n": 10.0957814652,
  "WLHRealSpinOrbit_V1_n": 0.0090785549,
  "WLHRealSpinOrbit_r0_n": 1.2764737643,
  "WLHRealSpinOrbit_r1_n": 0.8863969599,
  "WLHRealSpinOrbit_a0_n": 0.8146731594,
  "WLHRealSpinOrbit_a1_n": 0.0003225983
}