{
  "WLHReal_V0_p": 50.6198934765,
  "WLHReal_V1_p": 0.2563767348,
  "WLHReal_V2_p": -0.0013535633,
  "WLHReal_V3_p": 5.5976e-06,
  "WLHReal_V4_p": 11.432377399,
  "WLHReal_V5_p": 0.1232146851,
  "WLHReal_V6_p": 0.0007447195,
  "WLHReal_r0_p": 1.3518779895,
  "WLHReal_r1_p": 0.168935179,
  "WLHReal_r2_p": 0.0014312778,
  "WLHReal_r3_p": 1.92389e-05,
  "WLHReal_a0_p": 0.8215568422,
  "WLHReal_a1_p": 5.23403e-05,
  "WLHReal_a2_p": 1.589e-05,
  "WLHReal_a3_p": -0.0688420904,
  "WLHReal_a4_p": 0.5777188674,
  "WLHReal_V0_n": 52.9496668986,
  "WLHReal_V1_n": 0.2983359348,
  "WLHReal_V2_n": -0.0004486167,
  "WLHReal_V3_n": 3.6358e-06,
  "WLHReal_V4_n": 20.3641959858,
  "WLHReal_V5_n": 0.304478302,
  "WLHReal_V6_n": 0.0012496811,
  "WLHReal_r0_n": 1.3216958786,
  "WLHReal_r1_n": 0.3517335855,
  "WLHReal_r2_n": 0.0009936632,
  "WLHReal_r3_n": 9.9994e-06,
  "WLHReal_a0_n": 0.7522393914,
  "WLHReal_a1_n": 0.000951516,
  "WLHReal_a2_n": 1.1992e-05,
  "WLHReal_a3_n": 0.2647693034,
  "WLHReal_a4_n": 0.8912495691,
  "WLHImagVolume_W0_p": 6.7419398034,
  "WLHImagVolume_W1_p": 0.2371782132,
  "WLHImagVolume_W2_p": 4.01837e-05,
  "WLHImagVolume_W3_p": 9.3084765862,
  "WLHImagVolume_W4_p": 0.1008448914,
  "WLHImagVolume_r0_p": 1.1293227294,
  "WLHImagVolume_r1_p": -3.7108073775,
  "WLHImagVolume_r2_p": 0.2043939703,
  "WLHImagVolume_r3_p": 26.7614740636,
  "WLHImagVolume_r4_p": 1.0093546684,
  "WLHImagVolume_r5_p": 2.1583e-06,
  "WLHImagVolume_a0_p": 0.7026926695,
  "WLHImagVolume_a1_p": 0.1562966903,
  "WLHImagVolume_a2_p": 5.9606792239,
  "WLHImagVolume_a3_p": 0.5550527588,
  "WLHImagVolume_a4_p": 0.0046639407,
  "WLHImagVolume_W0_n": 3.3105520596,
  "WLHImagVolume_W1_n": 0.2927261866,
  "WLHImagVolume_W2_n": 0.0007087708,
  "WLHImagVolume_W3_n": 9.3928033013,
  "WLHImagVolume_W4_n": 0.0382672225,
  "WLHImagVolume_r0_n": 0.5305498427,
  "WLHImagVolume_r1_n": 87.6527073182,
  "WLHImagVolume_r2_n": 0.7828708731,
  "WLHImagVolume_r3_n": 95.7928229978,
  "WLHImagVolume_r4_n": 0.8804834929,
  "WLHImagVolume_r5_n": 3.486e-06,
  "WLHImagVolume_a0_n": 0.2575669583,
  "WLHImagVolume_a1_n": 0.5771811967,
  "WLHImagVolume_a2_n": 5.137574214,
  "WLHImagVolume_a3_n": 0.0385508884,
  "WLHImagVolume_a4_n": 0.000481893,
  "WLHImagSurface_W0_p": -0.2344570419,
  "WLHImagSurface_W1_p": -0.064393721,
  "WLHImagSurface_W2_p": -2.0291020292,
  "WLHImagSurface_W3_p": -0.2491095701,
  "WLHImagSurface_r0_p": 0.4920824445,
  "WLHImagSurface_r1_p": -0.5048999877,
  "WLHImagSurface_r2_p": -0.0041207335,
  "WLHImagSurface_a0_p": 0.5617474818,
  "WLHImagSurface_W0_n": 1.9598622564,
  "WLHImagSurface_W1_n": 0.056343302,
  "WLHImagSurface_W2_n": 3.1344725593,
  "WLHImagSurface_W3_n": 0.1940205566,
  "WLHImagSurface_r0_n": 1.3040355723,
  "WLHImagSurface_r1_n": 1.6144782599,
  "WLHImagSurface_r2_n": 0.0029467532,
  "WLHImagSurface_a0_n": 0.8570738497,
  "WLHRealSpinOrbit_V0_p": 9.8989382266,
  "WLHRealSpinOrbit_V1_p": 0.0098196255,
  "WLHRealSpinOrbit_r0_p": 1.3652742756,
  "WLHRealSpinOrbit_r1_p": 1.0321294819,
  "WLHRealSpinOrbit_a0_p": 0.8909478797,
  "WLHRealSpinOrbit_a1_p": 0.0003072948,
  "WLHRealSpinOrbit_V0_n": 9.3673538008,
  "WLHRealSpinOrbit_V1_n": 0.008515531,
  "WLHRealSpinOrbit_r0_n": 1.2995918179,
  "WLHRealSpinOrbit_r1_n": 0.9081614465,
  "WLHRealSpinOrbit_a0_n": 0.8211708686,
  "WLHRealSpinOrbit_a1_n": 0.0003426651
}