{
  "WLHReal_V0_p": 47.6239210621,
  "WLHReal_V1_p": 0.2295309284,
  "WLHReal_V2_p": -0.0011336236,
  "WLHReal_V3_p": 4.3265e-06,
  "WLHReal_V4_p": 12.6318378043,
  "WLHReal_V5_p": 0.1148667258,
  "WLHReal_V6_p": 0.0006309667,
  "WLHReal_r0_p": 1.3535175677,
  "WLHReal_r1_p": 0.1822078855,
  "WLHReal_r2_p": 0.0010638566,
  "WLHReal_r3_p": 1.5296e-05,
  "WLHReal_a0_p": 0.7962718697,
  "WLHReal_a1_p": -8.85118e-05,
  "WLHReal_a2_p": 1.34322e-05,
  "WLHReal_a3_p": -0.0934101741,
  "WLHReal_a4_p": 0.4470980819,
  "WLHReal_V0_n": 51.152384348,
  "WLHReal_V1_n": 0.2948360992,
  "WLHReal_V2_n": -0.0009277984,
  "WLHReal_V3_n": 4.9729e-06,
  "WLHReal_V4_n": 20.1108492577,
  "WLHReal_V5_n": 0.3304658775,
  "WLHReal_V6_n": 0.0017338466,
  "WLHReal_r0_n": 1.3350291032,
  "WLHReal_r1_n": 0.2750965999,
  "WLHReal_r2_n": 0.0014130824,
  "WLHReal_r3_n": 1.69249e-05,
  "WLHReal_a0_n": 0.7770447297,
  "WLHReal_a1_n": 0.0015054741,
  "WLHReal_a2_n": 2.1842e-05,
  "WLHReal_a3_n": 0.3742208338,
  "WLHReal_a4_n": 1.1663174117,
  "WLHImagVolume_W0_p": 5.301782865,
  "WLHImagVolume_W1_p": 0.1339703235,
  "WLHImagVolume_W2_p": -0.0001715968,
  "WLHImagVolume_W3_p": 5.8669542243,
  "WLHImagVolume_W4_p": 0.0720257735,
  "WLHImagVolume_r0_p": 1.0740149279,
  "WLHImagVolume_r1_p": 2.228201691,
  "WLHImagVolume_r2_p": 0.261679903,
  "WLHImagVolume_r3_p": 28.2720340771,
  "WLHImagVolume_r4_p": 0.8868883585,
  "WLHImagVolume_r5_p": 2.0519e-06,
  "WLHImagVolume_a0_p": 0.6482963128,
  "WLHImagVolume_a1_p": 0.1944672169,
  "WLHImagVolume_a2_p": 9.1372887963,
  "WLHImagVolume_a3_p": 0.4849441152,
  "WLHImagVolume_a4_p": 0.0036450892,
  "WLHImagVolume_W0_n": 4.0547987594,
  "WLHImagVolume_W1_n": 0.2881907801,
  "WLHImagVolume_W2_n": 0.0007434723,
  "WLHImagVolume_W3_n": 10.4560841343,
  "WLHImagVolume_W4_n": 0.0177396518,
  "WLHImagVolume_r0_n": 0.5855370493,
  "WLHImagVolume_r1_n": 90.794306342,
  "WLHImagVolume_r2_n": 0.7483555788,
  "WLHImagVolume_r3_n": 105.6377739433,
  "WLHImagVolume_r4_n": 0.8901008336,
  "WLHImagVolume_r5_n": 4.5301e-06,
  "WLHImagVolume_a0_n": 0.2899563033,
  "WLHImagVolume_a1_n": 0.5345351096,
  "WLHImagVolume_a2_n": 2.9816962385,
  "WLHImagVolume_a3_n": 0.0136495709,
  "WLHImagVolume_a4_n": 3.656e-05,
  "WLHImagSurface_W0_p": 0.1865085683,
  "WLHImagSurface_W1_p": -0.0285931929,
  "WLHImagSurface_W2_p": -0.7449307312,
  "WLHImagSurface_W3_p": -0.1210892854,
  "WLHImagSurface_r0_p": 0.6102764228,
  "WLHImagSurface_r1_p": -0.4925025521,
  "WLHImagSurface_r2_p": -0.0019368578,
  "WLHImagSurface_a0_p": 0.6332700538,
  "WLHImagSurface_W0_n": 1.9163694256,
  "WLHImagSurface_W1_n": 0.0657430922,
  "WLHImagSurface_W2_n": 2.6719550823,
  "WLHImagSurface_W3_n": 0.2144600625,
  "WLHImagSurface_r0_n": 1.3079544708,
  "WLHImagSurface_r1_n": 1.7005305517,
  "WLHImagSurface_r2_n": 0.0020718027,
  "WLHImagSurface_a0_n": 0.8785604015,
  "WLHRealSpinOrbit_V0_p": 9.5216225793,
  "WLHRealSpinOrbit_V1_p": 0.0092688316,
  "WLHRealSpinOrbit_r0_p": 1.366223276,
  "WLHRealSpinOrbit_r1_p": 0.9997272362,
  "WLHRealSpinOrbit_a0_p": 0.8763167817,
  "WLHRealSpinOrbit_a1_p": 0.0003622672,
  "WLHRealSpinOrbit_V0_n": 9.3395997283,
  "WLHRealSpinOrbit_V1_n": 0.0089053746,
  "WLHRealSpinOrbit_r0_n": 1.331892618,
  "WLHRealSpinOrbit_r1_n": 0.97460281,
  "WLHRealSpinOrbit_a0_n": 0.8542639858,
  "WLHRealSpinOrbit_a1_n": 0.0003174792
}