{
  "WLHReal_V0_p": 55.4494150425,
  "WLHReal_V1_p": 0.2803579459,
  "WLHReal_V2_p": 9.63511e-05,
  "WLHReal_V3_p": 4.764e-07,
  "WLHReal_V4_p": 14.7792242882,
  "WLHReal_V5_p": 0.1388299565,
  "WLHReal_V6_p": 0.0002949881,
  "WLHReal_r0_p": 1.2630285198,
  "WLHReal_r1_p": 0.2840108153,
  "WLHReal_r2_p": 0.0006874226,
  "WLHReal_r3_p": 4.8156e-06,
  "WLHReal_a0_p": 0.7647661519,
  "WLHReal_a1_p": 0.0002288641,
  "WLHReal_a2_p": 3.4412e-06,
  "WLHReal_a3_p": 0.0566135458,
  "WLHReal_a4_p": 0.5345216247,
  "WLHReal_V0_n": 56.8161433109,
  "WLHReal_V1_n": 0.2845013137,
  "WLHReal_V2_n": 0.0006746367,
  "WLHReal_V3_n": -1.0848e-06,
  "WLHReal_V4_n": 22.3559557774,
  "WLHReal_V5_n": 0.2272141981,
  "WLHReal_V6_n": 0.0001774124,
  "WLHReal_r0_n": 1.2356936713,
  "WLHReal_r1_n": 0.3750808258,
  "WLHReal_r2_n": 0.0001836502,
  "WLHReal_r3_n": -3.3315e-06,
  "WLHReal_a0_n": 0.6936768757,
  "WLHReal_a1_n": -0.0001900508,
  "WLHReal_a2_n": -6.3109e-06,
  "WLHReal_a3_n": 0.1314248332,
  "WLHReal_a4_n": 0.4647141475,
  "WLHImagVolume_W0_p": 3.9835738624,
  "WLHImagVolume_W1_p": 0.2262000764,
  "WLHImagVolume_W2_p": 0.0001395218,
  "WLHImagVolume_W3_p": 11.7409401222,
  "WLHImagVolume_W4_p": 0.0764308554,
  "WLHImagVolume_r0_p": 0.7701961089,
  "WLHImagVolume_r1_p": 23.0033227104,
  "WLHImagVolume_r2_p": 0.4418254992,
  "WLHImagVolume_r3_p": 37.8030396564,
  "WLHImagVolume_r4_p": 0.8141740155,
  "WLHImagVolume_r5_p": 1.9542e-06,
  "WLHImagVolume_a0_p": 0.571801509,
  "WLHImagVolume_a1_p": 0.2226505474,
  "WLHImagVolume_a2_p": 9.616564628,
  "WLHImagVolume_a3_p": 0.4466923653,
  "WLHImagVolume_a4_p": 0.0027613731,
  "WLHImagVolume_W0_n": 1.731236023,
  "WLHImagVolume_W1_n": 0.2382568552,
  "WLHImagVolume_W2_n": 0.0002094906,
  "WLHImagVolume_W3_n": 7.4854658834,
  "WLHImagVolume_W4_n": 0.0563075877,
  "WLHImagVolume_r0_n": 0.5618891865,
  "WLHImagVolume_r1_n": 53.6450406725,
  "WLHImagVolume_r2_n": 0.6572671865,
  "WLHImagVolume_r3_n": 55.6179498762,
  "WLHImagVolume_r4_n": 1.0175750079,
  "WLHImagVolume_r5_n": 2.0825e-06,
  "WLHImagVolume_a0_n": 0.1836081779,
  "WLHImagVolume_a1_n": 0.6416262857,
  "WLHImagVolume_a2_n": 10.8633062477,
  "WLHImagVolume_a3_n": 0.0852569538,
  "WLHImagVolume_a4_n": 0.0013504875,
  "WLHImagSurface_W0_p": 0.7844061195,
  "WLHImagSurface_W1_p": 0.0201576895,
  "WLHImagSurface_W2_p": 0.806628813,
  "WLHImagSurface_W3_p": 0.0693591998,
  "WLHImagSurface_r0_p": 0.8861262669,
  "WLHImagSurface_r1_p": 0.5377573045,
  "WLHImagSurface_r2_p": 0.0056185659,
  "WLHImagSurface_a0_p": 0.6287746973,
  "WLHImagSurface_W0_n": 1.4714730286,
  "WLHImagSurface_W1_n": 0.0083153274,
  "WLHImagSurface_W2_n": 2.1387314419,
  "WLHImagSurface_W3_n": 0.0481209596,
  "WLHImagSurface_r0_n": 1.2414166971,
  "WLHImagSurface_r1_n": 1.1981066022,
  "WLHImagSurface_r2_n": 0.0047175014,
  "WLHImagSurface_a0_n": 0.8048250213,
  "WLHRealSpinOrbit_V0_p": 10.2848721509,
  "WLHRealSpinOrbit_V1_p": 0.008805737,
  "WLHRealSpinOrbit_r0_p": 1.2393984701,
  "WLHRealSpinOrbit_r1_p": 0.8133658381,
  "WLHRealSpinOrbit_a0_p": 0.7801847758,
  "WLHRealSpinOrbit_a1_p": 0.0003508302,
  "WLHRealSpinOrbit_V0_n": 10.2403250444,
  "WLHRealSpinOrbit_V1_n": 0.008230583,
  "WLHRealSpinOrbit_r0_n": 1.1956817787,
  "WLHRealSpinOrbit_r1_n": 0.7290760091,
  "WLHRealSpinOrbit_a0_n": 0.7365884964,
  "WLHRealSpinOrbit_a1_n": 0.0003766797
}