{
  "WLHReal_V0_p": 55.1261528592,
  "WLHReal_V1_p": 0.2912294957,
  "WLHReal_V2_p": 0.0007489774,
  "WLHReal_V3_p": -6.427e-07,
  "WLHReal_V4_p": 15.9545784229,
  "WLHReal_V5_p": 0.1215562026,
  "WLHReal_V6_p": 2.00255e-05,
  "WLHReal_r0_p": 1.2209003656,
  "WLHReal_r1_p": 0.2641330671,
  "WLHReal_r2_p": 0.0004120827,
  "WLHReal_r3_p": 2.043e-07,
  "WLHReal_a0_p": 0.7311203581,
  "WLHReal_a1_p": 0.0001171944,
  "WLHReal_a2_p": -8.411e-07,
  "WLHReal_a3_p": 0.0948818594,
  "WLHReal_a4_p": 0.5046525571,
  "WLHReal_V0_n": 46.7356718116,
  "WLHReal_V1_n": 0.2479999659,
  "WLHReal_V2_n": -0.0010428609,
  "WLHReal_V3_n": 5.9903e-06,
  "WLHReal_V4_n": 20.597899484,
  "WLHReal_V5_n": 0.3225366776,
  "WLHReal_V6_n": 0.0017118128,
  "WLHReal_r0_n": 1.3673407255,
  "WLHReal_r1_n": 0.2842714297,
  "WLHReal_r2_n": 0.0013821274,
  "WLHReal_r3_n": 1.78378e-05,
  "WLHReal_a0_n": 0.773497055,
  "WLHReal_a1_n": 0.0016255381,
  "WLHReal_a2_n": 2.27345e-05,
  "WLHReal_a3_n": 0.3925764917,
  "WLHReal_a4_n": 1.138660965,
  "WLHImagVolume_W0_p": 2.1649654089,
  "WLHImagVolume_W1_p": 0.1592900998,
  "WLHImagVolume_W2_p": 0.0001201725,
  "WLHImagVolume_W3_p": 11.376544596,
  "WLHImagVolume_W4_p": 0.045588754,
  "WLHImagVolume_r0_p": 0.5996864958,
  "WLHImagVolume_r1_p": 46.215590774,
  "WLHImagVolume_r2_p": 0.5760714864,
  "WLHImagVolume_r3_p": 55.5850851221,
  "WLHImagVolume_r4_p": 0.6673907546,
  "WLHImagVolume_r5_p": 1.9987e-06,
  "WLHImagVolume_a0_p": 0.47823925,
  "WLHImagVolume_a1_p": 0.2878985773,
  "WLHImagVolume_a2_p": 14.8112790318,
  "WLHImagVolume_a3_p": 0.3458453986,
  "WLHImagVolume_a4_p": 0.0011836732,
  "WLHImagVolume_W0_n": 2.8889894773,
  "WLHImagVolume_W1_n": 0.1898202748,
  "WLHImagVolume_W2_n": 0.0004928448,
  "WLHImagVolume_W3_n": 7.782337822,
  "WLHImagVolume_W4_n": -0.0348189182,
  "WLHImagVolume_r0_n": 0.5470369902,
  "WLHImagVolume_r1_n": 105.9414222614,
  "WLHImagVolume_r2_n": 0.810348608,
  "WLHImagVolume_r3_n": 110.3153366742,
  "WLHImagVolume_r4_n": 0.8315023087,
  "WLHImagVolume_r5_n": 5.3022e-06,
  "WLHImagVolume_a0_n": 0.2732686897,
  "WLHImagVolume_a1_n": 0.5596496874,
  "WLHImagVolume_a2_n": 5.9611349295,
  "WLHImagVolume_a3_n": 0.0792072038,
  "WLHImagVolume_a4_n": 0.0003282285,
  "WLHImagSurface_W0_p": 1.3353197717,
  "WLHImagSurface_W1_p": 0.060544064,
  "WLHImagSurface_W2_p": 1.8702696888,
  "WLHImagSurface_W3_p": 0.2045195995,
  "WLHImagSurface_r0_p": 1.1399608981,
  "WLHImagSurface_r1_p": 0.8674005797,
  "WLHImagSurface_r2_p": 0.0099072782,
  "WLHImagSurface_a0_p": 0.7945034229,
  "WLHImagSurface_W0_n": 1.2502785827,
  "WLHImagSurface_W1_n": 0.0478187812,
  "WLHImagSurface_W2_n": 1.9673896977,
  "WLHImagSurface_W3_n": 0.1868088097,
  "WLHImagSurface_r0_n": 1.3375619142,
  "WLHImagSurface_r1_n": 1.5958145154,
  "WLHImagSurface_r2_n": 0.0014748134,
  "WLHImagSurface_a0_n": 0.8963350304,
  "WLHRealSpinOrbit_V0_p": 10.1704141689,
  "WLHRealSpinOrbit_V1_p": 0.00814851,
  "WLHRealSpinOrbit_r0_p": 1.1929494901,
  "WLHRealSpinOrbit_r1_p": 0.7266287106,
  "WLHRealSpinOrbit_a0_p": 0.7349167062,
  "WLHRealSpinOrbit_a1_p": 0.0003790117,
  "WLHRealSpinOrbit_V0_n": 8.9221608622,
  "WLHRealSpinOrbit_V1_n": 0.0085804034,
  "WLHRealSpinOrbit_r0_n": 1.3606451718,
  "WLHRealSpinOrbit_r1_n": 0.9831039954,
  "WLHRealSpinOrbit_a0_n": 0.8620461424,
  "WLHRealSpinOrbit_a1_n": 0.0003747601
}