{
  "WLHReal_V0_p": 56.2165294432,
  "WLHReal_V1_p": 0.2553548913,
  "WLHReal_V2_p": 0.0004860446,
  "WLHReal_V3_p": -1.0378e-06,
  "WLHReal_V4_p": 17.0290928807,
  "WLHReal_V5_p": 0.147634671,
  "WLHReal_V6_p": 0.0001900985,
  "WLHReal_r0_p": 1.2308321324,
  "WLHReal_r1_p": 0.3206427425,
  "WLHReal_r2_p": 0.0003208343,
  "WLHReal_r3_p": 4.629e-07,
  "WLHReal_a0_p": 0.739044011,
  "WLHReal_a1_p": 0.0003014795,
  "WLHReal_a2_p": -1.918e-06,
  "WLHReal_a3_p": 0.0683594761,
  "WLHReal_a4_p": 0.447529324,
  "WLHReal_V0_n": 48.6916338212,
  "WLHReal_V1_n": 0.2853706329,
  "WLHReal_V2_n": -0.0008912508,
  "WLHReal_V3_n": 5.3974e-06,
  "WLHReal_V4_n": 19.7185293248,
  "WLHReal_V5_n": 0.3249545177,
  "WLHReal_V6_n": 0.0016141386,
  "WLHReal_r0_n": 1.3699191239,
  "WLHReal_r1_n": 0.3319141208,
  "WLHReal_r2_n": 0.0012925068,
  "WLHReal_r3_n": 1.44646e-05,
  "WLHReal_a0_n": 0.7708516772,
  "WLHReal_a1_n": 0.0014970704,
  "WLHReal_a2_n": 1.94129e-05,
  "WLHReal_a3_n": 0.3335061003,
  "WLHReal_a4_n": 1.0559611024,
  "WLHImagVolume_W0_p": 2.8888866179,
  "WLHImagVolume_W1_p": 0.1890111901,
  "WLHImagVolume_W2_p": -6.98266e-05,
  "WLHImagVolume_W3_p": 10.7516984492,
  "WLHImagVolume_W4_p": 0.0646664431,
  "WLHImagVolume_r0_p": 0.7819590388,
  "WLHImagVolume_r1_p": 10.4777905917,
  "WLHImagVolume_r2_p": 0.3810447342,
  "WLHImagVolume_r3_p": 22.4572520869,
  "WLHImagVolume_r4_p": 0.8562172026,
  "WLHImagVolume_r5_p": 2.694e-06,
  "WLHImagVolume_a0_p": 0.5478934208,
  "WLHImagVolume_a1_p": 0.207581336,
  "WLHImagVolume_a2_p": 7.5207100045,
  "WLHImagVolume_a3_p": 0.4334673655,
  "WLHImagVolume_a4_p": 0.002477329,
  "WLHImagVolume_W0_n": 3.1714052095,
  "WLHImagVolume_W1_n": 0.2487306697,
  "WLHImagVolume_W2_n": 0.0007896833,
  "WLHImagVolume_W3_n": 8.3516600135,
  "WLHImagVolume_W4_n": 0.0008759756,
  "WLHImagVolume_r0_n": 0.4706947971,
  "WLHImagVolume_r1_n": 116.7419976823,
  "WLHImagVolume_r2_n": 0.8909765815,
  "WLHImagVolume_r3_n": 117.3697969124,
  "WLHImagVolume_r4_n": 0.7354392892,
  "WLHImagVolume_r5_n": 4.7391e-06,
  "WLHImagVolume_a0_n": 0.2629136299,
  "WLHImagVolume_a1_n": 0.5737274801,
  "WLHImagVolume_a2_n": 4.7355398068,
  "WLHImagVolume_a3_n": 0.0532612608,
  "WLHImagVolume_a4_n": 0.0001404845,
  "WLHImagSurface_W0_p": 1.0088042101,
  "WLHImagSurface_W1_p": 0.0376515013,
  "WLHImagSurface_W2_p": 1.8496712366,
  "WLHImagSurface_W3_p": 0.140067764,
  "WLHImagSurface_r0_p": 0.9213100695,
  "WLHImagSurface_r1_p": 0.7505053278,
  "WLHImagSurface_r2_p": 0.0088039048,
  "WLHImagSurface_a0_p": 0.5427285017,
  "WLHImagSurface_W0_n": 1.8548090198,
  "WLHImagSurface_W1_n": 0.0673586666,
  "WLHImagSurface_W2_n": 3.2459278398,
  "WLHImagSurface_W3_n": 0.2405680718,
  "WLHImagSurface_r0_n": 1.356821504,
  "WLHImagSurface_r1_n": 1.7311461284,
  "WLHImagSurface_r2_n": 0.0020314114,
  "WLHImagSurface_a0_n": 0.8862999995,
  "WLHRealSpinOrbit_V0_p": 10.6260265507,
  "WLHRealSpinOrbit_V1_p": 0.0086610477,
  "WLHRealSpinOrbit_r0_p": 1.2018017036,
  "WLHRealSpinOrbit_r1_p": 0.7367233452,
  "WLHRealSpinOrbit_a0_p": 0.7458560272,
  "WLHRealSpinOrbit_a1_p": 0.0003817705,
  "WLHRealSpinOrbit_V0_n": 8.6976758218,
  "WLHRealSpinOrbit_V1_n": 0.0083363997,
  "WLHRealSpinOrbit_r0_n": 1.3540936716,
  "WLHRealSpinOrbit_r1_n": 0.9804813309,
  "WLHRealSpinOrbit_a0_n": 0.8561066572,
  "WLHRealSpinOrbit_a1_n": 0.0003603701
}