{
  "WLHReal_V0_p": 52.5923779285,
  "WLHReal_V1_p": 0.2844976712,
  "WLHReal_V2_p": -0.0003542311,
  "WLHReal_V3_p": 3.0032e-06,
  "WLHReal_V4_p": 12.9080634994,
  "WLHReal_V5_p": 0.1281541295,
  "WLHReal_V6_p": 0.0004032755,
  "WLHReal_r0_p": 1.310013488,
  "WLHReal_r1_p": 0.2580381389,
  "WLHReal_r2_p": 0.0008997896,
  "WLHReal_r3_p": 9.2086e-06,
  "WLHReal_a0_p": 0.7838173439,
  "WLHReal_a1_p": 8.16455e-05,
  "WLHReal_a2_p": 7.4783e-06,
  "WLHReal_a3_p": 0.0152742871,
  "WLHReal_a4_p": 0.5434701585,
  "WLHReal_V0_n": 56.418249893,
  "WLHReal_V1_n": 0.2910335132,
  "WLHReal_V2_n": 0.0011219791,
  "WLHReal_V3_n": -2.5505e-06,
  "WLHReal_V4_n": 22.8903878723,
  "WLHReal_V5_n": 0.1876134245,
  "WLHReal_V6_n": -0.0002018353,
  "WLHReal_r0_n": 1.1948105023,
  "WLHReal_r1_n": 0.3016630288,
  "WLHReal_r2_n": 1.13718e-05,
  "WLHReal_r3_n": -7.4104e-06,
  "WLHReal_a0_n": 0.6715380445,
  "WLHReal_a1_n": -0.0003501664,
  "WLHReal_a2_n": -1.0407e-05,
  "WLHReal_a3_n": 0.1457867262,
  "WLHReal_a4_n": 0.4387491445,
  "WLHImagVolume_W0_p": 4.6517272898,
  "WLHImagVolume_W1_p": 0.2113801834,
  "WLHImagVolume_W2_p": 0.0002144528,
  "WLHImagVolume_W3_p": 10.4507356597,
  "WLHImagVolume_W4_p": 0.0772811823,
  "WLHImagVolume_r0_p": 0.7714469599,
  "WLHImagVolume_r1_p": 33.4702101776,
  "WLHImagVolume_r2_p": 0.5043136468,
  "WLHImagVolume_r3_p": 49.8682395239,
  "WLHImagVolume_r4_p": 0.728781398,
  "WLHImagVolume_r5_p": 2.0655e-06,
  "WLHImagVolume_a0_p": 0.5859903205,
  "WLHImagVolume_a1_p": 0.2461711659,
  "WLHImagVolume_a2_p": 12.5410806737,
  "WLHImagVolume_a3_p": 0.4405227175,
  "WLHImagVolume_a4_p": 0.002802926,
  "WLHImagVolume_W0_n": 0.922219831,
  "WLHImagVolume_W1_n": 0.167701789,
  "WLHImagVolume_W2_n": 1.51033e-05,
  "WLHImagVolume_W3_n": 5.9853529692,
  "WLHImagVolume_W4_n": 0.0444941285,
  "WLHImagVolume_r0_n": 0.5319628267,
  "WLHImagVolume_r1_n": 60.4141139204,
  "WLHImagVolume_r2_n": 0.6497810425,
  "WLHImagVolume_r3_n": 50.5662242039,
  "WLHImagVolume_r4_n": 0.9231919137,
  "WLHImagVolume_r5_n": 9.433e-07,
  "WLHImagVolume_a0_n": 0.1236259883,
  "WLHImagVolume_a1_n": 0.6742734584,
  "WLHImagVolume_a2_n": 13.3671632292,
  "WLHImagVolume_a3_n": 0.0929596347,
  "WLHImagVolume_a4_n": 0.0011229521,
  "WLHImagSurface_W0_p": 0.6783395971,
  "WLHImagSurface_W1_p": 0.0144814505,
  "WLHImagSurface_W2_p": 0.2774000981,
  "WLHImagSurface_W3_p": 0.0426986034,
  "WLHImagSurface_r0_p": 0.8573396879,
  "WLHImagSurface_r1_p": 0.2206039794,
  "WLHImagSurface_r2_p": 0.0025249858,
  "WLHImagSurface_a0_p": 0.7224865526,
  "WLHImagSurface_W0_n": 1.3271532117,
  "WLHImagSurface_W1_n": -0.0065298744,
  "WLHImagSurface_W2_n": 1.6099351827,
  "WLHImagSurface_W3_n": -0.003293683,
  "WLHImagSurface_r0_n": 1.2482967787,
  "WLHImagSurface_r1_n": 1.0588219413,
  "WLHImagSurface_r2_n": 0.0053428202,
  "WLHImagSurface_a0_n": 0.7898958636,
  "WLHRealSpinOrbit_V0_p": 9.6963608523,
  "WLHRealSpinOrbit_V1_p": 0.0087691834,
  "WLHRealSpinOrbit_r0_p": 1.2933565376,
  "WLHRealSpinOrbit_r1_p": 0.8970513813,
  "WLHRealSpinOrbit_a0_p": 0.8194996688,
  "WLHRealSpinOrbit_a1_p": 0.0003475228,
  "WLHRealSpinOrbit_V0_n": 10.3474463934,
  "WLHRealSpinOrbit_V1_n": 0.0079662905,
  "WLHRealSpinOrbit_r0_n": 1.1594797611,
  "WLHRealSpinOrbit_r1_n": 0.6711423679,
  "WLHRealSpinOrbit_a0_n": 0.7070275653,
  "WLHRealSpinOrbit_a1_n": 0.0003851503
}