{
  "WLHReal_V0_p": 53.3656747046,
  "WLHReal_V1_p": 0.3235382854,
  "WLHReal_V2_p": 0.0001358954,
  "WLHReal_V3_p": 1.5314e-06,
  "WLHReal_V4_p": 12.2469102367,
  "WLHReal_V5_p": 0.1386472449,
  "WLHReal_V6_p": 0.0002376796,
  "WLHReal_r0_p": 1.324421906,
  "WLHReal_r1_p": 0.3706439258,
  "WLHReal_r2_p": 0.0005986242,
  "WLHReal_r3_p": 3.6178e-06,
  "WLHReal_a0_p": 0.7760715645,
  "WLHReal_a1_p": 8.74063e-05,
  "WLHReal_a2_p": 2.6478e-06,
  "WLHReal_a3_p": 0.0708779283,
  "WLHReal_a4_p": 0.5433205649,
  "WLHReal_V0_n": 53.6147623853,
  "WLHReal_V1_n": 0.2945809502,
  "WLHReal_V2_n": -0.0004207015,
  "WLHReal_V3_n": 4.0739e-06,
  "WLHReal_V4_n": 20.3758878604,
  "WLHReal_V5_n": 0.3068160379,
  "WLHReal_V6_n": 0.0011942003,
  "WLHReal_r0_n": 1.3285292639,
  "WLHReal_r1_n": 0.3980439565,
  "WLHReal_r2_n": 0.0008982151,
  "WLHReal_r3_n": 8.0861e-06,
  "WLHReal_a0_n": 0.7500910335,
  "WLHReal_a1_n": 0.0008050227,
  "WLHReal_a2_n": 1.03892e-05,
  "WLHReal_a3_n": 0.2250802223,
  "WLHReal_a4_n": 0.8050907544,
  "WLHImagVolume_W0_p": 3.8411798512,
  "WLHImagVolume_W1_p": 0.2236235451,
  "WLHImagVolume_W2_p": 0.0005694395,
  "WLHImagVolume_W3_p": 11.5965209688,
  "WLHImagVolume_W4_p": 0.0710915233,
  "WLHImagVolume_r0_p": 0.402275871,
  "WLHImagVolume_r1_p": 77.6306726738,
  "WLHImagVolume_r2_p": 0.8766419038,
  "WLHImagVolume_r3_p": 80.3425956261,
  "WLHImagVolume_r4_p": 0.3803647935,
  "WLHImagVolume_r5_p": 8.431e-07,
  "WLHImagVolume_a0_p": 0.5102338917,
  "WLHImagVolume_a1_p": 0.3414833683,
  "WLHImagVolume_a2_p": 20.2745782222,
  "WLHImagVolume_a3_p": 0.3564544135,
  "WLHImagVolume_a4_p": 0.0015068559,
  "WLHImagVolume_W0_n": 3.2703318318,
  "WLHImagVolume_W1_n": 0.3116904585,
  "WLHImagVolume_W2_n": 0.000729998,
  "WLHImagVolume_W3_n": 9.4399738998,
  "WLHImagVolume_W4_n": 0.046784251,
  "WLHImagVolume_r0_n": 0.5274803783,
  "WLHImagVolume_r1_n": 83.0721052191,
  "WLHImagVolume_r2_n": 0.7889983142,
  "WLHImagVolume_r3_n": 92.8794666612,
  "WLHImagVolume_r4_n": 0.9165186897,
  "WLHImagVolume_r5_n": 3.6475e-06,
  "WLHImagVolume_a0_n": 0.2652027223,
  "WLHImagVolume_a1_n": 0.5812866447,
  "WLHImagVolume_a2_n": 5.2519824299,
  "WLHImagVolume_a3_n": 0.0471132738,
  "WLHImagVolume_a4_n": 0.000732036,
  "WLHImagSurface_W0_p": 1.4042443592,
  "WLHImagSurface_W1_p": 0.0856060361,
  "WLHImagSurface_W2_p": 2.0738899514,
  "WLHImagSurface_W3_p": 0.3113605904,
  "WLHImagSurface_r0_p": 1.1436918064,
  "WLHImagSurface_r1_p": 0.7054025043,
  "WLHImagSurface_r2_p": 0.0056047786,
  "WLHImagSurface_a0_p": 0.9051610371,
  "WLHImagSurface_W0_n": 1.9697077734,
  "WLHImagSurface_W1_n": 0.055695529,
  "WLHImagSurface_W2_n": 3.3519287855,
  "WLHImagSurface_W3_n": 0.1971873674,
  "WLHImagSurface_r0_n": 1.2980542841,
  "WLHImagSurface_r1_n": 1.6130741948,
  "WLHImagSurface_r2_n": 0.0030351618,
  "WLHImagSurface_a0_n": 0.8543682487,
  "WLHRealSpinOrbit_V0_p": 9.0073517626,
  "WLHRealSpinOrbit_V1_p": 0.0078131881,
  "WLHRealSpinOrbit_r0_p": 1.2754355105,
  "WLHRealSpinOrbit_r1_p": 0.8515814134,
  "WLHRealSpinOrbit_a0_p": 0.7901236136,
  "WLHRealSpinOrbit_a1_p": 0.0003742018,
  "WLHRealSpinOrbit_V0_n": 9.3738433828,
  "WLHRealSpinOrbit_V1_n": 0.0084810798,
  "WLHRealSpinOrbit_r0_n": 1.2988655716,
  "WLHRealSpinOrbit_r1_n": 0.9012591282,
  "WLHRealSpinOrbit_a0_n": 0.8183642335,
  "WLHRealSpinOrbit_a1_n": 0.0003496601
}