{
  "WLHReal_V0_p": 56.8424683641,
  "WLHReal_V1_p": 0.3339771797,
  "WLHReal_V2_p": -0.0001841874,
  "WLHReal_V3_p": 2.2947e-06,
  "WLHReal_V4_p": 11.8410272595,
  "WLHReal_V5_p": 0.1376257693,
  "WLHReal_V6_p": 0.0003833733,
  "WLHReal_r0_p": 1.2923721456,
  "WLHReal_r1_p": 0.2758407199,
  "WLHReal_r2_p": 0.0011365155,
  "WLHReal_r3_p": 9.7804e-06,
  "WLHReal_a0_p": 0.7988021073,
  "WLHReal_a1_p": 0.0002411389,
  "WLHReal_a2_p": 7.0404e-06,
  "WLHReal_a3_p": 0.0826949324,
  "WLHReal_a4_p": 0.6944706802,
  "WLHReal_V0_n": 47.3601489539,
  "WLHReal_V1_n": 0.2398769065,
  "WLHReal_V2_n": -0.0007056975,
  "WLHReal_V3_n": 4.1778e-06,
  "WLHReal_V4_n": 21.01092172,
  "WLHReal_V5_n": 0.3006779263,
  "WLHReal_V6_n": 0.0013501479,
  "WLHReal_r0_n": 1.3583550291,
  "WLHReal_r1_n": 0.3325293458,
  "WLHReal_r2_n": 0.0010739437,
  "WLHReal_r3_n": 1.23523e-05,
  "WLHReal_a0_n": 0.7542845505,
  "WLHReal_a1_n": 0.0012347771,
  "WLHReal_a2_n": 1.51879e-05,
  "WLHReal_a3_n": 0.3223298788,
  "WLHReal_a4_n": 0.9420574191,
  "WLHImagVolume_W0_p": 5.4702073074,
  "WLHImagVolume_W1_p": 0.3231387702,
  "WLHImagVolume_W2_p": 0.0005788729,
  "WLHImagVolume_W3_p": 15.1569987139,
  "WLHImagVolume_W4_p": 0.1005315146,
  "WLHImagVolume_r0_p": 0.6595455991,
  "WLHImagVolume_r1_p": 47.2371968876,
  "WLHImagVolume_r2_p": 0.5941545838,
  "WLHImagVolume_r3_p": 62.5354284166,
  "WLHImagVolume_r4_p": 0.7267100558,
  "WLHImagVolume_r5_p": 2.3716e-06,
  "WLHImagVolume_a0_p": 0.5949507768,
  "WLHImagVolume_a1_p": 0.2493596871,
  "WLHImagVolume_a2_p": 12.5329423119,
  "WLHImagVolume_a3_p": 0.4664822965,
  "WLHImagVolume_a4_p": 0.0031005339,
  "WLHImagVolume_W0_n": 2.1533297533,
  "WLHImagVolume_W1_n": 0.1722873922,
  "WLHImagVolume_W2_n": 0.0003853461,
  "WLHImagVolume_W3_n": 6.6087043007,
  "WLHImagVolume_W4_n": -0.0305747798,
  "WLHImagVolume_r0_n": 0.5157993021,
  "WLHImagVolume_r1_n": 102.9037122444,
  "WLHImagVolume_r2_n": 0.826202926,
  "WLHImagVolume_r3_n": 101.7395920926,
  "WLHImagVolume_r4_n": 0.8353386922,
  "WLHImagVolume_r5_n": 4.9618e-06,
  "WLHImagVolume_a0_n": 0.2477493461,
  "WLHImagVolume_a1_n": 0.5922968874,
  "WLHImagVolume_a2_n": 8.140887597,
  "WLHImagVolume_a3_n": 0.1086648369,
  "WLHImagVolume_a4_n": 0.0007208392,
  "WLHImagSurface_W0_p": 0.5967739742,
  "WLHImagSurface_W1_p": 0.0080556264,
  "WLHImagSurface_W2_p": -0.2910935827,
  "WLHImagSurface_W3_p": 0.0222260553,
  "WLHImagSurface_r0_p": 0.8951925144,
  "WLHImagSurface_r1_p": 0.5198017172,
  "WLHImagSurface_r2_p": 0.0026917789,
  "WLHImagSurface_a0_p": 0.7378724008,
  "WLHImagSurface_W0_n": 1.1103042194,
  "WLHImagSurface_W1_n": 0.0351155749,
  "WLHImagSurface_W2_n": 2.0058019995,
  "WLHImagSurface_W3_n": 0.1575077084,
  "WLHImagSurface_r0_n": 1.3335136672,
  "WLHImagSurface_r1_n": 1.4925911873,
  "WLHImagSurface_r2_n": 0.002000032,
  "WLHImagSurface_a0_n": 0.8829788311,
  "WLHRealSpinOrbit_V0_p": 9.974962966,
  "WLHRealSpinOrbit_V1_p": 0.0089173891,
  "WLHRealSpinOrbit_r0_p": 1.2634171329,
  "WLHRealSpinOrbit_r1_p": 0.8818658584,
  "WLHRealSpinOrbit_a0_p": 0.8074373348,
  "WLHRealSpinOrbit_a1_p": 0.0002980049,
  "WLHRealSpinOrbit_V0_n": 8.9543245802,
  "WLHRealSpinOrbit_V1_n": 0.0082972141,
  "WLHRealSpinOrbit_r0_n": 1.3387769355,
  "WLHRealSpinOrbit_r1_n": 0.9323048328,
  "WLHRealSpinOrbit_a0_n": 0.8378991016,
  "WLHRealSpinOrbit_a1_n": 0.0004013957
}