{
  "WLHReal_V0_p": 49.3290096779,
  "WLHReal_V1_p": 0.2610451504,
  "WLHReal_V2_p": -0.0009471631,
  "WLHReal_V3_p": 4.9765e-06,
  "WLHReal_V4_p": 11.7515001299,
  "WLHReal_V5_p": 0.1327294476,
  "WLHReal_V6_p": 0.0005993302,
  "WLHReal_r0_p": 1.3729323409,
  "WLHReal_r1_p": 0.2818873145,
  "WLHReal_r2_p": 0.0009534432,
  "WLHReal_r3_p": 1.20496e-05,
  "WLHReal_a0_p": 0.8037581966,
  "WLHReal_a1_p": 3.7929e-06,
  "WLHReal_a2_p": 1.06986e-05,
  "WLHReal_a3_p": -0.0518987357,
  "WLHReal_a4_p": 0.4792272778,
  "WLHReal_V0_n": 56.3972033044,
  "WLHReal_V1_n": 0.3010794091,
  "WLHReal_V2_n": -9.71562e-05,
  "WLHReal_V3_n": 1.9429e-06,
  "WLHReal_V4_n": 21.4980005709,
  "WLHReal_V5_n": 0.2813558593,
  "WLHReal_V6_n": 0.0009984565,
  "WLHReal_r0_n": 1.2560264674,
  "WLHReal_r1_n": 0.292397045,
  "WLHReal_r2_n": 0.0008445879,
  "WLHReal_r3_n": 7.4781e-06,
  "WLHReal_a0_n": 0.7378171465,
  "WLHReal_a1_n": 0.0005952234,
  "WLHReal_a2_n": 7.7575e-06,
  "WLHReal_a3_n": 0.2685421967,
  "WLHReal_a4_n": 0.8685738203,
  "WLHImagVolume_W0_p": 5.459575316,
  "WLHImagVolume_W1_p": 0.1885090587,
  "WLHImagVolume_W2_p": 0.0001470003,
  "WLHImagVolume_W3_p": 7.7218954407,
  "WLHImagVolume_W4_p": 0.0831782274,
  "WLHImagVolume_r0_p": 0.8482707688,
  "WLHImagVolume_r1_p": 26.6771300036,
  "WLHImagVolume_r2_p": 0.4929792919,
  "WLHImagVolume_r3_p": 44.2004222168,
  "WLHImagVolume_r4_p": 0.6943220225,
  "WLHImagVolume_r5_p": 1.3333e-06,
  "WLHImagVolume_a0_p": 0.6286783349,
  "WLHImagVolume_a1_p": 0.2371518373,
  "WLHImagVolume_a2_p": 12.4655937704,
  "WLHImagVolume_a3_p": 0.4671790889,
  "WLHImagVolume_a4_p": 0.0033482034,
  "WLHImagVolume_W0_n": 3.5766981518,
  "WLHImagVolume_W1_n": 0.3027419138,
  "WLHImagVolume_W2_n": 0.0004646006,
  "WLHImagVolume_W3_n": 10.6628949177,
  "WLHImagVolume_W4_n": 0.0566258937,
  "WLHImagVolume_r0_n": 0.6559413061,
  "WLHImagVolume_r1_n": 51.3107082593,
  "WLHImagVolume_r2_n": 0.5963981097,
  "WLHImagVolume_r3_n": 70.5575629976,
  "WLHImagVolume_r4_n": 1.0733880326,
  "WLHImagVolume_r5_n": 3.6233e-06,
  "WLHImagVolume_a0_n": 0.255548765,
  "WLHImagVolume_a1_n": 0.5612581987,
  "WLHImagVolume_a2_n": 5.5669495927,
  "WLHImagVolume_a3_n": 0.0171564511,
  "WLHImagVolume_a4_n": 0.0006450748,
  "WLHImagSurface_W0_p": 0.5134142223,
  "WLHImagSurface_W1_p": 0.0086150466,
  "WLHImagSurface_W2_p": 0.1726331555,
  "WLHImagSurface_W3_p": 0.0278657482,
  "WLHImagSurface_r0_p": 0.7322187394,
  "WLHImagSurface_r1_p": -0.1752611773,
  "WLHImagSurface_r2_p": -0.000921684,
  "WLHImagSurface_a0_p": 0.6929850423,
  "WLHImagSurface_W0_n": 1.8058747613,
  "WLHImagSurface_W1_n": 0.0366321521,
  "WLHImagSurface_W2_n": 2.1071400943,
  "WLHImagSurface_W3_n": 0.1131310479,
  "WLHImagSurface_r0_n": 1.2355384154,
  "WLHImagSurface_r1_n": 1.428820365,
  "WLHImagSurface_r2_n": 0.0035656125,
  "WLHImagSurface_a0_n": 0.8322536481,
  "WLHRealSpinOrbit_V0_p": 9.16520589,
  "WLHRealSpinOrbit_V1_p": 0.0088406356,
  "WLHRealSpinOrbit_r0_p": 1.3602093408,
  "WLHRealSpinOrbit_r1_p": 0.9874207043,
  "WLHRealSpinOrbit_a0_p": 0.8656248884,
  "WLHRealSpinOrbit_a1_p": 0.0003636128,
  "WLHRealSpinOrbit_V0_n": 10.3006155518,
  "WLHRealSpinOrbit_V1_n": 0.0089760212,
  "WLHRealSpinOrbit_r0_n": 1.2418811825,
  "WLHRealSpinOrbit_r1_n": 0.8402674942,
  "WLHRealSpinOrbit_a0_n": 0.7901577889,
  "WLHRealSpinOrbit_a1_n": 0.0003126668
}