{
  "WLHReal_V0_p": 56.1095430479,
  "WLHReal_V1_p": 0.3162468469,
  "WLHReal_V2_p": 0.0006336028,
  "WLHReal_V3_p": 4.258e-07,
  "WLHReal_V4_p": 14.3717794531,
  "WLHReal_V5_p": 0.1484065417,
  "WLHReal_V6_p": 0.0001106557,
  "WLHReal_r0_p": 1.2732607099,
  "WLHReal_r1_p": 0.395222528,
  "WLHReal_r2_p": 0.0003453872,
  "WLHReal_r3_p": -1.0818e-06,
  "WLHReal_a0_p": 0.7531459492,
  "WLHReal_a1_p": 0.0002264835,
  "WLHReal_a2_p": -1.263e-06,
  "WLHReal_a3_p": 0.1121173035,
  "WLHReal_a4_p": 0.5225887043,
  "WLHReal_V0_n": 54.0924314154,
  "WLHReal_V1_n": 0.2791119299,
  "WLHReal_V2_n": 2.51016e-05,
  "WLHReal_V3_n": 1.3327e-06,
  "WLHReal_V4_n": 21.6140514458,
  "WLHReal_V5_n": 0.2672510327,
  "WLHReal_V6_n": 0.0007831191,
  "WLHReal_r0_n": 1.2794416478,
  "WLHReal_r1_n": 0.3429175663,
  "WLHReal_r2_n": 0.00064982,
  "WLHReal_r3_n": 4.3209e-06,
  "WLHReal_a0_n": 0.725809169,
  "WLHReal_a1_n": 0.0004680158,
  "WLHReal_a2_n": 3.8318e-06,
  "WLHReal_a3_n": 0.2252365764,
  "WLHReal_a4_n": 0.7253878983,
  "WLHImagVolume_W0_p": 2.9890073211,
  "WLHImagVolume_W1_p": 0.2286341248,
  "WLHImagVolume_W2_p": 0.0004629179,
  "WLHImagVolume_W3_p": 12.6399722039,
  "WLHImagVolume_W4_p": 0.0671293344,
  "WLHImagVolume_r0_p": 0.4019620666,
  "WLHImagVolume_r1_p": 66.5014331126,
  "WLHImagVolume_r2_p": 0.8086533114,
  "WLHImagVolume_r3_p": 67.4033052596,
  "WLHImagVolume_r4_p": 0.4662627718,
  "WLHImagVolume_r5_p": 1.33e-06,
  "WLHImagVolume_a0_p": 0.4902361824,
  "WLHImagVolume_a1_p": 0.3189652583,
  "WLHImagVolume_a2_p": 17.3787121484,
  "WLHImagVolume_a3_p": 0.3567023314,
  "WLHImagVolume_a4_p": 0.0013709902,
  "WLHImagVolume_W0_n": 2.4847620865,
  "WLHImagVolume_W1_n": 0.2462235249,
  "WLHImagVolume_W2_n": 0.00036926,
  "WLHImagVolume_W3_n": 8.3275273819,
  "WLHImagVolume_W4_n": 0.0341432013,
  "WLHImagVolume_r0_n": 0.5739174317,
  "WLHImagVolume_r1_n": 67.6938430949,
  "WLHImagVolume_r2_n": 0.6930632921,
  "WLHImagVolume_r3_n": 74.3831389902,
  "WLHImagVolume_r4_n": 0.9792104731,
  "WLHImagVolume_r5_n": 3.5393e-06,
  "WLHImagVolume_a0_n": 0.2264352729,
  "WLHImagVolume_a1_n": 0.6017687091,
  "WLHImagVolume_a2_n": 8.2263142148,
  "WLHImagVolume_a3_n": 0.0685411724,
  "WLHImagVolume_a4_n": 0.0009426549,
  "WLHImagSurface_W0_p": 1.5456399152,
  "WLHImagSurface_W1_p": 0.0936312138,
  "WLHImagSurface_W2_p": 2.7151607361,
  "WLHImagSurface_W3_p": 0.3460664642,
  "WLHImagSurface_r0_p": 1.1830284218,
  "WLHImagSurface_r1_p": 1.0371708456,
  "WLHImagSurface_r2_p": 0.0090861507,
  "WLHImagSurface_a0_p": 0.8118278647,
  "WLHImagSurface_W0_n": 1.5194822414,
  "WLHImagSurface_W1_n": 0.026928167,
  "WLHImagSurface_W2_n": 2.1998192531,
  "WLHImagSurface_W3_n": 0.1060316764,
  "WLHImagSurface_r0_n": 1.2673663472,
  "WLHImagSurface_r1_n": 1.3708945206,
  "WLHImagSurface_r2_n": 0.0035820274,
  "WLHImagSurface_a0_n": 0.8360021172,
  "WLHRealSpinOrbit_V0_p": 9.6146612708,
  "WLHRealSpinOrbit_V1_p": 0.0078158836,
  "WLHRealSpinOrbit_r0_p": 1.2176633868,
  "WLHRealSpinOrbit_r1_p": 0.7593486007,
  "WLHRealSpinOrbit_a0_p": 0.7469310882,
  "WLHRealSpinOrbit_a1_p": 0.0003809827,
  "WLHRealSpinOrbit_V0_n": 9.8663319549,
  "WLHRealSpinOrbit_V1_n": 0.0084779632,
  "WLHRealSpinOrbit_r0_n": 1.2526702601,
  "WLHRealSpinOrbit_r1_n": 0.8250542923,
  "WLHRealSpinOrbit_a0_n": 0.7835535501,
  "WLHRealSpinOrbit_a1_n": 0.0003620894
}