{
  "WLHReal_V0_p": 54.7789386037,
  "WLHReal_V1_p": 0.3109599396,
  "WLHReal_V2_p": -0.0002813843,
  "WLHReal_V3_p": 3.2252e-06,
  "WLHReal_V4_p": 12.061639962,
  "WLHReal_V5_p": 0.1506774709,
  "WLHReal_V6_p": 0.0004295455,
  "WLHReal_r0_p": 1.3307805567,
  "WLHReal_r1_p": 0.3576311765,
  "WLHReal_r2_p": 0.0008461572,
  "WLHReal_r3_p": 7.433e-06,
  "WLHReal_a0_p": 0.7968671711,
  "WLHReal_a1_p": 0.0002214789,
  "WLHReal_a2_p": 5.6308e-06,
  "WLHReal_a3_p": 0.0511097429,
  "WLHReal_a4_p": 0.5834109972,
  "WLHReal_V0_n": 53.5855671612,
  "WLHReal_V1_n": 0.3009416166,
  "WLHReal_V2_n": -0.000490296,
  "WLHReal_V3_n": 3.5406e-06,
  "WLHReal_V4_n": 20.4963220319,
  "WLHReal_V5_n": 0.3073853504,
  "WLHReal_V6_n": 0.0013198939,
  "WLHReal_r0_n": 1.3101830081,
  "WLHReal_r1_n": 0.3243337259,
  "WLHReal_r2_n": 0.0010633595,
  "WLHReal_r3_n": 1.09113e-05,
  "WLHReal_a0_n": 0.7557732683,
  "WLHReal_a1_n": 0.0009968489,
  "WLHReal_a2_n": 1.36126e-05,
  "WLHReal_a3_n": 0.2881415141,
  "WLHReal_a4_n": 0.9503586511,
  "WLHImagVolume_W0_p": 5.1898437297,
  "WLHImagVolume_W1_p": 0.2836176365,
  "WLHImagVolume_W2_p": 0.0005062376,
  "WLHImagVolume_W3_p": 12.5577394575,
  "WLHImagVolume_W4_p": 0.0959360941,
  "WLHImagVolume_r0_p": 0.6085964512,
  "WLHImagVolume_r1_p": 48.304201013,
  "WLHImagVolume_r2_p": 0.6712133563,
  "WLHImagVolume_r3_p": 58.1513631313,
  "WLHImagVolume_r4_p": 0.6062262905,
  "WLHImagVolume_r5_p": 1.7292e-06,
  "WLHImagVolume_a0_p": 0.5907367731,
  "WLHImagVolume_a1_p": 0.2642083963,
  "WLHImagVolume_a2_p": 13.7454562148,
  "WLHImagVolume_a3_p": 0.4524555508,
  "WLHImagVolume_a4_p": 0.0029477389,
  "WLHImagVolume_W0_n": 3.6395910959,
  "WLHImagVolume_W1_n": 0.3029751153,
  "WLHImagVolume_W2_n": 0.0006887425,
  "WLHImagVolume_W3_n": 10.1308205961,
  "WLHImagVolume_W4_n": 0.0414852594,
  "WLHImagVolume_r0_n": 0.5730557954,
  "WLHImagVolume_r1_n": 79.3858526605,
  "WLHImagVolume_r2_n": 0.7318533701,
  "WLHImagVolume_r3_n": 92.5116332878,
  "WLHImagVolume_r4_n": 0.931036324,
  "WLHImagVolume_r5_n": 3.5717e-06,
  "WLHImagVolume_a0_n": 0.267733308,
  "WLHImagVolume_a1_n": 0.5614292016,
  "WLHImagVolume_a2_n": 4.4590556629,
  "WLHImagVolume_a3_n": 0.0239051024,
  "WLHImagVolume_a4_n": 0.0004068365,
  "WLHImagSurface_W0_p": 0.8436565867,
  "WLHImagSurface_W1_p": 0.0382125314,
  "WLHImagSurface_W2_p": 0.8920822506,
  "WLHImagSurface_W3_p": 0.1453624508,
  "WLHImagSurface_r0_p": 0.9068459127,
  "WLHImagSurface_r1_p": 0.4784713975,
  "WLHImagSurface_r2_p": 0.002803368,
  "WLHImagSurface_a0_p": 0.7193997043,
  "WLHImagSurface_W0_n": 1.9664749982,
  "WLHImagSurface_W1_n": 0.0559864308,
  "WLHImagSurface_W2_n": 2.8798474178,
  "WLHImagSurface_W3_n": 0.1851695443,
  "WLHImagSurface_r0_n": 1.2881666215,
  "WLHImagSurface_r1_n": 1.6063675969,
  "WLHImagSurface_r2_n": 0.0028983047,
  "WLHImagSurface_a0_n": 0.8559942932,
  "WLHRealSpinOrbit_V0_p": 9.5028596793,
  "WLHRealSpinOrbit_V1_p": 0.0085631372,
  "WLHRealSpinOrbit_r0_p": 1.2908743562,
  "WLHRealSpinOrbit_r1_p": 0.8952800973,
  "WLHRealSpinOrbit_a0_p": 0.815265285,
  "WLHRealSpinOrbit_a1_p": 0.0003401314,
  "WLHRealSpinOrbit_V0_n": 9.5824392507,
  "WLHRealSpinOrbit_V1_n": 0.0087316381,
  "WLHRealSpinOrbit_r0_n": 1.2940353466,
  "WLHRealSpinOrbit_r1_n": 0.9101855437,
  "WLHRealSpinOrbit_a0_n": 0.8225707336,
  "WLHRealSpinOrbit_a1_n": 0.0003262843
}