{
  "WLHReal_V0_p": 58.1422663418,
  "WLHReal_V1_p": 0.3614218868,
  "WLHReal_V2_p": 0.0008504006,
  "WLHReal_V3_p": 1.493e-07,
  "WLHReal_V4_p": 13.4466034635,
  "WLHReal_V5_p": 0.1274704518,
  "WLHReal_V6_p": -5.4093e-06,
  "WLHReal_r0_p": 1.2342036932,
  "WLHReal_r1_p": 0.3037645014,
  "WLHReal_r2_p": 0.0006858799,
  "WLHReal_r3_p": 1.0023e-06,
  "WLHReal_a0_p": 0.754868119,
  "WLHReal_a1_p": 0.0001906732,
  "WLHReal_a2_p": -2.218e-07,
  "WLHReal_a3_p": 0.1626702306,
  "WLHReal_a4_p": 0.6721262278,
  "WLHReal_V0_n": 56.4277049433,
  "WLHReal_V1_n": 0.2955291737,
  "WLHReal_V2_n": 0.0005381861,
  "WLHReal_V3_n": -4.476e-07,
  "WLHReal_V4_n": 22.0645851604,
  "WLHReal_V5_n": 0.2350714922,
  "WLHReal_V6_n": 0.000350564,
  "WLHReal_r0_n": 1.2347474974,
  "WLHReal_r1_n": 0.3306226995,
  "WLHReal_r2_n": 0.0003617572,
  "WLHReal_r3_n": -1.705e-07,
  "WLHReal_a0_n": 0.7027011942,
  "WLHReal_a1_n": 4.89984e-05,
  "WLHReal_a2_n": -2.9602e-06,
  "WLHReal_a3_n": 0.1787804016,
  "WLHReal_a4_n": 0.5921612385,
  "WLHImagVolume_W0_p": 3.0929662119,
  "WLHImagVolume_W1_p": 0.2709191667,
  "WLHImagVolume_W2_p": 0.0006822116,
  "WLHImagVolume_W3_p": 16.0155566913,
  "WLHImagVolume_W4_p": 0.0673241917,
  "WLHImagVolume_r0_p": 0.3433962323,
  "WLHImagVolume_r1_p": 84.2676280765,
  "WLHImagVolume_r2_p": 0.8481599414,
  "WLHImagVolume_r3_p": 88.4895688118,
  "WLHImagVolume_r4_p": 0.4830683189,
  "WLHImagVolume_r5_p": 1.2977e-06,
  "WLHImagVolume_a0_p": 0.4655587577,
  "WLHImagVolume_a1_p": 0.3428150341,
  "WLHImagVolume_a2_p": 19.623307824,
  "WLHImagVolume_a3_p": 0.3352606271,
  "WLHImagVolume_a4_p": 0.0009947564,
  "WLHImagVolume_W0_n": 2.1111715016,
  "WLHImagVolume_W1_n": 0.2416658596,
  "WLHImagVolume_W2_n": 0.0002799479,
  "WLHImagVolume_W3_n": 8.0452193849,
  "WLHImagVolume_W4_n": 0.0541106319,
  "WLHImagVolume_r0_n": 0.5680083336,
  "WLHImagVolume_r1_n": 58.979055323,
  "WLHImagVolume_r2_n": 0.6556379698,
  "WLHImagVolume_r3_n": 61.8340128385,
  "WLHImagVolume_r4_n": 0.9816048086,
  "WLHImagVolume_r5_n": 2.2229e-06,
  "WLHImagVolume_a0_n": 0.1880762403,
  "WLHImagVolume_a1_n": 0.6268765584,
  "WLHImagVolume_a2_n": 9.7004098071,
  "WLHImagVolume_a3_n": 0.0634359023,
  "WLHImagVolume_a4_n": 0.0009975105,
  "WLHImagSurface_W0_p": 1.4593162204,
  "WLHImagSurface_W1_p": 0.07657637,
  "WLHImagSurface_W2_p": 1.5903085571,
  "WLHImagSurface_W3_p": 0.2647733328,
  "WLHImagSurface_r0_p": 1.2753843522,
  "WLHImagSurface_r1_p": 1.1731595628,
  "WLHImagSurface_r2_p": 0.00941437,
  "WLHImagSurface_a0_p": 0.9434994257,
  "WLHImagSurface_W0_n": 1.6058635676,
  "WLHImagSurface_W1_n": 0.0165962624,
  "WLHImagSurface_W2_n": 2.1465769546,
  "WLHImagSurface_W3_n": 0.0650264611,
  "WLHImagSurface_r0_n": 1.248896604,
  "WLHImagSurface_r1_n": 1.259413033,
  "WLHImagSurface_r2_n": 0.0045207313,
  "WLHImagSurface_a0_n": 0.8105968407,
  "WLHRealSpinOrbit_V0_p": 9.8540195562,
  "WLHRealSpinOrbit_V1_p": 0.0079211995,
  "WLHRealSpinOrbit_r0_p": 1.1861541329,
  "WLHRealSpinOrbit_r1_p": 0.7430460574,
  "WLHRealSpinOrbit_a0_p": 0.7342897875,
  "WLHRealSpinOrbit_a1_p": 0.0003340742,
  "WLHRealSpinOrbit_V0_n": 10.2017402796,
  "WLHRealSpinOrbit_V1_n": 0.0083452659,
  "WLHRealSpinOrbit_r0_n": 1.2039140837,
  "WLHRealSpinOrbit_r1_n": 0.7540044104,
  "WLHRealSpinOrbit_a0_n": 0.7475020673,
  "WLHRealSpinOrbit_a1_n": 0.0003583594
}