{
  "WLHReal_V0_p": 49.9537053721,
  "WLHReal_V1_p": 0.2698218602,
  "WLHReal_V2_p": -0.0004387027,
  "WLHReal_V3_p": 2.8136e-06,
  "WLHReal_V4_p": 13.0162139937,
  "WLHReal_V5_p": 0.1070696359,
  "WLHReal_V6_p": 0.0003745782,
  "WLHReal_r0_p": 1.3076755486,
  "WLHReal_r1_p": 0.1853467842,
  "WLHReal_r2_p": 0.0009391338,
  "WLHReal_r3_p": 1.06976e-05,
  "WLHReal_a0_p": 0.7755322376,
  "WLHReal_a1_p": -8.50719e-05,
  "WLHReal_a2_p": 9.7075e-06,
  "WLHReal_a3_p": -0.017084,
  "WLHReal_a4_p": 0.5085021769,
  "WLHReal_V0_n": 51.9256729706,
  "WLHReal_V1_n": 0.2782440217,
  "WLHReal_V2_n": -0.0006029853,
  "WLHReal_V3_n": 3.3551e-06,
  "WLHReal_V4_n": 20.9175194233,
  "WLHReal_V5_n": 0.3066446181,
  "WLHReal_V6_n": 0.0013907448,
  "WLHReal_r0_n": 1.3145846132,
  "WLHReal_r1_n": 0.2980807319,
  "WLHReal_r2_n": 0.0011286858,
  "WLHReal_r3_n": 1.24363e-05,
  "WLHReal_a0_n": 0.7580374311,
  "WLHReal_a1_n": 0.0011155001,
  "WLHReal_a2_n": 1.53653e-05,
  "WLHReal_a3_n": 0.3250639418,
  "WLHReal_a4_n": 1.0035689357,
  "WLHImagVolume_W0_p": 4.1686840505,
  "WLHImagVolume_W1_p": 0.1437419286,
  "WLHImagVolume_W2_p": 4.59604e-05,
  "WLHImagVolume_W3_p": 8.3969014649,
  "WLHImagVolume_W4_p": 0.0591341063,
  "WLHImagVolume_r0_p": 0.8393581235,
  "WLHImagVolume_r1_p": 32.4886427439,
  "WLHImagVolume_r2_p": 0.4513977504,
  "WLHImagVolume_r3_p": 52.2708766522,
  "WLHImagVolume_r4_p": 0.739716105,
  "WLHImagVolume_r5_p": 1.3208e-06,
  "WLHImagVolume_a0_p": 0.5691017196,
  "WLHImagVolume_a1_p": 0.2571633144,
  "WLHImagVolume_a2_p": 13.9520925926,
  "WLHImagVolume_a3_p": 0.4095161858,
  "WLHImagVolume_a4_p": 0.002398744,
  "WLHImagVolume_W0_n": 3.3904965661,
  "WLHImagVolume_W1_n": 0.2616781369,
  "WLHImagVolume_W2_n": 0.0005279603,
  "WLHImagVolume_W3_n": 9.5409550202,
  "WLHImagVolume_W4_n": 0.0166388572,
  "WLHImagVolume_r0_n": 0.6021241894,
  "WLHImagVolume_r1_n": 77.8443372906,
  "WLHImagVolume_r2_n": 0.7058157979,
  "WLHImagVolume_r3_n": 91.1775309241,
  "WLHImagVolume_r4_n": 0.9594470881,
  "WLHImagVolume_r5_n": 4.6013e-06,
  "WLHImagVolume_a0_n": 0.2709106798,
  "WLHImagVolume_a1_n": 0.5565784059,
  "WLHImagVolume_a2_n": 5.2858077566,
  "WLHImagVolume_a3_n": 0.0426996704,
  "WLHImagVolume_a4_n": 0.0004844055,
  "WLHImagSurface_W0_p": 0.6584291552,
  "WLHImagSurface_W1_p": 0.0070373975,
  "WLHImagSurface_W2_p": -0.028026229,
  "WLHImagSurface_W3_p": 0.0013524667,
  "WLHImagSurface_r0_p": 0.866623455,
  "WLHImagSurface_r1_p": 0.0024445804,
  "WLHImagSurface_r2_p": 0.0020816892,
  "WLHImagSurface_a0_p": 0.7909593652,
  "WLHImagSurface_W0_n": 1.6096625968,
  "WLHImagSurface_W1_n": 0.0457784984,
  "WLHImagSurface_W2_n": 2.1986617979,
  "WLHImagSurface_W3_n": 0.1598019104,
  "WLHImagSurface_r0_n": 1.2855671542,
  "WLHImagSurface_r1_n": 1.5398496817,
  "WLHImagSurface_r2_n": 0.0025135539,
  "WLHImagSurface_a0_n": 0.8644773223,
  "WLHRealSpinOrbit_V0_p": 9.5544096787,
  "WLHRealSpinOrbit_V1_p": 0.0087345082,
  "WLHRealSpinOrbit_r0_p": 1.3070054132,
  "WLHRealSpinOrbit_r1_p": 0.9122070311,
  "WLHRealSpinOrbit_a0_p": 0.8279906475,
  "WLHRealSpinOrbit_a1_p": 0.0003597578,
  "WLHRealSpinOrbit_V0_n": 9.6068771934,
  "WLHRealSpinOrbit_V1_n": 0.0088079509,
  "WLHRealSpinOrbit_r0_n": 1.3033671342,
  "WLHRealSpinOrbit_r1_n": 0.9173278315,
  "WLHRealSpinOrbit_a0_n": 0.8285475484,
  "WLHRealSpinOrbit_a1_n": 0.0003391987
}