{
  "WLHReal_V0_p": 61.1414946918,
  "WLHReal_V1_p": 0.3354343734,
  "WLHReal_V2_p": 0.0001023013,
  "WLHReal_V3_p": 1.7296e-06,
  "WLHReal_V4_p": 13.1345567841,
  "WLHReal_V5_p": 0.1706955211,
  "WLHReal_V6_p": 0.0003860583,
  "WLHReal_r0_p": 1.2711059941,
  "WLHReal_r1_p": 0.3785138214,
  "WLHReal_r2_p": 0.0009272083,
  "WLHReal_r3_p": 6.3148e-06,
  "WLHReal_a0_p": 0.7966218505,
  "WLHReal_a1_p": 0.0005251741,
  "WLHReal_a2_p": 2.4028e-06,
  "WLHReal_a3_p": 0.1298147508,
  "WLHReal_a4_p": 0.7006770922,
  "WLHReal_V0_n": 56.6635392676,
  "WLHReal_V1_n": 0.313784404,
  "WLHReal_V2_n": 0.0002624976,
  "WLHReal_V3_n": 7.273e-07,
  "WLHReal_V4_n": 21.2820777229,
  "WLHReal_V5_n": 0.2597890698,
  "WLHReal_V6_n": 0.0006421281,
  "WLHReal_r0_n": 1.2536476486,
  "WLHReal_r1_n": 0.3355530096,
  "WLHReal_r2_n": 0.0005745811,
  "WLHReal_r3_n": 3.0532e-06,
  "WLHReal_a0_n": 0.7196628013,
  "WLHReal_a1_n": 0.0003083468,
  "WLHReal_a2_n": 1.9682e-06,
  "WLHReal_a3_n": 0.1990908174,
  "WLHReal_a4_n": 0.6962535668,
  "WLHImagVolume_W0_p": 5.6584050875,
  "WLHImagVolume_W1_p": 0.3992353719,
  "WLHImagVolume_W2_p": 0.0006437398,
  "WLHImagVolume_W3_p": 17.5308228135,
  "WLHImagVolume_W4_p": 0.1209579618,
  "WLHImagVolume_r0_p": 0.6323084403,
  "WLHImagVolume_r1_p": 33.8485806529,
  "WLHImagVolume_r2_p": 0.5676950137,
  "WLHImagVolume_r3_p": 45.184972212,
  "WLHImagVolume_r4_p": 0.8017841,
  "WLHImagVolume_r5_p": 2.4182e-06,
  "WLHImagVolume_a0_p": 0.6174820789,
  "WLHImagVolume_a1_p": 0.2078360469,
  "WLHImagVolume_a2_p": 7.8868244826,
  "WLHImagVolume_a3_p": 0.5179130726,
  "WLHImagVolume_a4_p": 0.0037324469,
  "WLHImagVolume_W0_n": 2.8557758294,
  "WLHImagVolume_W1_n": 0.2898513356,
  "WLHImagVolume_W2_n": 0.0005184333,
  "WLHImagVolume_W3_n": 9.2756515499,
  "WLHImagVolume_W4_n": 0.0664945284,
  "WLHImagVolume_r0_n": 0.5584335755,
  "WLHImagVolume_r1_n": 65.7381795836,
  "WLHImagVolume_r2_n": 0.6880157913,
  "WLHImagVolume_r3_n": 72.6148479899,
  "WLHImagVolume_r4_n": 0.9508971509,
  "WLHImagVolume_r5_n": 2.974e-06,
  "WLHImagVolume_a0_n": 0.2133136284,
  "WLHImagVolume_a1_n": 0.6049789541,
  "WLHImagVolume_a2_n": 7.2557529647,
  "WLHImagVolume_a3_n": 0.0336402095,
  "WLHImagVolume_a4_n": 0.0007047481,
  "WLHImagSurface_W0_p": 0.6249505328,
  "WLHImagSurface_W1_p": 0.0155853942,
  "WLHImagSurface_W2_p": 0.4002362681,
  "WLHImagSurface_W3_p": 0.0718659347,
  "WLHImagSurface_r0_p": 0.8557442712,
  "WLHImagSurface_r1_p": 0.8875554581,
  "WLHImagSurface_r2_p": 0.0047483172,
  "WLHImagSurface_a0_p": 0.5588502681,
  "WLHImagSurface_W0_n": 1.9690071504,
  "WLHImagSurface_W1_n": 0.0366140421,
  "WLHImagSurface_W2_n": 2.7788271614,
  "WLHImagSurface_W3_n": 0.1200143499,
  "WLHImagSurface_r0_n": 1.2613172998,
  "WLHImagSurface_r1_n": 1.4182679407,
  "WLHImagSurface_r2_n": 0.0042274496,
  "WLHImagSurface_a0_n": 0.8199452211,
  "WLHRealSpinOrbit_V0_p": 10.5326880767,
  "WLHRealSpinOrbit_V1_p": 0.0090610474,
  "WLHRealSpinOrbit_r0_p": 1.2218781944,
  "WLHRealSpinOrbit_r1_p": 0.8200835021,
  "WLHRealSpinOrbit_a0_p": 0.778634365,
  "WLHRealSpinOrbit_a1_p": 0.0002916942,
  "WLHRealSpinOrbit_V0_n": 10.0209929648,
  "WLHRealSpinOrbit_V1_n": 0.0084666838,
  "WLHRealSpinOrbit_r0_n": 1.2263758775,
  "WLHRealSpinOrbit_r1_n": 0.8020419909,
  "WLHRealSpinOrbit_a0_n": 0.7688739758,
  "WLHRealSpinOrbit_a1_n": 0.0003351246
}