{
  "WLHReal_V0_p": 54.7503087661,
  "WLHReal_V1_p": 0.2685993337,
  "WLHReal_V2_p": 0.0001012187,
  "WLHReal_V3_p": -3.97e-08,
  "WLHReal_V4_p": 15.5145922411,
  "WLHReal_V5_p": 0.1122262945,
  "WLHReal_V6_p": 0.0002428004,
  "WLHReal_r0_p": 1.2214090141,
  "WLHReal_r1_p": 0.1517168243,
  "WLHReal_r2_p": 0.0008826495,
  "WLHReal_r3_p": 8.567e-06,
  "WLHReal_a0_p": 0.753311062,
  "WLHReal_a1_p": 0.0001232533,
  "WLHReal_a2_p": 5.8172e-06,
  "WLHReal_a3_p": 0.0432592737,
  "WLHReal_a4_p": 0.5582094599,
  "WLHReal_V0_n": 51.4404388101,
  "WLHReal_V1_n": 0.2524784003,
  "WLHReal_V2_n": -3.12487e-05,
  "WLHReal_V3_n": 1.2624e-06,
  "WLHReal_V4_n": 22.4334123743,
  "WLHReal_V5_n": 0.2533992105,
  "WLHReal_V6_n": 0.0008318651,
  "WLHReal_r0_n": 1.2631957219,
  "WLHReal_r1_n": 0.2395689604,
  "WLHReal_r2_n": 0.000782219,
  "WLHReal_r3_n": 7.4162e-06,
  "WLHReal_a0_n": 0.7250114017,
  "WLHReal_a1_n": 0.0007008979,
  "WLHReal_a2_n": 8.0079e-06,
  "WLHReal_a3_n": 0.3189509086,
  "WLHReal_a4_n": 0.876049313,
  "WLHImagVolume_W0_p": 3.6297158657,
  "WLHImagVolume_W1_p": 0.1838163809,
  "WLHImagVolume_W2_p": -8.81366e-05,
  "WLHImagVolume_W3_p": 11.3174748108,
  "WLHImagVolume_W4_p": 0.0623254109,
  "WLHImagVolume_r0_p": 0.9459333072,
  "WLHImagVolume_r1_p": 8.2772543482,
  "WLHImagVolume_r2_p": 0.2452051669,
  "WLHImagVolume_r3_p": 31.8838305157,
  "WLHImagVolume_r4_p": 0.9956092233,
  "WLHImagVolume_r5_p": 2.3583e-06,
  "WLHImagVolume_a0_p": 0.5698659528,
  "WLHImagVolume_a1_p": 0.1965130673,
  "WLHImagVolume_a2_p": 7.670705319,
  "WLHImagVolume_a3_p": 0.4447466348,
  "WLHImagVolume_a4_p": 0.0027247973,
  "WLHImagVolume_W0_n": 2.0452394932,
  "WLHImagVolume_W1_n": 0.1570110605,
  "WLHImagVolume_W2_n": 5.59293e-05,
  "WLHImagVolume_W3_n": 7.3057153378,
  "WLHImagVolume_W4_n": -0.0092197827,
  "WLHImagVolume_r0_n": 0.6265709429,
  "WLHImagVolume_r1_n": 67.0427467037,
  "WLHImagVolume_r2_n": 0.6271288887,
  "WLHImagVolume_r3_n": 71.3742740245,
  "WLHImagVolume_r4_n": 0.9881599138,
  "WLHImagVolume_r5_n": 3.6502e-06,
  "WLHImagVolume_a0_n": 0.2113973234,
  "WLHImagVolume_a1_n": 0.5955424581,
  "WLHImagVolume_a2_n": 9.8221003808,
  "WLHImagVolume_a3_n": 0.0856437251,
  "WLHImagVolume_a4_n": 0.0007811103,
  "WLHImagSurface_W0_p": 0.5030452396,
  "WLHImagSurface_W1_p": -0.0175543282,
  "WLHImagSurface_W2_p": -0.3663733206,
  "WLHImagSurface_W3_p": -0.0893626464,
  "WLHImagSurface_r0_p": 0.834500432,
  "WLHImagSurface_r1_p": 0.341943469,
  "WLHImagSurface_r2_p": 0.0054382033,
  "WLHImagSurface_a0_p": 0.6349192101,
  "WLHImagSurface_W0_n": 0.9618972794,
  "WLHImagSurface_W1_n": 0.0079637221,
  "WLHImagSurface_W2_n": 0.8061746171,
  "WLHImagSurface_W3_n": 0.0476454608,
  "WLHImagSurface_r0_n": 1.2628318231,
  "WLHImagSurface_r1_n": 1.2294486021,
  "WLHImagSurface_r2_n": 0.003151327,
  "WLHImagSurface_a0_n": 0.8446851518,
  "WLHRealSpinOrbit_V0_p": 10.7470655353,
  "WLHRealSpinOrbit_V1_p": 0.0091903291,
  "WLHRealSpinOrbit_r0_p": 1.224301668,
  "WLHRealSpinOrbit_r1_p": 0.8039449827,
  "WLHRealSpinOrbit_a0_p": 0.7780434795,
  "WLHRealSpinOrbit_a1_p": 0.0003337465,
  "WLHRealSpinOrbit_V0_n": 10.0252121739,
  "WLHRealSpinOrbit_V1_n": 0.0086207522,
  "WLHRealSpinOrbit_r0_n": 1.2525570646,
  "WLHRealSpinOrbit_r1_n": 0.8223719183,
  "WLHRealSpinOrbit_a0_n": 0.7851946447,
  "WLHRealSpinOrbit_a1_n": 0.0003719994
}