{
  "WLHReal_V0_p": 57.5576529849,
  "WLHReal_V1_p": 0.3203594859,
  "WLHReal_V2_p": 0.0005101144,
  "WLHReal_V3_p": -1.683e-07,
  "WLHReal_V4_p": 14.4539482462,
  "WLHReal_V5_p": 0.1301220704,
  "WLHReal_V6_p": 0.000134805,
  "WLHReal_r0_p": 1.2304987776,
  "WLHReal_r1_p": 0.2645739469,
  "WLHReal_r2_p": 0.0007516618,
  "WLHReal_r3_p": 3.7334e-06,
  "WLHReal_a0_p": 0.7577256126,
  "WLHReal_a1_p": 0.0002323413,
  "WLHReal_a2_p": 1.4421e-06,
  "WLHReal_a3_p": 0.1160881033,
  "WLHReal_a4_p": 0.6255661875,
  "WLHReal_V0_n": 56.8577828475,
  "WLHReal_V1_n": 0.3191868984,
  "WLHReal_V2_n": 0.0002434074,
  "WLHReal_V3_n": 9.999e-07,
  "WLHReal_V4_n": 20.816772256,
  "WLHReal_V5_n": 0.2673946356,
  "WLHReal_V6_n": 0.0006312281,
  "WLHReal_r0_n": 1.2748935178,
  "WLHReal_r1_n": 0.39769899,
  "WLHReal_r2_n": 0.0005104699,
  "WLHReal_r3_n": 9.322e-07,
  "WLHReal_a0_n": 0.7205224202,
  "WLHReal_a1_n": 0.0002428608,
  "WLHReal_a2_n": 3.348e-07,
  "WLHReal_a3_n": 0.1521326424,
  "WLHReal_a4_n": 0.6121384433,
  "WLHImagVolume_W0_p": 3.5687637579,
  "WLHImagVolume_W1_p": 0.2562902933,
  "WLHImagVolume_W2_p": 0.0003686522,
  "WLHImagVolume_W3_p": 14.4752583033,
  "WLHImagVolume_W4_p": 0.072907008,
  "WLHImagVolume_r0_p": 0.6128972767,
  "WLHImagVolume_r1_p": 46.5131826085,
  "WLHImagVolume_r2_p": 0.5725965023,
  "WLHImagVolume_r3_p": 58.6697660718,
  "WLHImagVolume_r4_p": 0.730420408,
  "WLHImagVolume_r5_p": 2.5681e-06,
  "WLHImagVolume_a0_p": 0.5255130165,
  "WLHImagVolume_a1_p": 0.2648177543,
  "WLHImagVolume_a2_p": 13.012530124,
  "WLHImagVolume_a3_p": 0.4038946085,
  "WLHImagVolume_a4_p": 0.0020422922,
  "WLHImagVolume_W0_n": 2.8231674677,
  "WLHImagVolume_W1_n": 0.3164537101,
  "WLHImagVolume_W2_n": 0.0006634412,
  "WLHImagVolume_W3_n": 9.1416896677,
  "WLHImagVolume_W4_n": 0.0775611154,
  "WLHImagVolume_r0_n": 0.5078630077,
  "WLHImagVolume_r1_n": 73.2482589932,
  "WLHImagVolume_r2_n": 0.756155841,
  "WLHImagVolume_r3_n": 77.8659386485,
  "WLHImagVolume_r4_n": 0.9106824704,
  "WLHImagVolume_r5_n": 2.4296e-06,
  "WLHImagVolume_a0_n": 0.2169905543,
  "WLHImagVolume_a1_n": 0.6156588369,
  "WLHImagVolume_a2_n": 6.9693510765,
  "WLHImagVolume_a3_n": 0.0393460582,
  "WLHImagVolume_a4_n": 0.0008213688,
  "WLHImagSurface_W0_p": 0.9995453379,
  "WLHImagSurface_W1_p": 0.0340928183,
  "WLHImagSurface_W2_p": 0.8040492474,
  "WLHImagSurface_W3_p": 0.111536981,
  "WLHImagSurface_r0_p": 1.0500378774,
  "WLHImagSurface_r1_p": 0.8542139573,
  "WLHImagSurface_r2_p": 0.0076341336,
  "WLHImagSurface_a0_p": 0.7557208039,
  "WLHImagSurface_W0_n": 2.157971989,
  "WLHImagSurface_W1_n": 0.0453313117,
  "WLHImagSurface_W2_n": 3.4997988611,
  "WLHImagSurface_W3_n": 0.1541634639,
  "WLHImagSurface_r0_n": 1.2772972721,
  "WLHImagSurface_r1_n": 1.4924009638,
  "WLHImagSurface_r2_n": 0.0042917696,
  "WLHImagSurface_a0_n": 0.8210687602,
  "WLHRealSpinOrbit_V0_p": 10.3478725392,
  "WLHRealSpinOrbit_V1_p": 0.0085589933,
  "WLHRealSpinOrbit_r0_p": 1.2002017204,
  "WLHRealSpinOrbit_r1_p": 0.7670795159,
  "WLHRealSpinOrbit_a0_p": 0.752640956,
  "WLHRealSpinOrbit_a1_p": 0.000330732,
  "WLHRealSpinOrbit_V0_n": 9.7535717977,
  "WLHRealSpinOrbit_V1_n": 0.0082688765,
  "WLHRealSpinOrbit_r0_n": 1.2375029675,
  "WLHRealSpinOrbit_r1_n": 0.8113834702,
  "WLHRealSpinOrbit_a0_n": 0.7722522731,
  "WLHRealSpinOrbit_a1_n": 0.0003445314
}