{
  "WLHReal_V0_p": 53.5250083822,
  "WLHReal_V1_p": 0.2871941079,
  "WLHReal_V2_p": -0.0001706395,
  "WLHReal_V3_p": 2.0141e-06,
  "WLHReal_V4_p": 13.0935954322,
  "WLHReal_V5_p": 0.1575379209,
  "WLHReal_V6_p": 0.0004000472,
  "WLHReal_r0_p": 1.3380367004,
  "WLHReal_r1_p": 0.4061025763,
  "WLHReal_r2_p": 0.0005393175,
  "WLHReal_r3_p": 3.884e-06,
  "WLHReal_a0_p": 0.7834772753,
  "WLHReal_a1_p": 0.0002076158,
  "WLHReal_a2_p": 2.6622e-06,
  "WLHReal_a3_p": 0.0350455035,
  "WLHReal_a4_p": 0.4824458161,
  "WLHReal_V0_n": 43.1438623881,
  "WLHReal_V1_n": 0.2208854212,
  "WLHReal_V2_n": -0.0010220328,
  "WLHReal_V3_n": 4.4056e-06,
  "WLHReal_V4_n": 21.5018789075,
  "WLHReal_V5_n": 0.2982880892,
  "WLHReal_V6_n": 0.0016934281,
  "WLHReal_r0_n": 1.3451938002,
  "WLHReal_r1_n": 0.150281654,
  "WLHReal_r2_n": 0.0015090753,
  "WLHReal_r3_n": 2.06521e-05,
  "WLHReal_a0_n": 0.76826252,
  "WLHReal_a1_n": 0.0019033781,
  "WLHReal_a2_n": 2.70353e-05,
  "WLHReal_a3_n": 0.5049103241,
  "WLHReal_a4_n": 1.3116822774,
  "WLHImagVolume_W0_p": 4.4727960102,
  "WLHImagVolume_W1_p": 0.2350619347,
  "WLHImagVolume_W2_p": 0.0003627963,
  "WLHImagVolume_W3_p": 10.4283261656,
  "WLHImagVolume_W4_p": 0.0850130151,
  "WLHImagVolume_r0_p": 0.5859426756,
  "WLHImagVolume_r1_p": 45.176511412,
  "WLHImagVolume_r2_p": 0.6906440054,
  "WLHImagVolume_r3_p": 51.1345969862,
  "WLHImagVolume_r4_p": 0.5490288635,
  "WLHImagVolume_r5_p": 1.3345e-06,
  "WLHImagVolume_a0_p": 0.5727610335,
  "WLHImagVolume_a1_p": 0.2714828574,
  "WLHImagVolume_a2_p": 14.082332426,
  "WLHImagVolume_a3_p": 0.4306532819,
  "WLHImagVolume_a4_p": 0.0026276075,
  "WLHImagVolume_W0_n": 2.1344200674,
  "WLHImagVolume_W1_n": 0.0667324346,
  "WLHImagVolume_W2_n": 0.0001212034,
  "WLHImagVolume_W3_n": 6.0335958951,
  "WLHImagVolume_W4_n": -0.089652145,
  "WLHImagVolume_r0_n": 0.5793506015,
  "WLHImagVolume_r1_n": 112.8262506377,
  "WLHImagVolume_r2_n": 0.7601029146,
  "WLHImagVolume_r3_n": 109.3357599767,
  "WLHImagVolume_r4_n": 0.7818314341,
  "WLHImagVolume_r5_n": 4.8461e-06,
  "WLHImagVolume_a0_n": 0.2380092393,
  "WLHImagVolume_a1_n": 0.5641428958,
  "WLHImagVolume_a2_n": 8.3867815908,
  "WLHImagVolume_a3_n": 0.1019512035,
  "WLHImagVolume_a4_n": 2.54384e-05,
  "WLHImagSurface_W0_p": 1.0885777271,
  "WLHImagSurface_W1_p": 0.0624848561,
  "WLHImagSurface_W2_p": 1.951252946,
  "WLHImagSurface_W3_p": 0.2412942545,
  "WLHImagSurface_r0_p": 0.9395869723,
  "WLHImagSurface_r1_p": 0.5195174104,
  "WLHImagSurface_r2_p": 0.0041898398,
  "WLHImagSurface_a0_p": 0.6942125688,
  "WLHImagSurface_W0_n": 0.6145473955,
  "WLHImagSurface_W1_n": 0.0253254309,
  "WLHImagSurface_W2_n": 0.3875041115,
  "WLHImagSurface_W3_n": 0.1178472314,
  "WLHImagSurface_r0_n": 1.344770591,
  "WLHImagSurface_r1_n": 1.424250042,
  "WLHImagSurface_r2_n": 0.0010921336,
  "WLHImagSurface_a0_n": 0.9051493712,
  "WLHRealSpinOrbit_V0_p": 9.3401573722,
  "WLHRealSpinOrbit_V1_p": 0.0082756608,
  "WLHRealSpinOrbit_r0_p": 1.2920023868,
  "WLHRealSpinOrbit_r1_p": 0.8723172435,
  "WLHRealSpinOrbit_a0_p": 0.805938818,
  "WLHRealSpinOrbit_a1_p": 0.000378461,
  "WLHRealSpinOrbit_V0_n": 9.0013188696,
  "WLHRealSpinOrbit_V1_n": 0.0086027422,
  "WLHRealSpinOrbit_r0_n": 1.3576134365,
  "WLHRealSpinOrbit_r1_n": 0.9730173724,
  "WLHRealSpinOrbit_a0_n": 0.8596096132,
  "WLHRealSpinOrbit_a1_n": 0.0003901541
}