{
  "WLHReal_V0_p": 55.6919423373,
  "WLHReal_V1_p": 0.3115370266,
  "WLHReal_V2_p": -1.79686e-05,
  "WLHReal_V3_p": 1.6928e-06,
  "WLHReal_V4_p": 13.2016111275,
  "WLHReal_V5_p": 0.1255274513,
  "WLHReal_V6_p": 0.0002984533,
  "WLHReal_r0_p": 1.2661039481,
  "WLHReal_r1_p": 0.2305325433,
  "WLHReal_r2_p": 0.0010017127,
  "WLHReal_r3_p": 8.5914e-06,
  "WLHReal_a0_p": 0.7785018071,
  "WLHReal_a1_p": 0.0001673427,
  "WLHReal_a2_p": 6.2892e-06,
  "WLHReal_a3_p": 0.0697712457,
  "WLHReal_a4_p": 0.6356388331,
  "WLHReal_V0_n": 48.9953514487,
  "WLHReal_V1_n": 0.2428553516,
  "WLHReal_V2_n": -0.0004121405,
  "WLHReal_V3_n": 2.8251e-06,
  "WLHReal_V4_n": 21.9210900153,
  "WLHReal_V5_n": 0.2757972111,
  "WLHReal_V6_n": 0.0011501351,
  "WLHReal_r0_n": 1.3021155249,
  "WLHReal_r1_n": 0.2452050334,
  "WLHReal_r2_n": 0.0010082152,
  "WLHReal_r3_n": 1.18382e-05,
  "WLHReal_a0_n": 0.7419102145,
  "WLHReal_a1_n": 0.0010697905,
  "WLHReal_a2_n": 1.38337e-05,
  "WLHReal_a3_n": 0.3575922706,
  "WLHReal_a4_n": 0.9836486202,
  "WLHImagVolume_W0_p": 4.5538919593,
  "WLHImagVolume_W1_p": 0.2589966501,
  "WLHImagVolume_W2_p": 0.0003398903,
  "WLHImagVolume_W3_p": 13.4779378983,
  "WLHImagVolume_W4_p": 0.0816291622,
  "WLHImagVolume_r0_p": 0.7309482032,
  "WLHImagVolume_r1_p": 38.0967867787,
  "WLHImagVolume_r2_p": 0.5011820271,
  "WLHImagVolume_r3_p": 55.3016403426,
  "WLHImagVolume_r4_p": 0.7847781621,
  "WLHImagVolume_r5_p": 2.3183e-06,
  "WLHImagVolume_a0_p": 0.5715153214,
  "WLHImagVolume_a1_p": 0.2440380944,
  "WLHImagVolume_a2_p": 11.9651273234,
  "WLHImagVolume_a3_p": 0.4408068878,
  "WLHImagVolume_a4_p": 0.002701529,
  "WLHImagVolume_W0_n": 2.1750888792,
  "WLHImagVolume_W1_n": 0.1484602283,
  "WLHImagVolume_W2_n": 0.0001503978,
  "WLHImagVolume_W3_n": 7.08079623,
  "WLHImagVolume_W4_n": -0.0287810555,
  "WLHImagVolume_r0_n": 0.6001229552,
  "WLHImagVolume_r1_n": 82.4266205644,
  "WLHImagVolume_r2_n": 0.6917062954,
  "WLHImagVolume_r3_n": 85.4356597086,
  "WLHImagVolume_r4_n": 0.9274432291,
  "WLHImagVolume_r5_n": 3.8937e-06,
  "WLHImagVolume_a0_n": 0.2302171792,
  "WLHImagVolume_a1_n": 0.5846120157,
  "WLHImagVolume_a2_n": 8.9339512715,
  "WLHImagVolume_a3_n": 0.0922564549,
  "WLHImagVolume_a4_n": 0.0006334242,
  "WLHImagSurface_W0_p": 0.6587728519,
  "WLHImagSurface_W1_p": 0.0067430225,
  "WLHImagSurface_W2_p": -0.1224590284,
  "WLHImagSurface_W3_p": 0.0091614038,
  "WLHImagSurface_r0_p": 0.9136513579,
  "WLHImagSurface_r1_p": 0.4819981052,
  "WLHImagSurface_r2_p": 0.0041278141,
  "WLHImagSurface_a0_p": 0.7353084895,
  "WLHImagSurface_W0_n": 0.9314480562,
  "WLHImagSurface_W1_n": 0.0181827303,
  "WLHImagSurface_W2_n": 0.9905648349,
  "WLHImagSurface_W3_n": 0.0879444363,
  "WLHImagSurface_r0_n": 1.2920978245,
  "WLHImagSurface_r1_n": 1.3335105166,
  "WLHImagSurface_r2_n": 0.0024387328,
  "WLHImagSurface_a0_n": 0.8660277126,
  "WLHRealSpinOrbit_V0_p": 10.1568416086,
  "WLHRealSpinOrbit_V1_p": 0.0088838584,
  "WLHRealSpinOrbit_r0_p": 1.2477892425,
  "WLHRealSpinOrbit_r1_p": 0.8474623056,
  "WLHRealSpinOrbit_a0_p": 0.7931861447,
  "WLHRealSpinOrbit_a1_p": 0.0003177901,
  "WLHRealSpinOrbit_V0_n": 9.6047792804,
  "WLHRealSpinOrbit_V1_n": 0.0085891147,
  "WLHRealSpinOrbit_r0_n": 1.2942888278,
  "WLHRealSpinOrbit_r1_n": 0.880494666,
  "WLHRealSpinOrbit_a0_n": 0.8137186632,
  "WLHRealSpinOrbit_a1_n": 0.0003801653
}