{
  "WLHReal_V0_p": 53.7607724997,
  "WLHReal_V1_p": 0.2835772494,
  "WLHReal_V2_p": 0.000338143,
  "WLHReal_V3_p": -1.892e-07,
  "WLHReal_V4_p": 15.2132380968,
  "WLHReal_V5_p": 0.1035252075,
  "WLHReal_V6_p": 0.0001250048,
  "WLHReal_r0_p": 1.2234300675,
  "WLHReal_r1_p": 0.160786363,
  "WLHReal_r2_p": 0.0007653883,
  "WLHReal_r3_p": 6.5487e-06,
  "WLHReal_a0_p": 0.7436339732,
  "WLHReal_a1_p": 2.42799e-05,
  "WLHReal_a2_p": 4.6455e-06,
  "WLHReal_a3_p": 0.0578196894,
  "WLHReal_a4_p": 0.5472918968,
  "WLHReal_V0_n": 57.4841147591,
  "WLHReal_V1_n": 0.333503805,
  "WLHReal_V2_n": 3.57044e-05,
  "WLHReal_V3_n": 1.5149e-06,
  "WLHReal_V4_n": 20.8267445184,
  "WLHReal_V5_n": 0.279051757,
  "WLHReal_V6_n": 0.0009286424,
  "WLHReal_r0_n": 1.2511674499,
  "WLHReal_r1_n": 0.2961544572,
  "WLHReal_r2_n": 0.0008203568,
  "WLHReal_r3_n": 7.2047e-06,
  "WLHReal_a0_n": 0.7355308903,
  "WLHReal_a1_n": 0.0005732998,
  "WLHReal_a2_n": 7.0314e-06,
  "WLHReal_a3_n": 0.2475830845,
  "WLHReal_a4_n": 0.8551632122,
  "WLHImagVolume_W0_p": 2.8866917309,
  "WLHImagVolume_W1_p": 0.1520213241,
  "WLHImagVolume_W2_p": 1.1342e-05,
  "WLHImagVolume_W3_p": 10.9438238123,
  "WLHImagVolume_W4_p": 0.0477759017,
  "WLHImagVolume_r0_p": 0.7865468245,
  "WLHImagVolume_r1_p": 32.2605130768,
  "WLHImagVolume_r2_p": 0.4123433459,
  "WLHImagVolume_r3_p": 50.8571488068,
  "WLHImagVolume_r4_p": 0.8200580528,
  "WLHImagVolume_r5_p": 1.7481e-06,
  "WLHImagVolume_a0_p": 0.5167391835,
  "WLHImagVolume_a1_p": 0.2552958745,
  "WLHImagVolume_a2_p": 12.7557164497,
  "WLHImagVolume_a3_p": 0.3792604917,
  "WLHImagVolume_a4_p": 0.0017540116,
  "WLHImagVolume_W0_n": 3.7654284783,
  "WLHImagVolume_W1_n": 0.3323797526,
  "WLHImagVolume_W2_n": 0.0006734563,
  "WLHImagVolume_W3_n": 10.9687910128,
  "WLHImagVolume_W4_n": 0.0786297317,
  "WLHImagVolume_r0_n": 0.5945284646,
  "WLHImagVolume_r1_n": 63.4178850046,
  "WLHImagVolume_r2_n": 0.6568940481,
  "WLHImagVolume_r3_n": 77.7353787702,
  "WLHImagVolume_r4_n": 0.9668469137,
  "WLHImagVolume_r5_n": 3.2097e-06,
  "WLHImagVolume_a0_n": 0.2382152289,
  "WLHImagVolume_a1_n": 0.5723032628,
  "WLHImagVolume_a2_n": 4.7039868497,
  "WLHImagVolume_a3_n": -0.0080872167,
  "WLHImagVolume_a4_n": 0.000321721,
  "WLHImagSurface_W0_p": 0.874829374,
  "WLHImagSurface_W1_p": 0.0147027624,
  "WLHImagSurface_W2_p": 0.3352588284,
  "WLHImagSurface_W3_p": 0.0231894508,
  "WLHImagSurface_r0_p": 1.0007558943,
  "WLHImagSurface_r1_p": 0.4847129574,
  "WLHImagSurface_r2_p": 0.0069199009,
  "WLHImagSurface_a0_p": 0.7819155763,
  "WLHImagSurface_W0_n": 2.2690850143,
  "WLHImagSurface_W1_n": 0.0515459303,
  "WLHImagSurface_W2_n": 2.951226333,
  "WLHImagSurface_W3_n": 0.1504373,
  "WLHImagSurface_r0_n": 1.2554025703,
  "WLHImagSurface_r1_n": 1.5277886421,
  "WLHImagSurface_r2_n": 0.0039947569,
  "WLHImagSurface_a0_n": 0.8250392172,
  "WLHRealSpinOrbit_V0_p": 10.3257827913,
  "WLHRealSpinOrbit_V1_p": 0.0086674059,
  "WLHRealSpinOrbit_r0_p": 1.2193231168,
  "WLHRealSpinOrbit_r1_p": 0.7854764457,
  "WLHRealSpinOrbit_a0_p": 0.7655686747,
  "WLHRealSpinOrbit_a1_p": 0.0003518843,
  "WLHRealSpinOrbit_V0_n": 10.1215521019,
  "WLHRealSpinOrbit_V1_n": 0.0087828547,
  "WLHRealSpinOrbit_r0_n": 1.2348153938,
  "WLHRealSpinOrbit_r1_n": 0.8386516603,
  "WLHRealSpinOrbit_a0_n": 0.7852204882,
  "WLHRealSpinOrbit_a1_n": 0.0002981887
}