{
  "WLHReal_V0_p": 51.571252256,
  "WLHReal_V1_p": 0.3140715481,
  "WLHReal_V2_p": -0.0005401545,
  "WLHReal_V3_p": 4.1926e-06,
  "WLHReal_V4_p": 10.702707716,
  "WLHReal_V5_p": 0.1326247477,
  "WLHReal_V6_p": 0.0004532516,
  "WLHReal_r0_p": 1.3623578878,
  "WLHReal_r1_p": 0.315373941,
  "WLHReal_r2_p": 0.0009731465,
  "WLHReal_r3_p": 9.6236e-06,
  "WLHReal_a0_p": 0.8038381041,
  "WLHReal_a1_p": 2.84384e-05,
  "WLHReal_a2_p": 9.2698e-06,
  "WLHReal_a3_p": 0.0165479418,
  "WLHReal_a4_p": 0.57549818,
  "WLHReal_V0_n": 54.282450367,
  "WLHReal_V1_n": 0.299803104,
  "WLHReal_V2_n": -4.96606e-05,
  "WLHReal_V3_n": 2.9123e-06,
  "WLHReal_V4_n": 20.9565211804,
  "WLHReal_V5_n": 0.2767215966,
  "WLHReal_V6_n": 0.0008864624,
  "WLHReal_r0_n": 1.2883353182,
  "WLHReal_r1_n": 0.3443869047,
  "WLHReal_r2_n": 0.0007425745,
  "WLHReal_r3_n": 5.4633e-06,
  "WLHReal_a0_n": 0.732422046,
  "WLHReal_a1_n": 0.0006014349,
  "WLHReal_a2_n": 6.6327e-06,
  "WLHReal_a3_n": 0.2290041531,
  "WLHReal_a4_n": 0.7713688959,
  "WLHImagVolume_W0_p": 5.2334927259,
  "WLHImagVolume_W1_p": 0.2393025816,
  "WLHImagVolume_W2_p": 0.0005323442,
  "WLHImagVolume_W3_p": 10.8575945111,
  "WLHImagVolume_W4_p": 0.08523616,
  "WLHImagVolume_r0_p": 0.5807876566,
  "WLHImagVolume_r1_p": 63.25433389,
  "WLHImagVolume_r2_p": 0.7504955423,
  "WLHImagVolume_r3_p": 73.8193891086,
  "WLHImagVolume_r4_p": 0.4941460163,
  "WLHImagVolume_r5_p": 5.56e-07,
  "WLHImagVolume_a0_p": 0.5766667362,
  "WLHImagVolume_a1_p": 0.3039221642,
  "WLHImagVolume_a2_p": 17.9604334803,
  "WLHImagVolume_a3_p": 0.4153152859,
  "WLHImagVolume_a4_p": 0.0025073987,
  "WLHImagVolume_W0_n": 2.8212051825,
  "WLHImagVolume_W1_n": 0.2729187954,
  "WLHImagVolume_W2_n": 0.0005600782,
  "WLHImagVolume_W3_n": 8.8016881405,
  "WLHImagVolume_W4_n": 0.0453807335,
  "WLHImagVolume_r0_n": 0.5352762328,
  "WLHImagVolume_r1_n": 78.6970822553,
  "WLHImagVolume_r2_n": 0.7438651756,
  "WLHImagVolume_r3_n": 83.6836736799,
  "WLHImagVolume_r4_n": 0.9031562567,
  "WLHImagVolume_r5_n": 3.398e-06,
  "WLHImagVolume_a0_n": 0.2273815833,
  "WLHImagVolume_a1_n": 0.5991121368,
  "WLHImagVolume_a2_n": 6.9215868833,
  "WLHImagVolume_a3_n": 0.04743977,
  "WLHImagVolume_a4_n": 0.0006512605,
  "WLHImagSurface_W0_p": 0.8842729023,
  "WLHImagSurface_W1_p": 0.0419745384,
  "WLHImagSurface_W2_p": 0.6330054958,
  "WLHImagSurface_W3_p": 0.1479539788,
  "WLHImagSurface_r0_p": 0.9461746057,
  "WLHImagSurface_r1_p": 0.230804522,
  "WLHImagSurface_r2_p": 0.0010070578,
  "WLHImagSurface_a0_p": 0.858418199,
  "WLHImagSurface_W0_n": 1.8582862473,
  "WLHImagSurface_W1_n": 0.0421317228,
  "WLHImagSurface_W2_n": 2.8357208626,
  "WLHImagSurface_W3_n": 0.1475982092,
  "WLHImagSurface_r0_n": 1.2863676472,
  "WLHImagSurface_r1_n": 1.485048551,
  "WLHImagSurface_r2_n": 0.0035973503,
  "WLHImagSurface_a0_n": 0.838626866,
  "WLHRealSpinOrbit_V0_p": 8.9125815768,
  "WLHRealSpinOrbit_V1_p": 0.0083563632,
  "WLHRealSpinOrbit_r0_p": 1.3307960308,
  "WLHRealSpinOrbit_r1_p": 0.9519655372,
  "WLHRealSpinOrbit_a0_p": 0.8410736439,
  "WLHRealSpinOrbit_a1_p": 0.0003476703,
  "WLHRealSpinOrbit_V0_n": 9.652461586,
  "WLHRealSpinOrbit_V1_n": 0.0084098038,
  "WLHRealSpinOrbit_r0_n": 1.262372225,
  "WLHRealSpinOrbit_r1_n": 0.8480207595,
  "WLHRealSpinOrbit_a0_n": 0.7920102386,
  "WLHRealSpinOrbit_a1_n": 0.0003489854
}