{
  "WLHReal_V0_p": 53.8431818995,
  "WLHReal_V1_p": 0.2751092667,
  "WLHReal_V2_p": 0.0002181676,
  "WLHReal_V3_p": -8.2e-09,
  "WLHReal_V4_p": 15.2978401277,
  "WLHReal_V5_p": 0.1084609358,
  "WLHReal_V6_p": 0.0001814295,
  "WLHReal_r0_p": 1.2288180295,
  "WLHReal_r1_p": 0.1669696036,
  "WLHReal_r2_p": 0.000784686,
  "WLHReal_r3_p": 6.1996e-06,
  "WLHReal_a0_p": 0.7479869431,
  "WLHReal_a1_p": 5.86937e-05,
  "WLHReal_a2_p": 4.6265e-06,
  "WLHReal_a3_p": 0.0471896269,
  "WLHReal_a4_p": 0.5389466567,
  "WLHReal_V0_n": 52.1578282038,
  "WLHReal_V1_n": 0.2896430294,
  "WLHReal_V2_n": -0.0002741664,
  "WLHReal_V3_n": 2.4032e-06,
  "WLHReal_V4_n": 20.875959475,
  "WLHReal_V5_n": 0.2846279437,
  "WLHReal_V6_n": 0.0010856857,
  "WLHReal_r0_n": 1.3028360882,
  "WLHReal_r1_n": 0.3080009507,
  "WLHReal_r2_n": 0.0009236892,
  "WLHReal_r3_n": 9.1775e-06,
  "WLHReal_a0_n": 0.741919454,
  "WLHReal_a1_n": 0.0008991554,
  "WLHReal_a2_n": 1.02286e-05,
  "WLHReal_a3_n": 0.2844483996,
  "WLHReal_a4_n": 0.8919674718,
  "WLHImagVolume_W0_p": 3.1772834755,
  "WLHImagVolume_W1_p": 0.160232895,
  "WLHImagVolume_W2_p": -3.32526e-05,
  "WLHImagVolume_W3_p": 10.7602287905,
  "WLHImagVolume_W4_p": 0.053269183,
  "WLHImagVolume_r0_p": 0.8434433561,
  "WLHImagVolume_r1_p": 23.1509799469,
  "WLHImagVolume_r2_p": 0.3574191903,
  "WLHImagVolume_r3_p": 43.1092113291,
  "WLHImagVolume_r4_p": 0.8728246139,
  "WLHImagVolume_r5_p": 2.3443e-06,
  "WLHImagVolume_a0_p": 0.5381300199,
  "WLHImagVolume_a1_p": 0.2342263006,
  "WLHImagVolume_a2_p": 10.9484687554,
  "WLHImagVolume_a3_p": 0.403899826,
  "WLHImagVolume_a4_p": 0.0021293427,
  "WLHImagVolume_W0_n": 2.8032351261,
  "WLHImagVolume_W1_n": 0.2414710141,
  "WLHImagVolume_W2_n": 0.0005296596,
  "WLHImagVolume_W3_n": 8.4356812013,
  "WLHImagVolume_W4_n": 0.0221272049,
  "WLHImagVolume_r0_n": 0.5351627876,
  "WLHImagVolume_r1_n": 88.0500269693,
  "WLHImagVolume_r2_n": 0.759992576,
  "WLHImagVolume_r3_n": 91.3128886331,
  "WLHImagVolume_r4_n": 0.8622789542,
  "WLHImagVolume_r5_n": 3.4107e-06,
  "WLHImagVolume_a0_n": 0.2315222495,
  "WLHImagVolume_a1_n": 0.5903527851,
  "WLHImagVolume_a2_n": 6.7822480221,
  "WLHImagVolume_a3_n": 0.0520862719,
  "WLHImagVolume_a4_n": 0.0004542659,
  "WLHImagSurface_W0_p": 0.7526438427,
  "WLHImagSurface_W1_p": 0.0053328953,
  "WLHImagSurface_W2_p": 0.1833124426,
  "WLHImagSurface_W3_p": -0.0073984268,
  "WLHImagSurface_r0_p": 0.9346220709,
  "WLHImagSurface_r1_p": 0.4146387036,
  "WLHImagSurface_r2_p": 0.0062444864,
  "WLHImagSurface_a0_p": 0.7232150575,
  "WLHImagSurface_W0_n": 1.7076429973,
  "WLHImagSurface_W1_n": 0.0432796437,
  "WLHImagSurface_W2_n": 2.532898278,
  "WLHImagSurface_W3_n": 0.1540897145,
  "WLHImagSurface_r0_n": 1.3025165533,
  "WLHImagSurface_r1_n": 1.507226781,
  "WLHImagSurface_r2_n": 0.0030894356,
  "WLHImagSurface_a0_n": 0.8528352818,
  "WLHRealSpinOrbit_V0_p": 10.4196286989,
  "WLHRealSpinOrbit_V1_p": 0.0088330639,
  "WLHRealSpinOrbit_r0_p": 1.2262428095,
  "WLHRealSpinOrbit_r1_p": 0.797056537,
  "WLHRealSpinOrbit_a0_p": 0.7726971529,
  "WLHRealSpinOrbit_a1_p": 0.0003498167,
  "WLHRealSpinOrbit_V0_n": 9.4675787771,
  "WLHRealSpinOrbit_V1_n": 0.0084403422,
  "WLHRealSpinOrbit_r0_n": 1.2846365797,
  "WLHRealSpinOrbit_r1_n": 0.8804198263,
  "WLHRealSpinOrbit_a0_n": 0.8084286753,
  "WLHRealSpinOrbit_a1_n": 0.0003527212
}