{
  "WLHReal_V0_p": 60.5194261311,
  "WLHReal_V1_p": 0.3533697233,
  "WLHReal_V2_p": 0.0006116453,
  "WLHReal_V3_p": 5.87e-08,
  "WLHReal_V4_p": 13.5792823345,
  "WLHReal_V5_p": 0.1503677421,
  "WLHReal_V6_p": 0.0001517031,
  "WLHReal_r0_p": 1.2397797794,
  "WLHReal_r1_p": 0.3444413641,
  "WLHReal_r2_p": 0.0007788826,
  "WLHReal_r3_p": 2.4543e-06,
  "WLHReal_a0_p": 0.7717355827,
  "WLHReal_a1_p": 0.0003901815,
  "WLHReal_a2_p": -4.018e-07,
  "WLHReal_a3_p": 0.1623688953,
  "WLHReal_a4_p": 0.6985654762,
  "WLHReal_V0_n": 50.8214935193,
  "WLHReal_V1_n": 0.2807255891,
  "WLHReal_V2_n": -0.0004300553,
  "WLHReal_V3_n": 3.619e-06,
  "WLHReal_V4_n": 20.5621193781,
  "WLHReal_V5_n": 0.2951834797,
  "WLHReal_V6_n": 0.001179873,
  "WLHReal_r0_n": 1.3324867655,
  "WLHReal_r1_n": 0.3482086996,
  "WLHReal_r2_n": 0.0009521102,
  "WLHReal_r3_n": 9.277e-06,
  "WLHReal_a0_n": 0.7473210604,
  "WLHReal_a1_n": 0.0009903007,
  "WLHReal_a2_n": 1.12798e-05,
  "WLHReal_a3_n": 0.2722559064,
  "WLHReal_a4_n": 0.8714659257,
  "WLHImagVolume_W0_p": 4.2228566625,
  "WLHImagVolume_W1_p": 0.3439754568,
  "WLHImagVolume_W2_p": 0.0006840375,
  "WLHImagVolume_W3_p": 17.4374145234,
  "WLHImagVolume_W4_p": 0.094151173,
  "WLHImagVolume_r0_p": 0.4668773546,
  "WLHImagVolume_r1_p": 60.102251526,
  "WLHImagVolume_r2_p": 0.7134209516,
  "WLHImagVolume_r3_p": 67.2418425818,
  "WLHImagVolume_r4_p": 0.6486634705,
  "WLHImagVolume_r5_p": 2.3146e-06,
  "WLHImagVolume_a0_p": 0.5338187022,
  "WLHImagVolume_a1_p": 0.2757981569,
  "WLHImagVolume_a2_p": 13.592899923,
  "WLHImagVolume_a3_p": 0.4235099549,
  "WLHImagVolume_a4_p": 0.0022811646,
  "WLHImagVolume_W0_n": 2.6458342057,
  "WLHImagVolume_W1_n": 0.2387751483,
  "WLHImagVolume_W2_n": 0.0005939189,
  "WLHImagVolume_W3_n": 7.8894080238,
  "WLHImagVolume_W4_n": 0.0136689044,
  "WLHImagVolume_r0_n": 0.4963684749,
  "WLHImagVolume_r1_n": 98.3783353551,
  "WLHImagVolume_r2_n": 0.8244194535,
  "WLHImagVolume_r3_n": 98.8369088242,
  "WLHImagVolume_r4_n": 0.8202577256,
  "WLHImagVolume_r5_n": 3.6751e-06,
  "WLHImagVolume_a0_n": 0.2386636845,
  "WLHImagVolume_a1_n": 0.5959985637,
  "WLHImagVolume_a2_n": 6.8228494059,
  "WLHImagVolume_a3_n": 0.0687766931,
  "WLHImagVolume_a4_n": 0.0005468507,
  "WLHImagSurface_W0_p": 1.0849743236,
  "WLHImagSurface_W1_p": 0.0486341975,
  "WLHImagSurface_W2_p": 1.0828826914,
  "WLHImagSurface_W3_p": 0.1778739605,
  "WLHImagSurface_r0_p": 1.0905312279,
  "WLHImagSurface_r1_p": 1.1332266946,
  "WLHImagSurface_r2_p": 0.0078954328,
  "WLHImagSurface_a0_p": 0.7482985313,
  "WLHImagSurface_W0_n": 1.6809655034,
  "WLHImagSurface_W1_n": 0.0479322364,
  "WLHImagSurface_W2_n": 2.8558273301,
  "WLHImagSurface_W3_n": 0.1800821593,
  "WLHImagSurface_r0_n": 1.323564504,
  "WLHImagSurface_r1_n": 1.5610230239,
  "WLHImagSurface_r2_n": 0.0027909406,
  "WLHImagSurface_a0_n": 0.8631306059,
  "WLHRealSpinOrbit_V0_p": 10.3170272548,
  "WLHRealSpinOrbit_V1_p": 0.0084730457,
  "WLHRealSpinOrbit_r0_p": 1.1887427775,
  "WLHRealSpinOrbit_r1_p": 0.7602372064,
  "WLHRealSpinOrbit_a0_p": 0.7456652805,
  "WLHRealSpinOrbit_a1_p": 0.0003098302,
  "WLHRealSpinOrbit_V0_n": 9.1344648533,
  "WLHRealSpinOrbit_V1_n": 0.0082830153,
  "WLHRealSpinOrbit_r0_n": 1.3087322222,
  "WLHRealSpinOrbit_r1_n": 0.9051955083,
  "WLHRealSpinOrbit_a0_n": 0.8207096199,
  "WLHRealSpinOrbit_a1_n": 0.0003705732
}