{
  "WLHReal_V0_p": 53.4378740388,
  "WLHReal_V1_p": 0.2801932335,
  "WLHReal_V2_p": -0.0005987103,
  "WLHReal_V3_p": 2.9697e-06,
  "WLHReal_V4_p": 12.5783305087,
  "WLHReal_V5_p": 0.1411351671,
  "WLHReal_V6_p": 0.0005257562,
  "WLHReal_r0_p": 1.3254236787,
  "WLHReal_r1_p": 0.2832292697,
  "WLHReal_r2_p": 0.0009904846,
  "WLHReal_r3_p": 1.04375e-05,
  "WLHReal_a0_p": 0.7986106798,
  "WLHReal_a1_p": 0.0001775603,
  "WLHReal_a2_p": 8.7331e-06,
  "WLHReal_a3_p": 0.0059985207,
  "WLHReal_a4_p": 0.5587204156,
  "WLHReal_V0_n": 56.0901013012,
  "WLHReal_V1_n": 0.3460362551,
  "WLHReal_V2_n": 0.0007220454,
  "WLHReal_V3_n": 4.78e-07,
  "WLHReal_V4_n": 20.5963113779,
  "WLHReal_V5_n": 0.2294655484,
  "WLHReal_V6_n": 0.0002294019,
  "WLHReal_r0_n": 1.2494771127,
  "WLHReal_r1_n": 0.3480213133,
  "WLHReal_r2_n": 0.0003276873,
  "WLHReal_r3_n": -2.2699e-06,
  "WLHReal_a0_n": 0.6983769561,
  "WLHReal_a1_n": 0.0001360143,
  "WLHReal_a2_n": -3.1571e-06,
  "WLHReal_a3_n": 0.1441877628,
  "WLHReal_a4_n": 0.5617314635,
  "WLHImagVolume_W0_p": 5.4991347271,
  "WLHImagVolume_W1_p": 0.2539370399,
  "WLHImagVolume_W2_p": 0.0002359909,
  "WLHImagVolume_W3_p": 11.0155835669,
  "WLHImagVolume_W4_p": 0.0944185529,
  "WLHImagVolume_r0_p": 0.8425012226,
  "WLHImagVolume_r1_p": 21.1013082576,
  "WLHImagVolume_r2_p": 0.4409233544,
  "WLHImagVolume_r3_p": 39.290236155,
  "WLHImagVolume_r4_p": 0.8059583806,
  "WLHImagVolume_r5_p": 2.0672e-06,
  "WLHImagVolume_a0_p": 0.6313778876,
  "WLHImagVolume_a1_p": 0.2105569308,
  "WLHImagVolume_a2_p": 9.4938650372,
  "WLHImagVolume_a3_p": 0.4938011781,
  "WLHImagVolume_a4_p": 0.0036082994,
  "WLHImagVolume_W0_n": 1.929030126,
  "WLHImagVolume_W1_n": 0.2568469705,
  "WLHImagVolume_W2_n": 0.0006686283,
  "WLHImagVolume_W3_n": 7.2165666638,
  "WLHImagVolume_W4_n": 0.0742625915,
  "WLHImagVolume_r0_n": 0.3899401762,
  "WLHImagVolume_r1_n": 100.2683049819,
  "WLHImagVolume_r2_n": 0.8527321826,
  "WLHImagVolume_r3_n": 84.828454143,
  "WLHImagVolume_r4_n": 0.6759965583,
  "WLHImagVolume_r5_n": 4.182e-07,
  "WLHImagVolume_a0_n": 0.1400890936,
  "WLHImagVolume_a1_n": 0.6663262915,
  "WLHImagVolume_a2_n": 9.1215280329,
  "WLHImagVolume_a3_n": 0.0408578033,
  "WLHImagVolume_a4_n": 0.0003531423,
  "WLHImagSurface_W0_p": 0.4363535272,
  "WLHImagSurface_W1_p": -0.0023910111,
  "WLHImagSurface_W2_p": -0.0920685895,
  "WLHImagSurface_W3_p": -0.0099030448,
  "WLHImagSurface_r0_p": 0.7380401743,
  "WLHImagSurface_r1_p": 0.1330158989,
  "WLHImagSurface_r2_p": 0.0009325672,
  "WLHImagSurface_a0_p": 0.6204873858,
  "WLHImagSurface_W0_n": 2.3530899542,
  "WLHImagSurface_W1_n": 0.044891049,
  "WLHImagSurface_W2_n": 3.8564830863,
  "WLHImagSurface_W3_n": 0.1488192194,
  "WLHImagSurface_r0_n": 1.320237682,
  "WLHImagSurface_r1_n": 1.4627469217,
  "WLHImagSurface_r2_n": 0.0050895452,
  "WLHImagSurface_a0_n": 0.8073049624,
  "WLHRealSpinOrbit_V0_p": 9.8362698996,
  "WLHRealSpinOrbit_V1_p": 0.00908555,
  "WLHRealSpinOrbit_r0_p": 1.3074223576,
  "WLHRealSpinOrbit_r1_p": 0.9260316085,
  "WLHRealSpinOrbit_a0_p": 0.8351354408,
  "WLHRealSpinOrbit_a1_p": 0.0003331863,
  "WLHRealSpinOrbit_V0_n": 9.4388855664,
  "WLHRealSpinOrbit_V1_n": 0.0076772424,
  "WLHRealSpinOrbit_r0_n": 1.2114658456,
  "WLHRealSpinOrbit_r1_n": 0.7663445986,
  "WLHRealSpinOrbit_a0_n": 0.7454957467,
  "WLHRealSpinOrbit_a1_n": 0.0003564725
}