{
  "WLHReal_V0_p": 50.2923718139,
  "WLHReal_V1_p": 0.3044325658,
  "WLHReal_V2_p": -0.0013211906,
  "WLHReal_V3_p": 6.3929e-06,
  "WLHReal_V4_p": 8.894212064,
  "WLHReal_V5_p": 0.138548096,
  "WLHReal_V6_p": 0.0007350995,
  "WLHReal_r0_p": 1.4162220985,
  "WLHReal_r1_p": 0.3019199266,
  "WLHReal_r2_p": 0.0013348581,
  "WLHReal_r3_p": 1.60363e-05,
  "WLHReal_a0_p": 0.8402555012,
  "WLHReal_a1_p": 3.50371e-05,
  "WLHReal_a2_p": 1.46098e-05,
  "WLHReal_a3_p": -0.0393155976,
  "WLHReal_a4_p": 0.6062489407,
  "WLHReal_V0_n": 51.0899551512,
  "WLHReal_V1_n": 0.2937332983,
  "WLHReal_V2_n": -0.0002617047,
  "WLHReal_V3_n": 3.2566e-06,
  "WLHReal_V4_n": 20.9457515763,
  "WLHReal_V5_n": 0.2765161605,
  "WLHReal_V6_n": 0.0011113956,
  "WLHReal_r0_n": 1.2898301877,
  "WLHReal_r1_n": 0.2380731104,
  "WLHReal_r2_n": 0.0010265593,
  "WLHReal_r3_n": 1.13124e-05,
  "WLHReal_a0_n": 0.7419899282,
  "WLHReal_a1_n": 0.0010759123,
  "WLHReal_a2_n": 1.39661e-05,
  "WLHReal_a3_n": 0.3394136654,
  "WLHReal_a4_n": 1.0020717728,
  "WLHImagVolume_W0_p": 7.0601696645,
  "WLHImagVolume_W1_p": 0.2820714337,
  "WLHImagVolume_W2_p": 0.0005502844,
  "WLHImagVolume_W3_p": 10.4091816032,
  "WLHImagVolume_W4_p": 0.1098704848,
  "WLHImagVolume_r0_p": 0.7526991566,
  "WLHImagVolume_r1_p": 46.2924643508,
  "WLHImagVolume_r2_p": 0.6384252911,
  "WLHImagVolume_r3_p": 63.4805860508,
  "WLHImagVolume_r4_p": 0.6023778501,
  "WLHImagVolume_r5_p": 7.738e-07,
  "WLHImagVolume_a0_p": 0.6634557524,
  "WLHImagVolume_a1_p": 0.2559407808,
  "WLHImagVolume_a2_p": 14.676576398,
  "WLHImagVolume_a3_p": 0.4981316494,
  "WLHImagVolume_a4_p": 0.0038723693,
  "WLHImagVolume_W0_n": 2.7221480169,
  "WLHImagVolume_W1_n": 0.2046583224,
  "WLHImagVolume_W2_n": 0.000469586,
  "WLHImagVolume_W3_n": 8.1095992807,
  "WLHImagVolume_W4_n": 0.0076820505,
  "WLHImagVolume_r0_n": 0.5350035582,
  "WLHImagVolume_r1_n": 95.2682692377,
  "WLHImagVolume_r2_n": 0.7522657182,
  "WLHImagVolume_r3_n": 94.626287401,
  "WLHImagVolume_r4_n": 0.802385488,
  "WLHImagVolume_r5_n": 3.2619e-06,
  "WLHImagVolume_a0_n": 0.2138026192,
  "WLHImagVolume_a1_n": 0.589528051,
  "WLHImagVolume_a2_n": 7.0305012806,
  "WLHImagVolume_a3_n": 0.0438550961,
  "WLHImagVolume_a4_n": 0.0001063334,
  "WLHImagSurface_W0_p": 0.3239024856,
  "WLHImagSurface_W1_p": -0.0003363247,
  "WLHImagSurface_W2_p": -0.684440471,
  "WLHImagSurface_W3_p": -0.0017150616,
  "WLHImagSurface_r0_p": 0.7069440397,
  "WLHImagSurface_r1_p": -0.2376245171,
  "WLHImagSurface_r2_p": -0.0042099796,
  "WLHImagSurface_a0_p": 0.7626452313,
  "WLHImagSurface_W0_n": 1.6533181179,
  "WLHImagSurface_W1_n": 0.0416723222,
  "WLHImagSurface_W2_n": 2.1527637474,
  "WLHImagSurface_W3_n": 0.142510392,
  "WLHImagSurface_r0_n": 1.3119570909,
  "WLHImagSurface_r1_n": 1.4881991619,
  "WLHImagSurface_r2_n": 0.0030271966,
  "WLHImagSurface_a0_n": 0.8551899447,
  "WLHRealSpinOrbit_V0_p": 8.7799365324,
  "WLHRealSpinOrbit_V1_p": 0.0089503873,
  "WLHRealSpinOrbit_r0_p": 1.3954836142,
  "WLHRealSpinOrbit_r1_p": 1.0662585388,
  "WLHRealSpinOrbit_a0_p": 0.8990252352,
  "WLHRealSpinOrbit_a1_p": 0.0003208903,
  "WLHRealSpinOrbit_V0_n": 9.4613000288,
  "WLHRealSpinOrbit_V1_n": 0.0084465011,
  "WLHRealSpinOrbit_r0_n": 1.2821131211,
  "WLHRealSpinOrbit_r1_n": 0.8827790061,
  "WLHRealSpinOrbit_a0_n": 0.8088255203,
  "WLHRealSpinOrbit_a1_n": 0.0003460251
}