{
  "WLHReal_V0_p": 50.0726376454,
  "WLHReal_V1_p": 0.2758228012,
  "WLHReal_V2_p": -0.0006609186,
  "WLHReal_V3_p": 3.9157e-06,
  "WLHReal_V4_p": 11.9242402986,
  "WLHReal_V5_p": 0.1311621688,
  "WLHReal_V6_p": 0.0004955034,
  "WLHReal_r0_p": 1.3585562548,
  "WLHReal_r1_p": 0.2944899556,
  "WLHReal_r2_p": 0.0008632305,
  "WLHReal_r3_p": 1.01225e-05,
  "WLHReal_a0_p": 0.7947957153,
  "WLHReal_a1_p": 3.0472e-06,
  "WLHReal_a2_p": 9.2293e-06,
  "WLHReal_a3_p": -0.0228679687,
  "WLHReal_a4_p": 0.4920177874,
  "WLHReal_V0_n": 55.8119940272,
  "WLHReal_V1_n": 0.3049434546,
  "WLHReal_V2_n": 0.0005444861,
  "WLHReal_V3_n": -2.359e-07,
  "WLHReal_V4_n": 21.9057484022,
  "WLHReal_V5_n": 0.2313893282,
  "WLHReal_V6_n": 0.0003767706,
  "WLHReal_r0_n": 1.2287804182,
  "WLHReal_r1_n": 0.2883102483,
  "WLHReal_r2_n": 0.0004402193,
  "WLHReal_r3_n": 8.563e-07,
  "WLHReal_a0_n": 0.703658433,
  "WLHReal_a1_n": 0.0001858004,
  "WLHReal_a2_n": -6.051e-07,
  "WLHReal_a3_n": 0.2114643417,
  "WLHReal_a4_n": 0.6670149611,
  "WLHImagVolume_W0_p": 4.9430641411,
  "WLHImagVolume_W1_p": 0.1882473228,
  "WLHImagVolume_W2_p": 0.000234892,
  "WLHImagVolume_W3_p": 8.4944095325,
  "WLHImagVolume_W4_p": 0.0771901861,
  "WLHImagVolume_r0_p": 0.7385880374,
  "WLHImagVolume_r1_p": 40.1362096568,
  "WLHImagVolume_r2_p": 0.5870652545,
  "WLHImagVolume_r3_p": 54.1986259695,
  "WLHImagVolume_r4_p": 0.6133395372,
  "WLHImagVolume_r5_p": 1.3563e-06,
  "WLHImagVolume_a0_p": 0.5939957985,
  "WLHImagVolume_a1_p": 0.2665515323,
  "WLHImagVolume_a2_p": 14.7392470047,
  "WLHImagVolume_a3_p": 0.4327861976,
  "WLHImagVolume_a4_p": 0.0027906549,
  "WLHImagVolume_W0_n": 2.1173493451,
  "WLHImagVolume_W1_n": 0.2250264438,
  "WLHImagVolume_W2_n": 0.0002996345,
  "WLHImagVolume_W3_n": 7.8972239307,
  "WLHImagVolume_W4_n": 0.0486500917,
  "WLHImagVolume_r0_n": 0.551228837,
  "WLHImagVolume_r1_n": 67.6382592571,
  "WLHImagVolume_r2_n": 0.6705172067,
  "WLHImagVolume_r3_n": 66.79234515,
  "WLHImagVolume_r4_n": 0.9139835001,
  "WLHImagVolume_r5_n": 1.7596e-06,
  "WLHImagVolume_a0_n": 0.1745610874,
  "WLHImagVolume_a1_n": 0.6279969,
  "WLHImagVolume_a2_n": 9.57298989,
  "WLHImagVolume_a3_n": 0.0528488784,
  "WLHImagVolume_a4_n": 0.0006911541,
  "WLHImagSurface_W0_p": 0.7502083923,
  "WLHImagSurface_W1_p": 0.0280943461,
  "WLHImagSurface_W2_p": 0.6367175505,
  "WLHImagSurface_W3_p": 0.0974557955,
  "WLHImagSurface_r0_p": 0.8449706962,
  "WLHImagSurface_r1_p": 0.0338413649,
  "WLHImagSurface_r2_p": 0.0008127881,
  "WLHImagSurface_a0_p": 0.759567055,
  "WLHImagSurface_W0_n": 1.6790877424,
  "WLHImagSurface_W1_n": 0.0199981148,
  "WLHImagSurface_W2_n": 2.1244246969,
  "WLHImagSurface_W3_n": 0.0700583491,
  "WLHImagSurface_r0_n": 1.2619437531,
  "WLHImagSurface_r1_n": 1.2798541225,
  "WLHImagSurface_r2_n": 0.0045224892,
  "WLHImagSurface_a0_n": 0.8121773366,
  "WLHRealSpinOrbit_V0_p": 9.1126207688,
  "WLHRealSpinOrbit_V1_p": 0.0085614683,
  "WLHRealSpinOrbit_r0_p": 1.3384680064,
  "WLHRealSpinOrbit_r1_p": 0.9518508377,
  "WLHRealSpinOrbit_a0_p": 0.8459556169,
  "WLHRealSpinOrbit_a1_p": 0.0003680107,
  "WLHRealSpinOrbit_V0_n": 10.1201087555,
  "WLHRealSpinOrbit_V1_n": 0.0083009277,
  "WLHRealSpinOrbit_r0_n": 1.2042189998,
  "WLHRealSpinOrbit_r1_n": 0.7600673643,
  "WLHRealSpinOrbit_a0_n": 0.7490223241,
  "WLHRealSpinOrbit_a1_n": 0.0003513147
}