{
  "WLHReal_V0_p": 50.5564499165,
  "WLHReal_V1_p": 0.2965258756,
  "WLHReal_V2_p": -0.0009028988,
  "WLHReal_V3_p": 5.6663e-06,
  "WLHReal_V4_p": 10.3837717348,
  "WLHReal_V5_p": 0.1364719576,
  "WLHReal_V6_p": 0.0005871427,
  "WLHReal_r0_p": 1.3855713109,
  "WLHReal_r1_p": 0.3115397371,
  "WLHReal_r2_p": 0.0010639275,
  "WLHReal_r3_p": 1.2502e-05,
  "WLHReal_a0_p": 0.8160326833,
  "WLHReal_a1_p": 2.9885e-05,
  "WLHReal_a2_p": 1.12644e-05,
  "WLHReal_a3_p": -0.0199124795,
  "WLHReal_a4_p": 0.5549884855,
  "WLHReal_V0_n": 49.0911410156,
  "WLHReal_V1_n": 0.2888618228,
  "WLHReal_V2_n": -0.0011338514,
  "WLHReal_V3_n": 6.0418e-06,
  "WLHReal_V4_n": 19.9425209953,
  "WLHReal_V5_n": 0.337610539,
  "WLHReal_V6_n": 0.0019224328,
  "WLHReal_r0_n": 1.3488254912,
  "WLHReal_r1_n": 0.2372089005,
  "WLHReal_r2_n": 0.0015924402,
  "WLHReal_r3_n": 2.08685e-05,
  "WLHReal_a0_n": 0.7861162566,
  "WLHReal_a1_n": 0.0018075182,
  "WLHReal_a2_n": 2.59927e-05,
  "WLHReal_a3_n": 0.4285050482,
  "WLHReal_a4_n": 1.2877264969,
  "WLHImagVolume_W0_p": 5.8934221419,
  "WLHImagVolume_W1_p": 0.2407765077,
  "WLHImagVolume_W2_p": 0.0004431035,
  "WLHImagVolume_W3_p": 9.8258122981,
  "WLHImagVolume_W4_p": 0.0933107863,
  "WLHImagVolume_r0_p": 0.6983078327,
  "WLHImagVolume_r1_p": 48.5459491532,
  "WLHImagVolume_r2_p": 0.6563512069,
  "WLHImagVolume_r3_p": 62.5109950495,
  "WLHImagVolume_r4_p": 0.57134709,
  "WLHImagVolume_r5_p": 7.393e-07,
  "WLHImagVolume_a0_p": 0.6188283287,
  "WLHImagVolume_a1_p": 0.2718117741,
  "WLHImagVolume_a2_p": 15.5131145297,
  "WLHImagVolume_a3_p": 0.4560739344,
  "WLHImagVolume_a4_p": 0.0031766422,
  "WLHImagVolume_W0_n": 4.0437513173,
  "WLHImagVolume_W1_n": 0.2584461311,
  "WLHImagVolume_W2_n": 0.000737797,
  "WLHImagVolume_W3_n": 10.0840566859,
  "WLHImagVolume_W4_n": -0.0035042053,
  "WLHImagVolume_r0_n": 0.5758646222,
  "WLHImagVolume_r1_n": 102.3508043296,
  "WLHImagVolume_r2_n": 0.7739416977,
  "WLHImagVolume_r3_n": 114.4662607713,
  "WLHImagVolume_r4_n": 0.8309371082,
  "WLHImagVolume_r5_n": 4.9693e-06,
  "WLHImagVolume_a0_n": 0.2907009085,
  "WLHImagVolume_a1_n": 0.5277829659,
  "WLHImagVolume_a2_n": 2.7712620268,
  "WLHImagVolume_a3_n": 0.0153295426,
  "WLHImagVolume_a4_n": -0.0002131877,
  "WLHImagSurface_W0_p": 0.6245368196,
  "WLHImagSurface_W1_p": 0.0220907834,
  "WLHImagSurface_W2_p": 0.1806986709,
  "WLHImagSurface_W3_p": 0.0789307256,
  "WLHImagSurface_r0_p": 0.8137908651,
  "WLHImagSurface_r1_p": -0.0190536823,
  "WLHImagSurface_r2_p": -0.0011689825,
  "WLHImagSurface_a0_p": 0.7806956767,
  "WLHImagSurface_W0_n": 1.8218340429,
  "WLHImagSurface_W1_n": 0.0687324486,
  "WLHImagSurface_W2_n": 2.4699357319,
  "WLHImagSurface_W3_n": 0.225554518,
  "WLHImagSurface_r0_n": 1.3277074748,
  "WLHImagSurface_r1_n": 1.734805933,
  "WLHImagSurface_r2_n": 0.001617891,
  "WLHImagSurface_a0_n": 0.8920120076,
  "WLHRealSpinOrbit_V0_p": 8.9058236413,
  "WLHRealSpinOrbit_V1_p": 0.0086503823,
  "WLHRealSpinOrbit_r0_p": 1.3608381641,
  "WLHRealSpinOrbit_r1_p": 0.9987913243,
  "WLHRealSpinOrbit_a0_p": 0.8665152037,
  "WLHRealSpinOrbit_a1_p": 0.0003452399,
  "WLHRealSpinOrbit_V0_n": 9.1226939704,
  "WLHRealSpinOrbit_V1_n": 0.0089031527,
  "WLHRealSpinOrbit_r0_n": 1.3533943183,
  "WLHRealSpinOrbit_r1_n": 1.0068447829,
  "WLHRealSpinOrbit_a0_n": 0.8700282579,
  "WLHRealSpinOrbit_a1_n": 0.0003201635
}