{
  "WLHReal_V0_p": 51.782959974,
  "WLHReal_V1_p": 0.2361574597,
  "WLHReal_V2_p": -0.0012234423,
  "WLHReal_V3_p": 4.6949e-06,
  "WLHReal_V4_p": 12.424767903,
  "WLHReal_V5_p": 0.1730167944,
  "WLHReal_V6_p": 0.0008090529,
  "WLHReal_r0_p": 1.3943689696,
  "WLHReal_r1_p": 0.3915757756,
  "WLHReal_r2_p": 0.0008552662,
  "WLHReal_r3_p": 1.19515e-05,
  "WLHReal_a0_p": 0.8208682232,
  "WLHReal_a1_p": 0.0002826876,
  "WLHReal_a2_p": 9.1104e-06,
  "WLHReal_a3_p": -0.0625120664,
  "WLHReal_a4_p": 0.4448444414,
  "WLHReal_V0_n": 57.3566005202,
  "WLHReal_V1_n": 0.3519674354,
  "WLHReal_V2_n": 0.0002298204,
  "WLHReal_V3_n": 1.8427e-06,
  "WLHReal_V4_n": 20.0149553628,
  "WLHReal_V5_n": 0.2732330047,
  "WLHReal_V6_n": 0.0007109774,
  "WLHReal_r0_n": 1.2751556058,
  "WLHReal_r1_n": 0.3788913907,
  "WLHReal_r2_n": 0.0006178701,
  "WLHReal_r3_n": 1.603e-06,
  "WLHReal_a0_n": 0.7259407149,
  "WLHReal_a1_n": 0.0003986195,
  "WLHReal_a2_n": 2.2176e-06,
  "WLHReal_a3_n": 0.1639339169,
  "WLHReal_a4_n": 0.6831065421,
  "WLHImagVolume_W0_p": 6.631956974,
  "WLHImagVolume_W1_p": 0.2637180514,
  "WLHImagVolume_W2_p": 9.41707e-05,
  "WLHImagVolume_W3_p": 8.2867727979,
  "WLHImagVolume_W4_p": 0.11542234,
  "WLHImagVolume_r0_p": 0.974887238,
  "WLHImagVolume_r1_p": -5.9899783537,
  "WLHImagVolume_r2_p": 0.3547210269,
  "WLHImagVolume_r3_p": 11.5739919873,
  "WLHImagVolume_r4_p": 0.8516860804,
  "WLHImagVolume_r5_p": 2.6872e-06,
  "WLHImagVolume_a0_p": 0.7121091386,
  "WLHImagVolume_a1_p": 0.1545284867,
  "WLHImagVolume_a2_p": 4.7841473009,
  "WLHImagVolume_a3_p": 0.574901448,
  "WLHImagVolume_a4_p": 0.0049238353,
  "WLHImagVolume_W0_n": 3.2371267729,
  "WLHImagVolume_W1_n": 0.3452647495,
  "WLHImagVolume_W2_n": 0.0008961625,
  "WLHImagVolume_W3_n": 9.7476012938,
  "WLHImagVolume_W4_n": 0.093713968,
  "WLHImagVolume_r0_n": 0.4574671573,
  "WLHImagVolume_r1_n": 87.764394907,
  "WLHImagVolume_r2_n": 0.8130473445,
  "WLHImagVolume_r3_n": 88.9474744372,
  "WLHImagVolume_r4_n": 0.7971224499,
  "WLHImagVolume_r5_n": 1.8966e-06,
  "WLHImagVolume_a0_n": 0.2084524064,
  "WLHImagVolume_a1_n": 0.6146899346,
  "WLHImagVolume_a2_n": 5.4129048181,
  "WLHImagVolume_a3_n": 0.0058696585,
  "WLHImagVolume_a4_n": 0.0003409512,
  "WLHImagSurface_W0_p": 0.2011159966,
  "WLHImagSurface_W1_p": -0.007817855,
  "WLHImagSurface_W2_p": 0.351013944,
  "WLHImagSurface_W3_p": -0.0030471672,
  "WLHImagSurface_r0_p": 0.5055193332,
  "WLHImagSurface_r1_p": -0.1835247612,
  "WLHImagSurface_r2_p": -0.0021951284,
  "WLHImagSurface_a0_p": 0.4086744038,
  "WLHImagSurface_W0_n": 2.631047644,
  "WLHImagSurface_W1_n": 0.0641563225,
  "WLHImagSurface_W2_n": 4.2594507389,
  "WLHImagSurface_W3_n": 0.2009414449,
  "WLHImagSurface_r0_n": 1.3009100252,
  "WLHImagSurface_r1_n": 1.6255889736,
  "WLHImagSurface_r2_n": 0.0044604795,
  "WLHImagSurface_a0_n": 0.8206141285,
  "WLHRealSpinOrbit_V0_p": 9.5965025507,
  "WLHRealSpinOrbit_V1_p": 0.0093468351,
  "WLHRealSpinOrbit_r0_p": 1.3692810142,
  "WLHRealSpinOrbit_r1_p": 1.0009033018,
  "WLHRealSpinOrbit_a0_p": 0.87712226,
  "WLHRealSpinOrbit_a1_p": 0.0003582006,
  "WLHRealSpinOrbit_V0_n": 9.5369038894,
  "WLHRealSpinOrbit_V1_n": 0.0081739784,
  "WLHRealSpinOrbit_r0_n": 1.241143012,
  "WLHRealSpinOrbit_r1_n": 0.8313001001,
  "WLHRealSpinOrbit_a0_n": 0.7777844667,
  "WLHRealSpinOrbit_a1_n": 0.0003216107
}