{
  "WLHReal_V0_p": 57.7274690636,
  "WLHReal_V1_p": 0.338631892,
  "WLHReal_V2_p": 0.0004339166,
  "WLHReal_V3_p": 5.836e-07,
  "WLHReal_V4_p": 13.2000247357,
  "WLHReal_V5_p": 0.1482927782,
  "WLHReal_V6_p": 0.00018801,
  "WLHReal_r0_p": 1.2741862873,
  "WLHReal_r1_p": 0.3652749243,
  "WLHReal_r2_p": 0.000668454,
  "WLHReal_r3_p": 2.9295e-06,
  "WLHReal_a0_p": 0.7725292592,
  "WLHReal_a1_p": 0.0002829405,
  "WLHReal_a2_p": 1.152e-06,
  "WLHReal_a3_p": 0.1254330244,
  "WLHReal_a4_p": 0.6262184259,
  "WLHReal_V0_n": 54.7527554582,
  "WLHReal_V1_n": 0.3024270851,
  "WLHReal_V2_n": 0.0003803341,
  "WLHReal_V3_n": 1.3301e-06,
  "WLHReal_V4_n": 21.2842824974,
  "WLHReal_V5_n": 0.2465647293,
  "WLHReal_V6_n": 0.0004714402,
  "WLHReal_r0_n": 1.2683893797,
  "WLHReal_r1_n": 0.3590937455,
  "WLHReal_r2_n": 0.0004447483,
  "WLHReal_r3_n": -2.002e-07,
  "WLHReal_a0_n": 0.7100080428,
  "WLHReal_a1_n": 0.0002503003,
  "WLHReal_a2_n": -7.721e-07,
  "WLHReal_a3_n": 0.1752644913,
  "WLHReal_a4_n": 0.6087917243,
  "WLHImagVolume_W0_p": 4.0351258012,
  "WLHImagVolume_W1_p": 0.2953011013,
  "WLHImagVolume_W2_p": 0.0006248375,
  "WLHImagVolume_W3_p": 14.9838576399,
  "WLHImagVolume_W4_p": 0.085268878,
  "WLHImagVolume_r0_p": 0.4409982267,
  "WLHImagVolume_r1_p": 65.6405081048,
  "WLHImagVolume_r2_p": 0.776528511,
  "WLHImagVolume_r3_p": 70.516999717,
  "WLHImagVolume_r4_p": 0.5418595521,
  "WLHImagVolume_r5_p": 1.7294e-06,
  "WLHImagVolume_a0_p": 0.5253187172,
  "WLHImagVolume_a1_p": 0.2995591434,
  "WLHImagVolume_a2_p": 15.9754885803,
  "WLHImagVolume_a3_p": 0.398711433,
  "WLHImagVolume_a4_p": 0.0019973381,
  "WLHImagVolume_W0_n": 2.0094734287,
  "WLHImagVolume_W1_n": 0.24120784,
  "WLHImagVolume_W2_n": 0.000462155,
  "WLHImagVolume_W3_n": 7.4113718463,
  "WLHImagVolume_W4_n": 0.048658987,
  "WLHImagVolume_r0_n": 0.4845217035,
  "WLHImagVolume_r1_n": 82.2503422697,
  "WLHImagVolume_r2_n": 0.7716084027,
  "WLHImagVolume_r3_n": 77.5838853491,
  "WLHImagVolume_r4_n": 0.8460989091,
  "WLHImagVolume_r5_n": 2.3084e-06,
  "WLHImagVolume_a0_n": 0.1837061675,
  "WLHImagVolume_a1_n": 0.638184372,
  "WLHImagVolume_a2_n": 9.2641122832,
  "WLHImagVolume_a3_n": 0.0681627694,
  "WLHImagVolume_a4_n": 0.0008034471,
  "WLHImagSurface_W0_p": 1.2295990921,
  "WLHImagSurface_W1_p": 0.0655864769,
  "WLHImagSurface_W2_p": 1.6057514662,
  "WLHImagSurface_W3_p": 0.2412270096,
  "WLHImagSurface_r0_p": 1.1083935097,
  "WLHImagSurface_r1_p": 0.9770820017,
  "WLHImagSurface_r2_p": 0.0071444148,
  "WLHImagSurface_a0_p": 0.7964910642,
  "WLHImagSurface_W0_n": 1.8019814319,
  "WLHImagSurface_W1_n": 0.0309554597,
  "WLHImagSurface_W2_n": 2.8907839001,
  "WLHImagSurface_W3_n": 0.1176113299,
  "WLHImagSurface_r0_n": 1.2917403163,
  "WLHImagSurface_r1_n": 1.3840034243,
  "WLHImagSurface_r2_n": 0.0042872066,
  "WLHImagSurface_a0_n": 0.8224683851,
  "WLHRealSpinOrbit_V0_p": 9.8047678072,
  "WLHRealSpinOrbit_V1_p": 0.0081981858,
  "WLHRealSpinOrbit_r0_p": 1.2224720525,
  "WLHRealSpinOrbit_r1_p": 0.7930134571,
  "WLHRealSpinOrbit_a0_p": 0.7619489189,
  "WLHRealSpinOrbit_a1_p": 0.0003383918,
  "WLHRealSpinOrbit_V0_n": 9.6490729428,
  "WLHRealSpinOrbit_V1_n": 0.0080467138,
  "WLHRealSpinOrbit_r0_n": 1.2333967942,
  "WLHRealSpinOrbit_r1_n": 0.7907584809,
  "WLHRealSpinOrbit_a0_n": 0.763198278,
  "WLHRealSpinOrbit_a1_n": 0.0003697041
}