{
  "WLHReal_V0_p": 46.8949751383,
  "WLHReal_V1_p": 0.2592451724,
  "WLHReal_V2_p": -0.0008249206,
  "WLHReal_V3_p": 4.1762e-06,
  "WLHReal_V4_p": 11.9347529575,
  "WLHReal_V5_p": 0.0991299908,
  "WLHReal_V6_p": 0.0004699526,
  "WLHReal_r0_p": 1.3483714407,
  "WLHReal_r1_p": 0.1690580522,
  "WLHReal_r2_p": 0.0010267636,
  "WLHReal_r3_p": 1.31964e-05,
  "WLHReal_a0_p": 0.786667012,
  "WLHReal_a1_p": -0.0002180828,
  "WLHReal_a2_p": 1.29262e-05,
  "WLHReal_a3_p": -0.0649403383,
  "WLHReal_a4_p": 0.4744344075,
  "WLHReal_V0_n": 48.588765531,
  "WLHReal_V1_n": 0.2474182489,
  "WLHReal_V2_n": -0.0002762591,
  "WLHReal_V3_n": 2.7819e-06,
  "WLHReal_V4_n": 21.7841214653,
  "WLHReal_V5_n": 0.2661542867,
  "WLHReal_V6_n": 0.0010131558,
  "WLHReal_r0_n": 1.3040205949,
  "WLHReal_r1_n": 0.2568853462,
  "WLHReal_r2_n": 0.0009143338,
  "WLHReal_r3_n": 9.1782e-06,
  "WLHReal_a0_n": 0.7346950387,
  "WLHReal_a1_n": 0.0009989253,
  "WLHReal_a2_n": 1.22562e-05,
  "WLHReal_a3_n": 0.3362115642,
  "WLHReal_a4_n": 0.9259641305,
  "WLHImagVolume_W0_p": 4.5099313259,
  "WLHImagVolume_W1_p": 0.1084720368,
  "WLHImagVolume_W2_p": 8.1466e-06,
  "WLHImagVolume_W3_p": 6.2791014882,
  "WLHImagVolume_W4_p": 0.0555412236,
  "WLHImagVolume_r0_p": 0.8717974896,
  "WLHImagVolume_r1_p": 35.3833037216,
  "WLHImagVolume_r2_p": 0.4711950856,
  "WLHImagVolume_r3_p": 56.4724095368,
  "WLHImagVolume_r4_p": 0.6817909969,
  "WLHImagVolume_r5_p": 8.267e-07,
  "WLHImagVolume_a0_p": 0.5811210774,
  "WLHImagVolume_a1_p": 0.2702227479,
  "WLHImagVolume_a2_p": 15.7774854889,
  "WLHImagVolume_a3_p": 0.4033704019,
  "WLHImagVolume_a4_p": 0.0024265672,
  "WLHImagVolume_W0_n": 1.7909483793,
  "WLHImagVolume_W1_n": 0.1330914531,
  "WLHImagVolume_W2_n": 0.0001713464,
  "WLHImagVolume_W3_n": 6.2543356376,
  "WLHImagVolume_W4_n": -0.0295724837,
  "WLHImagVolume_r0_n": 0.5483244055,
  "WLHImagVolume_r1_n": 92.6319023886,
  "WLHImagVolume_r2_n": 0.7441225029,
  "WLHImagVolume_r3_n": 88.5575845839,
  "WLHImagVolume_r4_n": 0.8503162742,
  "WLHImagVolume_r5_n": 3.456e-06,
  "WLHImagVolume_a0_n": 0.2083741221,
  "WLHImagVolume_a1_n": 0.6054991184,
  "WLHImagVolume_a2_n": 9.7872183881,
  "WLHImagVolume_a3_n": 0.1016119687,
  "WLHImagVolume_a4_n": 0.0006032794,
  "WLHImagSurface_W0_p": 0.5917596643,
  "WLHImagSurface_W1_p": 0.0043941958,
  "WLHImagSurface_W2_p": -0.2427802897,
  "WLHImagSurface_W3_p": -0.0117147592,
  "WLHImagSurface_r0_p": 0.8261804714,
  "WLHImagSurface_r1_p": -0.3039344824,
  "WLHImagSurface_r2_p": -0.0002880391,
  "WLHImagSurface_a0_p": 0.8425168388,
  "WLHImagSurface_W0_n": 0.9823160412,
  "WLHImagSurface_W1_n": 0.0185344485,
  "WLHImagSurface_W2_n": 1.2647984771,
  "WLHImagSurface_W3_n": 0.0931384877,
  "WLHImagSurface_r0_n": 1.3100772451,
  "WLHImagSurface_r1_n": 1.3337114897,
  "WLHImagSurface_r2_n": 0.002663291,
  "WLHImagSurface_a0_n": 0.8630732308,
  "WLHRealSpinOrbit_V0_p": 9.0633591269,
  "WLHRealSpinOrbit_V1_p": 0.0086867182,
  "WLHRealSpinOrbit_r0_p": 1.3549426358,
  "WLHRealSpinOrbit_r1_p": 0.9782940061,
  "WLHRealSpinOrbit_a0_p": 0.8604999857,
  "WLHRealSpinOrbit_a1_p": 0.0003710616,
  "WLHRealSpinOrbit_V0_n": 9.4104916699,
  "WLHRealSpinOrbit_V1_n": 0.0083273126,
  "WLHRealSpinOrbit_r0_n": 1.2915000897,
  "WLHRealSpinOrbit_r1_n": 0.8684548454,
  "WLHRealSpinOrbit_a0_n": 0.8065538673,
  "WLHRealSpinOrbit_a1_n": 0.0003917471
}