{
  "WLHReal_V0_p": 53.2634628229,
  "WLHReal_V1_p": 0.3060779172,
  "WLHReal_V2_p": -0.0002783061,
  "WLHReal_V3_p": 2.639e-06,
  "WLHReal_V4_p": 12.1225575929,
  "WLHReal_V5_p": 0.1346703642,
  "WLHReal_V6_p": 0.0003852537,
  "WLHReal_r0_p": 1.3236553007,
  "WLHReal_r1_p": 0.3032745142,
  "WLHReal_r2_p": 0.0008824718,
  "WLHReal_r3_p": 7.5043e-06,
  "WLHReal_a0_p": 0.7898018865,
  "WLHReal_a1_p": 0.0001061387,
  "WLHReal_a2_p": 6.6861e-06,
  "WLHReal_a3_p": 0.0371458045,
  "WLHReal_a4_p": 0.5718370151,
  "WLHReal_V0_n": 51.2215459622,
  "WLHReal_V1_n": 0.2618031225,
  "WLHReal_V2_n": -0.0007704636,
  "WLHReal_V3_n": 4.3332e-06,
  "WLHReal_V4_n": 21.0835610959,
  "WLHReal_V5_n": 0.315905706,
  "WLHReal_V6_n": 0.0015141103,
  "WLHReal_r0_n": 1.3268595443,
  "WLHReal_r1_n": 0.3069233337,
  "WLHReal_r2_n": 0.0011909531,
  "WLHReal_r3_n": 1.40414e-05,
  "WLHReal_a0_n": 0.7642039603,
  "WLHReal_a1_n": 0.0011912518,
  "WLHReal_a2_n": 1.70469e-05,
  "WLHReal_a3_n": 0.3372976203,
  "WLHReal_a4_n": 1.0267795839,
  "WLHImagVolume_W0_p": 4.7862367531,
  "WLHImagVolume_W1_p": 0.2405179204,
  "WLHImagVolume_W2_p": 0.000417446,
  "WLHImagVolume_W3_p": 11.5186638155,
  "WLHImagVolume_W4_p": 0.082695378,
  "WLHImagVolume_r0_p": 0.6362416175,
  "WLHImagVolume_r1_p": 50.5444517687,
  "WLHImagVolume_r2_p": 0.64933696,
  "WLHImagVolume_r3_p": 62.4639709699,
  "WLHImagVolume_r4_p": 0.6055284958,
  "WLHImagVolume_r5_p": 1.5392e-06,
  "WLHImagVolume_a0_p": 0.5725026925,
  "WLHImagVolume_a1_p": 0.2770126443,
  "WLHImagVolume_a2_p": 15.1311359064,
  "WLHImagVolume_a3_p": 0.4251513802,
  "WLHImagVolume_a4_p": 0.0025689578,
  "WLHImagVolume_W0_n": 3.4407518103,
  "WLHImagVolume_W1_n": 0.257555839,
  "WLHImagVolume_W2_n": 0.0004730942,
  "WLHImagVolume_W3_n": 9.6013143708,
  "WLHImagVolume_W4_n": 0.0062604734,
  "WLHImagVolume_r0_n": 0.6312840661,
  "WLHImagVolume_r1_n": 73.1672108049,
  "WLHImagVolume_r2_n": 0.6866452044,
  "WLHImagVolume_r3_n": 90.2836760976,
  "WLHImagVolume_r4_n": 1.0138749337,
  "WLHImagVolume_r5_n": 4.8914e-06,
  "WLHImagVolume_a0_n": 0.2894287324,
  "WLHImagVolume_a1_n": 0.5455315994,
  "WLHImagVolume_a2_n": 5.2031201653,
  "WLHImagVolume_a3_n": 0.05339109,
  "WLHImagVolume_a4_n": 0.0006423009,
  "WLHImagSurface_W0_p": 0.8571185119,
  "WLHImagSurface_W1_p": 0.0345681715,
  "WLHImagSurface_W2_p": 0.6718341619,
  "WLHImagSurface_W3_p": 0.1208558812,
  "WLHImagSurface_r0_p": 0.9354370272,
  "WLHImagSurface_r1_p": 0.3718970394,
  "WLHImagSurface_r2_p": 0.0028051279,
  "WLHImagSurface_a0_p": 0.7832415296,
  "WLHImagSurface_W0_n": 1.4201855529,
  "WLHImagSurface_W1_n": 0.0424130798,
  "WLHImagSurface_W2_n": 1.9143947491,
  "WLHImagSurface_W3_n": 0.1549844455,
  "WLHImagSurface_r0_n": 1.2789202563,
  "WLHImagSurface_r1_n": 1.5273963532,
  "WLHImagSurface_r2_n": 0.0021503118,
  "WLHImagSurface_a0_n": 0.8722701263,
  "WLHRealSpinOrbit_V0_p": 9.425534822,
  "WLHRealSpinOrbit_V1_p": 0.0085108863,
  "WLHRealSpinOrbit_r0_p": 1.2941575596,
  "WLHRealSpinOrbit_r1_p": 0.8983636663,
  "WLHRealSpinOrbit_a0_p": 0.8168977462,
  "WLHRealSpinOrbit_a1_p": 0.0003459246,
  "WLHRealSpinOrbit_V0_n": 9.6258829948,
  "WLHRealSpinOrbit_V1_n": 0.0089310359,
  "WLHRealSpinOrbit_r0_n": 1.3163966619,
  "WLHRealSpinOrbit_r1_n": 0.9330288635,
  "WLHRealSpinOrbit_a0_n": 0.8382640669,
  "WLHRealSpinOrbit_a1_n": 0.0003454937
}