{
  "WLHReal_V0_p": 56.8962351903,
  "WLHReal_V1_p": 0.303928461,
  "WLHReal_V2_p": 0.0009052596,
  "WLHReal_V3_p": -1.8577e-06,
  "WLHReal_V4_p": 16.1028278749,
  "WLHReal_V5_p": 0.1255890241,
  "WLHReal_V6_p": -1.43175e-05,
  "WLHReal_r0_p": 1.204189011,
  "WLHReal_r1_p": 0.2714512653,
  "WLHReal_r2_p": 0.0004305923,
  "WLHReal_r3_p": -8.575e-07,
  "WLHReal_a0_p": 0.7302635033,
  "WLHReal_a1_p": 0.000188854,
  "WLHReal_a2_p": -2.4898e-06,
  "WLHReal_a3_p": 0.1228494723,
  "WLHReal_a4_p": 0.5443337864,
  "WLHReal_V0_n": 53.3421065781,
  "WLHReal_V1_n": 0.2794301603,
  "WLHReal_V2_n": 0.0001663251,
  "WLHReal_V3_n": 1.1934e-06,
  "WLHReal_V4_n": 21.9967520603,
  "WLHReal_V5_n": 0.24897503,
  "WLHReal_V6_n": 0.0006857526,
  "WLHReal_r0_n": 1.2543930437,
  "WLHReal_r1_n": 0.2678644476,
  "WLHReal_r2_n": 0.0006665524,
  "WLHReal_r3_n": 5.0943e-06,
  "WLHReal_a0_n": 0.7188678847,
  "WLHReal_a1_n": 0.0005228673,
  "WLHReal_a2_n": 5.6172e-06,
  "WLHReal_a3_n": 0.2713254109,
  "WLHReal_a4_n": 0.7959820638,
  "WLHImagVolume_W0_p": 2.2049929247,
  "WLHImagVolume_W1_p": 0.1911849437,
  "WLHImagVolume_W2_p": 0.0001993261,
  "WLHImagVolume_W3_p": 12.9384110887,
  "WLHImagVolume_W4_p": 0.0509476554,
  "WLHImagVolume_r0_p": 0.5691922612,
  "WLHImagVolume_r1_p": 47.8573695067,
  "WLHImagVolume_r2_p": 0.5855615396,
  "WLHImagVolume_r3_p": 56.667201618,
  "WLHImagVolume_r4_p": 0.6865150496,
  "WLHImagVolume_r5_p": 1.5666e-06,
  "WLHImagVolume_a0_p": 0.4758750349,
  "WLHImagVolume_a1_p": 0.2843240786,
  "WLHImagVolume_a2_p": 14.2295378209,
  "WLHImagVolume_a3_p": 0.3524439421,
  "WLHImagVolume_a4_p": 0.0012268338,
  "WLHImagVolume_W0_n": 2.195285061,
  "WLHImagVolume_W1_n": 0.1970800049,
  "WLHImagVolume_W2_n": 0.0002225704,
  "WLHImagVolume_W3_n": 7.7336534664,
  "WLHImagVolume_W4_n": 0.0189491735,
  "WLHImagVolume_r0_n": 0.5839652542,
  "WLHImagVolume_r1_n": 70.1210242148,
  "WLHImagVolume_r2_n": 0.662348474,
  "WLHImagVolume_r3_n": 72.3177589406,
  "WLHImagVolume_r4_n": 0.9407653951,
  "WLHImagVolume_r5_n": 2.2895e-06,
  "WLHImagVolume_a0_n": 0.1994667178,
  "WLHImagVolume_a1_n": 0.6074989454,
  "WLHImagVolume_a2_n": 9.2578401963,
  "WLHImagVolume_a3_n": 0.0668038492,
  "WLHImagVolume_a4_n": 0.0006914496,
  "WLHImagSurface_W0_p": 1.3398623715,
  "WLHImagSurface_W1_p": 0.0599313913,
  "WLHImagSurface_W2_p": 1.8223264201,
  "WLHImagSurface_W3_p": 0.2037119622,
  "WLHImagSurface_r0_p": 1.160197031,
  "WLHImagSurface_r1_p": 1.0204603411,
  "WLHImagSurface_r2_p": 0.0106977806,
  "WLHImagSurface_a0_p": 0.7816412869,
  "WLHImagSurface_W0_n": 1.3628805946,
  "WLHImagSurface_W1_n": 0.0179826939,
  "WLHImagSurface_W2_n": 1.583375329,
  "WLHImagSurface_W3_n": 0.0718597301,
  "WLHImagSurface_r0_n": 1.2677796542,
  "WLHImagSurface_r1_n": 1.2899471375,
  "WLHImagSurface_r2_n": 0.003700346,
  "WLHImagSurface_a0_n": 0.8325780978,
  "WLHRealSpinOrbit_V0_p": 10.3825485443,
  "WLHRealSpinOrbit_V1_p": 0.0081939373,
  "WLHRealSpinOrbit_r0_p": 1.1718265672,
  "WLHRealSpinOrbit_r1_p": 0.7025207847,
  "WLHRealSpinOrbit_a0_p": 0.7221972238,
  "WLHRealSpinOrbit_a1_p": 0.0003666525,
  "WLHRealSpinOrbit_V0_n": 9.9902071395,
  "WLHRealSpinOrbit_V1_n": 0.0084713926,
  "WLHRealSpinOrbit_r0_n": 1.2372655658,
  "WLHRealSpinOrbit_r1_n": 0.8054510164,
  "WLHRealSpinOrbit_a0_n": 0.7738493887,
  "WLHRealSpinOrbit_a1_n": 0.0003601104
}