{
  "WLHReal_V0_p": 49.9370063576,
  "WLHReal_V1_p": 0.2763410998,
  "WLHReal_V2_p": -0.0011536471,
  "WLHReal_V3_p": 5.6542e-06,
  "WLHReal_V4_p": 10.922730273,
  "WLHReal_V5_p": 0.110585756,
  "WLHReal_V6_p": 0.0006327499,
  "WLHReal_r0_p": 1.3482778923,
  "WLHReal_r1_p": 0.1530494363,
  "WLHReal_r2_p": 0.001418947,
  "WLHReal_r3_p": 1.80581e-05,
  "WLHReal_a0_p": 0.8148133209,
  "WLHReal_a1_p": -4.98459e-05,
  "WLHReal_a2_p": 1.50265e-05,
  "WLHReal_a3_p": -0.051542149,
  "WLHReal_a4_p": 0.5965848521,
  "WLHReal_V0_n": 49.6808418345,
  "WLHReal_V1_n": 0.2788293447,
  "WLHReal_V2_n": -0.0005241004,
  "WLHReal_V3_n": 4.049e-06,
  "WLHReal_V4_n": 20.6050326149,
  "WLHReal_V5_n": 0.2954588473,
  "WLHReal_V6_n": 0.0012864365,
  "WLHReal_r0_n": 1.3294582496,
  "WLHReal_r1_n": 0.2962583782,
  "WLHReal_r2_n": 0.0010862422,
  "WLHReal_r3_n": 1.20197e-05,
  "WLHReal_a0_n": 0.7519692755,
  "WLHReal_a1_n": 0.0011959016,
  "WLHReal_a2_n": 1.57523e-05,
  "WLHReal_a3_n": 0.3241899656,
  "WLHReal_a4_n": 0.9819785724,
  "WLHImagVolume_W0_p": 6.1849940231,
  "WLHImagVolume_W1_p": 0.2157945906,
  "WLHImagVolume_W2_p": 0.0001554545,
  "WLHImagVolume_W3_p": 9.4858665927,
  "WLHImagVolume_W4_p": 0.0884598992,
  "WLHImagVolume_r0_p": 0.9960834693,
  "WLHImagVolume_r1_p": 19.1386176167,
  "WLHImagVolume_r2_p": 0.3442544872,
  "WLHImagVolume_r3_p": 46.5716376282,
  "WLHImagVolume_r4_p": 0.870239949,
  "WLHImagVolume_r5_p": 2.1058e-06,
  "WLHImagVolume_a0_p": 0.6558506363,
  "WLHImagVolume_a1_p": 0.209111788,
  "WLHImagVolume_a2_p": 10.6368590049,
  "WLHImagVolume_a3_p": 0.4972392798,
  "WLHImagVolume_a4_p": 0.0038054125,
  "WLHImagVolume_W0_n": 2.6859578837,
  "WLHImagVolume_W1_n": 0.2126915017,
  "WLHImagVolume_W2_n": 0.0005468377,
  "WLHImagVolume_W3_n": 7.7917134031,
  "WLHImagVolume_W4_n": -0.0011348692,
  "WLHImagVolume_r0_n": 0.5081072386,
  "WLHImagVolume_r1_n": 102.858943896,
  "WLHImagVolume_r2_n": 0.8132122655,
  "WLHImagVolume_r3_n": 102.2942825641,
  "WLHImagVolume_r4_n": 0.7926854988,
  "WLHImagVolume_r5_n": 3.7347e-06,
  "WLHImagVolume_a0_n": 0.2353476553,
  "WLHImagVolume_a1_n": 0.5880174307,
  "WLHImagVolume_a2_n": 6.7139887529,
  "WLHImagVolume_a3_n": 0.0635035456,
  "WLHImagVolume_a4_n": 0.0003037803,
  "WLHImagSurface_W0_p": 0.0353496568,
  "WLHImagSurface_W1_p": -0.0429607216,
  "WLHImagSurface_W2_p": -1.7379964951,
  "WLHImagSurface_W3_p": -0.1797392328,
  "WLHImagSurface_r0_p": 0.6400397436,
  "WLHImagSurface_r1_p": -0.3947320152,
  "WLHImagSurface_r2_p": -0.0030768235,
  "WLHImagSurface_a0_p": 0.7118394935,
  "WLHImagSurface_W0_n": 1.5942608995,
  "WLHImagSurface_W1_n": 0.0473746134,
  "WLHImagSurface_W2_n": 2.4942110888,
  "WLHImagSurface_W3_n": 0.1747005665,
  "WLHImagSurface_r0_n": 1.3295728197,
  "WLHImagSurface_r1_n": 1.5577838153,
  "WLHImagSurface_r2_n": 0.0025489173,
  "WLHImagSurface_a0_n": 0.8694756155,
  "WLHRealSpinOrbit_V0_p": 9.5740764414,
  "WLHRealSpinOrbit_V1_p": 0.0094238229,
  "WLHRealSpinOrbit_r0_p": 1.358857062,
  "WLHRealSpinOrbit_r1_p": 1.0196698409,
  "WLHRealSpinOrbit_a0_p": 0.8812102523,
  "WLHRealSpinOrbit_a1_p": 0.0003130207,
  "WLHRealSpinOrbit_V0_n": 9.118415189,
  "WLHRealSpinOrbit_V1_n": 0.0083554635,
  "WLHRealSpinOrbit_r0_n": 1.3148853058,
  "WLHRealSpinOrbit_r1_n": 0.9193042813,
  "WLHRealSpinOrbit_a0_n": 0.8276611999,
  "WLHRealSpinOrbit_a1_n": 0.0003644942
}