{
  "WLHReal_V0_p": 57.3980874292,
  "WLHReal_V1_p": 0.3070741752,
  "WLHReal_V2_p": 0.000278487,
  "WLHReal_V3_p": 4.989e-07,
  "WLHReal_V4_p": 14.3988019681,
  "WLHReal_V5_p": 0.1388525551,
  "WLHReal_V6_p": 0.0002383794,
  "WLHReal_r0_p": 1.2466230924,
  "WLHReal_r1_p": 0.2820676135,
  "WLHReal_r2_p": 0.0007767225,
  "WLHReal_r3_p": 4.8687e-06,
  "WLHReal_a0_p": 0.7667097788,
  "WLHReal_a1_p": 0.0002783046,
  "WLHReal_a2_p": 2.0449e-06,
  "WLHReal_a3_p": 0.095267736,
  "WLHReal_a4_p": 0.6076048402,
  "WLHReal_V0_n": 52.9382531648,
  "WLHReal_V1_n": 0.2931476468,
  "WLHReal_V2_n": 0.0001055462,
  "WLHReal_V3_n": 1.3496e-06,
  "WLHReal_V4_n": 21.540966219,
  "WLHReal_V5_n": 0.2537785576,
  "WLHReal_V6_n": 0.0007698274,
  "WLHReal_r0_n": 1.2603093632,
  "WLHReal_r1_n": 0.2530585821,
  "WLHReal_r2_n": 0.0007590562,
  "WLHReal_r3_n": 6.3019e-06,
  "WLHReal_a0_n": 0.7237145881,
  "WLHReal_a1_n": 0.000674894,
  "WLHReal_a2_n": 7.4327e-06,
  "WLHReal_a3_n": 0.288439054,
  "WLHReal_a4_n": 0.8554299638,
  "WLHImagVolume_W0_p": 4.0901114046,
  "WLHImagVolume_W1_p": 0.2685548155,
  "WLHImagVolume_W2_p": 0.0003142146,
  "WLHImagVolume_W3_p": 13.9953676248,
  "WLHImagVolume_W4_p": 0.0821636851,
  "WLHImagVolume_r0_p": 0.6915867621,
  "WLHImagVolume_r1_p": 33.8599553421,
  "WLHImagVolume_r2_p": 0.504538276,
  "WLHImagVolume_r3_p": 47.6317721787,
  "WLHImagVolume_r4_p": 0.7921886698,
  "WLHImagVolume_r5_p": 2.6835e-06,
  "WLHImagVolume_a0_p": 0.5603249604,
  "WLHImagVolume_a1_p": 0.235576724,
  "WLHImagVolume_a2_p": 10.5642434948,
  "WLHImagVolume_a3_p": 0.4416982098,
  "WLHImagVolume_a4_p": 0.0026338154,
  "WLHImagVolume_W0_n": 2.3556497875,
  "WLHImagVolume_W1_n": 0.2022361111,
  "WLHImagVolume_W2_n": 0.0003382413,
  "WLHImagVolume_W3_n": 7.8399672295,
  "WLHImagVolume_W4_n": 0.0206288455,
  "WLHImagVolume_r0_n": 0.5516088325,
  "WLHImagVolume_r1_n": 81.3082309077,
  "WLHImagVolume_r2_n": 0.7037493261,
  "WLHImagVolume_r3_n": 80.5608036529,
  "WLHImagVolume_r4_n": 0.864152831,
  "WLHImagVolume_r5_n": 2.3521e-06,
  "WLHImagVolume_a0_n": 0.194844892,
  "WLHImagVolume_a1_n": 0.6069775223,
  "WLHImagVolume_a2_n": 8.5159934671,
  "WLHImagVolume_a3_n": 0.0530645627,
  "WLHImagVolume_a4_n": 0.0004050271,
  "WLHImagSurface_W0_p": 0.8222679949,
  "WLHImagSurface_W1_p": 0.0219748769,
  "WLHImagSurface_W2_p": 0.6262659068,
  "WLHImagSurface_W3_p": 0.0740706105,
  "WLHImagSurface_r0_p": 0.9465779121,
  "WLHImagSurface_r1_p": 0.7252359528,
  "WLHImagSurface_r2_p": 0.0063206546,
  "WLHImagSurface_a0_p": 0.6702705127,
  "WLHImagSurface_W0_n": 1.5655157562,
  "WLHImagSurface_W1_n": 0.02807214,
  "WLHImagSurface_W2_n": 1.9346434271,
  "WLHImagSurface_W3_n": 0.0991808642,
  "WLHImagSurface_r0_n": 1.286613682,
  "WLHImagSurface_r1_n": 1.3660549696,
  "WLHImagSurface_r2_n": 0.0036577405,
  "WLHImagSurface_a0_n": 0.8363384475,
  "WLHRealSpinOrbit_V0_p": 10.4032276148,
  "WLHRealSpinOrbit_V1_p": 0.0087824785,
  "WLHRealSpinOrbit_r0_p": 1.2175457865,
  "WLHRealSpinOrbit_r1_p": 0.7934491545,
  "WLHRealSpinOrbit_a0_p": 0.7676307722,
  "WLHRealSpinOrbit_a1_p": 0.0003295175,
  "WLHRealSpinOrbit_V0_n": 9.7962651948,
  "WLHRealSpinOrbit_V1_n": 0.0083987712,
  "WLHRealSpinOrbit_r0_n": 1.2460406024,
  "WLHRealSpinOrbit_r1_n": 0.8241940164,
  "WLHRealSpinOrbit_a0_n": 0.7809475927,
  "WLHRealSpinOrbit_a1_n": 0.0003516713
}