{
  "WLHReal_V0_p": 56.1454501159,
  "WLHReal_V1_p": 0.3442190832,
  "WLHReal_V2_p": 0.0005178406,
  "WLHReal_V3_p": 5.696e-07,
  "WLHReal_V4_p": 12.9608370135,
  "WLHReal_V5_p": 0.1295714252,
  "WLHReal_V6_p": 0.0001044868,
  "WLHReal_r0_p": 1.2681581321,
  "WLHReal_r1_p": 0.3145496632,
  "WLHReal_r2_p": 0.000697146,
  "WLHReal_r3_p": 2.7373e-06,
  "WLHReal_a0_p": 0.7643492057,
  "WLHReal_a1_p": 0.0001414969,
  "WLHReal_a2_p": 1.6159e-06,
  "WLHReal_a3_p": 0.1214553935,
  "WLHReal_a4_p": 0.6261802746,
  "WLHReal_V0_n": 53.9464568477,
  "WLHReal_V1_n": 0.2770736215,
  "WLHReal_V2_n": -8.27071e-05,
  "WLHReal_V3_n": 1.795e-06,
  "WLHReal_V4_n": 21.3441840598,
  "WLHReal_V5_n": 0.2778739212,
  "WLHReal_V6_n": 0.000856083,
  "WLHReal_r0_n": 1.2984593393,
  "WLHReal_r1_n": 0.382814623,
  "WLHReal_r2_n": 0.0006600705,
  "WLHReal_r3_n": 4.5593e-06,
  "WLHReal_a0_n": 0.7305045379,
  "WLHReal_a1_n": 0.0004840854,
  "WLHReal_a2_n": 4.545e-06,
  "WLHReal_a3_n": 0.2052475831,
  "WLHReal_a4_n": 0.6966005185,
  "WLHImagVolume_W0_p": 3.4767160053,
  "WLHImagVolume_W1_p": 0.2511471568,
  "WLHImagVolume_W2_p": 0.0006108122,
  "WLHImagVolume_W3_p": 14.2178123777,
  "WLHImagVolume_W4_p": 0.069135767,
  "WLHImagVolume_r0_p": 0.4006214443,
  "WLHImagVolume_r1_p": 78.3225430502,
  "WLHImagVolume_r2_p": 0.8261953646,
  "WLHImagVolume_r3_p": 83.4505754812,
  "WLHImagVolume_r4_p": 0.4742349505,
  "WLHImagVolume_r5_p": 9.165e-07,
  "WLHImagVolume_a0_p": 0.4895637952,
  "WLHImagVolume_a1_p": 0.3348352764,
  "WLHImagVolume_a2_p": 19.3186172914,
  "WLHImagVolume_a3_p": 0.3501922829,
  "WLHImagVolume_a4_p": 0.0013005991,
  "WLHImagVolume_W0_n": 2.5611751929,
  "WLHImagVolume_W1_n": 0.2646255943,
  "WLHImagVolume_W2_n": 0.0004511217,
  "WLHImagVolume_W3_n": 8.4018801908,
  "WLHImagVolume_W4_n": 0.0374506726,
  "WLHImagVolume_r0_n": 0.5566724192,
  "WLHImagVolume_r1_n": 70.5433361796,
  "WLHImagVolume_r2_n": 0.7266329864,
  "WLHImagVolume_r3_n": 77.973724808,
  "WLHImagVolume_r4_n": 0.9769185981,
  "WLHImagVolume_r5_n": 3.0856e-06,
  "WLHImagVolume_a0_n": 0.2388568401,
  "WLHImagVolume_a1_n": 0.6010562153,
  "WLHImagVolume_a2_n": 7.7889314798,
  "WLHImagVolume_a3_n": 0.0733549299,
  "WLHImagVolume_a4_n": 0.0010476912,
  "WLHImagSurface_W0_p": 1.3630721434,
  "WLHImagSurface_W1_p": 0.0725640948,
  "WLHImagSurface_W2_p": 1.5545990266,
  "WLHImagSurface_W3_p": 0.2536208283,
  "WLHImagSurface_r0_p": 1.1990090621,
  "WLHImagSurface_r1_p": 0.9364713732,
  "WLHImagSurface_r2_p": 0.0075508708,
  "WLHImagSurface_a0_p": 0.9189840595,
  "WLHImagSurface_W0_n": 1.5833226501,
  "WLHImagSurface_W1_n": 0.0324074406,
  "WLHImagSurface_W2_n": 2.5534093085,
  "WLHImagSurface_W3_n": 0.1287297838,
  "WLHImagSurface_r0_n": 1.2746799985,
  "WLHImagSurface_r1_n": 1.4231314163,
  "WLHImagSurface_r2_n": 0.0034399913,
  "WLHImagSurface_a0_n": 0.8407437018,
  "WLHRealSpinOrbit_V0_p": 9.5772278737,
  "WLHRealSpinOrbit_V1_p": 0.007971284,
  "WLHRealSpinOrbit_r0_p": 1.2234790225,
  "WLHRealSpinOrbit_r1_p": 0.7918341089,
  "WLHRealSpinOrbit_a0_p": 0.7597284929,
  "WLHRealSpinOrbit_a1_p": 0.0003453525,
  "WLHRealSpinOrbit_V0_n": 9.7065125977,
  "WLHRealSpinOrbit_V1_n": 0.0084296193,
  "WLHRealSpinOrbit_r0_n": 1.266537849,
  "WLHRealSpinOrbit_r1_n": 0.8414695843,
  "WLHRealSpinOrbit_a0_n": 0.7915587547,
  "WLHRealSpinOrbit_a1_n": 0.0003676305
}