{
  "WLHReal_V0_p": 52.2241606608,
  "WLHReal_V1_p": 0.2586099453,
  "WLHReal_V2_p": 0.0002574101,
  "WLHReal_V3_p": 8.742e-07,
  "WLHReal_V4_p": 15.7168299875,
  "WLHReal_V5_p": 0.1151969803,
  "WLHReal_V6_p": 0.0001691403,
  "WLHReal_r0_p": 1.2496465002,
  "WLHReal_r1_p": 0.2237895644,
  "WLHReal_r2_p": 0.0005161236,
  "WLHReal_r3_p": 4.2458e-06,
  "WLHReal_a0_p": 0.7403207321,
  "WLHReal_a1_p": 2.46473e-05,
  "WLHReal_a2_p": 3.1077e-06,
  "WLHReal_a3_p": 0.0293145798,
  "WLHReal_a4_p": 0.448497141,
  "WLHReal_V0_n": 52.998428948,
  "WLHReal_V1_n": 0.2829576568,
  "WLHReal_V2_n": -0.0007393136,
  "WLHReal_V3_n": 4.205e-06,
  "WLHReal_V4_n": 20.4831629386,
  "WLHReal_V5_n": 0.325437822,
  "WLHReal_V6_n": 0.0014989425,
  "WLHReal_r0_n": 1.3357379707,
  "WLHReal_r1_n": 0.3658518363,
  "WLHReal_r2_n": 0.0011301325,
  "WLHReal_r3_n": 1.17964e-05,
  "WLHReal_a0_n": 0.7656795778,
  "WLHReal_a1_n": 0.0010694032,
  "WLHReal_a2_n": 1.56679e-05,
  "WLHReal_a3_n": 0.2828468115,
  "WLHReal_a4_n": 0.9479944864,
  "WLHImagVolume_W0_p": 2.6411799522,
  "WLHImagVolume_W1_p": 0.1177507942,
  "WLHImagVolume_W2_p": -0.0001001386,
  "WLHImagVolume_W3_p": 8.6975745076,
  "WLHImagVolume_W4_p": 0.044262471,
  "WLHImagVolume_r0_p": 0.7813049691,
  "WLHImagVolume_r1_p": 27.1267218584,
  "WLHImagVolume_r2_p": 0.4320912262,
  "WLHImagVolume_r3_p": 42.2016861505,
  "WLHImagVolume_r4_p": 0.7624316286,
  "WLHImagVolume_r5_p": 1.9909e-06,
  "WLHImagVolume_a0_p": 0.519321091,
  "WLHImagVolume_a1_p": 0.2551448694,
  "WLHImagVolume_a2_p": 12.6215677076,
  "WLHImagVolume_a3_p": 0.3766820046,
  "WLHImagVolume_a4_p": 0.0017531827,
  "WLHImagVolume_W0_n": 3.7979515734,
  "WLHImagVolume_W1_n": 0.3176199939,
  "WLHImagVolume_W2_n": 0.0006962722,
  "WLHImagVolume_W3_n": 10.3836829975,
  "WLHImagVolume_W4_n": 0.0356435001,
  "WLHImagVolume_r0_n": 0.5959489518,
  "WLHImagVolume_r1_n": 74.6923153547,
  "WLHImagVolume_r2_n": 0.7301365788,
  "WLHImagVolume_r3_n": 93.271767106,
  "WLHImagVolume_r4_n": 0.9980199706,
  "WLHImagVolume_r5_n": 4.8005e-06,
  "WLHImagVolume_a0_n": 0.2984526598,
  "WLHImagVolume_a1_n": 0.5478551417,
  "WLHImagVolume_a2_n": 3.9481295665,
  "WLHImagVolume_a3_n": 0.0369513539,
  "WLHImagVolume_a4_n": 0.0006698999,
  "WLHImagSurface_W0_p": 1.0274741602,
  "WLHImagSurface_W1_p": 0.0342926275,
  "WLHImagSurface_W2_p": 1.2495131492,
  "WLHImagSurface_W3_p": 0.1059380339,
  "WLHImagSurface_r0_p": 0.9839810695,
  "WLHImagSurface_r1_p": 0.4364862861,
  "WLHImagSurface_r2_p": 0.0070811749,
  "WLHImagSurface_a0_p": 0.7342558926,
  "WLHImagSurface_W0_n": 1.829441833,
  "WLHImagSurface_W1_n": 0.0566002466,
  "WLHImagSurface_W2_n": 2.854772005,
  "WLHImagSurface_W3_n": 0.1964168843,
  "WLHImagSurface_r0_n": 1.283313129,
  "WLHImagSurface_r1_n": 1.631628508,
  "WLHImagSurface_r2_n": 0.0024382502,
  "WLHImagSurface_a0_n": 0.8666496019,
  "WLHRealSpinOrbit_V0_p": 10.0595414911,
  "WLHRealSpinOrbit_V1_p": 0.008462937,
  "WLHRealSpinOrbit_r0_p": 1.2385189576,
  "WLHRealSpinOrbit_r1_p": 0.7914953643,
  "WLHRealSpinOrbit_a0_p": 0.7705986669,
  "WLHRealSpinOrbit_a1_p": 0.0003867337,
  "WLHRealSpinOrbit_V0_n": 9.5199604866,
  "WLHRealSpinOrbit_V1_n": 0.0088488379,
  "WLHRealSpinOrbit_r0_n": 1.3162755051,
  "WLHRealSpinOrbit_r1_n": 0.9373068425,
  "WLHRealSpinOrbit_a0_n": 0.8380018297,
  "WLHRealSpinOrbit_a1_n": 0.0003352475
}