{
  "WLHReal_V0_p": 53.2720672511,
  "WLHReal_V1_p": 0.2963429889,
  "WLHReal_V2_p": -0.0002608962,
  "WLHReal_V3_p": 2.442e-06,
  "WLHReal_V4_p": 12.5289528061,
  "WLHReal_V5_p": 0.1439344572,
  "WLHReal_V6_p": 0.0004008092,
  "WLHReal_r0_p": 1.3304750949,
  "WLHReal_r1_p": 0.3429389915,
  "WLHReal_r2_p": 0.0007497175,
  "WLHReal_r3_p": 6.6248e-06,
  "WLHReal_a0_p": 0.7877707799,
  "WLHReal_a1_p": 0.0001463252,
  "WLHReal_a2_p": 5.3425e-06,
  "WLHReal_a3_p": 0.0329649055,
  "WLHReal_a4_p": 0.5328965385,
  "WLHReal_V0_n": 50.312765804,
  "WLHReal_V1_n": 0.2792080509,
  "WLHReal_V2_n": -0.0004982753,
  "WLHReal_V3_n": 3.3323e-06,
  "WLHReal_V4_n": 21.0866987059,
  "WLHReal_V5_n": 0.2895589366,
  "WLHReal_V6_n": 0.001317143,
  "WLHReal_r0_n": 1.2998897169,
  "WLHReal_r1_n": 0.2257805379,
  "WLHReal_r2_n": 0.0011687507,
  "WLHReal_r3_n": 1.37673e-05,
  "WLHReal_a0_n": 0.7523612779,
  "WLHReal_a1_n": 0.001247446,
  "WLHReal_a2_n": 1.68072e-05,
  "WLHReal_a3_n": 0.3745742081,
  "WLHReal_a4_n": 1.0833793145,
  "WLHImagVolume_W0_p": 4.6956602077,
  "WLHImagVolume_W1_p": 0.237105769,
  "WLHImagVolume_W2_p": 0.0003808556,
  "WLHImagVolume_W3_p": 10.9606513724,
  "WLHImagVolume_W4_p": 0.0839205195,
  "WLHImagVolume_r0_p": 0.6290462381,
  "WLHImagVolume_r1_p": 46.7024930356,
  "WLHImagVolume_r2_p": 0.6540294171,
  "WLHImagVolume_r3_p": 56.6045097946,
  "WLHImagVolume_r4_p": 0.5925921708,
  "WLHImagVolume_r5_p": 7.132e-07,
  "WLHImagVolume_a0_p": 0.5758898916,
  "WLHImagVolume_a1_p": 0.2714265647,
  "WLHImagVolume_a2_p": 14.4411814458,
  "WLHImagVolume_a3_p": 0.4306347739,
  "WLHImagVolume_a4_p": 0.0026450578,
  "WLHImagVolume_W0_n": 2.9669008293,
  "WLHImagVolume_W1_n": 0.2022182232,
  "WLHImagVolume_W2_n": 0.0004199226,
  "WLHImagVolume_W3_n": 8.5119759998,
  "WLHImagVolume_W4_n": -0.0043108987,
  "WLHImagVolume_r0_n": 0.5803646019,
  "WLHImagVolume_r1_n": 89.6725721062,
  "WLHImagVolume_r2_n": 0.7168944135,
  "WLHImagVolume_r3_n": 94.656706457,
  "WLHImagVolume_r4_n": 0.8640493455,
  "WLHImagVolume_r5_n": 3.6932e-06,
  "WLHImagVolume_a0_n": 0.2377811113,
  "WLHImagVolume_a1_n": 0.5689008279,
  "WLHImagVolume_a2_n": 6.4455839129,
  "WLHImagVolume_a3_n": 0.0456393541,
  "WLHImagVolume_a4_n": 0.0001512919,
  "WLHImagSurface_W0_p": 0.9270598366,
  "WLHImagSurface_W1_p": 0.0438055875,
  "WLHImagSurface_W2_p": 1.1466123406,
  "WLHImagSurface_W3_p": 0.1621353255,
  "WLHImagSurface_r0_p": 0.9253047814,
  "WLHImagSurface_r1_p": 0.4091494674,
  "WLHImagSurface_r2_p": 0.0032143458,
  "WLHImagSurface_a0_p": 0.7395525954,
  "WLHImagSurface_W0_n": 1.4780894242,
  "WLHImagSurface_W1_n": 0.0400723541,
  "WLHImagSurface_W2_n": 1.7560043072,
  "WLHImagSurface_W3_n": 0.1391470325,
  "WLHImagSurface_r0_n": 1.3028884345,
  "WLHImagSurface_r1_n": 1.4886695801,
  "WLHImagSurface_r2_n": 0.0025499937,
  "WLHImagSurface_a0_n": 0.86537511,
  "WLHRealSpinOrbit_V0_p": 9.4010703723,
  "WLHRealSpinOrbit_V1_p": 0.0084450431,
  "WLHRealSpinOrbit_r0_p": 1.2952381041,
  "WLHRealSpinOrbit_r1_p": 0.8907995594,
  "WLHRealSpinOrbit_a0_p": 0.8142220442,
  "WLHRealSpinOrbit_a1_p": 0.0003590171,
  "WLHRealSpinOrbit_V0_n": 9.5267595985,
  "WLHRealSpinOrbit_V1_n": 0.0086726369,
  "WLHRealSpinOrbit_r0_n": 1.2975326343,
  "WLHRealSpinOrbit_r1_n": 0.9080308026,
  "WLHRealSpinOrbit_a0_n": 0.8231785144,
  "WLHRealSpinOrbit_a1_n": 0.0003438152
}