{
  "WLHReal_V0_p": 52.1946214884,
  "WLHReal_V1_p": 0.2979616288,
  "WLHReal_V2_p": -0.0006979958,
  "WLHReal_V3_p": 4.2023e-06,
  "WLHReal_V4_p": 11.1464075905,
  "WLHReal_V5_p": 0.1423217974,
  "WLHReal_V6_p": 0.0005419748,
  "WLHReal_r0_p": 1.3632477491,
  "WLHReal_r1_p": 0.3244072679,
  "WLHReal_r2_p": 0.000991895,
  "WLHReal_r3_p": 1.02809e-05,
  "WLHReal_a0_p": 0.8090484869,
  "WLHReal_a1_p": 0.0001106405,
  "WLHReal_a2_p": 8.8612e-06,
  "WLHReal_a3_p": 0.0032165089,
  "WLHReal_a4_p": 0.5629411032,
  "WLHReal_V0_n": 48.4013339728,
  "WLHReal_V1_n": 0.2495197115,
  "WLHReal_V2_n": -0.0008985543,
  "WLHReal_V3_n": 4.714e-06,
  "WLHReal_V4_n": 20.9534942917,
  "WLHReal_V5_n": 0.3158365007,
  "WLHReal_V6_n": 0.0015956296,
  "WLHReal_r0_n": 1.3472535014,
  "WLHReal_r1_n": 0.2870727566,
  "WLHReal_r2_n": 0.0012832172,
  "WLHReal_r3_n": 1.49948e-05,
  "WLHReal_a0_n": 0.767438945,
  "WLHReal_a1_n": 0.0014258642,
  "WLHReal_a2_n": 1.98739e-05,
  "WLHReal_a3_n": 0.3726285226,
  "WLHReal_a4_n": 1.0876532988,
  "WLHImagVolume_W0_p": 5.6853388651,
  "WLHImagVolume_W1_p": 0.2571876648,
  "WLHImagVolume_W2_p": 0.0004348489,
  "WLHImagVolume_W3_p": 10.7771982531,
  "WLHImagVolume_W4_p": 0.095263268,
  "WLHImagVolume_r0_p": 0.6945565853,
  "WLHImagVolume_r1_p": 44.0985675721,
  "WLHImagVolume_r2_p": 0.6297217471,
  "WLHImagVolume_r3_p": 57.4298112486,
  "WLHImagVolume_r4_p": 0.6152686859,
  "WLHImagVolume_r5_p": 1.1483e-06,
  "WLHImagVolume_a0_p": 0.6150907709,
  "WLHImagVolume_a1_p": 0.2595001206,
  "WLHImagVolume_a2_p": 14.0285238976,
  "WLHImagVolume_a3_p": 0.4631710081,
  "WLHImagVolume_a4_p": 0.0032156385,
  "WLHImagVolume_W0_n": 2.9946768826,
  "WLHImagVolume_W1_n": 0.206279466,
  "WLHImagVolume_W2_n": 0.0004338454,
  "WLHImagVolume_W3_n": 8.3160219641,
  "WLHImagVolume_W4_n": -0.0220946201,
  "WLHImagVolume_r0_n": 0.586803689,
  "WLHImagVolume_r1_n": 91.3330151774,
  "WLHImagVolume_r2_n": 0.7505464604,
  "WLHImagVolume_r3_n": 100.3831813054,
  "WLHImagVolume_r4_n": 0.9125992261,
  "WLHImagVolume_r5_n": 5.0153e-06,
  "WLHImagVolume_a0_n": 0.2760276105,
  "WLHImagVolume_a1_n": 0.5561536899,
  "WLHImagVolume_a2_n": 6.0618252098,
  "WLHImagVolume_a3_n": 0.0735792831,
  "WLHImagVolume_a4_n": 0.0004894898,
  "WLHImagSurface_W0_p": 0.6527843876,
  "WLHImagSurface_W1_p": 0.0230410474,
  "WLHImagSurface_W2_p": 0.3501575786,
  "WLHImagSurface_W3_p": 0.0855032278,
  "WLHImagSurface_r0_p": 0.8236784118,
  "WLHImagSurface_r1_p": 0.1406971051,
  "WLHImagSurface_r2_p": 0.0001718536,
  "WLHImagSurface_a0_p": 0.7347759924,
  "WLHImagSurface_W0_n": 1.2373709918,
  "WLHImagSurface_W1_n": 0.0417672003,
  "WLHImagSurface_W2_n": 1.7758276245,
  "WLHImagSurface_W3_n": 0.1628271652,
  "WLHImagSurface_r0_n": 1.3112065767,
  "WLHImagSurface_r1_n": 1.5379261436,
  "WLHImagSurface_r2_n": 0.001763603,
  "WLHImagSurface_a0_n": 0.8857294644,
  "WLHRealSpinOrbit_V0_p": 9.2041482082,
  "WLHRealSpinOrbit_V1_p": 0.0086968387,
  "WLHRealSpinOrbit_r0_p": 1.3346633161,
  "WLHRealSpinOrbit_r1_p": 0.960955614,
  "WLHRealSpinOrbit_a0_p": 0.8484935336,
  "WLHRealSpinOrbit_a1_p": 0.0003420138,
  "WLHRealSpinOrbit_V0_n": 9.247895487,
  "WLHRealSpinOrbit_V1_n": 0.0087203239,
  "WLHRealSpinOrbit_r0_n": 1.3394833137,
  "WLHRealSpinOrbit_r1_n": 0.9560330207,
  "WLHRealSpinOrbit_a0_n": 0.8495837699,
  "WLHRealSpinOrbit_a1_n": 0.0003656256
}