{
  "WLHReal_V0_p": 53.086866718,
  "WLHReal_V1_p": 0.2426633914,
  "WLHReal_V2_p": 0.0001183898,
  "WLHReal_V3_p": 5.692e-07,
  "WLHReal_V4_p": 16.2059930616,
  "WLHReal_V5_p": 0.129134876,
  "WLHReal_V6_p": 0.0002609236,
  "WLHReal_r0_p": 1.2531746842,
  "WLHReal_r1_p": 0.2511386476,
  "WLHReal_r2_p": 0.0004970986,
  "WLHReal_r3_p": 4.1767e-06,
  "WLHReal_a0_p": 0.74588263,
  "WLHReal_a1_p": 0.0001320172,
  "WLHReal_a2_p": 2.8015e-06,
  "WLHReal_a3_p": 0.0189786622,
  "WLHReal_a4_p": 0.4305114718,
  "WLHReal_V0_n": 49.7595513341,
  "WLHReal_V1_n": 0.2645514722,
  "WLHReal_V2_n": -0.000281179,
  "WLHReal_V3_n": 2.5537e-06,
  "WLHReal_V4_n": 21.6183619906,
  "WLHReal_V5_n": 0.2695993322,
  "WLHReal_V6_n": 0.0010764786,
  "WLHReal_r0_n": 1.2900456292,
  "WLHReal_r1_n": 0.228146036,
  "WLHReal_r2_n": 0.0009925039,
  "WLHReal_r3_n": 1.11126e-05,
  "WLHReal_a0_n": 0.7384785563,
  "WLHReal_a1_n": 0.0010525987,
  "WLHReal_a2_n": 1.33837e-05,
  "WLHReal_a3_n": 0.3545340289,
  "WLHReal_a4_n": 0.9911128634,
  "WLHImagVolume_W0_p": 3.1063519758,
  "WLHImagVolume_W1_p": 0.1414130496,
  "WLHImagVolume_W2_p": -0.0001815843,
  "WLHImagVolume_W3_p": 8.698574474,
  "WLHImagVolume_W4_p": 0.056152267,
  "WLHImagVolume_r0_p": 0.8781753795,
  "WLHImagVolume_r1_p": 8.3638247758,
  "WLHImagVolume_r2_p": 0.3270059458,
  "WLHImagVolume_r3_p": 25.1157926488,
  "WLHImagVolume_r4_p": 0.8702979875,
  "WLHImagVolume_r5_p": 2.4316e-06,
  "WLHImagVolume_a0_p": 0.5584635023,
  "WLHImagVolume_a1_p": 0.2109495289,
  "WLHImagVolume_a2_p": 8.6163525807,
  "WLHImagVolume_a3_p": 0.426648154,
  "WLHImagVolume_a4_p": 0.0024867237,
  "WLHImagVolume_W0_n": 2.270701673,
  "WLHImagVolume_W1_n": 0.1590329878,
  "WLHImagVolume_W2_n": 0.000245648,
  "WLHImagVolume_W3_n": 7.2617962767,
  "WLHImagVolume_W4_n": -0.0163090159,
  "WLHImagVolume_r0_n": 0.5699922809,
  "WLHImagVolume_r1_n": 88.7035327993,
  "WLHImagVolume_r2_n": 0.7136327691,
  "WLHImagVolume_r3_n": 88.3508641647,
  "WLHImagVolume_r4_n": 0.8614284027,
  "WLHImagVolume_r5_n": 3.2408e-06,
  "WLHImagVolume_a0_n": 0.2137532248,
  "WLHImagVolume_a1_n": 0.5914615119,
  "WLHImagVolume_a2_n": 8.5602863881,
  "WLHImagVolume_a3_n": 0.0734721797,
  "WLHImagVolume_a4_n": 0.0003737211,
  "WLHImagSurface_W0_p": 0.8299451592,
  "WLHImagSurface_W1_p": 0.0198026426,
  "WLHImagSurface_W2_p": 1.1405960162,
  "WLHImagSurface_W3_p": 0.0629194959,
  "WLHImagSurface_r0_p": 0.8648317225,
  "WLHImagSurface_r1_p": 0.3836342271,
  "WLHImagSurface_r2_p": 0.0064209754,
  "WLHImagSurface_a0_p": 0.5995967842,
  "WLHImagSurface_W0_n": 1.1977414575,
  "WLHImagSurface_W1_n": 0.0252179816,
  "WLHImagSurface_W2_n": 1.3585302906,
  "WLHImagSurface_W3_n": 0.1012049431,
  "WLHImagSurface_r0_n": 1.3011216525,
  "WLHImagSurface_r1_n": 1.3728602303,
  "WLHImagSurface_r2_n": 0.002772946,
  "WLHImagSurface_a0_n": 0.8593186844,
  "WLHRealSpinOrbit_V0_p": 10.3360248535,
  "WLHRealSpinOrbit_V1_p": 0.0087684925,
  "WLHRealSpinOrbit_r0_p": 1.2415061857,
  "WLHRealSpinOrbit_r1_p": 0.7971696463,
  "WLHRealSpinOrbit_a0_p": 0.7763384569,
  "WLHRealSpinOrbit_a1_p": 0.0003835691,
  "WLHRealSpinOrbit_V0_n": 9.5683997522,
  "WLHRealSpinOrbit_V1_n": 0.0084938746,
  "WLHRealSpinOrbit_r0_n": 1.2834171665,
  "WLHRealSpinOrbit_r1_n": 0.8722614501,
  "WLHRealSpinOrbit_a0_n": 0.8070638661,
  "WLHRealSpinOrbit_a1_n": 0.000366836
}