{
  "WLHReal_V0_p": 53.5118621879,
  "WLHReal_V1_p": 0.2974210415,
  "WLHReal_V2_p": -0.0001260173,
  "WLHReal_V3_p": 3.0291e-06,
  "WLHReal_V4_p": 12.8831825344,
  "WLHReal_V5_p": 0.1423950165,
  "WLHReal_V6_p": 0.0003508756,
  "WLHReal_r0_p": 1.3195793794,
  "WLHReal_r1_p": 0.3417345418,
  "WLHReal_r2_p": 0.00069244,
  "WLHReal_r3_p": 6.0782e-06,
  "WLHReal_a0_p": 0.7811197748,
  "WLHReal_a1_p": 0.0001449989,
  "WLHReal_a2_p": 4.209e-06,
  "WLHReal_a3_p": 0.0423961816,
  "WLHReal_a4_p": 0.5282453557,
  "WLHReal_V0_n": 56.0228152695,
  "WLHReal_V1_n": 0.3077585435,
  "WLHReal_V2_n": -0.0001724891,
  "WLHReal_V3_n": 2.269e-06,
  "WLHReal_V4_n": 20.8000071991,
  "WLHReal_V5_n": 0.292786812,
  "WLHReal_V6_n": 0.0010276455,
  "WLHReal_r0_n": 1.2883083996,
  "WLHReal_r1_n": 0.3637740969,
  "WLHReal_r2_n": 0.0008081193,
  "WLHReal_r3_n": 6.356e-06,
  "WLHReal_a0_n": 0.74112281,
  "WLHReal_a1_n": 0.0005939156,
  "WLHReal_a2_n": 7.6295e-06,
  "WLHReal_a3_n": 0.2209721116,
  "WLHReal_a4_n": 0.7901045218,
  "WLHImagVolume_W0_p": 4.3742834212,
  "WLHImagVolume_W1_p": 0.2290858969,
  "WLHImagVolume_W2_p": 0.0003698417,
  "WLHImagVolume_W3_p": 11.0415744485,
  "WLHImagVolume_W4_p": 0.0794622279,
  "WLHImagVolume_r0_p": 0.6064147527,
  "WLHImagVolume_r1_p": 48.7953522794,
  "WLHImagVolume_r2_p": 0.6650708381,
  "WLHImagVolume_r3_p": 57.8503222932,
  "WLHImagVolume_r4_p": 0.5820875332,
  "WLHImagVolume_r5_p": 1.4236e-06,
  "WLHImagVolume_a0_p": 0.561448111,
  "WLHImagVolume_a1_p": 0.2779674213,
  "WLHImagVolume_a2_p": 14.8579581573,
  "WLHImagVolume_a3_p": 0.4172284862,
  "WLHImagVolume_a4_p": 0.0024210649,
  "WLHImagVolume_W0_n": 3.5070648523,
  "WLHImagVolume_W1_n": 0.3284800307,
  "WLHImagVolume_W2_n": 0.0006614682,
  "WLHImagVolume_W3_n": 10.3184085785,
  "WLHImagVolume_W4_n": 0.0653386752,
  "WLHImagVolume_r0_n": 0.580295244,
  "WLHImagVolume_r1_n": 65.947625052,
  "WLHImagVolume_r2_n": 0.7001529505,
  "WLHImagVolume_r3_n": 80.6753459462,
  "WLHImagVolume_r4_n": 0.9928002438,
  "WLHImagVolume_r5_n": 3.5417e-06,
  "WLHImagVolume_a0_n": 0.2584136793,
  "WLHImagVolume_a1_n": 0.5752201661,
  "WLHImagVolume_a2_n": 5.1613737449,
  "WLHImagVolume_a3_n": 0.0251066897,
  "WLHImagVolume_a4_n": 0.0007093816,
  "WLHImagSurface_W0_p": 1.0119846014,
  "WLHImagSurface_W1_p": 0.0496869234,
  "WLHImagSurface_W2_p": 1.3373136851,
  "WLHImagSurface_W3_p": 0.1823236988,
  "WLHImagSurface_r0_p": 0.9631581479,
  "WLHImagSurface_r1_p": 0.4854860181,
  "WLHImagSurface_r2_p": 0.0041184033,
  "WLHImagSurface_a0_p": 0.7533703278,
  "WLHImagSurface_W0_n": 2.0449268089,
  "WLHImagSurface_W1_n": 0.0495652384,
  "WLHImagSurface_W2_n": 3.0445695224,
  "WLHImagSurface_W3_n": 0.1632161745,
  "WLHImagSurface_r0_n": 1.2647204768,
  "WLHImagSurface_r1_n": 1.5404210936,
  "WLHImagSurface_r2_n": 0.0035421191,
  "WLHImagSurface_a0_n": 0.8374218177,
  "WLHRealSpinOrbit_V0_p": 9.4477600664,
  "WLHRealSpinOrbit_V1_p": 0.0083599382,
  "WLHRealSpinOrbit_r0_p": 1.28323822,
  "WLHRealSpinOrbit_r1_p": 0.8702970367,
  "WLHRealSpinOrbit_a0_p": 0.8039714685,
  "WLHRealSpinOrbit_a1_p": 0.0003634473,
  "WLHRealSpinOrbit_V0_n": 9.8602959035,
  "WLHRealSpinOrbit_V1_n": 0.008688732,
  "WLHRealSpinOrbit_r0_n": 1.2627500203,
  "WLHRealSpinOrbit_r1_n": 0.8615587376,
  "WLHRealSpinOrbit_a0_n": 0.7987677626,
  "WLHRealSpinOrbit_a1_n": 0.0003264696
}