{
  "WLHReal_V0_p": 59.1762563637,
  "WLHReal_V1_p": 0.3329258229,
  "WLHReal_V2_p": 0.0006897292,
  "WLHReal_V3_p": -8.016e-07,
  "WLHReal_V4_p": 14.4550544012,
  "WLHReal_V5_p": 0.1483878034,
  "WLHReal_V6_p": 0.0001157298,
  "WLHReal_r0_p": 1.2379392511,
  "WLHReal_r1_p": 0.3499296148,
  "WLHReal_r2_p": 0.0005900138,
  "WLHReal_r3_p": 3.421e-07,
  "WLHReal_a0_p": 0.7589437976,
  "WLHReal_a1_p": 0.0003426029,
  "WLHReal_a2_p": -9.123e-07,
  "WLHReal_a3_p": 0.1452985297,
  "WLHReal_a4_p": 0.6250180978,
  "WLHReal_V0_n": 55.1049076087,
  "WLHReal_V1_n": 0.2916625674,
  "WLHReal_V2_n": -0.0001321829,
  "WLHReal_V3_n": 2.2418e-06,
  "WLHReal_V4_n": 21.1204381677,
  "WLHReal_V5_n": 0.285671051,
  "WLHReal_V6_n": 0.0009488072,
  "WLHReal_r0_n": 1.291720145,
  "WLHReal_r1_n": 0.3713915477,
  "WLHReal_r2_n": 0.0007373639,
  "WLHReal_r3_n": 6.2817e-06,
  "WLHReal_a0_n": 0.7360890911,
  "WLHReal_a1_n": 0.0005353307,
  "WLHReal_a2_n": 5.1589e-06,
  "WLHReal_a3_n": 0.2147703192,
  "WLHReal_a4_n": 0.7468318976,
  "WLHImagVolume_W0_p": 3.5707558209,
  "WLHImagVolume_W1_p": 0.2933951075,
  "WLHImagVolume_W2_p": 0.0005261026,
  "WLHImagVolume_W3_p": 15.5843959682,
  "WLHImagVolume_W4_p": 0.0814992066,
  "WLHImagVolume_r0_p": 0.4829237515,
  "WLHImagVolume_r1_p": 55.9010841588,
  "WLHImagVolume_r2_p": 0.693420089,
  "WLHImagVolume_r3_p": 61.9195684625,
  "WLHImagVolume_r4_p": 0.6338674404,
  "WLHImagVolume_r5_p": 1.8927e-06,
  "WLHImagVolume_a0_p": 0.5171997304,
  "WLHImagVolume_a1_p": 0.2794824044,
  "WLHImagVolume_a2_p": 13.8021225899,
  "WLHImagVolume_a3_p": 0.4022342745,
  "WLHImagVolume_a4_p": 0.0019726685,
  "WLHImagVolume_W0_n": 3.0723946824,
  "WLHImagVolume_W1_n": 0.298118961,
  "WLHImagVolume_W2_n": 0.0005471944,
  "WLHImagVolume_W3_n": 9.463045506,
  "WLHImagVolume_W4_n": 0.0518030362,
  "WLHImagVolume_r0_n": 0.5768960072,
  "WLHImagVolume_r1_n": 66.2209819837,
  "WLHImagVolume_r2_n": 0.70344886,
  "WLHImagVolume_r3_n": 78.2903001954,
  "WLHImagVolume_r4_n": 0.9982981498,
  "WLHImagVolume_r5_n": 3.6161e-06,
  "WLHImagVolume_a0_n": 0.2508393278,
  "WLHImagVolume_a1_n": 0.5858099366,
  "WLHImagVolume_a2_n": 6.4210608002,
  "WLHImagVolume_a3_n": 0.0482654079,
  "WLHImagVolume_a4_n": 0.0008928267,
  "WLHImagSurface_W0_p": 1.223664539,
  "WLHImagSurface_W1_p": 0.0600259135,
  "WLHImagSurface_W2_p": 1.6422304071,
  "WLHImagSurface_W3_p": 0.2195921252,
  "WLHImagSurface_r0_p": 1.1110876897,
  "WLHImagSurface_r1_p": 1.1102340101,
  "WLHImagSurface_r2_p": 0.0088628384,
  "WLHImagSurface_a0_p": 0.7423788367,
  "WLHImagSurface_W0_n": 1.8006836568,
  "WLHImagSurface_W1_n": 0.0402843326,
  "WLHImagSurface_W2_n": 2.7424568841,
  "WLHImagSurface_W3_n": 0.1431094347,
  "WLHImagSurface_r0_n": 1.2660681044,
  "WLHImagSurface_r1_n": 1.4759746373,
  "WLHImagSurface_r2_n": 0.0034825667,
  "WLHImagSurface_a0_n": 0.8387662031,
  "WLHRealSpinOrbit_V0_p": 10.2489656237,
  "WLHRealSpinOrbit_V1_p": 0.0083098309,
  "WLHRealSpinOrbit_r0_p": 1.1884299858,
  "WLHRealSpinOrbit_r1_p": 0.7431813791,
  "WLHRealSpinOrbit_a0_p": 0.7391459849,
  "WLHRealSpinOrbit_a1_p": 0.0003370868,
  "WLHRealSpinOrbit_V0_n": 9.8262542907,
  "WLHRealSpinOrbit_V1_n": 0.0085958823,
  "WLHRealSpinOrbit_r0_n": 1.2635139985,
  "WLHRealSpinOrbit_r1_n": 0.8508038734,
  "WLHRealSpinOrbit_a0_n": 0.795039149,
  "WLHRealSpinOrbit_a1_n": 0.0003459307
}