{
  "WLHReal_V0_p": 53.6795165371,
  "WLHReal_V1_p": 0.2905847427,
  "WLHReal_V2_p": -0.0001530459,
  "WLHReal_V3_p": 1.7582e-06,
  "WLHReal_V4_p": 13.2578497502,
  "WLHReal_V5_p": 0.1371795853,
  "WLHReal_V6_p": 0.0003564234,
  "WLHReal_r0_p": 1.3046500576,
  "WLHReal_r1_p": 0.302914351,
  "WLHReal_r2_p": 0.0007634326,
  "WLHReal_r3_p": 6.4856e-06,
  "WLHReal_a0_p": 0.7789504872,
  "WLHReal_a1_p": 0.0001444222,
  "WLHReal_a2_p": 5.3871e-06,
  "WLHReal_a3_p": 0.0375789046,
  "WLHReal_a4_p": 0.5371629393,
  "WLHReal_V0_n": 45.6710356285,
  "WLHReal_V1_n": 0.2279950565,
  "WLHReal_V2_n": -0.0016130584,
  "WLHReal_V3_n": 7.3481e-06,
  "WLHReal_V4_n": 20.3122460303,
  "WLHReal_V5_n": 0.3629694865,
  "WLHReal_V6_n": 0.0021994879,
  "WLHReal_r0_n": 1.4093734731,
  "WLHReal_r1_n": 0.3163225069,
  "WLHReal_r2_n": 0.0016693002,
  "WLHReal_r3_n": 2.27549e-05,
  "WLHReal_a0_n": 0.8000274952,
  "WLHReal_a1_n": 0.0019636883,
  "WLHReal_a2_n": 2.95568e-05,
  "WLHReal_a3_n": 0.426599529,
  "WLHReal_a4_n": 1.2555075144,
  "WLHImagVolume_W0_p": 4.4005833609,
  "WLHImagVolume_W1_p": 0.2246835422,
  "WLHImagVolume_W2_p": 0.0002785204,
  "WLHImagVolume_W3_p": 11.0730128539,
  "WLHImagVolume_W4_p": 0.0785489529,
  "WLHImagVolume_r0_p": 0.6918427171,
  "WLHImagVolume_r1_p": 38.7668346903,
  "WLHImagVolume_r2_p": 0.5685736025,
  "WLHImagVolume_r3_p": 51.376498262,
  "WLHImagVolume_r4_p": 0.67732197,
  "WLHImagVolume_r5_p": 1.6425e-06,
  "WLHImagVolume_a0_p": 0.5717754582,
  "WLHImagVolume_a1_p": 0.2563432665,
  "WLHImagVolume_a2_p": 13.0317070115,
  "WLHImagVolume_a3_p": 0.4313340015,
  "WLHImagVolume_a4_p": 0.0026216736,
  "WLHImagVolume_W0_n": 3.6196345902,
  "WLHImagVolume_W1_n": 0.2263004176,
  "WLHImagVolume_W2_n": 0.0005782898,
  "WLHImagVolume_W3_n": 8.9841680224,
  "WLHImagVolume_W4_n": -0.0439295616,
  "WLHImagVolume_r0_n": 0.6021700598,
  "WLHImagVolume_r1_n": 100.0385899598,
  "WLHImagVolume_r2_n": 0.7949720266,
  "WLHImagVolume_r3_n": 116.3724220454,
  "WLHImagVolume_r4_n": 0.9321792016,
  "WLHImagVolume_r5_n": 6.4731e-06,
  "WLHImagVolume_a0_n": 0.3352504063,
  "WLHImagVolume_a1_n": 0.5185130595,
  "WLHImagVolume_a2_n": 3.7576761517,
  "WLHImagVolume_a3_n": 0.0780738637,
  "WLHImagVolume_a4_n": 0.0004717842,
  "WLHImagSurface_W0_p": 0.8548683148,
  "WLHImagSurface_W1_p": 0.0320302387,
  "WLHImagSurface_W2_p": 0.8720935042,
  "WLHImagSurface_W3_p": 0.1132381796,
  "WLHImagSurface_r0_p": 0.9134319136,
  "WLHImagSurface_r1_p": 0.4145420781,
  "WLHImagSurface_r2_p": 0.003903546,
  "WLHImagSurface_a0_p": 0.7181363291,
  "WLHImagSurface_W0_n": 1.1569948572,
  "WLHImagSurface_W1_n": 0.057091295,
  "WLHImagSurface_W2_n": 1.9310979167,
  "WLHImagSurface_W3_n": 0.2221818463,
  "WLHImagSurface_r0_n": 1.3313325368,
  "WLHImagSurface_r1_n": 1.6996677985,
  "WLHImagSurface_r2_n": 0.0004936352,
  "WLHImagSurface_a0_n": 0.9195299667,
  "WLHRealSpinOrbit_V0_p": 9.7043128808,
  "WLHRealSpinOrbit_V1_p": 0.0085874855,
  "WLHRealSpinOrbit_r0_p": 1.2771254089,
  "WLHRealSpinOrbit_r1_p": 0.8672384458,
  "WLHRealSpinOrbit_a0_p": 0.8040199886,
  "WLHRealSpinOrbit_a1_p": 0.0003546246,
  "WLHRealSpinOrbit_V0_n": 8.8297052266,
  "WLHRealSpinOrbit_V1_n": 0.0089434974,
  "WLHRealSpinOrbit_r0_n": 1.4057268382,
  "WLHRealSpinOrbit_r1_n": 1.0538046803,
  "WLHRealSpinOrbit_a0_n": 0.899294587,
  "WLHRealSpinOrbit_a1_n": 0.0003686018
}