{
  "WLHReal_V0_p": 55.8924843216,
  "WLHReal_V1_p": 0.323796205,
  "WLHReal_V2_p": -0.0001874609,
  "WLHReal_V3_p": 2.3886e-06,
  "WLHReal_V4_p": 11.9533703268,
  "WLHReal_V5_p": 0.1492490239,
  "WLHReal_V6_p": 0.0003995907,
  "WLHReal_r0_p": 1.3177226163,
  "WLHReal_r1_p": 0.3459699008,
  "WLHReal_r2_p": 0.0009140903,
  "WLHReal_r3_p": 7.585e-06,
  "WLHReal_a0_p": 0.7973407083,
  "WLHReal_a1_p": 0.0002473328,
  "WLHReal_a2_p": 5.5243e-06,
  "WLHReal_a3_p": 0.0710310563,
  "WLHReal_a4_p": 0.625990708,
  "WLHReal_V0_n": 53.1025663274,
  "WLHReal_V1_n": 0.2971621102,
  "WLHReal_V2_n": -0.0002068327,
  "WLHReal_V3_n": 3.2391e-06,
  "WLHReal_V4_n": 20.4320294741,
  "WLHReal_V5_n": 0.2894548611,
  "WLHReal_V6_n": 0.0009857576,
  "WLHReal_r0_n": 1.321801532,
  "WLHReal_r1_n": 0.3943666158,
  "WLHReal_r2_n": 0.0007710568,
  "WLHReal_r3_n": 6.2048e-06,
  "WLHReal_a0_n": 0.7386174393,
  "WLHReal_a1_n": 0.0006975669,
  "WLHReal_a2_n": 7.4563e-06,
  "WLHReal_a3_n": 0.2084702501,
  "WLHReal_a4_n": 0.7431128424,
  "WLHImagVolume_W0_p": 5.2549329993,
  "WLHImagVolume_W1_p": 0.3056383318,
  "WLHImagVolume_W2_p": 0.0005770744,
  "WLHImagVolume_W3_p": 13.8038352382,
  "WLHImagVolume_W4_p": 0.0988186458,
  "WLHImagVolume_r0_p": 0.5884954374,
  "WLHImagVolume_r1_p": 51.5717801253,
  "WLHImagVolume_r2_p": 0.6796057278,
  "WLHImagVolume_r3_p": 61.8180908288,
  "WLHImagVolume_r4_p": 0.619843986,
  "WLHImagVolume_r5_p": 1.4485e-06,
  "WLHImagVolume_a0_p": 0.5871848654,
  "WLHImagVolume_a1_p": 0.2655037702,
  "WLHImagVolume_a2_p": 13.7764254502,
  "WLHImagVolume_a3_p": 0.453468132,
  "WLHImagVolume_a4_p": 0.0029310408,
  "WLHImagVolume_W0_n": 2.7209165711,
  "WLHImagVolume_W1_n": 0.2803573756,
  "WLHImagVolume_W2_n": 0.0006883544,
  "WLHImagVolume_W3_n": 8.3290673231,
  "WLHImagVolume_W4_n": 0.0419924797,
  "WLHImagVolume_r0_n": 0.4789992157,
  "WLHImagVolume_r1_n": 92.5134892454,
  "WLHImagVolume_r2_n": 0.829809691,
  "WLHImagVolume_r3_n": 93.7620112244,
  "WLHImagVolume_r4_n": 0.8367429312,
  "WLHImagVolume_r5_n": 3.333e-06,
  "WLHImagVolume_a0_n": 0.2338032552,
  "WLHImagVolume_a1_n": 0.6068609538,
  "WLHImagVolume_a2_n": 6.6725461324,
  "WLHImagVolume_a3_n": 0.0600052668,
  "WLHImagVolume_a4_n": 0.000695844,
  "WLHImagSurface_W0_p": 0.8220371264,
  "WLHImagSurface_W1_p": 0.034434628,
  "WLHImagSurface_W2_p": 0.6667045376,
  "WLHImagSurface_W3_p": 0.1292394182,
  "WLHImagSurface_r0_p": 0.9267050979,
  "WLHImagSurface_r1_p": 0.5621445561,
  "WLHImagSurface_r2_p": 0.0031304111,
  "WLHImagSurface_a0_p": 0.7328382364,
  "WLHImagSurface_W0_n": 1.9435029172,
  "WLHImagSurface_W1_n": 0.0513188587,
  "WLHImagSurface_W2_n": 3.4197848531,
  "WLHImagSurface_W3_n": 0.187181167,
  "WLHImagSurface_r0_n": 1.3137930896,
  "WLHImagSurface_r1_n": 1.573022417,
  "WLHImagSurface_r2_n": 0.0033477786,
  "WLHImagSurface_a0_n": 0.8487743943,
  "WLHRealSpinOrbit_V0_p": 9.6369887594,
  "WLHRealSpinOrbit_V1_p": 0.0086118293,
  "WLHRealSpinOrbit_r0_p": 1.2772223054,
  "WLHRealSpinOrbit_r1_p": 0.8835242645,
  "WLHRealSpinOrbit_a0_p": 0.8083855618,
  "WLHRealSpinOrbit_a1_p": 0.0003262918,
  "WLHRealSpinOrbit_V0_n": 9.2384059392,
  "WLHRealSpinOrbit_V1_n": 0.0081987142,
  "WLHRealSpinOrbit_r0_n": 1.2886998154,
  "WLHRealSpinOrbit_r1_n": 0.8769649228,
  "WLHRealSpinOrbit_a0_n": 0.8054420541,
  "WLHRealSpinOrbit_a1_n": 0.0003639523
}