{
  "WLHReal_V0_p": 52.7062610123,
  "WLHReal_V1_p": 0.2665775881,
  "WLHReal_V2_p": -0.0003843418,
  "WLHReal_V3_p": 1.4186e-06,
  "WLHReal_V4_p": 13.7838182304,
  "WLHReal_V5_p": 0.1242168747,
  "WLHReal_V6_p": 0.0004171393,
  "WLHReal_r0_p": 1.2898284347,
  "WLHReal_r1_p": 0.2162195309,
  "WLHReal_r2_p": 0.0009297385,
  "WLHReal_r3_p": 1.00896e-05,
  "WLHReal_a0_p": 0.7782529687,
  "WLHReal_a1_p": 9.50851e-05,
  "WLHReal_a2_p": 7.9526e-06,
  "WLHReal_a3_p": 0.0032924377,
  "WLHReal_a4_p": 0.530817156,
  "WLHReal_V0_n": 53.2916049892,
  "WLHReal_V1_n": 0.3154783809,
  "WLHReal_V2_n": -0.0010695327,
  "WLHReal_V3_n": 6.0531e-06,
  "WLHReal_V4_n": 19.3467458852,
  "WLHReal_V5_n": 0.3550897459,
  "WLHReal_V6_n": 0.001881457,
  "WLHReal_r0_n": 1.35427081,
  "WLHReal_r1_n": 0.3493096763,
  "WLHReal_r2_n": 0.001439401,
  "WLHReal_r3_n": 1.78568e-05,
  "WLHReal_a0_n": 0.7877208705,
  "WLHReal_a1_n": 0.0014624377,
  "WLHReal_a2_n": 2.24828e-05,
  "WLHReal_a3_n": 0.3236585438,
  "WLHReal_a4_n": 1.1201826012,
  "WLHImagVolume_W0_p": 4.5916481313,
  "WLHImagVolume_W1_p": 0.1975059981,
  "WLHImagVolume_W2_p": 3.51796e-05,
  "WLHImagVolume_W3_p": 10.0222088751,
  "WLHImagVolume_W4_p": 0.0752281798,
  "WLHImagVolume_r0_p": 0.9066940708,
  "WLHImagVolume_r1_p": 15.0773183332,
  "WLHImagVolume_r2_p": 0.3502762697,
  "WLHImagVolume_r3_p": 36.064969078,
  "WLHImagVolume_r4_p": 0.8729510256,
  "WLHImagVolume_r5_p": 2.7085e-06,
  "WLHImagVolume_a0_p": 0.6028822939,
  "WLHImagVolume_a1_p": 0.2091360055,
  "WLHImagVolume_a2_p": 9.3015464578,
  "WLHImagVolume_a3_p": 0.4638979682,
  "WLHImagVolume_a4_p": 0.0031342392,
  "WLHImagVolume_W0_n": 4.8221001865,
  "WLHImagVolume_W1_n": 0.3771361983,
  "WLHImagVolume_W2_n": 0.0010335844,
  "WLHImagVolume_W3_n": 12.0370047027,
  "WLHImagVolume_W4_n": 0.0526843501,
  "WLHImagVolume_r0_n": 0.5741744795,
  "WLHImagVolume_r1_n": 87.520655362,
  "WLHImagVolume_r2_n": 0.778262854,
  "WLHImagVolume_r3_n": 109.6044117903,
  "WLHImagVolume_r4_n": 0.9215356762,
  "WLHImagVolume_r5_n": 5.0023e-06,
  "WLHImagVolume_a0_n": 0.323318983,
  "WLHImagVolume_a1_n": 0.5198211819,
  "WLHImagVolume_a2_n": 0.5677362166,
  "WLHImagVolume_a3_n": -0.0115418644,
  "WLHImagVolume_a4_n": 0.0001040815,
  "WLHImagSurface_W0_p": 0.4738459279,
  "WLHImagSurface_W1_p": -0.0081316608,
  "WLHImagSurface_W2_p": -0.1786641325,
  "WLHImagSurface_W3_p": -0.0434664665,
  "WLHImagSurface_r0_p": 0.7738562564,
  "WLHImagSurface_r1_p": 0.120043631,
  "WLHImagSurface_r2_p": 0.0024506301,
  "WLHImagSurface_a0_p": 0.6438326258,
  "WLHImagSurface_W0_n": 2.3907695457,
  "WLHImagSurface_W1_n": 0.0855357545,
  "WLHImagSurface_W2_n": 3.7272906848,
  "WLHImagSurface_W3_n": 0.2721330022,
  "WLHImagSurface_r0_n": 1.3051416225,
  "WLHImagSurface_r1_n": 1.8545429495,
  "WLHImagSurface_r2_n": 0.0021258245,
  "WLHImagSurface_a0_n": 0.8778652169,
  "WLHRealSpinOrbit_V0_p": 10.0835338849,
  "WLHRealSpinOrbit_V1_p": 0.0090842115,
  "WLHRealSpinOrbit_r0_p": 1.2846239121,
  "WLHRealSpinOrbit_r1_p": 0.8874938356,
  "WLHRealSpinOrbit_a0_p": 0.8179940238,
  "WLHRealSpinOrbit_a1_p": 0.0003434583,
  "WLHRealSpinOrbit_V0_n": 9.2643875207,
  "WLHRealSpinOrbit_V1_n": 0.0089886501,
  "WLHRealSpinOrbit_r0_n": 1.3427352802,
  "WLHRealSpinOrbit_r1_n": 1.0006360099,
  "WLHRealSpinOrbit_a0_n": 0.8650992929,
  "WLHRealSpinOrbit_a1_n": 0.0002976429
}