{
  "WLHReal_V0_p": 53.0379934121,
  "WLHReal_V1_p": 0.2988556561,
  "WLHReal_V2_p": -0.0007168425,
  "WLHReal_V3_p": 3.857e-06,
  "WLHReal_V4_p": 11.3051094768,
  "WLHReal_V5_p": 0.1390226033,
  "WLHReal_V6_p": 0.0005520205,
  "WLHReal_r0_p": 1.3469020205,
  "WLHReal_r1_p": 0.2888208666,
  "WLHReal_r2_p": 0.0011101889,
  "WLHReal_r3_p": 1.20058e-05,
  "WLHReal_a0_p": 0.810316094,
  "WLHReal_a1_p": 0.0001381836,
  "WLHReal_a2_p": 9.6949e-06,
  "WLHReal_a3_p": 0.0079983945,
  "WLHReal_a4_p": 0.5970897709,
  "WLHReal_V0_n": 50.5212817216,
  "WLHReal_V1_n": 0.2746319412,
  "WLHReal_V2_n": -0.0007730898,
  "WLHReal_V3_n": 4.8031e-06,
  "WLHReal_V4_n": 20.3441855752,
  "WLHReal_V5_n": 0.3200743393,
  "WLHReal_V6_n": 0.0014950323,
  "WLHReal_r0_n": 1.3520879704,
  "WLHReal_r1_n": 0.3535708997,
  "WLHReal_r2_n": 0.0011566888,
  "WLHReal_r3_n": 1.33924e-05,
  "WLHReal_a0_n": 0.7644802165,
  "WLHReal_a1_n": 0.0012210073,
  "WLHReal_a2_n": 1.60482e-05,
  "WLHReal_a3_n": 0.3020664791,
  "WLHReal_a4_n": 0.9697919652,
  "WLHImagVolume_W0_p": 5.8963651459,
  "WLHImagVolume_W1_p": 0.272503198,
  "WLHImagVolume_W2_p": 0.0004040048,
  "WLHImagVolume_W3_p": 11.5696014178,
  "WLHImagVolume_W4_p": 0.0989266202,
  "WLHImagVolume_r0_p": 0.7664172081,
  "WLHImagVolume_r1_p": 35.7510333833,
  "WLHImagVolume_r2_p": 0.544616315,
  "WLHImagVolume_r3_p": 52.6129922799,
  "WLHImagVolume_r4_p": 0.7134620592,
  "WLHImagVolume_r5_p": 1.1755e-06,
  "WLHImagVolume_a0_p": 0.6294322498,
  "WLHImagVolume_a1_p": 0.2368265415,
  "WLHImagVolume_a2_p": 12.0834552193,
  "WLHImagVolume_a3_p": 0.4840911216,
  "WLHImagVolume_a4_p": 0.0035058003,
  "WLHImagVolume_W0_n": 3.2410042553,
  "WLHImagVolume_W1_n": 0.2672024955,
  "WLHImagVolume_W2_n": 0.0006650158,
  "WLHImagVolume_W3_n": 8.9330369154,
  "WLHImagVolume_W4_n": 0.0118156949,
  "WLHImagVolume_r0_n": 0.5372542761,
  "WLHImagVolume_r1_n": 93.7944744897,
  "WLHImagVolume_r2_n": 0.8037981679,
  "WLHImagVolume_r3_n": 102.5005060964,
  "WLHImagVolume_r4_n": 0.881799864,
  "WLHImagVolume_r5_n": 5.0774e-06,
  "WLHImagVolume_a0_n": 0.2766836475,
  "WLHImagVolume_a1_n": 0.5664740981,
  "WLHImagVolume_a2_n": 5.1064089138,
  "WLHImagVolume_a3_n": 0.0581767965,
  "WLHImagVolume_a4_n": 0.0005383187,
  "WLHImagSurface_W0_p": 0.4672482041,
  "WLHImagSurface_W1_p": 0.0032446403,
  "WLHImagSurface_W2_p": -0.2384397043,
  "WLHImagSurface_W3_p": 0.0093728291,
  "WLHImagSurface_r0_p": 0.7731684418,
  "WLHImagSurface_r1_p": 0.1072426666,
  "WLHImagSurface_r2_p": -0.0001496207,
  "WLHImagSurface_a0_p": 0.6982769171,
  "WLHImagSurface_W0_n": 1.6924943218,
  "WLHImagSurface_W1_n": 0.0555510654,
  "WLHImagSurface_W2_n": 2.8382980796,
  "WLHImagSurface_W3_n": 0.2030135406,
  "WLHImagSurface_r0_n": 1.3171102727,
  "WLHImagSurface_r1_n": 1.634585061,
  "WLHImagSurface_r2_n": 0.0022366245,
  "WLHImagSurface_a0_n": 0.8758716624,
  "WLHRealSpinOrbit_V0_p": 9.5047342432,
  "WLHRealSpinOrbit_V1_p": 0.008964987,
  "WLHRealSpinOrbit_r0_p": 1.3253057983,
  "WLHRealSpinOrbit_r1_p": 0.9582992158,
  "WLHRealSpinOrbit_a0_p": 0.8480547453,
  "WLHRealSpinOrbit_a1_p": 0.0003247146,
  "WLHRealSpinOrbit_V0_n": 9.1348616919,
  "WLHRealSpinOrbit_V1_n": 0.0085584069,
  "WLHRealSpinOrbit_r0_n": 1.3327755215,
  "WLHRealSpinOrbit_r1_n": 0.9488443449,
  "WLHRealSpinOrbit_a0_n": 0.8431801287,
  "WLHRealSpinOrbit_a1_n": 0.0003579419
}