{
  "WLHReal_V0_p": 55.8652464291,
  "WLHReal_V1_p": 0.3527733832,
  "WLHReal_V2_p": -3.42992e-05,
  "WLHReal_V3_p": 2.7816e-06,
  "WLHReal_V4_p": 10.8292762614,
  "WLHReal_V5_p": 0.1551365752,
  "WLHReal_V6_p": 0.0003409497,
  "WLHReal_r0_p": 1.3430010178,
  "WLHReal_r1_p": 0.4159192218,
  "WLHReal_r2_p": 0.0008114792,
  "WLHReal_r3_p": 4.6831e-06,
  "WLHReal_a0_p": 0.801192886,
  "WLHReal_a1_p": 0.00022705,
  "WLHReal_a2_p": 3.5205e-06,
  "WLHReal_a3_p": 0.096910547,
  "WLHReal_a4_p": 0.639443101,
  "WLHReal_V0_n": 51.1491981022,
  "WLHReal_V1_n": 0.2850196861,
  "WLHReal_V2_n": -0.0007119108,
  "WLHReal_V3_n": 4.6708e-06,
  "WLHReal_V4_n": 20.1448331842,
  "WLHReal_V5_n": 0.3193233523,
  "WLHReal_V6_n": 0.0014516985,
  "WLHReal_r0_n": 1.3502928643,
  "WLHReal_r1_n": 0.364161193,
  "WLHReal_r2_n": 0.0011234793,
  "WLHReal_r3_n": 1.24419e-05,
  "WLHReal_a0_n": 0.7628768006,
  "WLHReal_a1_n": 0.0011702075,
  "WLHReal_a2_n": 1.67945e-05,
  "WLHReal_a3_n": 0.2857296934,
  "WLHReal_a4_n": 0.944771339,
  "WLHImagVolume_W0_p": 5.101584733,
  "WLHImagVolume_W1_p": 0.3213829882,
  "WLHImagVolume_W2_p": 0.000856493,
  "WLHImagVolume_W3_p": 14.495861411,
  "WLHImagVolume_W4_p": 0.0987967498,
  "WLHImagVolume_r0_p": 0.3516668075,
  "WLHImagVolume_r1_p": 82.6948466701,
  "WLHImagVolume_r2_p": 0.9382602181,
  "WLHImagVolume_r3_p": 84.7005409186,
  "WLHImagVolume_r4_p": 0.3765777648,
  "WLHImagVolume_r5_p": 1.0684e-06,
  "WLHImagVolume_a0_p": 0.5491249329,
  "WLHImagVolume_a1_p": 0.330194521,
  "WLHImagVolume_a2_p": 19.3056461593,
  "WLHImagVolume_a3_p": 0.4057032197,
  "WLHImagVolume_a4_p": 0.0022293831,
  "WLHImagVolume_W0_n": 3.3077690841,
  "WLHImagVolume_W1_n": 0.2823830176,
  "WLHImagVolume_W2_n": 0.0007361142,
  "WLHImagVolume_W3_n": 9.091626582,
  "WLHImagVolume_W4_n": 0.0219484488,
  "WLHImagVolume_r0_n": 0.5189950649,
  "WLHImagVolume_r1_n": 95.8670726144,
  "WLHImagVolume_r2_n": 0.8208698663,
  "WLHImagVolume_r3_n": 103.6162573239,
  "WLHImagVolume_r4_n": 0.8591296009,
  "WLHImagVolume_r5_n": 4.3245e-06,
  "WLHImagVolume_a0_n": 0.2726411257,
  "WLHImagVolume_a1_n": 0.5706530488,
  "WLHImagVolume_a2_n": 4.8365438993,
  "WLHImagVolume_a3_n": 0.0507908674,
  "WLHImagVolume_a4_n": 0.0004895684,
  "WLHImagSurface_W0_p": 1.2236626965,
  "WLHImagSurface_W1_p": 0.0763196607,
  "WLHImagSurface_W2_p": 1.5889037433,
  "WLHImagSurface_W3_p": 0.2876140549,
  "WLHImagSurface_r0_p": 1.0898232406,
  "WLHImagSurface_r1_p": 0.783949143,
  "WLHImagSurface_r2_p": 0.0039565569,
  "WLHImagSurface_a0_p": 0.8677797284,
  "WLHImagSurface_W0_n": 1.8510465556,
  "WLHImagSurface_W1_n": 0.0600579366,
  "WLHImagSurface_W2_n": 3.153153138,
  "WLHImagSurface_W3_n": 0.2145553244,
  "WLHImagSurface_r0_n": 1.3206297014,
  "WLHImagSurface_r1_n": 1.6637732849,
  "WLHImagSurface_r2_n": 0.0024201818,
  "WLHImagSurface_a0_n": 0.8721143461,
  "WLHRealSpinOrbit_V0_p": 9.0389592891,
  "WLHRealSpinOrbit_V1_p": 0.0080303559,
  "WLHRealSpinOrbit_r0_p": 1.2826918754,
  "WLHRealSpinOrbit_r1_p": 0.8832653945,
  "WLHRealSpinOrbit_a0_p": 0.803039306,
  "WLHRealSpinOrbit_a1_p": 0.0003377482,
  "WLHRealSpinOrbit_V0_n": 9.1004433854,
  "WLHRealSpinOrbit_V1_n": 0.008498129,
  "WLHRealSpinOrbit_r0_n": 1.328681693,
  "WLHRealSpinOrbit_r1_n": 0.9450112996,
  "WLHRealSpinOrbit_a0_n": 0.8400701573,
  "WLHRealSpinOrbit_a1_n": 0.000353382
}