{
  "WLHReal_V0_p": 50.7874038516,
  "WLHReal_V1_p": 0.3011881936,
  "WLHReal_V2_p": -0.0005041037,
  "WLHReal_V3_p": 3.7261e-06,
  "WLHReal_V4_p": 11.3123373518,
  "WLHReal_V5_p": 0.1252288579,
  "WLHReal_V6_p": 0.0004252723,
  "WLHReal_r0_p": 1.3509012492,
  "WLHReal_r1_p": 0.2848734984,
  "WLHReal_r2_p": 0.0009339887,
  "WLHReal_r3_p": 9.3983e-06,
  "WLHReal_a0_p": 0.7950239511,
  "WLHReal_a1_p": -1.90444e-05,
  "WLHReal_a2_p": 9.0545e-06,
  "WLHReal_a3_p": 0.0050230888,
  "WLHReal_a4_p": 0.546754077,
  "WLHReal_V0_n": 49.1049867674,
  "WLHReal_V1_n": 0.2534331725,
  "WLHReal_V2_n": -0.0017925999,
  "WLHReal_V3_n": 6.9263e-06,
  "WLHReal_V4_n": 19.8885208292,
  "WLHReal_V5_n": 0.3896958264,
  "WLHReal_V6_n": 0.0024464279,
  "WLHReal_r0_n": 1.4018778094,
  "WLHReal_r1_n": 0.3322491609,
  "WLHReal_r2_n": 0.0018122505,
  "WLHReal_r3_n": 2.49575e-05,
  "WLHReal_a0_n": 0.8154036768,
  "WLHReal_a1_n": 0.0019815221,
  "WLHReal_a2_n": 3.05228e-05,
  "WLHReal_a3_n": 0.4211583797,
  "WLHReal_a4_n": 1.317637226,
  "WLHImagVolume_W0_p": 4.8468746364,
  "WLHImagVolume_W1_p": 0.2053681055,
  "WLHImagVolume_W2_p": 0.0003993244,
  "WLHImagVolume_W3_p": 9.885431134,
  "WLHImagVolume_W4_p": 0.0759709769,
  "WLHImagVolume_r0_p": 0.634977998,
  "WLHImagVolume_r1_p": 57.1442796688,
  "WLHImagVolume_r2_p": 0.6888713141,
  "WLHImagVolume_r3_p": 69.4576795761,
  "WLHImagVolume_r4_p": 0.535726684,
  "WLHImagVolume_r5_p": 1.1202e-06,
  "WLHImagVolume_a0_p": 0.5691753366,
  "WLHImagVolume_a1_p": 0.2980581601,
  "WLHImagVolume_a2_p": 17.4770036185,
  "WLHImagVolume_a3_p": 0.4058954997,
  "WLHImagVolume_a4_p": 0.0023689928,
  "WLHImagVolume_W0_n": 4.9618812934,
  "WLHImagVolume_W1_n": 0.3300740142,
  "WLHImagVolume_W2_n": 0.0008033185,
  "WLHImagVolume_W3_n": 11.9047502758,
  "WLHImagVolume_W4_n": -0.0032813723,
  "WLHImagVolume_r0_n": 0.6750470007,
  "WLHImagVolume_r1_n": 79.9192104014,
  "WLHImagVolume_r2_n": 0.7198507516,
  "WLHImagVolume_r3_n": 112.6781654443,
  "WLHImagVolume_r4_n": 1.0627713002,
  "WLHImagVolume_r5_n": 7.7445e-06,
  "WLHImagVolume_a0_n": 0.3842552559,
  "WLHImagVolume_a1_n": 0.475408943,
  "WLHImagVolume_a2_n": 0.2591278245,
  "WLHImagVolume_a3_n": 0.0254846014,
  "WLHImagVolume_a4_n": 0.000400115,
  "WLHImagSurface_W0_p": 0.873686694,
  "WLHImagSurface_W1_p": 0.0374191652,
  "WLHImagSurface_W2_p": 0.5947137005,
  "WLHImagSurface_W3_p": 0.1262404337,
  "WLHImagSurface_r0_p": 0.9402752594,
  "WLHImagSurface_r1_p": 0.1696633364,
  "WLHImagSurface_r2_p": 0.0014052321,
  "WLHImagSurface_a0_p": 0.8543268506,
  "WLHImagSurface_W0_n": 1.6200446291,
  "WLHImagSurface_W1_n": 0.0742031689,
  "WLHImagSurface_W2_n": 2.4187311612,
  "WLHImagSurface_W3_n": 0.2560399502,
  "WLHImagSurface_r0_n": 1.2959321111,
  "WLHImagSurface_r1_n": 1.8203310217,
  "WLHImagSurface_r2_n": 0.0005142784,
  "WLHImagSurface_a0_n": 0.9149775518,
  "WLHRealSpinOrbit_V0_p": 9.0049408726,
  "WLHRealSpinOrbit_V1_p": 0.0083838832,
  "WLHRealSpinOrbit_r0_p": 1.3267812998,
  "WLHRealSpinOrbit_r1_p": 0.9415714903,
  "WLHRealSpinOrbit_a0_p": 0.83753353,
  "WLHRealSpinOrbit_a1_p": 0.0003565075,
  "WLHRealSpinOrbit_V0_n": 9.2067915321,
  "WLHRealSpinOrbit_V1_n": 0.0094387502,
  "WLHRealSpinOrbit_r0_n": 1.4016372126,
  "WLHRealSpinOrbit_r1_n": 1.0772421662,
  "WLHRealSpinOrbit_a0_n": 0.9097222202,
  "WLHRealSpinOrbit_a1_n": 0.0003189217
}