{
  "WLHReal_V0_p": 53.487228982,
  "WLHReal_V1_p": 0.3026583049,
  "WLHReal_V2_p": -0.0003664858,
  "WLHReal_V3_p": 2.8307e-06,
  "WLHReal_V4_p": 12.3079582287,
  "WLHReal_V5_p": 0.1201444607,
  "WLHReal_V6_p": 0.0003949928,
  "WLHReal_r0_p": 1.2979969954,
  "WLHReal_r1_p": 0.2137383882,
  "WLHReal_r2_p": 0.0011090303,
  "WLHReal_r3_p": 1.11469e-05,
  "WLHReal_a0_p": 0.7897528711,
  "WLHReal_a1_p": 7.6765e-05,
  "WLHReal_a2_p": 9.115e-06,
  "WLHReal_a3_p": 0.0307304129,
  "WLHReal_a4_p": 0.616838842,
  "WLHReal_V0_n": 50.5547679571,
  "WLHReal_V1_n": 0.2495936479,
  "WLHReal_V2_n": -0.0002005458,
  "WLHReal_V3_n": 1.951e-06,
  "WLHReal_V4_n": 22.3177510143,
  "WLHReal_V5_n": 0.2622237384,
  "WLHReal_V6_n": 0.0009926249,
  "WLHReal_r0_n": 1.271627086,
  "WLHReal_r1_n": 0.2189008854,
  "WLHReal_r2_n": 0.0009173781,
  "WLHReal_r3_n": 9.922e-06,
  "WLHReal_a0_n": 0.7332359986,
  "WLHReal_a1_n": 0.0008940088,
  "WLHReal_a2_n": 1.15919e-05,
  "WLHReal_a3_n": 0.3533849936,
  "WLHReal_a4_n": 0.9613893725,
  "WLHImagVolume_W0_p": 4.9839165042,
  "WLHImagVolume_W1_p": 0.2390523078,
  "WLHImagVolume_W2_p": 0.0003072595,
  "WLHImagVolume_W3_p": 11.9927688834,
  "WLHImagVolume_W4_p": 0.0816936081,
  "WLHImagVolume_r0_p": 0.7801779488,
  "WLHImagVolume_r1_p": 37.2610833236,
  "WLHImagVolume_r2_p": 0.4928101487,
  "WLHImagVolume_r3_p": 56.4398744684,
  "WLHImagVolume_r4_p": 0.7666628765,
  "WLHImagVolume_r5_p": 2.172e-06,
  "WLHImagVolume_a0_p": 0.5899726874,
  "WLHImagVolume_a1_p": 0.2456575672,
  "WLHImagVolume_a2_p": 12.6776049204,
  "WLHImagVolume_a3_p": 0.4468289919,
  "WLHImagVolume_a4_p": 0.002885012,
  "WLHImagVolume_W0_n": 2.2193959583,
  "WLHImagVolume_W1_n": 0.1514383826,
  "WLHImagVolume_W2_n": 6.92348e-05,
  "WLHImagVolume_W3_n": 7.47394948,
  "WLHImagVolume_W4_n": -0.0183940444,
  "WLHImagVolume_r0_n": 0.6360139843,
  "WLHImagVolume_r1_n": 70.3593063247,
  "WLHImagVolume_r2_n": 0.6277964162,
  "WLHImagVolume_r3_n": 75.8230663028,
  "WLHImagVolume_r4_n": 0.979364302,
  "WLHImagVolume_r5_n": 3.6784e-06,
  "WLHImagVolume_a0_n": 0.2208131473,
  "WLHImagVolume_a1_n": 0.5840729339,
  "WLHImagVolume_a2_n": 9.2447320704,
  "WLHImagVolume_a3_n": 0.0813399847,
  "WLHImagVolume_a4_n": 0.0006448214,
  "WLHImagSurface_W0_p": 0.5371526568,
  "WLHImagSurface_W1_p": -0.0014320946,
  "WLHImagSurface_W2_p": -0.4598304181,
  "WLHImagSurface_W3_p": -0.0230297306,
  "WLHImagSurface_r0_p": 0.8556040431,
  "WLHImagSurface_r1_p": 0.2157444827,
  "WLHImagSurface_r2_p": 0.0019330097,
  "WLHImagSurface_a0_p": 0.7569503916,
  "WLHImagSurface_W0_n": 0.931804168,
  "WLHImagSurface_W1_n": 0.0111722163,
  "WLHImagSurface_W2_n": 0.6869011769,
  "WLHImagSurface_W3_n": 0.0568570768,
  "WLHImagSurface_r0_n": 1.2684876578,
  "WLHImagSurface_r1_n": 1.2611995995,
  "WLHImagSurface_r2_n": 0.0028296067,
  "WLHImagSurface_a0_n": 0.8531714972,
  "WLHRealSpinOrbit_V0_p": 9.8344412949,
  "WLHRealSpinOrbit_V1_p": 0.0089381433,
  "WLHRealSpinOrbit_r0_p": 1.2867168468,
  "WLHRealSpinOrbit_r1_p": 0.9044067447,
  "WLHRealSpinOrbit_a0_p": 0.8215346835,
  "WLHRealSpinOrbit_a1_p": 0.0003213276,
  "WLHRealSpinOrbit_V0_n": 9.9560220519,
  "WLHRealSpinOrbit_V1_n": 0.0087075004,
  "WLHRealSpinOrbit_r0_n": 1.2663594521,
  "WLHRealSpinOrbit_r1_n": 0.8464871357,
  "WLHRealSpinOrbit_a0_n": 0.7971935761,
  "WLHRealSpinOrbit_a1_n": 0.0003673469
}