{
  "WLHReal_V0_p": 59.2171200417,
  "WLHReal_V1_p": 0.3472897182,
  "WLHReal_V2_p": 0.0010557388,
  "WLHReal_V3_p": -8.417e-07,
  "WLHReal_V4_p": 14.6593511522,
  "WLHReal_V5_p": 0.1475294983,
  "WLHReal_V6_p": -2.34024e-05,
  "WLHReal_r0_p": 1.2314621576,
  "WLHReal_r1_p": 0.3871215356,
  "WLHReal_r2_p": 0.0003781825,
  "WLHReal_r3_p": -3.1784e-06,
  "WLHReal_a0_p": 0.7452994247,
  "WLHReal_a1_p": 0.0003099805,
  "WLHReal_a2_p": -4.4642e-06,
  "WLHReal_a3_p": 0.1738535744,
  "WLHReal_a4_p": 0.6068775034,
  "WLHReal_V0_n": 49.9099568849,
  "WLHReal_V1_n": 0.2548668266,
  "WLHReal_V2_n": -0.0011546178,
  "WLHReal_V3_n": 4.601e-06,
  "WLHReal_V4_n": 21.0311735108,
  "WLHReal_V5_n": 0.3363078277,
  "WLHReal_V6_n": 0.0018993599,
  "WLHReal_r0_n": 1.3347526112,
  "WLHReal_r1_n": 0.2441169667,
  "WLHReal_r2_n": 0.0015203765,
  "WLHReal_r3_n": 2.01576e-05,
  "WLHReal_a0_n": 0.7837453739,
  "WLHReal_a1_n": 0.0016108575,
  "WLHReal_a2_n": 2.48986e-05,
  "WLHReal_a3_n": 0.4261801236,
  "WLHReal_a4_n": 1.2447625459,
  "WLHImagVolume_W0_p": 2.6979260128,
  "WLHImagVolume_W1_p": 0.2734566122,
  "WLHImagVolume_W2_p": 0.0006284625,
  "WLHImagVolume_W3_p": 15.666508083,
  "WLHImagVolume_W4_p": 0.0693546994,
  "WLHImagVolume_r0_p": 0.3044612219,
  "WLHImagVolume_r1_p": 77.5759247826,
  "WLHImagVolume_r2_p": 0.8623614222,
  "WLHImagVolume_r3_p": 76.9616487904,
  "WLHImagVolume_r4_p": 0.4658382016,
  "WLHImagVolume_r5_p": 1.9223e-06,
  "WLHImagVolume_a0_p": 0.4622904773,
  "WLHImagVolume_a1_p": 0.3319995812,
  "WLHImagVolume_a2_p": 18.0152401325,
  "WLHImagVolume_a3_p": 0.3418991273,
  "WLHImagVolume_a4_p": 0.0010378524,
  "WLHImagVolume_W0_n": 4.045801911,
  "WLHImagVolume_W1_n": 0.2529424208,
  "WLHImagVolume_W2_n": 0.0004623999,
  "WLHImagVolume_W3_n": 10.5317773906,
  "WLHImagVolume_W4_n": -0.0111658305,
  "WLHImagVolume_r0_n": 0.6919740651,
  "WLHImagVolume_r1_n": 71.4183557613,
  "WLHImagVolume_r2_n": 0.639181875,
  "WLHImagVolume_r3_n": 95.5630953612,
  "WLHImagVolume_r4_n": 1.051070998,
  "WLHImagVolume_r5_n": 5.8891e-06,
  "WLHImagVolume_a0_n": 0.3188536646,
  "WLHImagVolume_a1_n": 0.5084137207,
  "WLHImagVolume_a2_n": 3.5679538408,
  "WLHImagVolume_a3_n": 0.0353050732,
  "WLHImagVolume_a4_n": 0.0003496959,
  "WLHImagSurface_W0_p": 1.6557592172,
  "WLHImagSurface_W1_p": 0.0984402525,
  "WLHImagSurface_W2_p": 2.6650118974,
  "WLHImagSurface_W3_p": 0.3599848176,
  "WLHImagSurface_r0_p": 1.2863138692,
  "WLHImagSurface_r1_p": 1.3750930084,
  "WLHImagSurface_r2_p": 0.0112861845,
  "WLHImagSurface_a0_p": 0.8514899084,
  "WLHImagSurface_W0_n": 1.320146322,
  "WLHImagSurface_W1_n": 0.0470126785,
  "WLHImagSurface_W2_n": 1.3868164833,
  "WLHImagSurface_W3_n": 0.162341988,
  "WLHImagSurface_r0_n": 1.2745985606,
  "WLHImagSurface_r1_n": 1.5740808323,
  "WLHImagSurface_r2_n": 0.0014285911,
  "WLHImagSurface_a0_n": 0.8889070989,
  "WLHRealSpinOrbit_V0_p": 9.9615072504,
  "WLHRealSpinOrbit_V1_p": 0.0077635573,
  "WLHRealSpinOrbit_r0_p": 1.1690692782,
  "WLHRealSpinOrbit_r1_p": 0.7004998405,
  "WLHRealSpinOrbit_a0_p": 0.7151628972,
  "WLHRealSpinOrbit_a1_p": 0.0003580748,
  "WLHRealSpinOrbit_V0_n": 9.687269903,
  "WLHRealSpinOrbit_V1_n": 0.0093022616,
  "WLHRealSpinOrbit_r0_n": 1.3399403353,
  "WLHRealSpinOrbit_r1_n": 0.9827618494,
  "WLHRealSpinOrbit_a0_n": 0.8637766581,
  "WLHRealSpinOrbit_a1_n": 0.0003253509
}