{
  "WLHReal_V0_p": 56.1517223589,
  "WLHReal_V1_p": 0.3273545837,
  "WLHReal_V2_p": -0.0005003168,
  "WLHReal_V3_p": 3.821e-06,
  "WLHReal_V4_p": 11.0090333506,
  "WLHReal_V5_p": 0.1557627813,
  "WLHReal_V6_p": 0.0005251919,
  "WLHReal_r0_p": 1.3400958629,
  "WLHReal_r1_p": 0.3523874811,
  "WLHReal_r2_p": 0.0010937508,
  "WLHReal_r3_p": 1.0297e-05,
  "WLHReal_a0_p": 0.8162160621,
  "WLHReal_a1_p": 0.0002906714,
  "WLHReal_a2_p": 7.7015e-06,
  "WLHReal_a3_p": 0.0585037919,
  "WLHReal_a4_p": 0.6612396044,
  "WLHReal_V0_n": 55.2406335801,
  "WLHReal_V1_n": 0.3409590088,
  "WLHReal_V2_n": -3.3858e-05,
  "WLHReal_V3_n": 2.9853e-06,
  "WLHReal_V4_n": 19.7990676606,
  "WLHReal_V5_n": 0.2858667289,
  "WLHReal_V6_n": 0.0009302613,
  "WLHReal_r0_n": 1.2992337618,
  "WLHReal_r1_n": 0.3669545622,
  "WLHReal_r2_n": 0.0007871428,
  "WLHReal_r3_n": 5.6143e-06,
  "WLHReal_a0_n": 0.7370029869,
  "WLHReal_a1_n": 0.0006833472,
  "WLHReal_a2_n": 6.6015e-06,
  "WLHReal_a3_n": 0.2042695127,
  "WLHReal_a4_n": 0.7774825688,
  "WLHImagVolume_W0_p": 6.2141542529,
  "WLHImagVolume_W1_p": 0.3461085342,
  "WLHImagVolume_W2_p": 0.0006514986,
  "WLHImagVolume_W3_p": 14.4118118992,
  "WLHImagVolume_W4_p": 0.1146769471,
  "WLHImagVolume_r0_p": 0.6401411398,
  "WLHImagVolume_r1_p": 46.1182583034,
  "WLHImagVolume_r2_p": 0.6501562194,
  "WLHImagVolume_r3_p": 58.6235359077,
  "WLHImagVolume_r4_p": 0.663139623,
  "WLHImagVolume_r5_p": 1.623e-06,
  "WLHImagVolume_a0_p": 0.6282556797,
  "WLHImagVolume_a1_p": 0.2439895344,
  "WLHImagVolume_a2_p": 12.20461232,
  "WLHImagVolume_a3_p": 0.4964391944,
  "WLHImagVolume_a4_p": 0.0036117495,
  "WLHImagVolume_W0_n": 3.2353173977,
  "WLHImagVolume_W1_n": 0.3242381985,
  "WLHImagVolume_W2_n": 0.0009089549,
  "WLHImagVolume_W3_n": 9.3902211926,
  "WLHImagVolume_W4_n": 0.0732163891,
  "WLHImagVolume_r0_n": 0.4462439816,
  "WLHImagVolume_r1_n": 98.424941341,
  "WLHImagVolume_r2_n": 0.8481574689,
  "WLHImagVolume_r3_n": 98.0774468306,
  "WLHImagVolume_r4_n": 0.7551969921,
  "WLHImagVolume_r5_n": 2.8626e-06,
  "WLHImagVolume_a0_n": 0.2181164008,
  "WLHImagVolume_a1_n": 0.6070951744,
  "WLHImagVolume_a2_n": 5.1131767559,
  "WLHImagVolume_a3_n": 0.0138801407,
  "WLHImagVolume_a4_n": 0.0002191359,
  "WLHImagSurface_W0_p": 0.5729279417,
  "WLHImagSurface_W1_p": 0.0165080433,
  "WLHImagSurface_W2_p": 0.0725423363,
  "WLHImagSurface_W3_p": 0.0681719806,
  "WLHImagSurface_r0_p": 0.8260741592,
  "WLHImagSurface_r1_p": 0.4203086882,
  "WLHImagSurface_r2_p": 0.0009153666,
  "WLHImagSurface_a0_p": 0.6848566385,
  "WLHImagSurface_W0_n": 2.518020419,
  "WLHImagSurface_W1_n": 0.0679137018,
  "WLHImagSurface_W2_n": 4.1657869115,
  "WLHImagSurface_W3_n": 0.2188468774,
  "WLHImagSurface_r0_n": 1.3206511711,
  "WLHImagSurface_r1_n": 1.6726301259,
  "WLHImagSurface_r2_n": 0.0039123939,
  "WLHImagSurface_a0_n": 0.8364659301,
  "WLHRealSpinOrbit_V0_p": 9.621584298,
  "WLHRealSpinOrbit_V1_p": 0.0088882001,
  "WLHRealSpinOrbit_r0_p": 1.3006634642,
  "WLHRealSpinOrbit_r1_p": 0.9302347269,
  "WLHRealSpinOrbit_a0_p": 0.8314153513,
  "WLHRealSpinOrbit_a1_p": 0.0003076952,
  "WLHRealSpinOrbit_V0_n": 9.2694671314,
  "WLHRealSpinOrbit_V1_n": 0.0081655686,
  "WLHRealSpinOrbit_r0_n": 1.2694853024,
  "WLHRealSpinOrbit_r1_n": 0.8698682476,
  "WLHRealSpinOrbit_a0_n": 0.7971801374,
  "WLHRealSpinOrbit_a1_n": 0.0003299495
}