{
  "WLHReal_V0_p": 50.4588877283,
  "WLHReal_V1_p": 0.3045174523,
  "WLHReal_V2_p": -0.0004426554,
  "WLHReal_V3_p": 3.9295e-06,
  "WLHReal_V4_p": 11.0006646674,
  "WLHReal_V5_p": 0.1431577591,
  "WLHReal_V6_p": 0.0004304473,
  "WLHReal_r0_p": 1.3846320132,
  "WLHReal_r1_p": 0.3919431747,
  "WLHReal_r2_p": 0.0006807459,
  "WLHReal_r3_p": 6.4019e-06,
  "WLHReal_a0_p": 0.7970959987,
  "WLHReal_a1_p": 1.88754e-05,
  "WLHReal_a2_p": 6.3692e-06,
  "WLHReal_a3_p": 0.0095350258,
  "WLHReal_a4_p": 0.4940356276,
  "WLHReal_V0_n": 51.2342195586,
  "WLHReal_V1_n": 0.2680897326,
  "WLHReal_V2_n": -0.0003103646,
  "WLHReal_V3_n": 2.1676e-06,
  "WLHReal_V4_n": 21.764007801,
  "WLHReal_V5_n": 0.2753320163,
  "WLHReal_V6_n": 0.0011335507,
  "WLHReal_r0_n": 1.2780963044,
  "WLHReal_r1_n": 0.2224011006,
  "WLHReal_r2_n": 0.0010240587,
  "WLHReal_r3_n": 1.14164e-05,
  "WLHReal_a0_n": 0.7418709073,
  "WLHReal_a1_n": 0.0010123697,
  "WLHReal_a2_n": 1.2869e-05,
  "WLHReal_a3_n": 0.3580083548,
  "WLHReal_a4_n": 1.0132368971,
  "WLHImagVolume_W0_p": 4.7131645119,
  "WLHImagVolume_W1_p": 0.2096508493,
  "WLHImagVolume_W2_p": 0.0005300193,
  "WLHImagVolume_W3_p": 9.2888046875,
  "WLHImagVolume_W4_p": 0.0786352189,
  "WLHImagVolume_r0_p": 0.4728937793,
  "WLHImagVolume_r1_p": 71.9063375372,
  "WLHImagVolume_r2_p": 0.8691705147,
  "WLHImagVolume_r3_p": 75.8879785479,
  "WLHImagVolume_r4_p": 0.3496627167,
  "WLHImagVolume_r5_p": 4.865e-07,
  "WLHImagVolume_a0_p": 0.5533880526,
  "WLHImagVolume_a1_p": 0.3325033747,
  "WLHImagVolume_a2_p": 20.1902375169,
  "WLHImagVolume_a3_p": 0.3849814899,
  "WLHImagVolume_a4_p": 0.0020721559,
  "WLHImagVolume_W0_n": 2.7302425675,
  "WLHImagVolume_W1_n": 0.1897414992,
  "WLHImagVolume_W2_n": 0.0002475551,
  "WLHImagVolume_W3_n": 8.3815159118,
  "WLHImagVolume_W4_n": -0.0038666621,
  "WLHImagVolume_r0_n": 0.6241591987,
  "WLHImagVolume_r1_n": 74.467114936,
  "WLHImagVolume_r2_n": 0.6494183371,
  "WLHImagVolume_r3_n": 82.1093086593,
  "WLHImagVolume_r4_n": 0.9518170977,
  "WLHImagVolume_r5_n": 4.0943e-06,
  "WLHImagVolume_a0_n": 0.2325869765,
  "WLHImagVolume_a1_n": 0.5725824865,
  "WLHImagVolume_a2_n": 7.5974663945,
  "WLHImagVolume_a3_n": 0.0566188577,
  "WLHImagVolume_a4_n": 0.0004221198,
  "WLHImagSurface_W0_p": 1.2249676499,
  "WLHImagSurface_W1_p": 0.0781570787,
  "WLHImagSurface_W2_p": 1.8810077798,
  "WLHImagSurface_W3_p": 0.2902986849,
  "WLHImagSurface_r0_p": 1.0215964645,
  "WLHImagSurface_r1_p": 0.3309886751,
  "WLHImagSurface_r2_p": 0.0021627946,
  "WLHImagSurface_a0_p": 0.878887759,
  "WLHImagSurface_W0_n": 1.2502067687,
  "WLHImagSurface_W1_n": 0.0254124246,
  "WLHImagSurface_W2_n": 1.214558771,
  "WLHImagSurface_W3_n": 0.0937133107,
  "WLHImagSurface_r0_n": 1.275559059,
  "WLHImagSurface_r1_n": 1.3680371171,
  "WLHImagSurface_r2_n": 0.0027989779,
  "WLHImagSurface_a0_n": 0.8552944001,
  "WLHRealSpinOrbit_V0_p": 8.5107811201,
  "WLHRealSpinOrbit_V1_p": 0.0079068509,
  "WLHRealSpinOrbit_r0_p": 1.3392367809,
  "WLHRealSpinOrbit_r1_p": 0.9405281524,
  "WLHRealSpinOrbit_a0_p": 0.8351584791,
  "WLHRealSpinOrbit_a1_p": 0.0003849057,
  "WLHRealSpinOrbit_V0_n": 9.8680389244,
  "WLHRealSpinOrbit_V1_n": 0.008764362,
  "WLHRealSpinOrbit_r0_n": 1.2744243452,
  "WLHRealSpinOrbit_r1_n": 0.8701816597,
  "WLHRealSpinOrbit_a0_n": 0.8067248311,
  "WLHRealSpinOrbit_a1_n": 0.00034808
}