{
  "WLHReal_V0_p": 52.2564934708,
  "WLHReal_V1_p": 0.2624998629,
  "WLHReal_V2_p": -0.0003919512,
  "WLHReal_V3_p": 2.3726e-06,
  "WLHReal_V4_p": 13.8568762436,
  "WLHReal_V5_p": 0.1239566006,
  "WLHReal_V6_p": 0.0004159449,
  "WLHReal_r0_p": 1.2933174228,
  "WLHReal_r1_p": 0.2200683055,
  "WLHReal_r2_p": 0.000892468,
  "WLHReal_r3_p": 1.00159e-05,
  "WLHReal_a0_p": 0.7767156623,
  "WLHReal_a1_p": 7.96335e-05,
  "WLHReal_a2_p": 8.178e-06,
  "WLHReal_a3_p": -0.0025205343,
  "WLHReal_a4_p": 0.5136794928,
  "WLHReal_V0_n": 57.4082079494,
  "WLHReal_V1_n": 0.3200306283,
  "WLHReal_V2_n": -0.0001957334,
  "WLHReal_V3_n": 2.1233e-06,
  "WLHReal_V4_n": 20.5421585851,
  "WLHReal_V5_n": 0.3012480684,
  "WLHReal_V6_n": 0.0010739688,
  "WLHReal_r0_n": 1.288092761,
  "WLHReal_r1_n": 0.3844531263,
  "WLHReal_r2_n": 0.0008173342,
  "WLHReal_r3_n": 6.6736e-06,
  "WLHReal_a0_n": 0.7447217787,
  "WLHReal_a1_n": 0.0005532138,
  "WLHReal_a2_n": 6.8575e-06,
  "WLHReal_a3_n": 0.2029277549,
  "WLHReal_a4_n": 0.7790214433,
  "WLHImagVolume_W0_p": 4.4887819399,
  "WLHImagVolume_W1_p": 0.1862833142,
  "WLHImagVolume_W2_p": 9.992e-06,
  "WLHImagVolume_W3_p": 9.5361313809,
  "WLHImagVolume_W4_p": 0.0727715242,
  "WLHImagVolume_r0_p": 0.9048006863,
  "WLHImagVolume_r1_p": 15.1937796974,
  "WLHImagVolume_r2_p": 0.3554951577,
  "WLHImagVolume_r3_p": 35.7360620687,
  "WLHImagVolume_r4_p": 0.858896884,
  "WLHImagVolume_r5_p": 2.4186e-06,
  "WLHImagVolume_a0_p": 0.5998217772,
  "WLHImagVolume_a1_p": 0.212210268,
  "WLHImagVolume_a2_p": 9.5827773511,
  "WLHImagVolume_a3_p": 0.4586008028,
  "WLHImagVolume_a4_p": 0.0030646282,
  "WLHImagVolume_W0_n": 3.9223744106,
  "WLHImagVolume_W1_n": 0.3704498613,
  "WLHImagVolume_W2_n": 0.0007758817,
  "WLHImagVolume_W3_n": 11.2375454221,
  "WLHImagVolume_W4_n": 0.0838773771,
  "WLHImagVolume_r0_n": 0.5881090043,
  "WLHImagVolume_r1_n": 61.2021981168,
  "WLHImagVolume_r2_n": 0.6931574567,
  "WLHImagVolume_r3_n": 80.2711953233,
  "WLHImagVolume_r4_n": 1.0209195934,
  "WLHImagVolume_r5_n": 4.0647e-06,
  "WLHImagVolume_a0_n": 0.2721157013,
  "WLHImagVolume_a1_n": 0.5660088306,
  "WLHImagVolume_a2_n": 4.0009066998,
  "WLHImagVolume_a3_n": 0.0078731278,
  "WLHImagVolume_a4_n": 0.0007054398,
  "WLHImagSurface_W0_p": 0.5090118969,
  "WLHImagSurface_W1_p": -0.0046235548,
  "WLHImagSurface_W2_p": -0.0428574201,
  "WLHImagSurface_W3_p": -0.0303350832,
  "WLHImagSurface_r0_p": 0.778843397,
  "WLHImagSurface_r1_p": 0.1031621401,
  "WLHImagSurface_r2_p": 0.0025068179,
  "WLHImagSurface_a0_p": 0.6478269985,
  "WLHImagSurface_W0_n": 2.271848283,
  "WLHImagSurface_W1_n": 0.0573818851,
  "WLHImagSurface_W2_n": 3.4243075307,
  "WLHImagSurface_W3_n": 0.1819948367,
  "WLHImagSurface_r0_n": 1.2568126912,
  "WLHImagSurface_r1_n": 1.5959208049,
  "WLHImagSurface_r2_n": 0.0036476608,
  "WLHImagSurface_a0_n": 0.8341714248,
  "WLHRealSpinOrbit_V0_p": 10.0199448697,
  "WLHRealSpinOrbit_V1_p": 0.0090321383,
  "WLHRealSpinOrbit_r0_p": 1.2880362471,
  "WLHRealSpinOrbit_r1_p": 0.8885333694,
  "WLHRealSpinOrbit_a0_p": 0.8187481332,
  "WLHRealSpinOrbit_a1_p": 0.0003500745,
  "WLHRealSpinOrbit_V0_n": 9.9301805359,
  "WLHRealSpinOrbit_V1_n": 0.008782536,
  "WLHRealSpinOrbit_r0_n": 1.2606563767,
  "WLHRealSpinOrbit_r1_n": 0.8667593149,
  "WLHRealSpinOrbit_a0_n": 0.800396904,
  "WLHRealSpinOrbit_a1_n": 0.0003114626
}