{
  "WLHReal_V0_p": 49.4321337762,
  "WLHReal_V1_p": 0.2474348068,
  "WLHReal_V2_p": -0.0009047275,
  "WLHReal_V3_p": 4.3704e-06,
  "WLHReal_V4_p": 12.522868131,
  "WLHReal_V5_p": 0.1345039289,
  "WLHReal_V6_p": 0.0005951238,
  "WLHReal_r0_p": 1.3622925701,
  "WLHReal_r1_p": 0.2794815097,
  "WLHReal_r2_p": 0.0008804108,
  "WLHReal_r3_p": 1.15534e-05,
  "WLHReal_a0_p": 0.79735657,
  "WLHReal_a1_p": 2.66502e-05,
  "WLHReal_a2_p": 1.00701e-05,
  "WLHReal_a3_p": -0.0569760534,
  "WLHReal_a4_p": 0.4509991583,
  "WLHReal_V0_n": 50.5095878622,
  "WLHReal_V1_n": 0.2719412579,
  "WLHReal_V2_n": -0.0001654832,
  "WLHReal_V3_n": 1.679e-06,
  "WLHReal_V4_n": 21.7422494892,
  "WLHReal_V5_n": 0.2620429552,
  "WLHReal_V6_n": 0.0009990507,
  "WLHReal_r0_n": 1.273227141,
  "WLHReal_r1_n": 0.2070729572,
  "WLHReal_r2_n": 0.0009610707,
  "WLHReal_r3_n": 1.03663e-05,
  "WLHReal_a0_n": 0.7342297487,
  "WLHReal_a1_n": 0.000989596,
  "WLHReal_a2_n": 1.30156e-05,
  "WLHReal_a3_n": 0.3573671471,
  "WLHReal_a4_n": 0.9938085644,
  "WLHImagVolume_W0_p": 5.2556644142,
  "WLHImagVolume_W1_p": 0.1757403335,
  "WLHImagVolume_W2_p": 3.23913e-05,
  "WLHImagVolume_W3_p": 7.2227914787,
  "WLHImagVolume_W4_p": 0.080793892,
  "WLHImagVolume_r0_p": 0.9041800735,
  "WLHImagVolume_r1_p": 16.4240234653,
  "WLHImagVolume_r2_p": 0.4224713745,
  "WLHImagVolume_r3_p": 34.9407479309,
  "WLHImagVolume_r4_p": 0.7552573176,
  "WLHImagVolume_r5_p": 1.3399e-06,
  "WLHImagVolume_a0_p": 0.6330311207,
  "WLHImagVolume_a1_p": 0.2186905129,
  "WLHImagVolume_a2_p": 10.6992161891,
  "WLHImagVolume_a3_p": 0.4759244487,
  "WLHImagVolume_a4_p": 0.0034599939,
  "WLHImagVolume_W0_n": 2.3124121227,
  "WLHImagVolume_W1_n": 0.1596884264,
  "WLHImagVolume_W2_n": 0.0002232209,
  "WLHImagVolume_W3_n": 7.4638315893,
  "WLHImagVolume_W4_n": -0.0105517475,
  "WLHImagVolume_r0_n": 0.5812084297,
  "WLHImagVolume_r1_n": 84.9901709044,
  "WLHImagVolume_r2_n": 0.6879002165,
  "WLHImagVolume_r3_n": 84.9181946024,
  "WLHImagVolume_r4_n": 0.8682733528,
  "WLHImagVolume_r5_n": 2.9829e-06,
  "WLHImagVolume_a0_n": 0.2055392225,
  "WLHImagVolume_a1_n": 0.5919115388,
  "WLHImagVolume_a2_n": 8.620622376,
  "WLHImagVolume_a3_n": 0.0640884343,
  "WLHImagVolume_a4_n": 0.0002996172,
  "WLHImagSurface_W0_p": 0.4790482814,
  "WLHImagSurface_W1_p": 0.0041681872,
  "WLHImagSurface_W2_p": 0.2524636219,
  "WLHImagSurface_W3_p": 0.0129255966,
  "WLHImagSurface_r0_p": 0.7001953185,
  "WLHImagSurface_r1_p": -0.1815201315,
  "WLHImagSurface_r2_p": -0.0004224299,
  "WLHImagSurface_a0_p": 0.638515479,
  "WLHImagSurface_W0_n": 1.243750182,
  "WLHImagSurface_W1_n": 0.0233823883,
  "WLHImagSurface_W2_n": 1.2577596959,
  "WLHImagSurface_W3_n": 0.0890905056,
  "WLHImagSurface_r0_n": 1.2928785197,
  "WLHImagSurface_r1_n": 1.3473391608,
  "WLHImagSurface_r2_n": 0.002997193,
  "WLHImagSurface_a0_n": 0.8526810847,
  "WLHRealSpinOrbit_V0_p": 9.3589467394,
  "WLHRealSpinOrbit_V1_p": 0.0089306707,
  "WLHRealSpinOrbit_r0_p": 1.3522039073,
  "WLHRealSpinOrbit_r1_p": 0.9715044683,
  "WLHRealSpinOrbit_a0_p": 0.8598568899,
  "WLHRealSpinOrbit_a1_p": 0.0003697834,
  "WLHRealSpinOrbit_V0_n": 9.7194743027,
  "WLHRealSpinOrbit_V1_n": 0.0085356781,
  "WLHRealSpinOrbit_r0_n": 1.2689711805,
  "WLHRealSpinOrbit_r1_n": 0.8563471689,
  "WLHRealSpinOrbit_a0_n": 0.7987861905,
  "WLHRealSpinOrbit_a1_n": 0.0003587977
}