{
  "WLHReal_V0_p": 54.8164410023,
  "WLHReal_V1_p": 0.3221937258,
  "WLHReal_V2_p": -0.0004539141,
  "WLHReal_V3_p": 3.6101e-06,
  "WLHReal_V4_p": 11.1873417497,
  "WLHReal_V5_p": 0.1436432579,
  "WLHReal_V6_p": 0.0004741168,
  "WLHReal_r0_p": 1.3345371357,
  "WLHReal_r1_p": 0.3173824568,
  "WLHReal_r2_p": 0.0010718278,
  "WLHReal_r3_p": 1.07939e-05,
  "WLHReal_a0_p": 0.8079367291,
  "WLHReal_a1_p": 0.0001952947,
  "WLHReal_a2_p": 8.2753e-06,
  "WLHReal_a3_p": 0.0482101774,
  "WLHReal_a4_p": 0.6397257489,
  "WLHReal_V0_n": 56.7943866523,
  "WLHReal_V1_n": 0.3302180113,
  "WLHReal_V2_n": -6.10568e-05,
  "WLHReal_V3_n": 2.8573e-06,
  "WLHReal_V4_n": 20.1922378904,
  "WLHReal_V5_n": 0.2921913598,
  "WLHReal_V6_n": 0.0009403126,
  "WLHReal_r0_n": 1.2942255213,
  "WLHReal_r1_n": 0.3983844766,
  "WLHReal_r2_n": 0.0007335437,
  "WLHReal_r3_n": 5.5949e-06,
  "WLHReal_a0_n": 0.7379698431,
  "WLHReal_a1_n": 0.000514901,
  "WLHReal_a2_n": 5.6555e-06,
  "WLHReal_a3_n": 0.1798239751,
  "WLHReal_a4_n": 0.7243727302,
  "WLHImagVolume_W0_p": 5.738681394,
  "WLHImagVolume_W1_p": 0.3048280229,
  "WLHImagVolume_W2_p": 0.0005735644,
  "WLHImagVolume_W3_p": 13.3658675395,
  "WLHImagVolume_W4_p": 0.1018826514,
  "WLHImagVolume_r0_p": 0.644218653,
  "WLHImagVolume_r1_p": 49.4575526437,
  "WLHImagVolume_r2_p": 0.6494198954,
  "WLHImagVolume_r3_p": 62.6247349226,
  "WLHImagVolume_r4_p": 0.6419662042,
  "WLHImagVolume_r5_p": 9.138e-07,
  "WLHImagVolume_a0_p": 0.6069684517,
  "WLHImagVolume_a1_p": 0.2595456951,
  "WLHImagVolume_a2_p": 13.7112498501,
  "WLHImagVolume_a3_p": 0.4670575709,
  "WLHImagVolume_a4_p": 0.0031922099,
  "WLHImagVolume_W0_n": 3.5193207135,
  "WLHImagVolume_W1_n": 0.3560134714,
  "WLHImagVolume_W2_n": 0.0008505847,
  "WLHImagVolume_W3_n": 10.284219998,
  "WLHImagVolume_W4_n": 0.084212747,
  "WLHImagVolume_r0_n": 0.5122949341,
  "WLHImagVolume_r1_n": 77.5814550304,
  "WLHImagVolume_r2_n": 0.774301951,
  "WLHImagVolume_r3_n": 87.1472004154,
  "WLHImagVolume_r4_n": 0.9014255605,
  "WLHImagVolume_r5_n": 2.796e-06,
  "WLHImagVolume_a0_n": 0.2452656721,
  "WLHImagVolume_a1_n": 0.5912540034,
  "WLHImagVolume_a2_n": 4.7384137926,
  "WLHImagVolume_a3_n": 0.0149622418,
  "WLHImagVolume_a4_n": 0.000586092,
  "WLHImagSurface_W0_p": 0.6475085145,
  "WLHImagSurface_W1_p": 0.0195299172,
  "WLHImagSurface_W2_p": 0.0987692939,
  "WLHImagSurface_W3_p": 0.0710529497,
  "WLHImagSurface_r0_p": 0.8677382018,
  "WLHImagSurface_r1_p": 0.363145649,
  "WLHImagSurface_r2_p": 0.0012800262,
  "WLHImagSurface_a0_p": 0.7425954896,
  "WLHImagSurface_W0_n": 2.4122360924,
  "WLHImagSurface_W1_n": 0.0618321897,
  "WLHImagSurface_W2_n": 3.9200773224,
  "WLHImagSurface_W3_n": 0.1999744535,
  "WLHImagSurface_r0_n": 1.2856184146,
  "WLHImagSurface_r1_n": 1.6274484489,
  "WLHImagSurface_r2_n": 0.0038981838,
  "WLHImagSurface_a0_n": 0.8321511552,
  "WLHRealSpinOrbit_V0_p": 9.5183439988,
  "WLHRealSpinOrbit_V1_p": 0.0087681227,
  "WLHRealSpinOrbit_r0_p": 1.3016328374,
  "WLHRealSpinOrbit_r1_p": 0.9264161873,
  "WLHRealSpinOrbit_a0_p": 0.829577964,
  "WLHRealSpinOrbit_a1_p": 0.0003174607,
  "WLHRealSpinOrbit_V0_n": 9.6137567391,
  "WLHRealSpinOrbit_V1_n": 0.0084351677,
  "WLHRealSpinOrbit_r0_n": 1.2613992745,
  "WLHRealSpinOrbit_r1_n": 0.8597948246,
  "WLHRealSpinOrbit_a0_n": 0.794719655,
  "WLHRealSpinOrbit_a1_n": 0.000324357
}