{
  "WLHReal_V0_p": 52.8011895635,
  "WLHReal_V1_p": 0.3035262157,
  "WLHReal_V2_p": -0.0003824067,
  "WLHReal_V3_p": 2.7418e-06,
  "WLHReal_V4_p": 11.9673914681,
  "WLHReal_V5_p": 0.1274608437,
  "WLHReal_V6_p": 0.0004056002,
  "WLHReal_r0_p": 1.321303663,
  "WLHReal_r1_p": 0.265418266,
  "WLHReal_r2_p": 0.0009898596,
  "WLHReal_r3_p": 9.9866e-06,
  "WLHReal_a0_p": 0.7920205302,
  "WLHReal_a1_p": 6.94363e-05,
  "WLHReal_a2_p": 8.2615e-06,
  "WLHReal_a3_p": 0.0264175078,
  "WLHReal_a4_p": 0.5846962401,
  "WLHReal_V0_n": 52.9048024494,
  "WLHReal_V1_n": 0.2827377055,
  "WLHReal_V2_n": 0.000682686,
  "WLHReal_V3_n": -3.92e-07,
  "WLHReal_V4_n": 22.0895917745,
  "WLHReal_V5_n": 0.212413225,
  "WLHReal_V6_n": 0.0001575672,
  "WLHReal_r0_n": 1.247147076,
  "WLHReal_r1_n": 0.3102613587,
  "WLHReal_r2_n": 0.0002764236,
  "WLHReal_r3_n": -1.895e-06,
  "WLHReal_a0_n": 0.6906897089,
  "WLHReal_a1_n": 0.0001259921,
  "WLHReal_a2_n": -3.9997e-06,
  "WLHReal_a3_n": 0.190068818,
  "WLHReal_a4_n": 0.5628842602,
  "WLHImagVolume_W0_p": 4.9313978566,
  "WLHImagVolume_W1_p": 0.2341792573,
  "WLHImagVolume_W2_p": 0.000373055,
  "WLHImagVolume_W3_p": 11.3506758659,
  "WLHImagVolume_W4_p": 0.08173201,
  "WLHImagVolume_r0_p": 0.6954124223,
  "WLHImagVolume_r1_p": 46.3873974527,
  "WLHImagVolume_r2_p": 0.5951812422,
  "WLHImagVolume_r3_p": 61.3249290677,
  "WLHImagVolume_r4_p": 0.6551416059,
  "WLHImagVolume_r5_p": 1.3118e-06,
  "WLHImagVolume_a0_p": 0.5811302907,
  "WLHImagVolume_a1_p": 0.2680487537,
  "WLHImagVolume_a2_p": 14.5882822706,
  "WLHImagVolume_a3_p": 0.431970882,
  "WLHImagVolume_a4_p": 0.0026894463,
  "WLHImagVolume_W0_n": 0.9148887053,
  "WLHImagVolume_W1_n": 0.147864711,
  "WLHImagVolume_W2_n": 0.0001632833,
  "WLHImagVolume_W3_n": 5.2696116621,
  "WLHImagVolume_W4_n": 0.0180679991,
  "WLHImagVolume_r0_n": 0.4664577007,
  "WLHImagVolume_r1_n": 87.6039763905,
  "WLHImagVolume_r2_n": 0.7665505555,
  "WLHImagVolume_r3_n": 71.8544020724,
  "WLHImagVolume_r4_n": 0.7914659975,
  "WLHImagVolume_r5_n": 1.7536e-06,
  "WLHImagVolume_a0_n": 0.1358551928,
  "WLHImagVolume_a1_n": 0.6704860376,
  "WLHImagVolume_a2_n": 12.5472004664,
  "WLHImagVolume_a3_n": 0.1042447282,
  "WLHImagVolume_a4_n": 0.0008617732,
  "WLHImagSurface_W0_p": 0.7224959417,
  "WLHImagSurface_W1_p": 0.0202808108,
  "WLHImagSurface_W2_p": 0.1884538417,
  "WLHImagSurface_W3_p": 0.0631339972,
  "WLHImagSurface_r0_p": 0.8989102618,
  "WLHImagSurface_r1_p": 0.2570426983,
  "WLHImagSurface_r2_p": 0.0020244149,
  "WLHImagSurface_a0_p": 0.7849896191,
  "WLHImagSurface_W0_n": 1.3382043592,
  "WLHImagSurface_W1_n": 0.0083537241,
  "WLHImagSurface_W2_n": 2.0240254011,
  "WLHImagSurface_W3_n": 0.0554607532,
  "WLHImagSurface_r0_n": 1.2987904433,
  "WLHImagSurface_r1_n": 1.204976312,
  "WLHImagSurface_r2_n": 0.0045141716,
  "WLHImagSurface_a0_n": 0.8169991768,
  "WLHRealSpinOrbit_V0_p": 9.4887092236,
  "WLHRealSpinOrbit_V1_p": 0.0086646243,
  "WLHRealSpinOrbit_r0_p": 1.3000916528,
  "WLHRealSpinOrbit_r1_p": 0.9131249025,
  "WLHRealSpinOrbit_a0_p": 0.8247073052,
  "WLHRealSpinOrbit_a1_p": 0.00033775,
  "WLHRealSpinOrbit_V0_n": 9.6701410793,
  "WLHRealSpinOrbit_V1_n": 0.0077808113,
  "WLHRealSpinOrbit_r0_n": 1.2139108151,
  "WLHRealSpinOrbit_r1_n": 0.7438962835,
  "WLHRealSpinOrbit_a0_n": 0.7417780969,
  "WLHRealSpinOrbit_a1_n": 0.0004010131
}