{
  "WLHReal_V0_p": 50.3576735051,
  "WLHReal_V1_p": 0.2969683787,
  "WLHReal_V2_p": -0.0001460821,
  "WLHReal_V3_p": 2.3355e-06,
  "WLHReal_V4_p": 12.6072945918,
  "WLHReal_V5_p": 0.0979494418,
  "WLHReal_V6_p": 0.0002454981,
  "WLHReal_r0_p": 1.2951558269,
  "WLHReal_r1_p": 0.178427785,
  "WLHReal_r2_p": 0.0009273932,
  "WLHReal_r3_p": 9.5084e-06,
  "WLHReal_a0_p": 0.7684594667,
  "WLHReal_a1_p": -0.0001385731,
  "WLHReal_a2_p": 8.8629e-06,
  "WLHReal_a3_p": 0.0169203895,
  "WLHReal_a4_p": 0.5487365938,
  "WLHReal_V0_n": 58.8574837614,
  "WLHReal_V1_n": 0.3127736532,
  "WLHReal_V2_n": 0.0011026309,
  "WLHReal_V3_n": -2.8489e-06,
  "WLHReal_V4_n": 22.8472904702,
  "WLHReal_V5_n": 0.1949201735,
  "WLHReal_V6_n": -9.22475e-05,
  "WLHReal_r0_n": 1.1683649213,
  "WLHReal_r1_n": 0.2614226313,
  "WLHReal_r2_n": 0.0001228737,
  "WLHReal_r3_n": -4.4762e-06,
  "WLHReal_a0_n": 0.67797216,
  "WLHReal_a1_n": -0.000322939,
  "WLHReal_a2_n": -7.9091e-06,
  "WLHReal_a3_n": 0.1710129539,
  "WLHReal_a4_n": 0.5314270918,
  "WLHImagVolume_W0_p": 3.6440352554,
  "WLHImagVolume_W1_p": 0.1424229012,
  "WLHImagVolume_W2_p": 0.0002100582,
  "WLHImagVolume_W3_p": 9.4939291801,
  "WLHImagVolume_W4_p": 0.050432488,
  "WLHImagVolume_r0_p": 0.6855569693,
  "WLHImagVolume_r1_p": 56.1701375935,
  "WLHImagVolume_r2_p": 0.5993660514,
  "WLHImagVolume_r3_p": 72.3467238412,
  "WLHImagVolume_r4_p": 0.6096021586,
  "WLHImagVolume_r5_p": 5.209e-07,
  "WLHImagVolume_a0_p": 0.5215378189,
  "WLHImagVolume_a1_p": 0.3074757111,
  "WLHImagVolume_a2_p": 18.2305817492,
  "WLHImagVolume_a3_p": 0.3565993105,
  "WLHImagVolume_a4_p": 0.0015797994,
  "WLHImagVolume_W0_n": 1.8019102697,
  "WLHImagVolume_W1_n": 0.2182423539,
  "WLHImagVolume_W2_n": 9.0191e-05,
  "WLHImagVolume_W3_n": 7.9594357817,
  "WLHImagVolume_W4_n": 0.0683216834,
  "WLHImagVolume_r0_n": 0.599818786,
  "WLHImagVolume_r1_n": 44.7567600122,
  "WLHImagVolume_r2_n": 0.5629091437,
  "WLHImagVolume_r3_n": 45.1702518773,
  "WLHImagVolume_r4_n": 1.0059991093,
  "WLHImagVolume_r5_n": 1.8788e-06,
  "WLHImagVolume_a0_n": 0.1431035629,
  "WLHImagVolume_a1_n": 0.6440686107,
  "WLHImagVolume_a2_n": 11.3054449329,
  "WLHImagVolume_a3_n": 0.0483883396,
  "WLHImagVolume_a4_n": 0.0008966444,
  "WLHImagSurface_W0_p": 0.9367100914,
  "WLHImagSurface_W1_p": 0.0290224248,
  "WLHImagSurface_W2_p": 0.2759480774,
  "WLHImagSurface_W3_p": 0.0744508747,
  "WLHImagSurface_r0_p": 1.0256527583,
  "WLHImagSurface_r1_p": 0.2090705317,
  "WLHImagSurface_r2_p": 0.0036133133,
  "WLHImagSurface_a0_p": 0.9294642241,
  "WLHImagSurface_W0_n": 1.5979189486,
  "WLHImagSurface_W1_n": 0.0004566544,
  "WLHImagSurface_W2_n": 1.5640972461,
  "WLHImagSurface_W3_n": -0.0024152886,
  "WLHImagSurface_r0_n": 1.2178728825,
  "WLHImagSurface_r1_n": 1.0932579109,
  "WLHImagSurface_r2_n": 0.0054940571,
  "WLHImagSurface_a0_n": 0.7822679382,
  "WLHRealSpinOrbit_V0_p": 9.3509940531,
  "WLHRealSpinOrbit_V1_p": 0.0083601441,
  "WLHRealSpinOrbit_r0_p": 1.2882694517,
  "WLHRealSpinOrbit_r1_p": 0.8851711413,
  "WLHRealSpinOrbit_a0_p": 0.8106078517,
  "WLHRealSpinOrbit_a1_p": 0.0003588364,
  "WLHRealSpinOrbit_V0_n": 10.7694938615,
  "WLHRealSpinOrbit_V1_n": 0.0083661093,
  "WLHRealSpinOrbit_r0_n": 1.142385246,
  "WLHRealSpinOrbit_r1_n": 0.6723671859,
  "WLHRealSpinOrbit_a0_n": 0.7066750528,
  "WLHRealSpinOrbit_a1_n": 0.000343341
}