{
  "WLHReal_V0_p": 51.0129432459,
  "WLHReal_V1_p": 0.2802933809,
  "WLHReal_V2_p": -0.0003987131,
  "WLHReal_V3_p": 2.7254e-06,
  "WLHReal_V4_p": 12.7359811398,
  "WLHReal_V5_p": 0.1177314154,
  "WLHReal_V6_p": 0.0003863652,
  "WLHReal_r0_p": 1.3153635336,
  "WLHReal_r1_p": 0.2305192993,
  "WLHReal_r2_p": 0.0009066709,
  "WLHReal_r3_p": 9.5552e-06,
  "WLHReal_a0_p": 0.7807157808,
  "WLHReal_a1_p": -1.56822e-05,
  "WLHReal_a2_p": 8.7488e-06,
  "WLHReal_a3_p": -0.0008817496,
  "WLHReal_a4_p": 0.5240743888,
  "WLHReal_V0_n": 51.3232107547,
  "WLHReal_V1_n": 0.2848365262,
  "WLHReal_V2_n": -0.0004964947,
  "WLHReal_V3_n": 4.0717e-06,
  "WLHReal_V4_n": 20.4204599578,
  "WLHReal_V5_n": 0.3026818895,
  "WLHReal_V6_n": 0.0012508194,
  "WLHReal_r0_n": 1.3354573278,
  "WLHReal_r1_n": 0.3564451393,
  "WLHReal_r2_n": 0.0009921938,
  "WLHReal_r3_n": 1.02581e-05,
  "WLHReal_a0_n": 0.7516669068,
  "WLHReal_a1_n": 0.0010144508,
  "WLHReal_a2_n": 1.2681e-05,
  "WLHReal_a3_n": 0.2707219269,
  "WLHReal_a4_n": 0.8851564646,
  "WLHImagVolume_W0_p": 4.3948239929,
  "WLHImagVolume_W1_p": 0.1760246991,
  "WLHImagVolume_W2_p": 0.0001653558,
  "WLHImagVolume_W3_p": 9.3321275285,
  "WLHImagVolume_W4_p": 0.0675758372,
  "WLHImagVolume_r0_p": 0.7729923446,
  "WLHImagVolume_r1_p": 37.7615792793,
  "WLHImagVolume_r2_p": 0.5171718467,
  "WLHImagVolume_r3_p": 54.7157547343,
  "WLHImagVolume_r4_p": 0.6936506604,
  "WLHImagVolume_r5_p": 1.5291e-06,
  "WLHImagVolume_a0_p": 0.5722199432,
  "WLHImagVolume_a1_p": 0.2624212286,
  "WLHImagVolume_a2_p": 14.2165958912,
  "WLHImagVolume_a3_p": 0.4167894408,
  "WLHImagVolume_a4_p": 0.0024889363,
  "WLHImagVolume_W0_n": 2.9146106332,
  "WLHImagVolume_W1_n": 0.2601724135,
  "WLHImagVolume_W2_n": 0.0006515549,
  "WLHImagVolume_W3_n": 8.4360063151,
  "WLHImagVolume_W4_n": 0.0207482132,
  "WLHImagVolume_r0_n": 0.5063581146,
  "WLHImagVolume_r1_n": 95.7929398872,
  "WLHImagVolume_r2_n": 0.8180232994,
  "WLHImagVolume_r3_n": 99.343884087,
  "WLHImagVolume_r4_n": 0.8410148602,
  "WLHImagVolume_r5_n": 3.7986e-06,
  "WLHImagVolume_a0_n": 0.2503381243,
  "WLHImagVolume_a1_n": 0.5872773328,
  "WLHImagVolume_a2_n": 6.0629864157,
  "WLHImagVolume_a3_n": 0.0597750054,
  "WLHImagVolume_a4_n": 0.0005381968,
  "WLHImagSurface_W0_p": 0.7263029599,
  "WLHImagSurface_W1_p": 0.0169930246,
  "WLHImagSurface_W2_p": 0.2553858101,
  "WLHImagSurface_W3_p": 0.0452447465,
  "WLHImagSurface_r0_p": 0.8841179317,
  "WLHImagSurface_r1_p": 0.1215032066,
  "WLHImagSurface_r2_p": 0.0022776683,
  "WLHImagSurface_a0_p": 0.7809836709,
  "WLHImagSurface_W0_n": 1.7755092071,
  "WLHImagSurface_W1_n": 0.0523999617,
  "WLHImagSurface_W2_n": 3.0031806698,
  "WLHImagSurface_W3_n": 0.1914629984,
  "WLHImagSurface_r0_n": 1.3194112776,
  "WLHImagSurface_r1_n": 1.595867061,
  "WLHImagSurface_r2_n": 0.002740939,
  "WLHImagSurface_a0_n": 0.8639586686,
  "WLHRealSpinOrbit_V0_p": 9.4996981404,
  "WLHRealSpinOrbit_V1_p": 0.0086579557,
  "WLHRealSpinOrbit_r0_p": 1.3043931347,
  "WLHRealSpinOrbit_r1_p": 0.9089429429,
  "WLHRealSpinOrbit_a0_p": 0.8251269137,
  "WLHRealSpinOrbit_a1_p": 0.0003572156,
  "WLHRealSpinOrbit_V0_n": 9.1629639117,
  "WLHRealSpinOrbit_V1_n": 0.0083674393,
  "WLHRealSpinOrbit_r0_n": 1.3118450468,
  "WLHRealSpinOrbit_r1_n": 0.9146650576,
  "WLHRealSpinOrbit_a0_n": 0.8251376225,
  "WLHRealSpinOrbit_a1_n": 0.0003620188
}