{
  "WLHReal_V0_p": 51.2198430339,
  "WLHReal_V1_p": 0.2548216181,
  "WLHReal_V2_p": -0.0005986661,
  "WLHReal_V3_p": 3.0125e-06,
  "WLHReal_V4_p": 13.5027433141,
  "WLHReal_V5_p": 0.1217188209,
  "WLHReal_V6_p": 0.0004786876,
  "WLHReal_r0_p": 1.3079096696,
  "WLHReal_r1_p": 0.2070781942,
  "WLHReal_r2_p": 0.0009606319,
  "WLHReal_r3_p": 1.12243e-05,
  "WLHReal_a0_p": 0.7829690652,
  "WLHReal_a1_p": 4.26931e-05,
  "WLHReal_a2_p": 9.6791e-06,
  "WLHReal_a3_p": -0.0252190515,
  "WLHReal_a4_p": 0.5036243269,
  "WLHReal_V0_n": 52.0680707844,
  "WLHReal_V1_n": 0.2732195312,
  "WLHReal_V2_n": -0.0010567473,
  "WLHReal_V3_n": 5.428e-06,
  "WLHReal_V4_n": 20.2143641676,
  "WLHReal_V5_n": 0.3475324035,
  "WLHReal_V6_n": 0.0017667405,
  "WLHReal_r0_n": 1.3631946581,
  "WLHReal_r1_n": 0.3860394582,
  "WLHReal_r2_n": 0.0012890332,
  "WLHReal_r3_n": 1.54813e-05,
  "WLHReal_a0_n": 0.7802514008,
  "WLHReal_a1_n": 0.0012807162,
  "WLHReal_a2_n": 1.92239e-05,
  "WLHReal_a3_n": 0.3006000457,
  "WLHReal_a4_n": 1.0109495443,
  "WLHImagVolume_W0_p": 4.7769727912,
  "WLHImagVolume_W1_p": 0.1777655144,
  "WLHImagVolume_W2_p": -3.2595e-05,
  "WLHImagVolume_W3_p": 8.7615262441,
  "WLHImagVolume_W4_p": 0.0740295599,
  "WLHImagVolume_r0_p": 0.9574613408,
  "WLHImagVolume_r1_p": 10.8135439599,
  "WLHImagVolume_r2_p": 0.3215800489,
  "WLHImagVolume_r3_p": 33.2500703166,
  "WLHImagVolume_r4_p": 0.8789804357,
  "WLHImagVolume_r5_p": 1.7941e-06,
  "WLHImagVolume_a0_p": 0.6159913383,
  "WLHImagVolume_a1_p": 0.2041068807,
  "WLHImagVolume_a2_p": 9.1737229876,
  "WLHImagVolume_a3_p": 0.4701031581,
  "WLHImagVolume_a4_p": 0.0032825779,
  "WLHImagVolume_W0_n": 4.1245148845,
  "WLHImagVolume_W1_n": 0.3334310204,
  "WLHImagVolume_W2_n": 0.0007643559,
  "WLHImagVolume_W3_n": 10.8220741271,
  "WLHImagVolume_W4_n": 0.0288517162,
  "WLHImagVolume_r0_n": 0.6084934598,
  "WLHImagVolume_r1_n": 76.1645877896,
  "WLHImagVolume_r2_n": 0.7436065347,
  "WLHImagVolume_r3_n": 99.2014660153,
  "WLHImagVolume_r4_n": 1.023169019,
  "WLHImagVolume_r5_n": 5.499e-06,
  "WLHImagVolume_a0_n": 0.3283344796,
  "WLHImagVolume_a1_n": 0.5295620117,
  "WLHImagVolume_a2_n": 2.8238977019,
  "WLHImagVolume_a3_n": 0.0383544718,
  "WLHImagVolume_a4_n": 0.0007100694,
  "WLHImagSurface_W0_p": 0.3927761661,
  "WLHImagSurface_W1_p": -0.0138853712,
  "WLHImagSurface_W2_p": -0.3220095433,
  "WLHImagSurface_W3_p": -0.0651311581,
  "WLHImagSurface_r0_p": 0.7253991012,
  "WLHImagSurface_r1_p": -0.0570454378,
  "WLHImagSurface_r2_p": 0.0012238933,
  "WLHImagSurface_a0_p": 0.6377092315,
  "WLHImagSurface_W0_n": 1.8025835833,
  "WLHImagSurface_W1_n": 0.0633908816,
  "WLHImagSurface_W2_n": 2.9459455275,
  "WLHImagSurface_W3_n": 0.2226524037,
  "WLHImagSurface_r0_n": 1.2883359239,
  "WLHImagSurface_r1_n": 1.703255848,
  "WLHImagSurface_r2_n": 0.0018904666,
  "WLHImagSurface_a0_n": 0.8807847599,
  "WLHRealSpinOrbit_V0_p": 9.9273605484,
  "WLHRealSpinOrbit_V1_p": 0.0091378684,
  "WLHRealSpinOrbit_r0_p": 1.307912245,
  "WLHRealSpinOrbit_r1_p": 0.9189069068,
  "WLHRealSpinOrbit_a0_p": 0.8344778739,
  "WLHRealSpinOrbit_a1_p": 0.0003499259,
  "WLHRealSpinOrbit_V0_n": 9.3691726301,
  "WLHRealSpinOrbit_V1_n": 0.0089744998,
  "WLHRealSpinOrbit_r0_n": 1.3446391507,
  "WLHRealSpinOrbit_r1_n": 0.9795258158,
  "WLHRealSpinOrbit_a0_n": 0.85965968,
  "WLHRealSpinOrbit_a1_n": 0.0003356381
}