{
  "WLHReal_V0_p": 52.6421367359,
  "WLHReal_V1_p": 0.2866107434,
  "WLHReal_V2_p": -0.0001021254,
  "WLHReal_V3_p": 1.9714e-06,
  "WLHReal_V4_p": 13.4759983695,
  "WLHReal_V5_p": 0.1239000906,
  "WLHReal_V6_p": 0.0003045118,
  "WLHReal_r0_p": 1.2935252482,
  "WLHReal_r1_p": 0.2570470483,
  "WLHReal_r2_p": 0.0007767976,
  "WLHReal_r3_p": 7.0369e-06,
  "WLHReal_a0_p": 0.7708745016,
  "WLHReal_a1_p": 5.71683e-05,
  "WLHReal_a2_p": 6.123e-06,
  "WLHReal_a3_p": 0.030084272,
  "WLHReal_a4_p": 0.5277721086,
  "WLHReal_V0_n": 52.7158891347,
  "WLHReal_V1_n": 0.3076010953,
  "WLHReal_V2_n": -0.0002254531,
  "WLHReal_V3_n": 2.8386e-06,
  "WLHReal_V4_n": 20.3513526523,
  "WLHReal_V5_n": 0.2869550956,
  "WLHReal_V6_n": 0.0010547948,
  "WLHReal_r0_n": 1.3095192322,
  "WLHReal_r1_n": 0.3339278543,
  "WLHReal_r2_n": 0.0008921528,
  "WLHReal_r3_n": 7.3494e-06,
  "WLHReal_a0_n": 0.7415224416,
  "WLHReal_a1_n": 0.0008722951,
  "WLHReal_a2_n": 9.5205e-06,
  "WLHReal_a3_n": 0.2568815414,
  "WLHReal_a4_n": 0.8555078845,
  "WLHImagVolume_W0_p": 3.9772849892,
  "WLHImagVolume_W1_p": 0.188613051,
  "WLHImagVolume_W2_p": 0.000197043,
  "WLHImagVolume_W3_p": 10.3236466278,
  "WLHImagVolume_W4_p": 0.0667524028,
  "WLHImagVolume_r0_p": 0.7133628057,
  "WLHImagVolume_r1_p": 40.1948027292,
  "WLHImagVolume_r2_p": 0.5458673117,
  "WLHImagVolume_r3_p": 54.4399162975,
  "WLHImagVolume_r4_p": 0.6830627226,
  "WLHImagVolume_r5_p": 1.078e-06,
  "WLHImagVolume_a0_p": 0.553626354,
  "WLHImagVolume_a1_p": 0.2662060554,
  "WLHImagVolume_a2_p": 14.0443875232,
  "WLHImagVolume_a3_p": 0.4071130544,
  "WLHImagVolume_a4_p": 0.002270747,
  "WLHImagVolume_W0_n": 2.8880608941,
  "WLHImagVolume_W1_n": 0.2662679624,
  "WLHImagVolume_W2_n": 0.0006911382,
  "WLHImagVolume_W3_n": 8.5319961148,
  "WLHImagVolume_W4_n": 0.0368648405,
  "WLHImagVolume_r0_n": 0.4846224663,
  "WLHImagVolume_r1_n": 97.3048350518,
  "WLHImagVolume_r2_n": 0.81774126,
  "WLHImagVolume_r3_n": 97.2277484425,
  "WLHImagVolume_r4_n": 0.7925414103,
  "WLHImagVolume_r5_n": 2.9398e-06,
  "WLHImagVolume_a0_n": 0.2248017316,
  "WLHImagVolume_a1_n": 0.5996680636,
  "WLHImagVolume_a2_n": 6.221027914,
  "WLHImagVolume_a3_n": 0.0418833093,
  "WLHImagVolume_a4_n": 0.0003347181,
  "WLHImagSurface_W0_p": 0.8800230092,
  "WLHImagSurface_W1_p": 0.0295686943,
  "WLHImagSurface_W2_p": 0.7258559059,
  "WLHImagSurface_W3_p": 0.0947746131,
  "WLHImagSurface_r0_p": 0.9440666489,
  "WLHImagSurface_r1_p": 0.3550463878,
  "WLHImagSurface_r2_p": 0.0042214606,
  "WLHImagSurface_a0_p": 0.7680384829,
  "WLHImagSurface_W0_n": 2.0097987671,
  "WLHImagSurface_W1_n": 0.0542872592,
  "WLHImagSurface_W2_n": 3.2339767254,
  "WLHImagSurface_W3_n": 0.1867209234,
  "WLHImagSurface_r0_n": 1.3192024105,
  "WLHImagSurface_r1_n": 1.5874027536,
  "WLHImagSurface_r2_n": 0.0033098908,
  "WLHImagSurface_a0_n": 0.850188674,
  "WLHRealSpinOrbit_V0_p": 9.6910051051,
  "WLHRealSpinOrbit_V1_p": 0.0085404024,
  "WLHRealSpinOrbit_r0_p": 1.2744187507,
  "WLHRealSpinOrbit_r1_p": 0.8615339058,
  "WLHRealSpinOrbit_a0_p": 0.8014010882,
  "WLHRealSpinOrbit_a1_p": 0.0003596982,
  "WLHRealSpinOrbit_V0_n": 9.2659969368,
  "WLHRealSpinOrbit_V1_n": 0.0082680862,
  "WLHRealSpinOrbit_r0_n": 1.286396346,
  "WLHRealSpinOrbit_r1_n": 0.8845983422,
  "WLHRealSpinOrbit_a0_n": 0.8079576514,
  "WLHRealSpinOrbit_a1_n": 0.000349142
}