{
  "WLHReal_V0_p": 53.180811787,
  "WLHReal_V1_p": 0.2973684153,
  "WLHReal_V2_p": -0.0003507894,
  "WLHReal_V3_p": 2.8855e-06,
  "WLHReal_V4_p": 12.2098487765,
  "WLHReal_V5_p": 0.1465688417,
  "WLHReal_V6_p": 0.0004363521,
  "WLHReal_r0_p": 1.3405469302,
  "WLHReal_r1_p": 0.3523184747,
  "WLHReal_r2_p": 0.0007789574,
  "WLHReal_r3_p": 6.902e-06,
  "WLHReal_a0_p": 0.7931705705,
  "WLHReal_a1_p": 0.0001541772,
  "WLHReal_a2_p": 6.3075e-06,
  "WLHReal_a3_p": 0.0283970563,
  "WLHReal_a4_p": 0.5366555754,
  "WLHReal_V0_n": 51.7850548764,
  "WLHReal_V1_n": 0.2873330281,
  "WLHReal_V2_n": -0.0008362536,
  "WLHReal_V3_n": 4.2836e-06,
  "WLHReal_V4_n": 20.2715572303,
  "WLHReal_V5_n": 0.3275564421,
  "WLHReal_V6_n": 0.0016107913,
  "WLHReal_r0_n": 1.3388171696,
  "WLHReal_r1_n": 0.3244166284,
  "WLHReal_r2_n": 0.0012646519,
  "WLHReal_r3_n": 1.42883e-05,
  "WLHReal_a0_n": 0.7709990179,
  "WLHReal_a1_n": 0.0012932827,
  "WLHReal_a2_n": 1.81458e-05,
  "WLHReal_a3_n": 0.3265726405,
  "WLHReal_a4_n": 1.0502630188,
  "WLHImagVolume_W0_p": 4.9390603906,
  "WLHImagVolume_W1_p": 0.2462036322,
  "WLHImagVolume_W2_p": 0.0004101347,
  "WLHImagVolume_W3_p": 10.9871440267,
  "WLHImagVolume_W4_p": 0.0879218863,
  "WLHImagVolume_r0_p": 0.6289308451,
  "WLHImagVolume_r1_p": 46.8959357302,
  "WLHImagVolume_r2_p": 0.6635244565,
  "WLHImagVolume_r3_p": 56.7256416805,
  "WLHImagVolume_r4_p": 0.5846894705,
  "WLHImagVolume_r5_p": 1.3657e-06,
  "WLHImagVolume_a0_p": 0.5850960287,
  "WLHImagVolume_a1_p": 0.269854589,
  "WLHImagVolume_a2_p": 14.3878786807,
  "WLHImagVolume_a3_p": 0.4390470562,
  "WLHImagVolume_a4_p": 0.0027869599,
  "WLHImagVolume_W0_n": 3.8410623694,
  "WLHImagVolume_W1_n": 0.2979253046,
  "WLHImagVolume_W2_n": 0.0007193493,
  "WLHImagVolume_W3_n": 10.2123548525,
  "WLHImagVolume_W4_n": 0.0242436869,
  "WLHImagVolume_r0_n": 0.5812375207,
  "WLHImagVolume_r1_n": 85.1430736091,
  "WLHImagVolume_r2_n": 0.7515331843,
  "WLHImagVolume_r3_n": 100.5706437462,
  "WLHImagVolume_r4_n": 0.9304619386,
  "WLHImagVolume_r5_n": 4.8734e-06,
  "WLHImagVolume_a0_n": 0.2919425065,
  "WLHImagVolume_a1_n": 0.5444467205,
  "WLHImagVolume_a2_n": 3.6402495206,
  "WLHImagVolume_a3_n": 0.0293805626,
  "WLHImagVolume_a4_n": 0.00036319,
  "WLHImagSurface_W0_p": 0.891770764,
  "WLHImagSurface_W1_p": 0.0426183344,
  "WLHImagSurface_W2_p": 1.0915050595,
  "WLHImagSurface_W3_p": 0.1599091072,
  "WLHImagSurface_r0_p": 0.9061642689,
  "WLHImagSurface_r1_p": 0.3745998206,
  "WLHImagSurface_r2_p": 0.0026215219,
  "WLHImagSurface_a0_p": 0.7331833835,
  "WLHImagSurface_W0_n": 1.8562991169,
  "WLHImagSurface_W1_n": 0.0610733555,
  "WLHImagSurface_W2_n": 2.7933033546,
  "WLHImagSurface_W3_n": 0.2072199521,
  "WLHImagSurface_r0_n": 1.3001438298,
  "WLHImagSurface_r1_n": 1.6674393202,
  "WLHImagSurface_r2_n": 0.0022341517,
  "WLHImagSurface_a0_n": 0.8737064455,
  "WLHRealSpinOrbit_V0_p": 9.3334463405,
  "WLHRealSpinOrbit_V1_p": 0.008470858,
  "WLHRealSpinOrbit_r0_p": 1.3041327836,
  "WLHRealSpinOrbit_r1_p": 0.9052715568,
  "WLHRealSpinOrbit_a0_p": 0.8211576557,
  "WLHRealSpinOrbit_a1_p": 0.0003567375,
  "WLHRealSpinOrbit_V0_n": 9.3705951708,
  "WLHRealSpinOrbit_V1_n": 0.0088289762,
  "WLHRealSpinOrbit_r0_n": 1.3266112469,
  "WLHRealSpinOrbit_r1_n": 0.9571079825,
  "WLHRealSpinOrbit_a0_n": 0.8466757565,
  "WLHRealSpinOrbit_a1_n": 0.0003300829
}