{
  "WLHReal_V0_p": 49.5501554861,
  "WLHReal_V1_p": 0.2981601882,
  "WLHReal_V2_p": -0.0008082539,
  "WLHReal_V3_p": 4.9219e-06,
  "WLHReal_V4_p": 10.4207441406,
  "WLHReal_V5_p": 0.1250102314,
  "WLHReal_V6_p": 0.0005217101,
  "WLHReal_r0_p": 1.3792816298,
  "WLHReal_r1_p": 0.2830941509,
  "WLHReal_r2_p": 0.0010432996,
  "WLHReal_r3_p": 1.16e-05,
  "WLHReal_a0_p": 0.8081544719,
  "WLHReal_a1_p": -5.80189e-05,
  "WLHReal_a2_p": 1.15416e-05,
  "WLHReal_a3_p": -0.0213135496,
  "WLHReal_a4_p": 0.5458225476,
  "WLHReal_V0_n": 50.8808314562,
  "WLHReal_V1_n": 0.2643504498,
  "WLHReal_V2_n": -0.0005340501,
  "WLHReal_V3_n": 3.6485e-06,
  "WLHReal_V4_n": 21.4700103479,
  "WLHReal_V5_n": 0.2930499665,
  "WLHReal_V6_n": 0.0013219655,
  "WLHReal_r0_n": 1.2998022799,
  "WLHReal_r1_n": 0.248823159,
  "WLHReal_r2_n": 0.0011260009,
  "WLHReal_r3_n": 1.34643e-05,
  "WLHReal_a0_n": 0.7525997626,
  "WLHReal_a1_n": 0.0011384467,
  "WLHReal_a2_n": 1.63957e-05,
  "WLHReal_a3_n": 0.360165485,
  "WLHReal_a4_n": 1.0421607102,
  "WLHImagVolume_W0_p": 5.4099604257,
  "WLHImagVolume_W1_p": 0.2075694873,
  "WLHImagVolume_W2_p": 0.0004179404,
  "WLHImagVolume_W3_p": 9.2055082028,
  "WLHImagVolume_W4_p": 0.0813467497,
  "WLHImagVolume_r0_p": 0.6677953621,
  "WLHImagVolume_r1_p": 56.3909965746,
  "WLHImagVolume_r2_p": 0.6890432466,
  "WLHImagVolume_r3_p": 70.0593056499,
  "WLHImagVolume_r4_p": 0.5246944129,
  "WLHImagVolume_r5_p": 8.466e-07,
  "WLHImagVolume_a0_p": 0.5919174995,
  "WLHImagVolume_a1_p": 0.2952540949,
  "WLHImagVolume_a2_p": 17.6587125216,
  "WLHImagVolume_a3_p": 0.4213744802,
  "WLHImagVolume_a4_p": 0.0026697987,
  "WLHImagVolume_W0_n": 3.0244820905,
  "WLHImagVolume_W1_n": 0.2119666941,
  "WLHImagVolume_W2_n": 0.0003351409,
  "WLHImagVolume_W3_n": 8.8307902476,
  "WLHImagVolume_W4_n": -0.0035741434,
  "WLHImagVolume_r0_n": 0.6272700561,
  "WLHImagVolume_r1_n": 75.5945495102,
  "WLHImagVolume_r2_n": 0.6666832848,
  "WLHImagVolume_r3_n": 86.7846120003,
  "WLHImagVolume_r4_n": 0.9689901462,
  "WLHImagVolume_r5_n": 4.1303e-06,
  "WLHImagVolume_a0_n": 0.2561015678,
  "WLHImagVolume_a1_n": 0.5598698628,
  "WLHImagVolume_a2_n": 6.5790271412,
  "WLHImagVolume_a3_n": 0.0552996497,
  "WLHImagVolume_a4_n": 0.0004671889,
  "WLHImagSurface_W0_p": 0.7446381247,
  "WLHImagSurface_W1_p": 0.029449344,
  "WLHImagSurface_W2_p": 0.2734296019,
  "WLHImagSurface_W3_p": 0.0979168871,
  "WLHImagSurface_r0_p": 0.8807380445,
  "WLHImagSurface_r1_p": -0.0225065294,
  "WLHImagSurface_r2_p": -0.000578512,
  "WLHImagSurface_a0_p": 0.8566402659,
  "WLHImagSurface_W0_n": 1.2987773982,
  "WLHImagSurface_W1_n": 0.0326600745,
  "WLHImagSurface_W2_n": 1.4457740975,
  "WLHImagSurface_W3_n": 0.1197538769,
  "WLHImagSurface_r0_n": 1.2796818821,
  "WLHImagSurface_r1_n": 1.4372214026,
  "WLHImagSurface_r2_n": 0.0024534059,
  "WLHImagSurface_a0_n": 0.8645134466,
  "WLHRealSpinOrbit_V0_p": 8.7710599227,
  "WLHRealSpinOrbit_V1_p": 0.0084718442,
  "WLHRealSpinOrbit_r0_p": 1.3582923443,
  "WLHRealSpinOrbit_r1_p": 0.9908235199,
  "WLHRealSpinOrbit_a0_p": 0.8617407833,
  "WLHRealSpinOrbit_a1_p": 0.0003531451,
  "WLHRealSpinOrbit_V0_n": 9.7411963134,
  "WLHRealSpinOrbit_V1_n": 0.0088404017,
  "WLHRealSpinOrbit_r0_n": 1.2949713102,
  "WLHRealSpinOrbit_r1_n": 0.901245852,
  "WLHRealSpinOrbit_a0_n": 0.8222850622,
  "WLHRealSpinOrbit_a1_n": 0.0003471149
}