{
  "WLHReal_V0_p": 49.0473868665,
  "WLHReal_V1_p": 0.242781356,
  "WLHReal_V2_p": -0.0003583655,
  "WLHReal_V3_p": 2.5642e-06,
  "WLHReal_V4_p": 14.2633317442,
  "WLHReal_V5_p": 0.1107384468,
  "WLHReal_V6_p": 0.0003547579,
  "WLHReal_r0_p": 1.3033743732,
  "WLHReal_r1_p": 0.2046948393,
  "WLHReal_r2_p": 0.0007072671,
  "WLHReal_r3_p": 7.8898e-06,
  "WLHReal_a0_p": 0.7619969249,
  "WLHReal_a1_p": -8.73731e-05,
  "WLHReal_a2_p": 7.2342e-06,
  "WLHReal_a3_p": -0.034622781,
  "WLHReal_a4_p": 0.422566236,
  "WLHReal_V0_n": 50.062738652,
  "WLHReal_V1_n": 0.2364595112,
  "WLHReal_V2_n": -0.0004356033,
  "WLHReal_V3_n": 2.149e-06,
  "WLHReal_V4_n": 22.2009675852,
  "WLHReal_V5_n": 0.2800451662,
  "WLHReal_V6_n": 0.001170296,
  "WLHReal_r0_n": 1.296460601,
  "WLHReal_r1_n": 0.2582634829,
  "WLHReal_r2_n": 0.0009890013,
  "WLHReal_r3_n": 1.07882e-05,
  "WLHReal_a0_n": 0.7431192868,
  "WLHReal_a1_n": 0.0009758957,
  "WLHReal_a2_n": 1.33247e-05,
  "WLHReal_a3_n": 0.3478084828,
  "WLHReal_a4_n": 0.963352895,
  "WLHImagVolume_W0_p": 3.5573790472,
  "WLHImagVolume_W1_p": 0.0988261026,
  "WLHImagVolume_W2_p": -0.0001513898,
  "WLHImagVolume_W3_p": 6.5293549118,
  "WLHImagVolume_W4_p": 0.0493977287,
  "WLHImagVolume_r0_p": 0.8828157319,
  "WLHImagVolume_r1_p": 21.5374518584,
  "WLHImagVolume_r2_p": 0.3958103388,
  "WLHImagVolume_r3_p": 40.3085548663,
  "WLHImagVolume_r4_p": 0.7611106979,
  "WLHImagVolume_r5_p": 1.5521e-06,
  "WLHImagVolume_a0_p": 0.5620459646,
  "WLHImagVolume_a1_p": 0.2459044355,
  "WLHImagVolume_a2_p": 12.7174472249,
  "WLHImagVolume_a3_p": 0.4026295464,
  "WLHImagVolume_a4_p": 0.0022895923,
  "WLHImagVolume_W0_n": 2.409606967,
  "WLHImagVolume_W1_n": 0.1692238294,
  "WLHImagVolume_W2_n": 0.0001062346,
  "WLHImagVolume_W3_n": 7.7676941828,
  "WLHImagVolume_W4_n": -0.0217266356,
  "WLHImagVolume_r0_n": 0.6499410354,
  "WLHImagVolume_r1_n": 67.8434877229,
  "WLHImagVolume_r2_n": 0.6351163755,
  "WLHImagVolume_r3_n": 77.9406875355,
  "WLHImagVolume_r4_n": 1.0281731677,
  "WLHImagVolume_r5_n": 4.2899e-06,
  "WLHImagVolume_a0_n": 0.2487761473,
  "WLHImagVolume_a1_n": 0.5717238547,
  "WLHImagVolume_a2_n": 8.5907416828,
  "WLHImagVolume_a3_n": 0.0902478841,
  "WLHImagVolume_a4_n": 0.0008457856,
  "WLHImagSurface_W0_p": 0.7619877543,
  "WLHImagSurface_W1_p": 0.0160985129,
  "WLHImagSurface_W2_p": 0.6115458314,
  "WLHImagSurface_W3_p": 0.0385761444,
  "WLHImagSurface_r0_p": 0.8556550139,
  "WLHImagSurface_r1_p": -0.0059451832,
  "WLHImagSurface_r2_p": 0.0032012263,
  "WLHImagSurface_a0_p": 0.7344909743,
  "WLHImagSurface_W0_n": 0.8613966184,
  "WLHImagSurface_W1_n": 0.0141029222,
  "WLHImagSurface_W2_n": 0.7735606909,
  "WLHImagSurface_W3_n": 0.0737616422,
  "WLHImagSurface_r0_n": 1.2671559533,
  "WLHImagSurface_r1_n": 1.3020405364,
  "WLHImagSurface_r2_n": 0.0024186442,
  "WLHImagSurface_a0_n": 0.8631535018,
  "WLHRealSpinOrbit_V0_p": 9.6103195182,
  "WLHRealSpinOrbit_V1_p": 0.0086487093,
  "WLHRealSpinOrbit_r0_p": 1.3030152406,
  "WLHRealSpinOrbit_r1_p": 0.8882334484,
  "WLHRealSpinOrbit_a0_p": 0.8192352146,
  "WLHRealSpinOrbit_a1_p": 0.0003882693,
  "WLHRealSpinOrbit_V0_n": 9.8630775985,
  "WLHRealSpinOrbit_V1_n": 0.0087994279,
  "WLHRealSpinOrbit_r0_n": 1.2880387612,
  "WLHRealSpinOrbit_r1_n": 0.8743892847,
  "WLHRealSpinOrbit_a0_n": 0.8123704276,
  "WLHRealSpinOrbit_a1_n": 0.0003738889
}