{
  "WLHReal_V0_p": 58.0491008558,
  "WLHReal_V1_p": 0.3426990078,
  "WLHReal_V2_p": 0.0004742379,
  "WLHReal_V3_p": 1.369e-07,
  "WLHReal_V4_p": 13.122379305,
  "WLHReal_V5_p": 0.1528420913,
  "WLHReal_V6_p": 0.0001837938,
  "WLHReal_r0_p": 1.2781548319,
  "WLHReal_r1_p": 0.3887434527,
  "WLHReal_r2_p": 0.0006273441,
  "WLHReal_r3_p": 1.2683e-06,
  "WLHReal_a0_p": 0.7733369206,
  "WLHReal_a1_p": 0.0003059399,
  "WLHReal_a2_p": -1.133e-07,
  "WLHReal_a3_p": 0.1324696477,
  "WLHReal_a4_p": 0.6259833521,
  "WLHReal_V0_n": 54.7535115819,
  "WLHReal_V1_n": 0.324191234,
  "WLHReal_V2_n": -0.0002232013,
  "WLHReal_V3_n": 2.4423e-06,
  "WLHReal_V4_n": 20.0161819589,
  "WLHReal_V5_n": 0.29691215,
  "WLHReal_V6_n": 0.0010799442,
  "WLHReal_r0_n": 1.3090294405,
  "WLHReal_r1_n": 0.3707122059,
  "WLHReal_r2_n": 0.0008715152,
  "WLHReal_r3_n": 7.2698e-06,
  "WLHReal_a0_n": 0.744614916,
  "WLHReal_a1_n": 0.0007705211,
  "WLHReal_a2_n": 8.1186e-06,
  "WLHReal_a3_n": 0.2221122018,
  "WLHReal_a4_n": 0.8156756299,
  "WLHImagVolume_W0_p": 4.0412232626,
  "WLHImagVolume_W1_p": 0.3043534391,
  "WLHImagVolume_W2_p": 0.0006745271,
  "WLHImagVolume_W3_p": 15.235846033,
  "WLHImagVolume_W4_p": 0.0873455218,
  "WLHImagVolume_r0_p": 0.4001312102,
  "WLHImagVolume_r1_p": 69.3097937362,
  "WLHImagVolume_r2_p": 0.817440528,
  "WLHImagVolume_r3_p": 72.3758880694,
  "WLHImagVolume_r4_p": 0.5066715592,
  "WLHImagVolume_r5_p": 1.3707e-06,
  "WLHImagVolume_a0_p": 0.5221211,
  "WLHImagVolume_a1_p": 0.3061298871,
  "WLHImagVolume_a2_p": 16.4419277147,
  "WLHImagVolume_a3_p": 0.3962944404,
  "WLHImagVolume_a4_p": 0.001953902,
  "WLHImagVolume_W0_n": 3.3971118872,
  "WLHImagVolume_W1_n": 0.3248345469,
  "WLHImagVolume_W2_n": 0.0008468864,
  "WLHImagVolume_W3_n": 9.7058607504,
  "WLHImagVolume_W4_n": 0.0639519371,
  "WLHImagVolume_r0_n": 0.4908870927,
  "WLHImagVolume_r1_n": 90.4372521954,
  "WLHImagVolume_r2_n": 0.8116166953,
  "WLHImagVolume_r3_n": 95.8806065978,
  "WLHImagVolume_r4_n": 0.8320475252,
  "WLHImagVolume_r5_n": 3.2167e-06,
  "WLHImagVolume_a0_n": 0.2417550499,
  "WLHImagVolume_a1_n": 0.5904086223,
  "WLHImagVolume_a2_n": 4.8002670745,
  "WLHImagVolume_a3_n": 0.0208905898,
  "WLHImagVolume_a4_n": 0.0003786496,
  "WLHImagSurface_W0_p": 1.2988619688,
  "WLHImagSurface_W1_p": 0.0735718174,
  "WLHImagSurface_W2_p": 1.8422476853,
  "WLHImagSurface_W3_p": 0.273816921,
  "WLHImagSurface_r0_p": 1.1288839029,
  "WLHImagSurface_r1_p": 1.0411295925,
  "WLHImagSurface_r2_p": 0.0074135754,
  "WLHImagSurface_a0_p": 0.8000380265,
  "WLHImagSurface_W0_n": 2.3216071041,
  "WLHImagSurface_W1_n": 0.0642651867,
  "WLHImagSurface_W2_n": 3.7991773294,
  "WLHImagSurface_W3_n": 0.2112836648,
  "WLHImagSurface_r0_n": 1.3079930405,
  "WLHImagSurface_r1_n": 1.6573152722,
  "WLHImagSurface_r2_n": 0.0035176506,
  "WLHImagSurface_a0_n": 0.8442109689,
  "WLHRealSpinOrbit_V0_p": 9.7431889519,
  "WLHRealSpinOrbit_V1_p": 0.0081121508,
  "WLHRealSpinOrbit_r0_p": 1.2210805274,
  "WLHRealSpinOrbit_r1_p": 0.7889482203,
  "WLHRealSpinOrbit_a0_p": 0.7593015085,
  "WLHRealSpinOrbit_a1_p": 0.0003406259,
  "WLHRealSpinOrbit_V0_n": 9.3601867812,
  "WLHRealSpinOrbit_V1_n": 0.0083653648,
  "WLHRealSpinOrbit_r0_n": 1.2815032436,
  "WLHRealSpinOrbit_r1_n": 0.8868694343,
  "WLHRealSpinOrbit_a0_n": 0.8078219501,
  "WLHRealSpinOrbit_a1_n": 0.0003310029
}