{
  "WLHReal_V0_p": 55.6945304153,
  "WLHReal_V1_p": 0.2905398971,
  "WLHReal_V2_p": 0.0007371676,
  "WLHReal_V3_p": -1.1318e-06,
  "WLHReal_V4_p": 16.1554633621,
  "WLHReal_V5_p": 0.1170910316,
  "WLHReal_V6_p": 2.37289e-05,
  "WLHReal_r0_p": 1.2052324405,
  "WLHReal_r1_p": 0.2275547289,
  "WLHReal_r2_p": 0.0005117006,
  "WLHReal_r3_p": 9.099e-07,
  "WLHReal_a0_p": 0.7309022934,
  "WLHReal_a1_p": 0.0001288617,
  "WLHReal_a2_p": -1.551e-07,
  "WLHReal_a3_p": 0.0972456293,
  "WLHReal_a4_p": 0.5306355623,
  "WLHReal_V0_n": 48.0580966156,
  "WLHReal_V1_n": 0.2159815885,
  "WLHReal_V2_n": -0.0007993126,
  "WLHReal_V3_n": 3.6232e-06,
  "WLHReal_V4_n": 21.9339985011,
  "WLHReal_V5_n": 0.3029289742,
  "WLHReal_V6_n": 0.0014394635,
  "WLHReal_r0_n": 1.3379742,
  "WLHReal_r1_n": 0.2962321666,
  "WLHReal_r2_n": 0.0011332431,
  "WLHReal_r3_n": 1.37159e-05,
  "WLHReal_a0_n": 0.7576419141,
  "WLHReal_a1_n": 0.0012083891,
  "WLHReal_a2_n": 1.78063e-05,
  "WLHReal_a3_n": 0.3597509428,
  "WLHReal_a4_n": 1.0022651842,
  "WLHImagVolume_W0_p": 2.283225335,
  "WLHImagVolume_W1_p": 0.1667311874,
  "WLHImagVolume_W2_p": 7.53877e-05,
  "WLHImagVolume_W3_p": 11.9091912055,
  "WLHImagVolume_W4_p": 0.0470597862,
  "WLHImagVolume_r0_p": 0.6677898134,
  "WLHImagVolume_r1_p": 38.629844626,
  "WLHImagVolume_r2_p": 0.4960744758,
  "WLHImagVolume_r3_p": 51.3058368874,
  "WLHImagVolume_r4_p": 0.7554934913,
  "WLHImagVolume_r5_p": 1.8649e-06,
  "WLHImagVolume_a0_p": 0.4886387757,
  "WLHImagVolume_a1_p": 0.2686843036,
  "WLHImagVolume_a2_p": 13.1795446853,
  "WLHImagVolume_a3_p": 0.3612131072,
  "WLHImagVolume_a4_p": 0.0013950878,
  "WLHImagVolume_W0_n": 2.4566625547,
  "WLHImagVolume_W1_n": 0.1678447846,
  "WLHImagVolume_W2_n": 0.0001497715,
  "WLHImagVolume_W3_n": 7.5392462905,
  "WLHImagVolume_W4_n": -0.0391123215,
  "WLHImagVolume_r0_n": 0.6420492024,
  "WLHImagVolume_r1_n": 74.7605348933,
  "WLHImagVolume_r2_n": 0.6799751252,
  "WLHImagVolume_r3_n": 86.4465615082,
  "WLHImagVolume_r4_n": 1.0312810138,
  "WLHImagVolume_r5_n": 5.3037e-06,
  "WLHImagVolume_a0_n": 0.2768053633,
  "WLHImagVolume_a1_n": 0.5612561153,
  "WLHImagVolume_a2_n": 8.0839428758,
  "WLHImagVolume_a3_n": 0.1091941602,
  "WLHImagVolume_a4_n": 0.0009873143,
  "WLHImagSurface_W0_p": 1.1766727081,
  "WLHImagSurface_W1_p": 0.0429652749,
  "WLHImagSurface_W2_p": 1.3503090773,
  "WLHImagSurface_W3_p": 0.1358912204,
  "WLHImagSurface_r0_p": 1.0981260395,
  "WLHImagSurface_r1_p": 0.8278161994,
  "WLHImagSurface_r2_p": 0.0096788441,
  "WLHImagSurface_a0_p": 0.7666097708,
  "WLHImagSurface_W0_n": 0.7129556306,
  "WLHImagSurface_W1_n": 0.0187732144,
  "WLHImagSurface_W2_n": 0.8622211558,
  "WLHImagSurface_W3_n": 0.1021807786,
  "WLHImagSurface_r0_n": 1.2832430579,
  "WLHImagSurface_r1_n": 1.3680036582,
  "WLHImagSurface_r2_n": 0.0017159055,
  "WLHImagSurface_a0_n": 0.8825086166,
  "WLHRealSpinOrbit_V0_p": 10.4335665852,
  "WLHRealSpinOrbit_V1_p": 0.0083779158,
  "WLHRealSpinOrbit_r0_p": 1.1845655662,
  "WLHRealSpinOrbit_r1_p": 0.7232968193,
  "WLHRealSpinOrbit_a0_p": 0.7341736797,
  "WLHRealSpinOrbit_a1_p": 0.0003655211,
  "WLHRealSpinOrbit_V0_n": 9.5423248538,
  "WLHRealSpinOrbit_V1_n": 0.0088049515,
  "WLHRealSpinOrbit_r0_n": 1.3272445366,
  "WLHRealSpinOrbit_r1_n": 0.9226241175,
  "WLHRealSpinOrbit_a0_n": 0.8376397978,
  "WLHRealSpinOrbit_a1_n": 0.0003901315
}