{
  "WLHReal_V0_p": 53.3136477972,
  "WLHReal_V1_p": 0.2762671309,
  "WLHReal_V2_p": -0.0003549633,
  "WLHReal_V3_p": 2.4273e-06,
  "WLHReal_V4_p": 13.3857952856,
  "WLHReal_V5_p": 0.1364307583,
  "WLHReal_V6_p": 0.0004307332,
  "WLHReal_r0_p": 1.3065636294,
  "WLHReal_r1_p": 0.2774259266,
  "WLHReal_r2_p": 0.0008506436,
  "WLHReal_r3_p": 8.5085e-06,
  "WLHReal_a0_p": 0.7836480366,
  "WLHReal_a1_p": 0.0001497106,
  "WLHReal_a2_p": 6.23e-06,
  "WLHReal_a3_p": 0.0156178757,
  "WLHReal_a4_p": 0.5306131029,
  "WLHReal_V0_n": 52.2345275026,
  "WLHReal_V1_n": 0.2847207965,
  "WLHReal_V2_n": -0.0006190817,
  "WLHReal_V3_n": 3.6416e-06,
  "WLHReal_V4_n": 20.8852246097,
  "WLHReal_V5_n": 0.3077088035,
  "WLHReal_V6_n": 0.0014349139,
  "WLHReal_r0_n": 1.3069653679,
  "WLHReal_r1_n": 0.2744125066,
  "WLHReal_r2_n": 0.0011862134,
  "WLHReal_r3_n": 1.37479e-05,
  "WLHReal_a0_n": 0.7602998077,
  "WLHReal_a1_n": 0.0011725176,
  "WLHReal_a2_n": 1.60047e-05,
  "WLHReal_a3_n": 0.343505979,
  "WLHReal_a4_n": 1.05279286,
  "WLHImagVolume_W0_p": 4.757897848,
  "WLHImagVolume_W1_p": 0.2230197389,
  "WLHImagVolume_W2_p": 0.0001680883,
  "WLHImagVolume_W3_p": 10.5538861402,
  "WLHImagVolume_W4_p": 0.0823856101,
  "WLHImagVolume_r0_p": 0.8109012775,
  "WLHImagVolume_r1_p": 23.8910326259,
  "WLHImagVolume_r2_p": 0.4533268311,
  "WLHImagVolume_r3_p": 40.5594707608,
  "WLHImagVolume_r4_p": 0.7829686672,
  "WLHImagVolume_r5_p": 2.2428e-06,
  "WLHImagVolume_a0_p": 0.6011616451,
  "WLHImagVolume_a1_p": 0.224077708,
  "WLHImagVolume_a2_p": 10.4202796848,
  "WLHImagVolume_a3_p": 0.4630062047,
  "WLHImagVolume_a4_p": 0.0031163604,
  "WLHImagVolume_W0_n": 3.6009579142,
  "WLHImagVolume_W1_n": 0.2670411712,
  "WLHImagVolume_W2_n": 0.0005428076,
  "WLHImagVolume_W3_n": 9.9602085034,
  "WLHImagVolume_W4_n": 0.0192718628,
  "WLHImagVolume_r0_n": 0.6164467497,
  "WLHImagVolume_r1_n": 76.326314949,
  "WLHImagVolume_r2_n": 0.6867878176,
  "WLHImagVolume_r3_n": 91.2504253962,
  "WLHImagVolume_r4_n": 0.963076841,
  "WLHImagVolume_r5_n": 4.6186e-06,
  "WLHImagVolume_a0_n": 0.2725843936,
  "WLHImagVolume_a1_n": 0.5487279805,
  "WLHImagVolume_a2_n": 4.7708969977,
  "WLHImagVolume_a3_n": 0.0297778816,
  "WLHImagVolume_a4_n": 0.0003455875,
  "WLHImagSurface_W0_p": 0.6161508686,
  "WLHImagSurface_W1_p": 0.0101480397,
  "WLHImagSurface_W2_p": 0.3503389389,
  "WLHImagSurface_W3_p": 0.032658611,
  "WLHImagSurface_r0_p": 0.8096067146,
  "WLHImagSurface_r1_p": 0.2419888048,
  "WLHImagSurface_r2_p": 0.0026711161,
  "WLHImagSurface_a0_p": 0.6493610546,
  "WLHImagSurface_W0_n": 1.6741852212,
  "WLHImagSurface_W1_n": 0.0479256166,
  "WLHImagSurface_W2_n": 2.1366052488,
  "WLHImagSurface_W3_n": 0.1601705624,
  "WLHImagSurface_r0_n": 1.2815931703,
  "WLHImagSurface_r1_n": 1.5509872098,
  "WLHImagSurface_r2_n": 0.0025177369,
  "WLHImagSurface_a0_n": 0.863806407,
  "WLHRealSpinOrbit_V0_p": 9.8818160898,
  "WLHRealSpinOrbit_V1_p": 0.0088940079,
  "WLHRealSpinOrbit_r0_p": 1.2881239047,
  "WLHRealSpinOrbit_r1_p": 0.8883639358,
  "WLHRealSpinOrbit_a0_p": 0.8168031707,
  "WLHRealSpinOrbit_a1_p": 0.0003479183,
  "WLHRealSpinOrbit_V0_n": 9.6884896604,
  "WLHRealSpinOrbit_V1_n": 0.0089023601,
  "WLHRealSpinOrbit_r0_n": 1.3002347212,
  "WLHRealSpinOrbit_r1_n": 0.9205022774,
  "WLHRealSpinOrbit_a0_n": 0.8296295372,
  "WLHRealSpinOrbit_a1_n": 0.0003269709
}