{
  "WLHReal_V0_p": 56.7055726676,
  "WLHReal_V1_p": 0.3189675321,
  "WLHReal_V2_p": 0.0005875065,
  "WLHReal_V3_p": -3.098e-07,
  "WLHReal_V4_p": 14.4873040508,
  "WLHReal_V5_p": 0.1310040271,
  "WLHReal_V6_p": 0.0001001847,
  "WLHReal_r0_p": 1.2402740223,
  "WLHReal_r1_p": 0.2920885395,
  "WLHReal_r2_p": 0.00061705,
  "WLHReal_r3_p": 2.2379e-06,
  "WLHReal_a0_p": 0.7527486171,
  "WLHReal_a1_p": 0.0001950939,
  "WLHReal_a2_p": 5.68e-07,
  "WLHReal_a3_p": 0.1139068207,
  "WLHReal_a4_p": 0.5889929136,
  "WLHReal_V0_n": 52.6615117844,
  "WLHReal_V1_n": 0.2776930018,
  "WLHReal_V2_n": -0.0004941484,
  "WLHReal_V3_n": 3.7774e-06,
  "WLHReal_V4_n": 20.794708041,
  "WLHReal_V5_n": 0.3053665673,
  "WLHReal_V6_n": 0.001247756,
  "WLHReal_r0_n": 1.3258120746,
  "WLHReal_r1_n": 0.3691937623,
  "WLHReal_r2_n": 0.0009530544,
  "WLHReal_r3_n": 9.7458e-06,
  "WLHReal_a0_n": 0.7516021403,
  "WLHReal_a1_n": 0.0008821,
  "WLHReal_a2_n": 1.1257e-05,
  "WLHReal_a3_n": 0.2580434374,
  "WLHReal_a4_n": 0.8554921988,
  "WLHImagVolume_W0_p": 3.1835713616,
  "WLHImagVolume_W1_p": 0.2334417609,
  "WLHImagVolume_W2_p": 0.0003797916,
  "WLHImagVolume_W3_p": 13.632069042,
  "WLHImagVolume_W4_p": 0.0660894392,
  "WLHImagVolume_r0_p": 0.5400685291,
  "WLHImagVolume_r1_p": 55.1765861245,
  "WLHImagVolume_r2_p": 0.6531600117,
  "WLHImagVolume_r3_p": 63.8775971131,
  "WLHImagVolume_r4_p": 0.6349819706,
  "WLHImagVolume_r5_p": 1.7057e-06,
  "WLHImagVolume_a0_p": 0.5040731782,
  "WLHImagVolume_a1_p": 0.2897482731,
  "WLHImagVolume_a2_p": 15.1133685457,
  "WLHImagVolume_a3_p": 0.3758701578,
  "WLHImagVolume_a4_p": 0.0016377453,
  "WLHImagVolume_W0_n": 3.1545209866,
  "WLHImagVolume_W1_n": 0.2823228099,
  "WLHImagVolume_W2_n": 0.0005884702,
  "WLHImagVolume_W3_n": 9.1975441013,
  "WLHImagVolume_W4_n": 0.0293244398,
  "WLHImagVolume_r0_n": 0.5653823869,
  "WLHImagVolume_r1_n": 78.1364224048,
  "WLHImagVolume_r2_n": 0.7481453771,
  "WLHImagVolume_r3_n": 89.6998297186,
  "WLHImagVolume_r4_n": 0.9595790692,
  "WLHImagVolume_r5_n": 4.2122e-06,
  "WLHImagVolume_a0_n": 0.2694092865,
  "WLHImagVolume_a1_n": 0.5736861331,
  "WLHImagVolume_a2_n": 5.7924307108,
  "WLHImagVolume_a3_n": 0.0576456831,
  "WLHImagVolume_a4_n": 0.0007891774,
  "WLHImagSurface_W0_p": 1.2115526171,
  "WLHImagSurface_W1_p": 0.054814471,
  "WLHImagSurface_W2_p": 1.422894856,
  "WLHImagSurface_W3_p": 0.1891884156,
  "WLHImagSurface_r0_p": 1.1157474611,
  "WLHImagSurface_r1_p": 0.9069149399,
  "WLHImagSurface_r2_p": 0.0083391125,
  "WLHImagSurface_a0_p": 0.800834378,
  "WLHImagSurface_W0_n": 1.6859972683,
  "WLHImagSurface_W1_n": 0.0465409289,
  "WLHImagSurface_W2_n": 2.7167691679,
  "WLHImagSurface_W3_n": 0.1710346259,
  "WLHImagSurface_r0_n": 1.2889394837,
  "WLHImagSurface_r1_n": 1.5488668271,
  "WLHImagSurface_r2_n": 0.0027660546,
  "WLHImagSurface_a0_n": 0.8591983208,
  "WLHRealSpinOrbit_V0_p": 10.0814965655,
  "WLHRealSpinOrbit_V1_p": 0.0082660008,
  "WLHRealSpinOrbit_r0_p": 1.2040579569,
  "WLHRealSpinOrbit_r1_p": 0.7606794624,
  "WLHRealSpinOrbit_a0_p": 0.7486868173,
  "WLHRealSpinOrbit_a1_p": 0.0003493016,
  "WLHRealSpinOrbit_V0_n": 9.4892325822,
  "WLHRealSpinOrbit_V1_n": 0.0086077359,
  "WLHRealSpinOrbit_r0_n": 1.3015224879,
  "WLHRealSpinOrbit_r1_n": 0.9029814798,
  "WLHRealSpinOrbit_a0_n": 0.8213345514,
  "WLHRealSpinOrbit_a1_n": 0.0003546652
}