{
  "WLHReal_V0_p": 52.2675244282,
  "WLHReal_V1_p": 0.3036723775,
  "WLHReal_V2_p": 0.0001853399,
  "WLHReal_V3_p": 5.172e-07,
  "WLHReal_V4_p": 13.4018102512,
  "WLHReal_V5_p": 0.1106376958,
  "WLHReal_V6_p": 0.0001665151,
  "WLHReal_r0_p": 1.2785467578,
  "WLHReal_r1_p": 0.2355354815,
  "WLHReal_r2_p": 0.0007278165,
  "WLHReal_r3_p": 5.3579e-06,
  "WLHReal_a0_p": 0.7588562039,
  "WLHReal_a1_p": -3.41442e-05,
  "WLHReal_a2_p": 4.5907e-06,
  "WLHReal_a3_p": 0.0522894147,
  "WLHReal_a4_p": 0.5413066766,
  "WLHReal_V0_n": 57.2779962189,
  "WLHReal_V1_n": 0.3076910366,
  "WLHReal_V2_n": -0.0003868858,
  "WLHReal_V3_n": 3.0574e-06,
  "WLHReal_V4_n": 20.9079009116,
  "WLHReal_V5_n": 0.3105617007,
  "WLHReal_V6_n": 0.0012645585,
  "WLHReal_r0_n": 1.2822514233,
  "WLHReal_r1_n": 0.3453546743,
  "WLHReal_r2_n": 0.0009711605,
  "WLHReal_r3_n": 9.6982e-06,
  "WLHReal_a0_n": 0.7539359866,
  "WLHReal_a1_n": 0.0007031555,
  "WLHReal_a2_n": 1.02429e-05,
  "WLHReal_a3_n": 0.2526946099,
  "WLHReal_a4_n": 0.8891675162,
  "WLHImagVolume_W0_p": 3.2165552286,
  "WLHImagVolume_W1_p": 0.161966652,
  "WLHImagVolume_W2_p": 0.0002715841,
  "WLHImagVolume_W3_p": 10.5394748563,
  "WLHImagVolume_W4_p": 0.0518794972,
  "WLHImagVolume_r0_p": 0.5922810636,
  "WLHImagVolume_r1_p": 60.2176944563,
  "WLHImagVolume_r2_p": 0.6609649819,
  "WLHImagVolume_r3_p": 71.6831544763,
  "WLHImagVolume_r4_p": 0.5686034438,
  "WLHImagVolume_r5_p": 9.29e-07,
  "WLHImagVolume_a0_p": 0.5020146093,
  "WLHImagVolume_a1_p": 0.3143004872,
  "WLHImagVolume_a2_p": 18.1787429954,
  "WLHImagVolume_a3_p": 0.3473961106,
  "WLHImagVolume_a4_p": 0.0013615275,
  "WLHImagVolume_W0_n": 4.310949372,
  "WLHImagVolume_W1_n": 0.3689754771,
  "WLHImagVolume_W2_n": 0.0006765422,
  "WLHImagVolume_W3_n": 12.0514278805,
  "WLHImagVolume_W4_n": 0.0744304936,
  "WLHImagVolume_r0_n": 0.6667597714,
  "WLHImagVolume_r1_n": 48.0800603426,
  "WLHImagVolume_r2_n": 0.610976701,
  "WLHImagVolume_r3_n": 75.6697435193,
  "WLHImagVolume_r4_n": 1.121645283,
  "WLHImagVolume_r5_n": 4.7123e-06,
  "WLHImagVolume_a0_n": 0.296803184,
  "WLHImagVolume_a1_n": 0.5376743657,
  "WLHImagVolume_a2_n": 3.2795044569,
  "WLHImagVolume_a3_n": 0.0001119998,
  "WLHImagVolume_a4_n": 0.0007071537,
  "WLHImagSurface_W0_p": 1.162415551,
  "WLHImagSurface_W1_p": 0.0503847252,
  "WLHImagSurface_W2_p": 1.0672509234,
  "WLHImagSurface_W3_p": 0.1611226899,
  "WLHImagSurface_r0_p": 1.0973327244,
  "WLHImagSurface_r1_p": 0.5040372749,
  "WLHImagSurface_r2_p": 0.0058734876,
  "WLHImagSurface_a0_p": 0.9050169266,
  "WLHImagSurface_W0_n": 2.0734462354,
  "WLHImagSurface_W1_n": 0.0525084847,
  "WLHImagSurface_W2_n": 2.7444943951,
  "WLHImagSurface_W3_n": 0.1618661026,
  "WLHImagSurface_r0_n": 1.2329294572,
  "WLHImagSurface_r1_n": 1.5630063353,
  "WLHImagSurface_r2_n": 0.0032506185,
  "WLHImagSurface_a0_n": 0.8402254453,
  "WLHRealSpinOrbit_V0_p": 9.4898738136,
  "WLHRealSpinOrbit_V1_p": 0.0081602234,
  "WLHRealSpinOrbit_r0_p": 1.2575552286,
  "WLHRealSpinOrbit_r1_p": 0.8325541805,
  "WLHRealSpinOrbit_a0_p": 0.7841282846,
  "WLHRealSpinOrbit_a1_p": 0.0003663556,
  "WLHRealSpinOrbit_V0_n": 10.212795138,
  "WLHRealSpinOrbit_V1_n": 0.0091518869,
  "WLHRealSpinOrbit_r0_n": 1.2646333044,
  "WLHRealSpinOrbit_r1_n": 0.8820928028,
  "WLHRealSpinOrbit_a0_n": 0.810242416,
  "WLHRealSpinOrbit_a1_n": 0.0002978035
}