{
  "WLHReal_V0_p": 53.6995854953,
  "WLHReal_V1_p": 0.2757398529,
  "WLHReal_V2_p": 5.41842e-05,
  "WLHReal_V3_p": 3.482e-07,
  "WLHReal_V4_p": 14.856733617,
  "WLHReal_V5_p": 0.1065707853,
  "WLHReal_V6_p": 0.0002348818,
  "WLHReal_r0_p": 1.2352191801,
  "WLHReal_r1_p": 0.1478427367,
  "WLHReal_r2_p": 0.0009100646,
  "WLHReal_r3_p": 9.0579e-06,
  "WLHReal_a0_p": 0.7559376978,
  "WLHReal_a1_p": 5.21657e-05,
  "WLHReal_a2_p": 5.9457e-06,
  "WLHReal_a3_p": 0.0376228625,
  "WLHReal_a4_p": 0.560339758,
  "WLHReal_V0_n": 54.1040099349,
  "WLHReal_V1_n": 0.2895483209,
  "WLHReal_V2_n": 0.0003115586,
  "WLHReal_V3_n": 1.401e-07,
  "WLHReal_V4_n": 22.0234170921,
  "WLHReal_V5_n": 0.2403327345,
  "WLHReal_V6_n": 0.0005790944,
  "WLHReal_r0_n": 1.239745315,
  "WLHReal_r1_n": 0.2556912044,
  "WLHReal_r2_n": 0.0006099625,
  "WLHReal_r3_n": 3.6187e-06,
  "WLHReal_a0_n": 0.7132546764,
  "WLHReal_a1_n": 0.0004373793,
  "WLHReal_a2_n": 3.2797e-06,
  "WLHReal_a3_n": 0.2642370887,
  "WLHReal_a4_n": 0.7782414719,
  "WLHImagVolume_W0_p": 3.5960202097,
  "WLHImagVolume_W1_p": 0.1716059903,
  "WLHImagVolume_W2_p": -2.65447e-05,
  "WLHImagVolume_W3_p": 10.9257080624,
  "WLHImagVolume_W4_p": 0.0583275789,
  "WLHImagVolume_r0_p": 0.8915593983,
  "WLHImagVolume_r1_p": 19.4251995881,
  "WLHImagVolume_r2_p": 0.3199310427,
  "WLHImagVolume_r3_p": 41.8143100125,
  "WLHImagVolume_r4_p": 0.913448272,
  "WLHImagVolume_r5_p": 2.4771e-06,
  "WLHImagVolume_a0_p": 0.5567593848,
  "WLHImagVolume_a1_p": 0.222566363,
  "WLHImagVolume_a2_p": 10.1727003485,
  "WLHImagVolume_a3_p": 0.4221309583,
  "WLHImagVolume_a4_p": 0.0024254601,
  "WLHImagVolume_W0_n": 2.1737125076,
  "WLHImagVolume_W1_n": 0.1992229133,
  "WLHImagVolume_W2_n": 0.0002274349,
  "WLHImagVolume_W3_n": 7.7922806221,
  "WLHImagVolume_W4_n": 0.0267905295,
  "WLHImagVolume_r0_n": 0.5784929471,
  "WLHImagVolume_r1_n": 69.3543949982,
  "WLHImagVolume_r2_n": 0.6550126249,
  "WLHImagVolume_r3_n": 70.1781993822,
  "WLHImagVolume_r4_n": 0.9261463517,
  "WLHImagVolume_r5_n": 2.7317e-06,
  "WLHImagVolume_a0_n": 0.1870627103,
  "WLHImagVolume_a1_n": 0.6132337394,
  "WLHImagVolume_a2_n": 9.406398132,
  "WLHImagVolume_a3_n": 0.0586088048,
  "WLHImagVolume_a4_n": 0.0006127742,
  "WLHImagSurface_W0_p": 0.5929246792,
  "WLHImagSurface_W1_p": -0.0087111358,
  "WLHImagSurface_W2_p": -0.2985997591,
  "WLHImagSurface_W3_p": -0.0603806393,
  "WLHImagSurface_r0_p": 0.881468861,
  "WLHImagSurface_r1_p": 0.3044202547,
  "WLHImagSurface_r2_p": 0.0050407846,
  "WLHImagSurface_a0_p": 0.7100957858,
  "WLHImagSurface_W0_n": 1.4568327009,
  "WLHImagSurface_W1_n": 0.0176744642,
  "WLHImagSurface_W2_n": 1.6406124951,
  "WLHImagSurface_W3_n": 0.0655500283,
  "WLHImagSurface_r0_n": 1.2649533663,
  "WLHImagSurface_r1_n": 1.2757082101,
  "WLHImagSurface_r2_n": 0.0039928225,
  "WLHImagSurface_a0_n": 0.8251125497,
  "WLHRealSpinOrbit_V0_p": 10.4459979765,
  "WLHRealSpinOrbit_V1_p": 0.0090111677,
  "WLHRealSpinOrbit_r0_p": 1.2375182063,
  "WLHRealSpinOrbit_r1_p": 0.8215655931,
  "WLHRealSpinOrbit_a0_p": 0.7849731525,
  "WLHRealSpinOrbit_a1_p": 0.0003383681,
  "WLHRealSpinOrbit_V0_n": 10.0745737268,
  "WLHRealSpinOrbit_V1_n": 0.0084376867,
  "WLHRealSpinOrbit_r0_n": 1.2229691314,
  "WLHRealSpinOrbit_r1_n": 0.787992188,
  "WLHRealSpinOrbit_a0_n": 0.7643016508,
  "WLHRealSpinOrbit_a1_n": 0.0003537609
}