{
  "WLHReal_V0_p": 48.341422975,
  "WLHReal_V1_p": 0.2782815185,
  "WLHReal_V2_p": -0.0008490503,
  "WLHReal_V3_p": 4.2983e-06,
  "WLHReal_V4_p": 11.1390293187,
  "WLHReal_V5_p": 0.1128037348,
  "WLHReal_V6_p": 0.0005091334,
  "WLHReal_r0_p": 1.364309636,
  "WLHReal_r1_p": 0.2242952329,
  "WLHReal_r2_p": 0.0010594071,
  "WLHReal_r3_p": 1.25981e-05,
  "WLHReal_a0_p": 0.7992196719,
  "WLHReal_a1_p": -0.0001288269,
  "WLHReal_a2_p": 1.21738e-05,
  "WLHReal_a3_p": -0.0443263939,
  "WLHReal_a4_p": 0.5149374602,
  "WLHReal_V0_n": 51.218041771,
  "WLHReal_V1_n": 0.2686960097,
  "WLHReal_V2_n": 0.0003432019,
  "WLHReal_V3_n": 1.58e-08,
  "WLHReal_V4_n": 22.8863759142,
  "WLHReal_V5_n": 0.2175719034,
  "WLHReal_V6_n": 0.0005694265,
  "WLHReal_r0_n": 1.2119604192,
  "WLHReal_r1_n": 0.1188802965,
  "WLHReal_r2_n": 0.0007454794,
  "WLHReal_r3_n": 6.4012e-06,
  "WLHReal_a0_n": 0.7088233233,
  "WLHReal_a1_n": 0.0006959962,
  "WLHReal_a2_n": 7.9255e-06,
  "WLHReal_a3_n": 0.3754347676,
  "WLHReal_a4_n": 0.958640775,
  "WLHImagVolume_W0_p": 5.0724970663,
  "WLHImagVolume_W1_p": 0.1632634471,
  "WLHImagVolume_W2_p": 0.0002118228,
  "WLHImagVolume_W3_p": 7.8492759,
  "WLHImagVolume_W4_p": 0.0704524071,
  "WLHImagVolume_r0_p": 0.784824587,
  "WLHImagVolume_r1_p": 43.8885623989,
  "WLHImagVolume_r2_p": 0.5654032557,
  "WLHImagVolume_r3_p": 61.8475577408,
  "WLHImagVolume_r4_p": 0.6201079342,
  "WLHImagVolume_r5_p": 5.128e-07,
  "WLHImagVolume_a0_p": 0.5926729129,
  "WLHImagVolume_a1_p": 0.2771492336,
  "WLHImagVolume_a2_p": 16.2533151062,
  "WLHImagVolume_a3_p": 0.4196591168,
  "WLHImagVolume_a4_p": 0.0026573855,
  "WLHImagVolume_W0_n": 1.6151046276,
  "WLHImagVolume_W1_n": 0.0913302201,
  "WLHImagVolume_W2_n": -0.0001149509,
  "WLHImagVolume_W3_n": 6.4996226281,
  "WLHImagVolume_W4_n": -0.0202841364,
  "WLHImagVolume_r0_n": 0.6219288766,
  "WLHImagVolume_r1_n": 72.783628328,
  "WLHImagVolume_r2_n": 0.5893896319,
  "WLHImagVolume_r3_n": 67.9139081983,
  "WLHImagVolume_r4_n": 0.8935130199,
  "WLHImagVolume_r5_n": 1.8307e-06,
  "WLHImagVolume_a0_n": 0.155769759,
  "WLHImagVolume_a1_n": 0.612434304,
  "WLHImagVolume_a2_n": 11.3576069481,
  "WLHImagVolume_a3_n": 0.071173957,
  "WLHImagVolume_a4_n": 0.0002742029,
  "WLHImagSurface_W0_p": 0.62335922,
  "WLHImagSurface_W1_p": 0.013086995,
  "WLHImagSurface_W2_p": -0.089758263,
  "WLHImagSurface_W3_p": 0.0294711869,
  "WLHImagSurface_r0_p": 0.835838394,
  "WLHImagSurface_r1_p": -0.1808661921,
  "WLHImagSurface_r2_p": -0.0006678909,
  "WLHImagSurface_a0_p": 0.8369801503,
  "WLHImagSurface_W0_n": 0.9085869744,
  "WLHImagSurface_W1_n": -0.0026299332,
  "WLHImagSurface_W2_n": 0.1248911673,
  "WLHImagSurface_W3_n": -0.0011230669,
  "WLHImagSurface_r0_n": 1.2656071667,
  "WLHImagSurface_r1_n": 1.1160128055,
  "WLHImagSurface_r2_n": 0.003686765,
  "WLHImagSurface_a0_n": 0.8312607845,
  "WLHRealSpinOrbit_V0_p": 8.9538228937,
  "WLHRealSpinOrbit_V1_p": 0.0086379621,
  "WLHRealSpinOrbit_r0_p": 1.3578573105,
  "WLHRealSpinOrbit_r1_p": 0.9883568402,
  "WLHRealSpinOrbit_a0_p": 0.8632046914,
  "WLHRealSpinOrbit_a1_p": 0.0003589907,
  "WLHRealSpinOrbit_V0_n": 10.2408967503,
  "WLHRealSpinOrbit_V1_n": 0.0085316418,
  "WLHRealSpinOrbit_r0_n": 1.2152278101,
  "WLHRealSpinOrbit_r1_n": 0.776539674,
  "WLHRealSpinOrbit_a0_n": 0.7608186604,
  "WLHRealSpinOrbit_a1_n": 0.0003600582
}