{
  "WLHReal_V0_p": 49.9666531407,
  "WLHReal_V1_p": 0.248259388,
  "WLHReal_V2_p": -0.0004937954,
  "WLHReal_V3_p": 3.1585e-06,
  "WLHReal_V4_p": 13.7087567148,
  "WLHReal_V5_p": 0.1264285656,
  "WLHReal_V6_p": 0.0004385672,
  "WLHReal_r0_p": 1.3247914157,
  "WLHReal_r1_p": 0.2601328324,
  "WLHReal_r2_p": 0.0007218414,
  "WLHReal_r3_p": 8.6836e-06,
  "WLHReal_a0_p": 0.7753530115,
  "WLHReal_a1_p": 4.7203e-06,
  "WLHReal_a2_p": 7.3826e-06,
  "WLHReal_a3_p": -0.0313794062,
  "WLHReal_a4_p": 0.4357830527,
  "WLHReal_V0_n": 50.6541937188,
  "WLHReal_V1_n": 0.2865890395,
  "WLHReal_V2_n": -0.0008927532,
  "WLHReal_V3_n": 5.0644e-06,
  "WLHReal_V4_n": 20.2072926708,
  "WLHReal_V5_n": 0.3267986195,
  "WLHReal_V6_n": 0.0016700345,
  "WLHReal_r0_n": 1.3411465265,
  "WLHReal_r1_n": 0.2938938663,
  "WLHReal_r2_n": 0.0013459878,
  "WLHReal_r3_n": 1.64939e-05,
  "WLHReal_a0_n": 0.7734219475,
  "WLHReal_a1_n": 0.0014443913,
  "WLHReal_a2_n": 2.00814e-05,
  "WLHReal_a3_n": 0.3582334043,
  "WLHReal_a4_n": 1.1161458684,
  "WLHImagVolume_W0_p": 4.2107693056,
  "WLHImagVolume_W1_p": 0.1434078155,
  "WLHImagVolume_W2_p": -3.66759e-05,
  "WLHImagVolume_W3_p": 7.3004042077,
  "WLHImagVolume_W4_p": 0.0649025786,
  "WLHImagVolume_r0_p": 0.8570828067,
  "WLHImagVolume_r1_p": 20.9534635074,
  "WLHImagVolume_r2_p": 0.4325227506,
  "WLHImagVolume_r3_p": 37.8981191722,
  "WLHImagVolume_r4_p": 0.7428395651,
  "WLHImagVolume_r5_p": 1.6054e-06,
  "WLHImagVolume_a0_p": 0.5882046623,
  "WLHImagVolume_a1_p": 0.2359912205,
  "WLHImagVolume_a2_p": 11.7861024591,
  "WLHImagVolume_a3_p": 0.4337186623,
  "WLHImagVolume_a4_p": 0.0027591091,
  "WLHImagVolume_W0_n": 3.7568964436,
  "WLHImagVolume_W1_n": 0.2746689162,
  "WLHImagVolume_W2_n": 0.0007040831,
  "WLHImagVolume_W3_n": 9.8594719433,
  "WLHImagVolume_W4_n": 0.0121764328,
  "WLHImagVolume_r0_n": 0.5699379781,
  "WLHImagVolume_r1_n": 92.9010009703,
  "WLHImagVolume_r2_n": 0.7670559301,
  "WLHImagVolume_r3_n": 105.2409804375,
  "WLHImagVolume_r4_n": 0.8813979836,
  "WLHImagVolume_r5_n": 4.663e-06,
  "WLHImagVolume_a0_n": 0.2845170534,
  "WLHImagVolume_a1_n": 0.5447542047,
  "WLHImagVolume_a2_n": 3.7564665471,
  "WLHImagVolume_a3_n": 0.0295005686,
  "WLHImagVolume_a4_n": 0.0001753892,
  "WLHImagSurface_W0_p": 0.7099540005,
  "WLHImagSurface_W1_p": 0.0181229214,
  "WLHImagSurface_W2_p": 0.7165832865,
  "WLHImagSurface_W3_p": 0.0574160703,
  "WLHImagSurface_r0_p": 0.8098383971,
  "WLHImagSurface_r1_p": 0.0217736812,
  "WLHImagSurface_r2_p": 0.0023139022,
  "WLHImagSurface_a0_p": 0.6821595076,
  "WLHImagSurface_W0_n": 1.8114103821,
  "WLHImagSurface_W1_n": 0.0617887377,
  "WLHImagSurface_W2_n": 2.6564668247,
  "WLHImagSurface_W3_n": 0.2091431641,
  "WLHImagSurface_r0_n": 1.3127564139,
  "WLHImagSurface_r1_n": 1.6753021609,
  "WLHImagSurface_r2_n": 0.0020759659,
  "WLHImagSurface_a0_n": 0.8790654377,
  "WLHRealSpinOrbit_V0_p": 9.5438667065,
  "WLHRealSpinOrbit_V1_p": 0.0087100935,
  "WLHRealSpinOrbit_r0_p": 1.3146641246,
  "WLHRealSpinOrbit_r1_p": 0.9082866924,
  "WLHRealSpinOrbit_a0_p": 0.8286307752,
  "WLHRealSpinOrbit_a1_p": 0.0003817346,
  "WLHRealSpinOrbit_V0_n": 9.2570184207,
  "WLHRealSpinOrbit_V1_n": 0.0087912685,
  "WLHRealSpinOrbit_r0_n": 1.3338576304,
  "WLHRealSpinOrbit_r1_n": 0.9682860497,
  "WLHRealSpinOrbit_a0_n": 0.8517782858,
  "WLHRealSpinOrbit_a1_n": 0.0003315289
}