{
  "WLHReal_V0_p": 57.814006285,
  "WLHReal_V1_p": 0.3446988691,
  "WLHReal_V2_p": 0.0003944187,
  "WLHReal_V3_p": 1.3829e-06,
  "WLHReal_V4_p": 12.6452060819,
  "WLHReal_V5_p": 0.1635232272,
  "WLHReal_V6_p": 0.0002284913,
  "WLHReal_r0_p": 1.3036884411,
  "WLHReal_r1_p": 0.4441590963,
  "WLHReal_r2_p": 0.0005556831,
  "WLHReal_r3_p": 5.563e-07,
  "WLHReal_a0_p": 0.7804181284,
  "WLHReal_a1_p": 0.0003321508,
  "WLHReal_a2_p": 9.19e-08,
  "WLHReal_a3_p": 0.1286482012,
  "WLHReal_a4_p": 0.6075669553,
  "WLHReal_V0_n": 52.1998236337,
  "WLHReal_V1_n": 0.2903623719,
  "WLHReal_V2_n": -0.0007814614,
  "WLHReal_V3_n": 4.7035e-06,
  "WLHReal_V4_n": 19.9929061329,
  "WLHReal_V5_n": 0.3294117575,
  "WLHReal_V6_n": 0.0015271432,
  "WLHReal_r0_n": 1.3531196517,
  "WLHReal_r1_n": 0.3848626315,
  "WLHReal_r2_n": 0.0011482334,
  "WLHReal_r3_n": 1.26545e-05,
  "WLHReal_a0_n": 0.7677757089,
  "WLHReal_a1_n": 0.0011512948,
  "WLHReal_a2_n": 1.57342e-05,
  "WLHReal_a3_n": 0.2734047263,
  "WLHReal_a4_n": 0.9409886948,
  "WLHImagVolume_W0_p": 4.2710840475,
  "WLHImagVolume_W1_p": 0.3166251119,
  "WLHImagVolume_W2_p": 0.0007597746,
  "WLHImagVolume_W3_p": 15.0030247192,
  "WLHImagVolume_W4_p": 0.0931925299,
  "WLHImagVolume_r0_p": 0.3357524557,
  "WLHImagVolume_r1_p": 75.1419324987,
  "WLHImagVolume_r2_p": 0.8999127622,
  "WLHImagVolume_r3_p": 74.7310027066,
  "WLHImagVolume_r4_p": 0.4233836745,
  "WLHImagVolume_r5_p": 6.445e-07,
  "WLHImagVolume_a0_p": 0.526960659,
  "WLHImagVolume_a1_p": 0.3175264802,
  "WLHImagVolume_a2_p": 17.4090414766,
  "WLHImagVolume_a3_p": 0.3982990223,
  "WLHImagVolume_a4_p": 0.002008724,
  "WLHImagVolume_W0_n": 3.6917855198,
  "WLHImagVolume_W1_n": 0.3182364394,
  "WLHImagVolume_W2_n": 0.0008145707,
  "WLHImagVolume_W3_n": 9.9384335817,
  "WLHImagVolume_W4_n": 0.0352168445,
  "WLHImagVolume_r0_n": 0.5374768435,
  "WLHImagVolume_r1_n": 89.4930986076,
  "WLHImagVolume_r2_n": 0.8053908569,
  "WLHImagVolume_r3_n": 102.4974813158,
  "WLHImagVolume_r4_n": 0.9054135448,
  "WLHImagVolume_r5_n": 5.0289e-06,
  "WLHImagVolume_a0_n": 0.2907918361,
  "WLHImagVolume_a1_n": 0.5587574945,
  "WLHImagVolume_a2_n": 3.8023607903,
  "WLHImagVolume_a3_n": 0.0389737191,
  "WLHImagVolume_a4_n": 0.0005445546,
  "WLHImagSurface_W0_p": 1.3993403768,
  "WLHImagSurface_W1_p": 0.0887158226,
  "WLHImagSurface_W2_p": 2.3096095729,
  "WLHImagSurface_W3_p": 0.3380464851,
  "WLHImagSurface_r0_p": 1.1377636464,
  "WLHImagSurface_r1_p": 1.0660264961,
  "WLHImagSurface_r2_p": 0.0070360255,
  "WLHImagSurface_a0_p": 0.7997829203,
  "WLHImagSurface_W0_n": 1.9851416177,
  "WLHImagSurface_W1_n": 0.0654553152,
  "WLHImagSurface_W2_n": 3.3783105038,
  "WLHImagSurface_W3_n": 0.2280942845,
  "WLHImagSurface_r0_n": 1.3102752452,
  "WLHImagSurface_r1_n": 1.7051171597,
  "WLHImagSurface_r2_n": 0.0024050896,
  "WLHImagSurface_a0_n": 0.8713618978,
  "WLHRealSpinOrbit_V0_p": 9.4675999643,
  "WLHRealSpinOrbit_V1_p": 0.0079515275,
  "WLHRealSpinOrbit_r0_p": 1.2365287687,
  "WLHRealSpinOrbit_r1_p": 0.8051916438,
  "WLHRealSpinOrbit_a0_p": 0.7663990256,
  "WLHRealSpinOrbit_a1_p": 0.0003505888,
  "WLHRealSpinOrbit_V0_n": 9.1837801127,
  "WLHRealSpinOrbit_V1_n": 0.0086285745,
  "WLHRealSpinOrbit_r0_n": 1.3301317859,
  "WLHRealSpinOrbit_r1_n": 0.9534583777,
  "WLHRealSpinOrbit_a0_n": 0.8441142066,
  "WLHRealSpinOrbit_a1_n": 0.0003423197
}