{
  "WLHReal_V0_p": 48.7067875492,
  "WLHReal_V1_p": 0.2516265136,
  "WLHReal_V2_p": -0.0013311843,
  "WLHReal_V3_p": 5.4222e-06,
  "WLHReal_V4_p": 11.0292729986,
  "WLHReal_V5_p": 0.1408498101,
  "WLHReal_V6_p": 0.0007497821,
  "WLHReal_r0_p": 1.404217208,
  "WLHReal_r1_p": 0.2975049118,
  "WLHReal_r2_p": 0.0010654222,
  "WLHReal_r3_p": 1.48247e-05,
  "WLHReal_a0_p": 0.8212875276,
  "WLHReal_a1_p": 2.9135e-05,
  "WLHReal_a2_p": 1.29808e-05,
  "WLHReal_a3_p": -0.081746772,
  "WLHReal_a4_p": 0.4749303627,
  "WLHReal_V0_n": 54.0297031378,
  "WLHReal_V1_n": 0.3115821621,
  "WLHReal_V2_n": -0.0006859841,
  "WLHReal_V3_n": 4.6522e-06,
  "WLHReal_V4_n": 19.8873649254,
  "WLHReal_V5_n": 0.3277756812,
  "WLHReal_V6_n": 0.0015068574,
  "WLHReal_r0_n": 1.3312136955,
  "WLHReal_r1_n": 0.3605207767,
  "WLHReal_r2_n": 0.0011621184,
  "WLHReal_r3_n": 1.21066e-05,
  "WLHReal_a0_n": 0.7672730396,
  "WLHReal_a1_n": 0.0011068805,
  "WLHReal_a2_n": 1.49888e-05,
  "WLHReal_a3_n": 0.276954031,
  "WLHReal_a4_n": 0.9707834385,
  "WLHImagVolume_W0_p": 6.3400505098,
  "WLHImagVolume_W1_p": 0.2092145796,
  "WLHImagVolume_W2_p": 0.0001426416,
  "WLHImagVolume_W3_p": 7.2301606159,
  "WLHImagVolume_W4_p": 0.0964606213,
  "WLHImagVolume_r0_p": 0.9274927261,
  "WLHImagVolume_r1_p": 16.547712567,
  "WLHImagVolume_r2_p": 0.4429950929,
  "WLHImagVolume_r3_p": 36.2190651686,
  "WLHImagVolume_r4_p": 0.7386308993,
  "WLHImagVolume_r5_p": 1.0913e-06,
  "WLHImagVolume_a0_p": 0.674018279,
  "WLHImagVolume_a1_p": 0.2107921395,
  "WLHImagVolume_a2_p": 10.5117333532,
  "WLHImagVolume_a3_p": 0.5115722401,
  "WLHImagVolume_a4_p": 0.0040725388,
  "WLHImagVolume_W0_n": 4.1387837309,
  "WLHImagVolume_W1_n": 0.3495588941,
  "WLHImagVolume_W2_n": 0.0008852913,
  "WLHImagVolume_W3_n": 10.9914249742,
  "WLHImagVolume_W4_n": 0.0551048014,
  "WLHImagVolume_r0_n": 0.5584213721,
  "WLHImagVolume_r1_n": 82.9619031059,
  "WLHImagVolume_r2_n": 0.7676899931,
  "WLHImagVolume_r3_n": 99.5579484188,
  "WLHImagVolume_r4_n": 0.9233285766,
  "WLHImagVolume_r5_n": 4.3442e-06,
  "WLHImagVolume_a0_n": 0.2909531838,
  "WLHImagVolume_a1_n": 0.5490197533,
  "WLHImagVolume_a2_n": 2.7493176728,
  "WLHImagVolume_a3_n": 0.0088983797,
  "WLHImagVolume_a4_n": 0.0003499986,
  "WLHImagSurface_W0_p": 0.2721869301,
  "WLHImagSurface_W1_p": -0.0073019005,
  "WLHImagSurface_W2_p": -0.2301953892,
  "WLHImagSurface_W3_p": -0.0236525694,
  "WLHImagSurface_r0_p": 0.6080232756,
  "WLHImagSurface_r1_p": -0.3880606576,
  "WLHImagSurface_r2_p": -0.0033359195,
  "WLHImagSurface_a0_p": 0.6230337506,
  "WLHImagSurface_W0_n": 2.2421504378,
  "WLHImagSurface_W1_n": 0.0709148819,
  "WLHImagSurface_W2_n": 3.5238045894,
  "WLHImagSurface_W3_n": 0.2305866339,
  "WLHImagSurface_r0_n": 1.2963886692,
  "WLHImagSurface_r1_n": 1.7285656203,
  "WLHImagSurface_r2_n": 0.0027160003,
  "WLHImagSurface_a0_n": 0.8621126105,
  "WLHRealSpinOrbit_V0_p": 9.0772274513,
  "WLHRealSpinOrbit_V1_p": 0.0090980029,
  "WLHRealSpinOrbit_r0_p": 1.3935423194,
  "WLHRealSpinOrbit_r1_p": 1.0412805625,
  "WLHRealSpinOrbit_a0_p": 0.8934544134,
  "WLHRealSpinOrbit_a1_p": 0.000356744,
  "WLHRealSpinOrbit_V0_n": 9.4137008559,
  "WLHRealSpinOrbit_V1_n": 0.0087748989,
  "WLHRealSpinOrbit_r0_n": 1.3123865991,
  "WLHRealSpinOrbit_r1_n": 0.9434617818,
  "WLHRealSpinOrbit_a0_n": 0.8375797195,
  "WLHRealSpinOrbit_a1_n": 0.0003149886
}