{
  "WLHReal_V0_p": 54.021271486,
  "WLHReal_V1_p": 0.3265950891,
  "WLHReal_V2_p": -0.0003977692,
  "WLHReal_V3_p": 3.5563e-06,
  "WLHReal_V4_p": 10.9104603898,
  "WLHReal_V5_p": 0.1436546599,
  "WLHReal_V6_p": 0.0004433255,
  "WLHReal_r0_p": 1.347304824,
  "WLHReal_r1_p": 0.3429139394,
  "WLHReal_r2_p": 0.0009791404,
  "WLHReal_r3_p": 8.9398e-06,
  "WLHReal_a0_p": 0.8059225871,
  "WLHReal_a1_p": 0.0001524451,
  "WLHReal_a2_p": 7.5167e-06,
  "WLHReal_a3_p": 0.0486559799,
  "WLHReal_a4_p": 0.6185628244,
  "WLHReal_V0_n": 53.5340942728,
  "WLHReal_V1_n": 0.278435103,
  "WLHReal_V2_n": -7.11761e-05,
  "WLHReal_V3_n": 1.5814e-06,
  "WLHReal_V4_n": 21.6709497546,
  "WLHReal_V5_n": 0.2698845598,
  "WLHReal_V6_n": 0.0008962509,
  "WLHReal_r0_n": 1.2748280006,
  "WLHReal_r1_n": 0.2999784046,
  "WLHReal_r2_n": 0.0007732758,
  "WLHReal_r3_n": 7.0388e-06,
  "WLHReal_a0_n": 0.7310667404,
  "WLHReal_a1_n": 0.0006321779,
  "WLHReal_a2_n": 7.2246e-06,
  "WLHReal_a3_n": 0.2689174064,
  "WLHReal_a4_n": 0.8236069174,
  "WLHImagVolume_W0_p": 5.4687729033,
  "WLHImagVolume_W1_p": 0.2894499465,
  "WLHImagVolume_W2_p": 0.0006304943,
  "WLHImagVolume_W3_p": 12.8216204726,
  "WLHImagVolume_W4_p": 0.0966408385,
  "WLHImagVolume_r0_p": 0.5554402401,
  "WLHImagVolume_r1_p": 61.4822157524,
  "WLHImagVolume_r2_p": 0.7507520409,
  "WLHImagVolume_r3_p": 71.1276892113,
  "WLHImagVolume_r4_p": 0.5313226356,
  "WLHImagVolume_r5_p": 8.296e-07,
  "WLHImagVolume_a0_p": 0.5855831094,
  "WLHImagVolume_a1_p": 0.2896128084,
  "WLHImagVolume_a2_p": 16.3274084535,
  "WLHImagVolume_a3_p": 0.4380188972,
  "WLHImagVolume_a4_p": 0.0027785942,
  "WLHImagVolume_W0_n": 2.6558475604,
  "WLHImagVolume_W1_n": 0.2341848891,
  "WLHImagVolume_W2_n": 0.0003360759,
  "WLHImagVolume_W3_n": 8.5696190113,
  "WLHImagVolume_W4_n": 0.0253838984,
  "WLHImagVolume_r0_n": 0.5979505437,
  "WLHImagVolume_r1_n": 67.6836342901,
  "WLHImagVolume_r2_n": 0.6678001998,
  "WLHImagVolume_r3_n": 75.8230966468,
  "WLHImagVolume_r4_n": 0.981097679,
  "WLHImagVolume_r5_n": 3.5619e-06,
  "WLHImagVolume_a0_n": 0.2298420641,
  "WLHImagVolume_a1_n": 0.589571212,
  "WLHImagVolume_a2_n": 7.8255723478,
  "WLHImagVolume_a3_n": 0.0595413839,
  "WLHImagVolume_a4_n": 0.0007558093,
  "WLHImagSurface_W0_p": 0.8536214848,
  "WLHImagSurface_W1_p": 0.0400484205,
  "WLHImagSurface_W2_p": 0.624447054,
  "WLHImagSurface_W3_p": 0.147178375,
  "WLHImagSurface_r0_p": 0.9407854796,
  "WLHImagSurface_r1_p": 0.4152180457,
  "WLHImagSurface_r2_p": 0.0017325717,
  "WLHImagSurface_a0_p": 0.8057332213,
  "WLHImagSurface_W0_n": 1.4663626578,
  "WLHImagSurface_W1_n": 0.0269409564,
  "WLHImagSurface_W2_n": 1.8786941224,
  "WLHImagSurface_W3_n": 0.1010495136,
  "WLHImagSurface_r0_n": 1.265770027,
  "WLHImagSurface_r1_n": 1.3707812201,
  "WLHImagSurface_r2_n": 0.0033743824,
  "WLHImagSurface_a0_n": 0.8405822333,
  "WLHRealSpinOrbit_V0_p": 9.2022014726,
  "WLHRealSpinOrbit_V1_p": 0.0084677027,
  "WLHRealSpinOrbit_r0_p": 1.3079933708,
  "WLHRealSpinOrbit_r1_p": 0.9266125326,
  "WLHRealSpinOrbit_a0_p": 0.8281006217,
  "WLHRealSpinOrbit_a1_p": 0.0003319138,
  "WLHRealSpinOrbit_V0_n": 9.9260690923,
  "WLHRealSpinOrbit_V1_n": 0.0086131269,
  "WLHRealSpinOrbit_r0_n": 1.2563324866,
  "WLHRealSpinOrbit_r1_n": 0.8376537971,
  "WLHRealSpinOrbit_a0_n": 0.7899405345,
  "WLHRealSpinOrbit_a1_n": 0.0003527994
}