{
  "WLHReal_V0_p": 51.8027904653,
  "WLHReal_V1_p": 0.3286953807,
  "WLHReal_V2_p": -0.0005219558,
  "WLHReal_V3_p": 4.3702e-06,
  "WLHReal_V4_p": 9.9965915165,
  "WLHReal_V5_p": 0.1402708997,
  "WLHReal_V6_p": 0.0004565957,
  "WLHReal_r0_p": 1.3814939883,
  "WLHReal_r1_p": 0.3647683223,
  "WLHReal_r2_p": 0.0009319745,
  "WLHReal_r3_p": 9.4487e-06,
  "WLHReal_a0_p": 0.8101284586,
  "WLHReal_a1_p": 4.65071e-05,
  "WLHReal_a2_p": 8.3676e-06,
  "WLHReal_a3_p": 0.0283787075,
  "WLHReal_a4_p": 0.5851497414,
  "WLHReal_V0_n": 51.6278662644,
  "WLHReal_V1_n": 0.2967270256,
  "WLHReal_V2_n": -0.0010668713,
  "WLHReal_V3_n": 5.1908e-06,
  "WLHReal_V4_n": 19.8481583556,
  "WLHReal_V5_n": 0.3448012674,
  "WLHReal_V6_n": 0.0018578146,
  "WLHReal_r0_n": 1.3484389716,
  "WLHReal_r1_n": 0.3056152317,
  "WLHReal_r2_n": 0.0014628019,
  "WLHReal_r3_n": 1.87904e-05,
  "WLHReal_a0_n": 0.7845918844,
  "WLHReal_a1_n": 0.0015402825,
  "WLHReal_a2_n": 2.37265e-05,
  "WLHReal_a3_n": 0.3626702229,
  "WLHReal_a4_n": 1.1667826122,
  "WLHImagVolume_W0_p": 5.3835073269,
  "WLHImagVolume_W1_p": 0.2602808247,
  "WLHImagVolume_W2_p": 0.0006950506,
  "WLHImagVolume_W3_p": 11.3806941218,
  "WLHImagVolume_W4_p": 0.090220039,
  "WLHImagVolume_r0_p": 0.466268939,
  "WLHImagVolume_r1_p": 77.1299435053,
  "WLHImagVolume_r2_p": 0.8793781094,
  "WLHImagVolume_r3_p": 83.4055084112,
  "WLHImagVolume_r4_p": 0.3774918602,
  "WLHImagVolume_r5_p": 2.695e-07,
  "WLHImagVolume_a0_p": 0.5682780443,
  "WLHImagVolume_a1_p": 0.3300618847,
  "WLHImagVolume_a2_p": 20.1796204595,
  "WLHImagVolume_a3_p": 0.4038341333,
  "WLHImagVolume_a4_p": 0.0023459512,
  "WLHImagVolume_W0_n": 4.3987559983,
  "WLHImagVolume_W1_n": 0.3214171444,
  "WLHImagVolume_W2_n": 0.0008418507,
  "WLHImagVolume_W3_n": 11.1231038703,
  "WLHImagVolume_W4_n": 0.0267079258,
  "WLHImagVolume_r0_n": 0.5922383626,
  "WLHImagVolume_r1_n": 88.3390117987,
  "WLHImagVolume_r2_n": 0.7541414833,
  "WLHImagVolume_r3_n": 107.5335328022,
  "WLHImagVolume_r4_n": 0.9205532264,
  "WLHImagVolume_r5_n": 4.8801e-06,
  "WLHImagVolume_a0_n": 0.3111218584,
  "WLHImagVolume_a1_n": 0.523336961,
  "WLHImagVolume_a2_n": 1.9183118138,
  "WLHImagVolume_a3_n": 0.0070624733,
  "WLHImagVolume_a4_n": 0.0001031845,
  "WLHImagSurface_W0_p": 1.0472083658,
  "WLHImagSurface_W1_p": 0.0614807808,
  "WLHImagSurface_W2_p": 1.0799944347,
  "WLHImagSurface_W3_p": 0.225316144,
  "WLHImagSurface_r0_p": 1.0039604336,
  "WLHImagSurface_r1_p": 0.3342616511,
  "WLHImagSurface_r2_p": 0.0010476839,
  "WLHImagSurface_a0_p": 0.9029867424,
  "WLHImagSurface_W0_n": 2.0335351743,
  "WLHImagSurface_W1_n": 0.0728744874,
  "WLHImagSurface_W2_n": 2.9788834254,
  "WLHImagSurface_W3_n": 0.2371296375,
  "WLHImagSurface_r0_n": 1.3053797864,
  "WLHImagSurface_r1_n": 1.7619592128,
  "WLHImagSurface_r2_n": 0.0019198767,
  "WLHImagSurface_a0_n": 0.8822409173,
  "WLHRealSpinOrbit_V0_p": 8.6124182768,
  "WLHRealSpinOrbit_V1_p": 0.0081126922,
  "WLHRealSpinOrbit_r0_p": 1.3379393994,
  "WLHRealSpinOrbit_r1_p": 0.9595793962,
  "WLHRealSpinOrbit_a0_p": 0.8423173753,
  "WLHRealSpinOrbit_a1_p": 0.0003512946,
  "WLHRealSpinOrbit_V0_n": 9.3043995147,
  "WLHRealSpinOrbit_V1_n": 0.0089921738,
  "WLHRealSpinOrbit_r0_n": 1.3428475949,
  "WLHRealSpinOrbit_r1_n": 0.9938691945,
  "WLHRealSpinOrbit_a0_n": 0.8636869015,
  "WLHRealSpinOrbit_a1_n": 0.0003111714
}