{
  "WLHReal_V0_p": 49.199302388,
  "WLHReal_V1_p": 0.2924483379,
  "WLHReal_V2_p": -0.0013937345,
  "WLHReal_V3_p": 6.9063e-06,
  "WLHReal_V4_p": 8.812480994,
  "WLHReal_V5_p": 0.1567864679,
  "WLHReal_V6_p": 0.0007876031,
  "WLHReal_r0_p": 1.4558899371,
  "WLHReal_r1_p": 0.4019109946,
  "WLHReal_r2_p": 0.0010762467,
  "WLHReal_r3_p": 1.36145e-05,
  "WLHReal_a0_p": 0.8431125432,
  "WLHReal_a1_p": 6.14247e-05,
  "WLHReal_a2_p": 1.26221e-05,
  "WLHReal_a3_p": -0.0562212167,
  "WLHReal_a4_p": 0.5239520276,
  "WLHReal_V0_n": 54.345814122,
  "WLHReal_V1_n": 0.3091430536,
  "WLHReal_V2_n": -0.0001604846,
  "WLHReal_V3_n": 3.2821e-06,
  "WLHReal_V4_n": 20.7139562611,
  "WLHReal_V5_n": 0.2848710504,
  "WLHReal_V6_n": 0.0010248471,
  "WLHReal_r0_n": 1.2881505457,
  "WLHReal_r1_n": 0.3197536578,
  "WLHReal_r2_n": 0.0008699406,
  "WLHReal_r3_n": 7.9217e-06,
  "WLHReal_a0_n": 0.7399113862,
  "WLHReal_a1_n": 0.0007572256,
  "WLHReal_a2_n": 9.4703e-06,
  "WLHReal_a3_n": 0.2576348284,
  "WLHReal_a4_n": 0.8570839768,
  "WLHImagVolume_W0_p": 7.0159031923,
  "WLHImagVolume_W1_p": 0.2712857,
  "WLHImagVolume_W2_p": 0.0005755648,
  "WLHImagVolume_W3_p": 8.8308574067,
  "WLHImagVolume_W4_p": 0.1121329217,
  "WLHImagVolume_r0_p": 0.6640886713,
  "WLHImagVolume_r1_p": 51.1239147217,
  "WLHImagVolume_r2_p": 0.7510486434,
  "WLHImagVolume_r3_p": 61.8106540708,
  "WLHImagVolume_r4_p": 0.4662487791,
  "WLHImagVolume_r5_p": 7.349e-07,
  "WLHImagVolume_a0_p": 0.663117074,
  "WLHImagVolume_a1_p": 0.2725968016,
  "WLHImagVolume_a2_p": 15.9560546517,
  "WLHImagVolume_a3_p": 0.4917756757,
  "WLHImagVolume_a4_p": 0.0038179416,
  "WLHImagVolume_W0_n": 3.1943002596,
  "WLHImagVolume_W1_n": 0.2858816125,
  "WLHImagVolume_W2_n": 0.0006312916,
  "WLHImagVolume_W3_n": 9.4370050973,
  "WLHImagVolume_W4_n": 0.0479733948,
  "WLHImagVolume_r0_n": 0.544920934,
  "WLHImagVolume_r1_n": 80.4164001304,
  "WLHImagVolume_r2_n": 0.7378503127,
  "WLHImagVolume_r3_n": 87.5385957321,
  "WLHImagVolume_r4_n": 0.8920696679,
  "WLHImagVolume_r5_n": 2.6988e-06,
  "WLHImagVolume_a0_n": 0.2355312014,
  "WLHImagVolume_a1_n": 0.585613725,
  "WLHImagVolume_a2_n": 5.8242092302,
  "WLHImagVolume_a3_n": 0.0288278737,
  "WLHImagVolume_a4_n": 0.000424587,
  "WLHImagSurface_W0_p": 0.5731270131,
  "WLHImagSurface_W1_p": 0.0316815617,
  "WLHImagSurface_W2_p": 0.4888997238,
  "WLHImagSurface_W3_p": 0.131349905,
  "WLHImagSurface_r0_p": 0.7266243395,
  "WLHImagSurface_r1_p": -0.2016077267,
  "WLHImagSurface_r2_p": -0.0041087606,
  "WLHImagSurface_a0_p": 0.7423056402,
  "WLHImagSurface_W0_n": 1.9916367966,
  "WLHImagSurface_W1_n": 0.0493650418,
  "WLHImagSurface_W2_n": 2.9077051715,
  "WLHImagSurface_W3_n": 0.1629510923,
  "WLHImagSurface_r0_n": 1.288308121,
  "WLHImagSurface_r1_n": 1.5387219835,
  "WLHImagSurface_r2_n": 0.0034648376,
  "WLHImagSurface_a0_n": 0.8421741919,
  "WLHRealSpinOrbit_V0_p": 8.3235670044,
  "WLHRealSpinOrbit_V1_p": 0.0085997069,
  "WLHRealSpinOrbit_r0_p": 1.4189361465,
  "WLHRealSpinOrbit_r1_p": 1.0786554017,
  "WLHRealSpinOrbit_a0_p": 0.9052269288,
  "WLHRealSpinOrbit_a1_p": 0.0003542104,
  "WLHRealSpinOrbit_V0_n": 9.6533102428,
  "WLHRealSpinOrbit_V1_n": 0.0085265264,
  "WLHRealSpinOrbit_r0_n": 1.2680789548,
  "WLHRealSpinOrbit_r1_n": 0.8671406506,
  "WLHRealSpinOrbit_a0_n": 0.8004415734,
  "WLHRealSpinOrbit_a1_n": 0.0003323206
}