{
  "WLHReal_V0_p": 55.2031748162,
  "WLHReal_V1_p": 0.3456693218,
  "WLHReal_V2_p": 5.84579e-05,
  "WLHReal_V3_p": 2.0309e-06,
  "WLHReal_V4_p": 11.4750300326,
  "WLHReal_V5_p": 0.135266648,
  "WLHReal_V6_p": 0.00026872,
  "WLHReal_r0_p": 1.3115727243,
  "WLHReal_r1_p": 0.3286531552,
  "WLHReal_r2_p": 0.0008888774,
  "WLHReal_r3_p": 6.6236e-06,
  "WLHReal_a0_p": 0.7886387565,
  "WLHReal_a1_p": 0.0001368861,
  "WLHReal_a2_p": 4.8036e-06,
  "WLHReal_a3_p": 0.0917785918,
  "WLHReal_a4_p": 0.6454085286,
  "WLHReal_V0_n": 52.7748066426,
  "WLHReal_V1_n": 0.3099443422,
  "WLHReal_V2_n": -0.0004434757,
  "WLHReal_V3_n": 4.4409e-06,
  "WLHReal_V4_n": 19.8941175327,
  "WLHReal_V5_n": 0.3070166955,
  "WLHReal_V6_n": 0.0012454466,
  "WLHReal_r0_n": 1.3329436271,
  "WLHReal_r1_n": 0.3716041922,
  "WLHReal_r2_n": 0.0009866891,
  "WLHReal_r3_n": 1.01091e-05,
  "WLHReal_a0_n": 0.7528703276,
  "WLHReal_a1_n": 0.0009811472,
  "WLHReal_a2_n": 1.22126e-05,
  "WLHReal_a3_n": 0.2483401897,
  "WLHReal_a4_n": 0.8718457993,
  "WLHImagVolume_W0_p": 4.5837656831,
  "WLHImagVolume_W1_p": 0.2808033309,
  "WLHImagVolume_W2_p": 0.0006998436,
  "WLHImagVolume_W3_p": 14.0130227045,
  "WLHImagVolume_W4_p": 0.0844677298,
  "WLHImagVolume_r0_p": 0.4391165539,
  "WLHImagVolume_r1_p": 76.7942117773,
  "WLHImagVolume_r2_p": 0.8337429295,
  "WLHImagVolume_r3_p": 83.5574586986,
  "WLHImagVolume_r4_p": 0.4666339388,
  "WLHImagVolume_r5_p": 6.341e-07,
  "WLHImagVolume_a0_p": 0.5333678273,
  "WLHImagVolume_a1_p": 0.3241582335,
  "WLHImagVolume_a2_p": 18.9349478649,
  "WLHImagVolume_a3_p": 0.387976164,
  "WLHImagVolume_a4_p": 0.0019534469,
  "WLHImagVolume_W0_n": 3.2828102694,
  "WLHImagVolume_W1_n": 0.3027985462,
  "WLHImagVolume_W2_n": 0.000837474,
  "WLHImagVolume_W3_n": 9.1877451149,
  "WLHImagVolume_W4_n": 0.0442274814,
  "WLHImagVolume_r0_n": 0.4785121412,
  "WLHImagVolume_r1_n": 99.3040582406,
  "WLHImagVolume_r2_n": 0.8461281787,
  "WLHImagVolume_r3_n": 103.0035716843,
  "WLHImagVolume_r4_n": 0.8018270827,
  "WLHImagVolume_r5_n": 3.9266e-06,
  "WLHImagVolume_a0_n": 0.2499929712,
  "WLHImagVolume_a1_n": 0.5871640369,
  "WLHImagVolume_a2_n": 4.8521682789,
  "WLHImagVolume_a3_n": 0.0352692452,
  "WLHImagVolume_a4_n": 0.0003621005,
  "WLHImagSurface_W0_p": 1.1327317297,
  "WLHImagSurface_W1_p": 0.0589516643,
  "WLHImagSurface_W2_p": 1.0239231951,
  "WLHImagSurface_W3_p": 0.2088774996,
  "WLHImagSurface_r0_p": 1.0951120669,
  "WLHImagSurface_r1_p": 0.6978491932,
  "WLHImagSurface_r2_p": 0.0044526217,
  "WLHImagSurface_a0_p": 0.898422609,
  "WLHImagSurface_W0_n": 2.1677832655,
  "WLHImagSurface_W1_n": 0.0654299821,
  "WLHImagSurface_W2_n": 3.6970888728,
  "WLHImagSurface_W3_n": 0.2236311871,
  "WLHImagSurface_r0_n": 1.3251129027,
  "WLHImagSurface_r1_n": 1.6848709624,
  "WLHImagSurface_r2_n": 0.0030332985,
  "WLHImagSurface_a0_n": 0.8581676676,
  "WLHRealSpinOrbit_V0_p": 9.2941578556,
  "WLHRealSpinOrbit_V1_p": 0.0081653148,
  "WLHRealSpinOrbit_r0_p": 1.2677571375,
  "WLHRealSpinOrbit_r1_p": 0.8657065205,
  "WLHRealSpinOrbit_a0_p": 0.7956726012,
  "WLHRealSpinOrbit_a1_p": 0.0003332698,
  "WLHRealSpinOrbit_V0_n": 9.1098779545,
  "WLHRealSpinOrbit_V1_n": 0.0083251344,
  "WLHRealSpinOrbit_r0_n": 1.3069929043,
  "WLHRealSpinOrbit_r1_n": 0.9175220046,
  "WLHRealSpinOrbit_a0_n": 0.823736113,
  "WLHRealSpinOrbit_a1_n": 0.0003445458
}