{
  "WLHReal_V0_p": 55.6961260728,
  "WLHReal_V1_p": 0.3358054978,
  "WLHReal_V2_p": 0.0006932086,
  "WLHReal_V3_p": -7.024e-07,
  "WLHReal_V4_p": 13.849386261,
  "WLHReal_V5_p": 0.1159754851,
  "WLHReal_V6_p": 1.6973e-05,
  "WLHReal_r0_p": 1.2392428297,
  "WLHReal_r1_p": 0.2604012639,
  "WLHReal_r2_p": 0.0006627,
  "WLHReal_r3_p": 2.5307e-06,
  "WLHReal_a0_p": 0.7488177931,
  "WLHReal_a1_p": 7.89155e-05,
  "WLHReal_a2_p": 1.3865e-06,
  "WLHReal_a3_p": 0.1219058315,
  "WLHReal_a4_p": 0.6110846835,
  "WLHReal_V0_n": 55.5450731703,
  "WLHReal_V1_n": 0.3124913924,
  "WLHReal_V2_n": 0.0005133677,
  "WLHReal_V3_n": -9.78e-08,
  "WLHReal_V4_n": 21.6426180694,
  "WLHReal_V5_n": 0.2338445236,
  "WLHReal_V6_n": 0.0004195558,
  "WLHReal_r0_n": 1.2327477988,
  "WLHReal_r1_n": 0.281561748,
  "WLHReal_r2_n": 0.0004877723,
  "WLHReal_r3_n": 1.2112e-06,
  "WLHReal_a0_n": 0.706126671,
  "WLHReal_a1_n": 0.0002697873,
  "WLHReal_a2_n": 2.11e-08,
  "WLHReal_a3_n": 0.2196643569,
  "WLHReal_a4_n": 0.6967242882,
  "WLHImagVolume_W0_p": 2.7857182535,
  "WLHImagVolume_W1_p": 0.2102006399,
  "WLHImagVolume_W2_p": 0.0004673111,
  "WLHImagVolume_W3_p": 13.6146569264,
  "WLHImagVolume_W4_p": 0.0545615534,
  "WLHImagVolume_r0_p": 0.4460446058,
  "WLHImagVolume_r1_p": 74.5102858791,
  "WLHImagVolume_r2_p": 0.7594680538,
  "WLHImagVolume_r3_p": 81.8545232254,
  "WLHImagVolume_r4_p": 0.5255488784,
  "WLHImagVolume_r5_p": 1.3388e-06,
  "WLHImagVolume_a0_p": 0.4666483521,
  "WLHImagVolume_a1_p": 0.3347924206,
  "WLHImagVolume_a2_p": 19.2621034664,
  "WLHImagVolume_a3_p": 0.3264701999,
  "WLHImagVolume_a4_p": 0.0009216426,
  "WLHImagVolume_W0_n": 2.1857927319,
  "WLHImagVolume_W1_n": 0.2271689099,
  "WLHImagVolume_W2_n": 0.0003652708,
  "WLHImagVolume_W3_n": 7.9089599757,
  "WLHImagVolume_W4_n": 0.0493711021,
  "WLHImagVolume_r0_n": 0.5304007713,
  "WLHImagVolume_r1_n": 74.4395357746,
  "WLHImagVolume_r2_n": 0.6968893702,
  "WLHImagVolume_r3_n": 71.6147034273,
  "WLHImagVolume_r4_n": 0.8677077342,
  "WLHImagVolume_r5_n": 1.9787e-06,
  "WLHImagVolume_a0_n": 0.1712464399,
  "WLHImagVolume_a1_n": 0.6287249411,
  "WLHImagVolume_a2_n": 9.2023714514,
  "WLHImagVolume_a3_n": 0.0460529471,
  "WLHImagVolume_a4_n": 0.000535048,
  "WLHImagSurface_W0_p": 1.3904450475,
  "WLHImagSurface_W1_p": 0.0677168558,
  "WLHImagSurface_W2_p": 1.4507286596,
  "WLHImagSurface_W3_p": 0.2256400893,
  "WLHImagSurface_r0_p": 1.2308586531,
  "WLHImagSurface_r1_p": 0.9356301802,
  "WLHImagSurface_r2_p": 0.0087455464,
  "WLHImagSurface_a0_p": 0.9418635109,
  "WLHImagSurface_W0_n": 1.7921557865,
  "WLHImagSurface_W1_n": 0.0256590437,
  "WLHImagSurface_W2_n": 2.3363667515,
  "WLHImagSurface_W3_n": 0.0858575955,
  "WLHImagSurface_r0_n": 1.2735071124,
  "WLHImagSurface_r1_n": 1.3228542817,
  "WLHImagSurface_r2_n": 0.0045029654,
  "WLHImagSurface_a0_n": 0.814334118,
  "WLHRealSpinOrbit_V0_p": 9.7772706092,
  "WLHRealSpinOrbit_V1_p": 0.0079727192,
  "WLHRealSpinOrbit_r0_p": 1.2044577105,
  "WLHRealSpinOrbit_r1_p": 0.7612166901,
  "WLHRealSpinOrbit_a0_p": 0.7458516241,
  "WLHRealSpinOrbit_a1_p": 0.0003517512,
  "WLHRealSpinOrbit_V0_n": 9.9981343506,
  "WLHRealSpinOrbit_V1_n": 0.0082460295,
  "WLHRealSpinOrbit_r0_n": 1.2094329699,
  "WLHRealSpinOrbit_r1_n": 0.7703769393,
  "WLHRealSpinOrbit_a0_n": 0.7528769265,
  "WLHRealSpinOrbit_a1_n": 0.0003479945
}