{
  "WLHReal_V0_p": 45.1622072744,
  "WLHReal_V1_p": 0.239325848,
  "WLHReal_V2_p": -0.0011925196,
  "WLHReal_V3_p": 4.7457e-06,
  "WLHReal_V4_p": 11.4371637441,
  "WLHReal_V5_p": 0.1115002557,
  "WLHReal_V6_p": 0.0006148819,
  "WLHReal_r0_p": 1.3944288061,
  "WLHReal_r1_p": 0.2216129824,
  "WLHReal_r2_p": 0.0009696725,
  "WLHReal_r3_p": 1.39784e-05,
  "WLHReal_a0_p": 0.7997064839,
  "WLHReal_a1_p": -0.0002166598,
  "WLHReal_a2_p": 1.39543e-05,
  "WLHReal_a3_p": -0.1071946417,
  "WLHReal_a4_p": 0.4116287021,
  "WLHReal_V0_n": 50.7867503062,
  "WLHReal_V1_n": 0.2512641442,
  "WLHReal_V2_n": -0.0002437578,
  "WLHReal_V3_n": 2.2235e-06,
  "WLHReal_V4_n": 21.96915971,
  "WLHReal_V5_n": 0.270759044,
  "WLHReal_V6_n": 0.0010017667,
  "WLHReal_r0_n": 1.2912073223,
  "WLHReal_r1_n": 0.2769082044,
  "WLHReal_r2_n": 0.0008669773,
  "WLHReal_r3_n": 8.6148e-06,
  "WLHReal_a0_n": 0.7349663809,
  "WLHReal_a1_n": 0.0008327079,
  "WLHReal_a2_n": 9.6379e-06,
  "WLHReal_a3_n": 0.3120375611,
  "WLHReal_a4_n": 0.8870291458,
  "WLHImagVolume_W0_p": 5.0589596989,
  "WLHImagVolume_W1_p": 0.1015123484,
  "WLHImagVolume_W2_p": -3.63542e-05,
  "WLHImagVolume_W3_p": 4.4244473512,
  "WLHImagVolume_W4_p": 0.0630631903,
  "WLHImagVolume_r0_p": 0.9095846851,
  "WLHImagVolume_r1_p": 28.1854023386,
  "WLHImagVolume_r2_p": 0.4723231785,
  "WLHImagVolume_r3_p": 48.2403405015,
  "WLHImagVolume_r4_p": 0.6514125766,
  "WLHImagVolume_r5_p": 7.044e-07,
  "WLHImagVolume_a0_p": 0.6145196331,
  "WLHImagVolume_a1_p": 0.2581811176,
  "WLHImagVolume_a2_p": 14.9921821112,
  "WLHImagVolume_a3_p": 0.4298993045,
  "WLHImagVolume_a4_p": 0.0029074934,
  "WLHImagVolume_W0_n": 2.2301214493,
  "WLHImagVolume_W1_n": 0.1773577778,
  "WLHImagVolume_W2_n": 0.0001833392,
  "WLHImagVolume_W3_n": 7.4608741612,
  "WLHImagVolume_W4_n": -0.0089756427,
  "WLHImagVolume_r0_n": 0.6023045754,
  "WLHImagVolume_r1_n": 74.2811795566,
  "WLHImagVolume_r2_n": 0.6773678987,
  "WLHImagVolume_r3_n": 79.2611061225,
  "WLHImagVolume_r4_n": 0.9654931973,
  "WLHImagVolume_r5_n": 4.228e-06,
  "WLHImagVolume_a0_n": 0.2291519792,
  "WLHImagVolume_a1_n": 0.5902307543,
  "WLHImagVolume_a2_n": 8.9337117881,
  "WLHImagVolume_a3_n": 0.0875409936,
  "WLHImagVolume_a4_n": 0.0007991618,
  "WLHImagSurface_W0_p": 0.5282617968,
  "WLHImagSurface_W1_p": 0.0073603914,
  "WLHImagSurface_W2_p": 0.0403845084,
  "WLHImagSurface_W3_p": 0.0106054178,
  "WLHImagSurface_r0_p": 0.7338661553,
  "WLHImagSurface_r1_p": -0.5084198516,
  "WLHImagSurface_r2_p": -0.0022273243,
  "WLHImagSurface_a0_p": 0.7820487271,
  "WLHImagSurface_W0_n": 1.0634714244,
  "WLHImagSurface_W1_n": 0.0178313668,
  "WLHImagSurface_W2_n": 1.2552087406,
  "WLHImagSurface_W3_n": 0.0843302125,
  "WLHImagSurface_r0_n": 1.2781463384,
  "WLHImagSurface_r1_n": 1.3204371178,
  "WLHImagSurface_r2_n": 0.0028365434,
  "WLHImagSurface_a0_n": 0.8547711287,
  "WLHRealSpinOrbit_V0_p": 8.7257431046,
  "WLHRealSpinOrbit_V1_p": 0.0087011141,
  "WLHRealSpinOrbit_r0_p": 1.3975129375,
  "WLHRealSpinOrbit_r1_p": 1.0304557302,
  "WLHRealSpinOrbit_a0_p": 0.8878469003,
  "WLHRealSpinOrbit_a1_p": 0.0003878743,
  "WLHRealSpinOrbit_V0_n": 9.7593115229,
  "WLHRealSpinOrbit_V1_n": 0.0085795419,
  "WLHRealSpinOrbit_r0_n": 1.2769994411,
  "WLHRealSpinOrbit_r1_n": 0.8558953564,
  "WLHRealSpinOrbit_a0_n": 0.8012488095,
  "WLHRealSpinOrbit_a1_n": 0.000374881
}