{
  "WLHReal_V0_p": 51.7078240591,
  "WLHReal_V1_p": 0.3200640417,
  "WLHReal_V2_p": -0.0001550707,
  "WLHReal_V3_p": 2.9851e-06,
  "WLHReal_V4_p": 11.3242713843,
  "WLHReal_V5_p": 0.1366819723,
  "WLHReal_V6_p": 0.000322303,
  "WLHReal_r0_p": 1.3553597726,
  "WLHReal_r1_p": 0.3694317098,
  "WLHReal_r2_p": 0.0006835758,
  "WLHReal_r3_p": 5.1423e-06,
  "WLHReal_a0_p": 0.7876031393,
  "WLHReal_a1_p": 2.34777e-05,
  "WLHReal_a2_p": 5.0503e-06,
  "WLHReal_a3_p": 0.0420599949,
  "WLHReal_a4_p": 0.5329001481,
  "WLHReal_V0_n": 56.4198218784,
  "WLHReal_V1_n": 0.3111231772,
  "WLHReal_V2_n": -6.42398e-05,
  "WLHReal_V3_n": 1.2606e-06,
  "WLHReal_V4_n": 21.278122886,
  "WLHReal_V5_n": 0.279832785,
  "WLHReal_V6_n": 0.0009866682,
  "WLHReal_r0_n": 1.2545357903,
  "WLHReal_r1_n": 0.2840635382,
  "WLHReal_r2_n": 0.0008565024,
  "WLHReal_r3_n": 8.061e-06,
  "WLHReal_a0_n": 0.7374371037,
  "WLHReal_a1_n": 0.0006275821,
  "WLHReal_a2_n": 7.9644e-06,
  "WLHReal_a3_n": 0.2709191193,
  "WLHReal_a4_n": 0.882142591,
  "WLHImagVolume_W0_p": 4.2777427581,
  "WLHImagVolume_W1_p": 0.2155105702,
  "WLHImagVolume_W2_p": 0.0005854369,
  "WLHImagVolume_W3_p": 10.5884927947,
  "WLHImagVolume_W4_p": 0.0733745009,
  "WLHImagVolume_r0_p": 0.4184021504,
  "WLHImagVolume_r1_p": 79.7163145206,
  "WLHImagVolume_r2_p": 0.8973126328,
  "WLHImagVolume_r3_p": 83.1429640164,
  "WLHImagVolume_r4_p": 0.3425932312,
  "WLHImagVolume_r5_p": -8.56e-08,
  "WLHImagVolume_a0_p": 0.5256590831,
  "WLHImagVolume_a1_p": 0.3471540138,
  "WLHImagVolume_a2_p": 21.2226116578,
  "WLHImagVolume_a3_p": 0.3615773918,
  "WLHImagVolume_a4_p": 0.0016620479,
  "WLHImagVolume_W0_n": 3.6004653832,
  "WLHImagVolume_W1_n": 0.3045557886,
  "WLHImagVolume_W2_n": 0.0005227699,
  "WLHImagVolume_W3_n": 10.6389211258,
  "WLHImagVolume_W4_n": 0.0600120116,
  "WLHImagVolume_r0_n": 0.63314974,
  "WLHImagVolume_r1_n": 57.3410927515,
  "WLHImagVolume_r2_n": 0.6195076546,
  "WLHImagVolume_r3_n": 74.016572312,
  "WLHImagVolume_r4_n": 1.025095133,
  "WLHImagVolume_r5_n": 3.6582e-06,
  "WLHImagVolume_a0_n": 0.2471779578,
  "WLHImagVolume_a1_n": 0.565290168,
  "WLHImagVolume_a2_n": 5.3663048269,
  "WLHImagVolume_a3_n": 0.0094024214,
  "WLHImagVolume_a4_n": 0.0004893984,
  "WLHImagSurface_W0_p": 1.3292205175,
  "WLHImagSurface_W1_p": 0.0824572846,
  "WLHImagSurface_W2_p": 1.8735055943,
  "WLHImagSurface_W3_p": 0.2997795453,
  "WLHImagSurface_r0_p": 1.1042743928,
  "WLHImagSurface_r1_p": 0.5106538682,
  "WLHImagSurface_r2_p": 0.0037441278,
  "WLHImagSurface_a0_p": 0.9285864291,
  "WLHImagSurface_W0_n": 1.9363637022,
  "WLHImagSurface_W1_n": 0.041276815,
  "WLHImagSurface_W2_n": 2.325791948,
  "WLHImagSurface_W3_n": 0.1245719777,
  "WLHImagSurface_r0_n": 1.2453373073,
  "WLHImagSurface_r1_n": 1.4598887123,
  "WLHImagSurface_r2_n": 0.0036650115,
  "WLHImagSurface_a0_n": 0.8312483268,
  "WLHRealSpinOrbit_V0_p": 8.6852941822,
  "WLHRealSpinOrbit_V1_p": 0.0078188283,
  "WLHRealSpinOrbit_r0_p": 1.3091950777,
  "WLHRealSpinOrbit_r1_p": 0.9011098369,
  "WLHRealSpinOrbit_a0_p": 0.8141956013,
  "WLHRealSpinOrbit_a1_p": 0.0003763945,
  "WLHRealSpinOrbit_V0_n": 10.2148439025,
  "WLHRealSpinOrbit_V1_n": 0.0089012844,
  "WLHRealSpinOrbit_r0_n": 1.2411245014,
  "WLHRealSpinOrbit_r1_n": 0.8419753587,
  "WLHRealSpinOrbit_a0_n": 0.7895756847,
  "WLHRealSpinOrbit_a1_n": 0.0003081595
}