{
  "WLHReal_V0_p": 52.9238872287,
  "WLHReal_V1_p": 0.2703842081,
  "WLHReal_V2_p": -0.0002278233,
  "WLHReal_V3_p": 2.072e-06,
  "WLHReal_V4_p": 13.7150255267,
  "WLHReal_V5_p": 0.1504702618,
  "WLHReal_V6_p": 0.0004089879,
  "WLHReal_r0_p": 1.3252714161,
  "WLHReal_r1_p": 0.3624649935,
  "WLHReal_r2_p": 0.0005662955,
  "WLHReal_r3_p": 4.5911e-06,
  "WLHReal_a0_p": 0.7781601984,
  "WLHReal_a1_p": 0.0001793286,
  "WLHReal_a2_p": 4.0695e-06,
  "WLHReal_a3_p": 0.0174555776,
  "WLHReal_a4_p": 0.4626321361,
  "WLHReal_V0_n": 54.8238980056,
  "WLHReal_V1_n": 0.2850639377,
  "WLHReal_V2_n": 5.29695e-05,
  "WLHReal_V3_n": 1.3612e-06,
  "WLHReal_V4_n": 21.6690241133,
  "WLHReal_V5_n": 0.2665101208,
  "WLHReal_V6_n": 0.0007853562,
  "WLHReal_r0_n": 1.2684057692,
  "WLHReal_r1_n": 0.3269767491,
  "WLHReal_r2_n": 0.0006664906,
  "WLHReal_r3_n": 4.4889e-06,
  "WLHReal_a0_n": 0.725956999,
  "WLHReal_a1_n": 0.0004545038,
  "WLHReal_a2_n": 4.4617e-06,
  "WLHReal_a3_n": 0.2326523475,
  "WLHReal_a4_n": 0.7475086679,
  "WLHImagVolume_W0_p": 4.3394405468,
  "WLHImagVolume_W1_p": 0.2093584748,
  "WLHImagVolume_W2_p": 0.0001965424,
  "WLHImagVolume_W3_p": 9.5735867829,
  "WLHImagVolume_W4_p": 0.0796743789,
  "WLHImagVolume_r0_p": 0.6976342793,
  "WLHImagVolume_r1_p": 31.774752367,
  "WLHImagVolume_r2_p": 0.5708126144,
  "WLHImagVolume_r3_p": 41.6650894529,
  "WLHImagVolume_r4_p": 0.6509872097,
  "WLHImagVolume_r5_p": 1.8634e-06,
  "WLHImagVolume_a0_p": 0.5819932462,
  "WLHImagVolume_a1_p": 0.2476256251,
  "WLHImagVolume_a2_p": 12.108429269,
  "WLHImagVolume_a3_p": 0.4408899792,
  "WLHImagVolume_a4_p": 0.0027847584,
  "WLHImagVolume_W0_n": 2.6842879414,
  "WLHImagVolume_W1_n": 0.2563278562,
  "WLHImagVolume_W2_n": 0.0003701,
  "WLHImagVolume_W3_n": 8.8136358018,
  "WLHImagVolume_W4_n": 0.040354788,
  "WLHImagVolume_r0_n": 0.5946791665,
  "WLHImagVolume_r1_n": 62.6460238688,
  "WLHImagVolume_r2_n": 0.6635035557,
  "WLHImagVolume_r3_n": 71.8501331442,
  "WLHImagVolume_r4_n": 1.0033286452,
  "WLHImagVolume_r5_n": 2.6214e-06,
  "WLHImagVolume_a0_n": 0.2286827455,
  "WLHImagVolume_a1_n": 0.5948577426,
  "WLHImagVolume_a2_n": 7.8247376427,
  "WLHImagVolume_a3_n": 0.0566528102,
  "WLHImagVolume_a4_n": 0.0008793159,
  "WLHImagSurface_W0_p": 0.9392394341,
  "WLHImagSurface_W1_p": 0.045163313,
  "WLHImagSurface_W2_p": 1.5774634074,
  "WLHImagSurface_W3_p": 0.1727678846,
  "WLHImagSurface_r0_p": 0.8796673276,
  "WLHImagSurface_r1_p": 0.3909115207,
  "WLHImagSurface_r2_p": 0.0039624015,
  "WLHImagSurface_a0_p": 0.6523351268,
  "WLHImagSurface_W0_n": 1.5764005494,
  "WLHImagSurface_W1_n": 0.0273246847,
  "WLHImagSurface_W2_n": 2.1251879149,
  "WLHImagSurface_W3_n": 0.1009513639,
  "WLHImagSurface_r0_n": 1.2573510562,
  "WLHImagSurface_r1_n": 1.3666264829,
  "WLHImagSurface_r2_n": 0.0036705271,
  "WLHImagSurface_a0_n": 0.832486846,
  "WLHRealSpinOrbit_V0_p": 9.5642134339,
  "WLHRealSpinOrbit_V1_p": 0.0084879163,
  "WLHRealSpinOrbit_r0_p": 1.2907564002,
  "WLHRealSpinOrbit_r1_p": 0.8711389919,
  "WLHRealSpinOrbit_a0_p": 0.807909477,
  "WLHRealSpinOrbit_a1_p": 0.000379429,
  "WLHRealSpinOrbit_V0_n": 10.0138427287,
  "WLHRealSpinOrbit_V1_n": 0.0085852091,
  "WLHRealSpinOrbit_r0_n": 1.2445632671,
  "WLHRealSpinOrbit_r1_n": 0.8203267307,
  "WLHRealSpinOrbit_a0_n": 0.781025483,
  "WLHRealSpinOrbit_a1_n": 0.0003505412
}