{
  "WLHReal_V0_p": 57.7699061706,
  "WLHReal_V1_p": 0.3692293009,
  "WLHReal_V2_p": 0.0007675165,
  "WLHReal_V3_p": -3.795e-07,
  "WLHReal_V4_p": 12.8454425697,
  "WLHReal_V5_p": 0.1213204769,
  "WLHReal_V6_p": 6.2677e-06,
  "WLHReal_r0_p": 1.2391307082,
  "WLHReal_r1_p": 0.2807581357,
  "WLHReal_r2_p": 0.0007984928,
  "WLHReal_r3_p": 2.2617e-06,
  "WLHReal_a0_p": 0.7600087612,
  "WLHReal_a1_p": 0.0001486204,
  "WLHReal_a2_p": 9.743e-07,
  "WLHReal_a3_p": 0.1599533169,
  "WLHReal_a4_p": 0.6989752751,
  "WLHReal_V0_n": 46.1016353282,
  "WLHReal_V1_n": 0.2051681922,
  "WLHReal_V2_n": -0.0008662977,
  "WLHReal_V3_n": 3.8066e-06,
  "WLHReal_V4_n": 22.4082076605,
  "WLHReal_V5_n": 0.2936965705,
  "WLHReal_V6_n": 0.0015332053,
  "WLHReal_r0_n": 1.3201282132,
  "WLHReal_r1_n": 0.1898686346,
  "WLHReal_r2_n": 0.0013083949,
  "WLHReal_r3_n": 1.73252e-05,
  "WLHReal_a0_n": 0.7599625231,
  "WLHReal_a1_n": 0.0014849159,
  "WLHReal_a2_n": 2.1312e-05,
  "WLHReal_a3_n": 0.4537779619,
  "WLHReal_a4_n": 1.1788045479,
  "WLHImagVolume_W0_p": 3.2905041695,
  "WLHImagVolume_W1_p": 0.2742745673,
  "WLHImagVolume_W2_p": 0.00073141,
  "WLHImagVolume_W3_p": 16.2398972878,
  "WLHImagVolume_W4_p": 0.0677498565,
  "WLHImagVolume_r0_p": 0.3401942198,
  "WLHImagVolume_r1_p": 88.9959972342,
  "WLHImagVolume_r2_p": 0.8638106871,
  "WLHImagVolume_r3_p": 94.3770007576,
  "WLHImagVolume_r4_p": 0.4707703651,
  "WLHImagVolume_r5_p": 9.966e-07,
  "WLHImagVolume_a0_p": 0.4663888123,
  "WLHImagVolume_a1_p": 0.3508184723,
  "WLHImagVolume_a2_p": 20.5713079353,
  "WLHImagVolume_a3_p": 0.3318133788,
  "WLHImagVolume_a4_p": 0.0009667383,
  "WLHImagVolume_W0_n": 2.3204726988,
  "WLHImagVolume_W1_n": 0.1028118902,
  "WLHImagVolume_W2_n": -4.88532e-05,
  "WLHImagVolume_W3_n": 7.0863552282,
  "WLHImagVolume_W4_n": -0.0704686962,
  "WLHImagVolume_r0_n": 0.6834502853,
  "WLHImagVolume_r1_n": 76.8465607214,
  "WLHImagVolume_r2_n": 0.6265217676,
  "WLHImagVolume_r3_n": 86.7597156098,
  "WLHImagVolume_r4_n": 1.0138984568,
  "WLHImagVolume_r5_n": 5.5308e-06,
  "WLHImagVolume_a0_n": 0.2635873504,
  "WLHImagVolume_a1_n": 0.5505593922,
  "WLHImagVolume_a2_n": 8.7195099432,
  "WLHImagVolume_a3_n": 0.1076331484,
  "WLHImagVolume_a4_n": 0.0006491856,
  "WLHImagSurface_W0_p": 1.4066231409,
  "WLHImagSurface_W1_p": 0.0711893339,
  "WLHImagSurface_W2_p": 1.2460823522,
  "WLHImagSurface_W3_p": 0.2404337972,
  "WLHImagSurface_r0_p": 1.2784447049,
  "WLHImagSurface_r1_p": 1.1099329462,
  "WLHImagSurface_r2_p": 0.0086550279,
  "WLHImagSurface_a0_p": 0.9846887606,
  "WLHImagSurface_W0_n": 0.394501457,
  "WLHImagSurface_W1_n": 0.0087315328,
  "WLHImagSurface_W2_n": -0.1707484069,
  "WLHImagSurface_W3_n": 0.0648188277,
  "WLHImagSurface_r0_n": 1.2828172826,
  "WLHImagSurface_r1_n": 1.2887786198,
  "WLHImagSurface_r2_n": 0.0013835076,
  "WLHImagSurface_a0_n": 0.8896294834,
  "WLHRealSpinOrbit_V0_p": 9.7608703248,
  "WLHRealSpinOrbit_V1_p": 0.0079459632,
  "WLHRealSpinOrbit_r0_p": 1.1945242637,
  "WLHRealSpinOrbit_r1_p": 0.7616941949,
  "WLHRealSpinOrbit_a0_p": 0.7423670245,
  "WLHRealSpinOrbit_a1_p": 0.0003254726,
  "WLHRealSpinOrbit_V0_n": 9.6713183683,
  "WLHRealSpinOrbit_V1_n": 0.0089650533,
  "WLHRealSpinOrbit_r0_n": 1.3266754771,
  "WLHRealSpinOrbit_r1_n": 0.9279901942,
  "WLHRealSpinOrbit_a0_n": 0.8414740121,
  "WLHRealSpinOrbit_a1_n": 0.0003852373
}