{
  "WLHReal_V0_p": 51.08574262,
  "WLHReal_V1_p": 0.2477147149,
  "WLHReal_V2_p": -0.0003753051,
  "WLHReal_V3_p": 2.1943e-06,
  "WLHReal_V4_p": 14.2020617735,
  "WLHReal_V5_p": 0.1343326331,
  "WLHReal_V6_p": 0.0004238672,
  "WLHReal_r0_p": 1.3156511703,
  "WLHReal_r1_p": 0.2857580029,
  "WLHReal_r2_p": 0.000642109,
  "WLHReal_r3_p": 6.9855e-06,
  "WLHReal_a0_p": 0.7721380078,
  "WLHReal_a1_p": 7.65362e-05,
  "WLHReal_a2_p": 5.281e-06,
  "WLHReal_a3_p": -0.0174276316,
  "WLHReal_a4_p": 0.4324241821,
  "WLHReal_V0_n": 54.0672502629,
  "WLHReal_V1_n": 0.3318062097,
  "WLHReal_V2_n": -1.0295e-06,
  "WLHReal_V3_n": 3.4587e-06,
  "WLHReal_V4_n": 19.8171806124,
  "WLHReal_V5_n": 0.2805650259,
  "WLHReal_V6_n": 0.0008583204,
  "WLHReal_r0_n": 1.3102874332,
  "WLHReal_r1_n": 0.3835577144,
  "WLHReal_r2_n": 0.0007253972,
  "WLHReal_r3_n": 4.864e-06,
  "WLHReal_a0_n": 0.7328676942,
  "WLHReal_a1_n": 0.0006629381,
  "WLHReal_a2_n": 5.5901e-06,
  "WLHReal_a3_n": 0.1919202218,
  "WLHReal_a4_n": 0.73095204,
  "WLHImagVolume_W0_p": 4.1330438888,
  "WLHImagVolume_W1_p": 0.1580801852,
  "WLHImagVolume_W2_p": -3.33777e-05,
  "WLHImagVolume_W3_p": 7.8438810461,
  "WLHImagVolume_W4_p": 0.0682277868,
  "WLHImagVolume_r0_p": 0.8463954717,
  "WLHImagVolume_r1_p": 17.6195390135,
  "WLHImagVolume_r2_p": 0.425436967,
  "WLHImagVolume_r3_p": 33.3195572271,
  "WLHImagVolume_r4_p": 0.7608485788,
  "WLHImagVolume_r5_p": 1.6717e-06,
  "WLHImagVolume_a0_p": 0.5892513578,
  "WLHImagVolume_a1_p": 0.2267717956,
  "WLHImagVolume_a2_p": 10.6672204256,
  "WLHImagVolume_a3_p": 0.4424150066,
  "WLHImagVolume_a4_p": 0.0028473594,
  "WLHImagVolume_W0_n": 2.7785664651,
  "WLHImagVolume_W1_n": 0.2976030834,
  "WLHImagVolume_W2_n": 0.0008722394,
  "WLHImagVolume_W3_n": 8.3731960289,
  "WLHImagVolume_W4_n": 0.0618421072,
  "WLHImagVolume_r0_n": 0.4095289308,
  "WLHImagVolume_r1_n": 106.8397174276,
  "WLHImagVolume_r2_n": 0.8925956974,
  "WLHImagVolume_r3_n": 100.7916243805,
  "WLHImagVolume_r4_n": 0.7066514301,
  "WLHImagVolume_r5_n": 2.1749e-06,
  "WLHImagVolume_a0_n": 0.2054354761,
  "WLHImagVolume_a1_n": 0.6236148475,
  "WLHImagVolume_a2_n": 6.1929438633,
  "WLHImagVolume_a3_n": 0.0350401022,
  "WLHImagVolume_a4_n": 0.0003074233,
  "WLHImagSurface_W0_p": 0.7452563724,
  "WLHImagSurface_W1_p": 0.0219413904,
  "WLHImagSurface_W2_p": 0.96901259,
  "WLHImagSurface_W3_p": 0.0766271129,
  "WLHImagSurface_r0_p": 0.8104243332,
  "WLHImagSurface_r1_p": 0.1363851469,
  "WLHImagSurface_r2_p": 0.0031544642,
  "WLHImagSurface_a0_p": 0.6385326838,
  "WLHImagSurface_W0_n": 2.3966642813,
  "WLHImagSurface_W1_n": 0.0644393383,
  "WLHImagSurface_W2_n": 4.1967759972,
  "WLHImagSurface_W3_n": 0.2176721371,
  "WLHImagSurface_r0_n": 1.3365946588,
  "WLHImagSurface_r1_n": 1.6537227104,
  "WLHImagSurface_r2_n": 0.0038802429,
  "WLHImagSurface_a0_n": 0.8393315888,
  "WLHRealSpinOrbit_V0_p": 9.7048926308,
  "WLHRealSpinOrbit_V1_p": 0.0087195281,
  "WLHRealSpinOrbit_r0_p": 1.3002408325,
  "WLHRealSpinOrbit_r1_p": 0.8853453438,
  "WLHRealSpinOrbit_a0_p": 0.8178454264,
  "WLHRealSpinOrbit_a1_p": 0.0003827362,
  "WLHRealSpinOrbit_V0_n": 9.0605698518,
  "WLHRealSpinOrbit_V1_n": 0.0079519913,
  "WLHRealSpinOrbit_r0_n": 1.2761071072,
  "WLHRealSpinOrbit_r1_n": 0.8668592026,
  "WLHRealSpinOrbit_a0_n": 0.7959675738,
  "WLHRealSpinOrbit_a1_n": 0.0003503405
}