{
  "WLHReal_V0_p": 50.3947980521,
  "WLHReal_V1_p": 0.2743339926,
  "WLHReal_V2_p": -0.0005019061,
  "WLHReal_V3_p": 2.8554e-06,
  "WLHReal_V4_p": 12.60729753,
  "WLHReal_V5_p": 0.1191344292,
  "WLHReal_V6_p": 0.0004211555,
  "WLHReal_r0_p": 1.3266168062,
  "WLHReal_r1_p": 0.2371276898,
  "WLHReal_r2_p": 0.0009006601,
  "WLHReal_r3_p": 1.03291e-05,
  "WLHReal_a0_p": 0.7836125066,
  "WLHReal_a1_p": -2.79115e-05,
  "WLHReal_a2_p": 9.3447e-06,
  "WLHReal_a3_p": -0.013967887,
  "WLHReal_a4_p": 0.5070940022,
  "WLHReal_V0_n": 59.4061547908,
  "WLHReal_V1_n": 0.3426623135,
  "WLHReal_V2_n": 0.0003124498,
  "WLHReal_V3_n": 1.7929e-06,
  "WLHReal_V4_n": 20.2004461537,
  "WLHReal_V5_n": 0.2778137926,
  "WLHReal_V6_n": 0.0005790981,
  "WLHReal_r0_n": 1.2831271947,
  "WLHReal_r1_n": 0.4786665894,
  "WLHReal_r2_n": 0.0003949886,
  "WLHReal_r3_n": -1.4172e-06,
  "WLHReal_a0_n": 0.7205371324,
  "WLHReal_a1_n": 2.58777e-05,
  "WLHReal_a2_n": -3.5708e-06,
  "WLHReal_a3_n": 0.0749786331,
  "WLHReal_a4_n": 0.4885461596,
  "WLHImagVolume_W0_p": 4.5113821703,
  "WLHImagVolume_W1_p": 0.1698826526,
  "WLHImagVolume_W2_p": 0.0001410796,
  "WLHImagVolume_W3_p": 8.7372452148,
  "WLHImagVolume_W4_p": 0.0683088379,
  "WLHImagVolume_r0_p": 0.7896703486,
  "WLHImagVolume_r1_p": 35.7045993168,
  "WLHImagVolume_r2_p": 0.5114376267,
  "WLHImagVolume_r3_p": 52.7712496387,
  "WLHImagVolume_r4_p": 0.6893218373,
  "WLHImagVolume_r5_p": 1.2094e-06,
  "WLHImagVolume_a0_p": 0.5800032977,
  "WLHImagVolume_a1_p": 0.2596354315,
  "WLHImagVolume_a2_p": 14.08093974,
  "WLHImagVolume_a3_p": 0.4218900491,
  "WLHImagVolume_a4_p": 0.0025904144,
  "WLHImagVolume_W0_n": 3.2464396259,
  "WLHImagVolume_W1_n": 0.3940080304,
  "WLHImagVolume_W2_n": 0.000912643,
  "WLHImagVolume_W3_n": 10.164175198,
  "WLHImagVolume_W4_n": 0.1161073932,
  "WLHImagVolume_r0_n": 0.4746321779,
  "WLHImagVolume_r1_n": 70.8119917719,
  "WLHImagVolume_r2_n": 0.7957612202,
  "WLHImagVolume_r3_n": 78.5476457332,
  "WLHImagVolume_r4_n": 0.9189135114,
  "WLHImagVolume_r5_n": 2.3259e-06,
  "WLHImagVolume_a0_n": 0.230250241,
  "WLHImagVolume_a1_n": 0.6185705587,
  "WLHImagVolume_a2_n": 5.5705491084,
  "WLHImagVolume_a3_n": 0.0216829936,
  "WLHImagVolume_a4_n": 0.0009558981,
  "WLHImagSurface_W0_p": 0.7018202555,
  "WLHImagSurface_W1_p": 0.0164967218,
  "WLHImagSurface_W2_p": 0.2802743093,
  "WLHImagSurface_W3_p": 0.045128495,
  "WLHImagSurface_r0_p": 0.8596946581,
  "WLHImagSurface_r1_p": 0.0508724114,
  "WLHImagSurface_r2_p": 0.0017221748,
  "WLHImagSurface_a0_p": 0.7702982422,
  "WLHImagSurface_W0_n": 2.6274386924,
  "WLHImagSurface_W1_n": 0.0602732944,
  "WLHImagSurface_W2_n": 4.6001640143,
  "WLHImagSurface_W3_n": 0.1979587761,
  "WLHImagSurface_r0_n": 1.2754277861,
  "WLHImagSurface_r1_n": 1.6005712861,
  "WLHImagSurface_r2_n": 0.0046991474,
  "WLHImagSurface_a0_n": 0.8118642937,
  "WLHRealSpinOrbit_V0_p": 9.4098084507,
  "WLHRealSpinOrbit_V1_p": 0.0086679769,
  "WLHRealSpinOrbit_r0_p": 1.3161985417,
  "WLHRealSpinOrbit_r1_p": 0.9237516919,
  "WLHRealSpinOrbit_a0_p": 0.83291984,
  "WLHRealSpinOrbit_a1_p": 0.0003611185,
  "WLHRealSpinOrbit_V0_n": 9.6982884378,
  "WLHRealSpinOrbit_V1_n": 0.0081947271,
  "WLHRealSpinOrbit_r0_n": 1.2331424861,
  "WLHRealSpinOrbit_r1_n": 0.8093217371,
  "WLHRealSpinOrbit_a0_n": 0.7688630807,
  "WLHRealSpinOrbit_a1_n": 0.0003328481
}