{
  "WLHReal_V0_p": 53.476479784,
  "WLHReal_V1_p": 0.3184434028,
  "WLHReal_V2_p": -0.0002923324,
  "WLHReal_V3_p": 3.5528e-06,
  "WLHReal_V4_p": 11.4444961304,
  "WLHReal_V5_p": 0.1423093347,
  "WLHReal_V6_p": 0.00040096,
  "WLHReal_r0_p": 1.3427000349,
  "WLHReal_r1_p": 0.3483640147,
  "WLHReal_r2_p": 0.00085717,
  "WLHReal_r3_p": 7.8226e-06,
  "WLHReal_a0_p": 0.7969076596,
  "WLHReal_a1_p": 0.0001274538,
  "WLHReal_a2_p": 6.4315e-06,
  "WLHReal_a3_p": 0.0457648919,
  "WLHReal_a4_p": 0.5812785134,
  "WLHReal_V0_n": 51.2429292067,
  "WLHReal_V1_n": 0.2928723969,
  "WLHReal_V2_n": -0.0002781625,
  "WLHReal_V3_n": 3.3349e-06,
  "WLHReal_V4_n": 20.6936270225,
  "WLHReal_V5_n": 0.2822880664,
  "WLHReal_V6_n": 0.0010907189,
  "WLHReal_r0_n": 1.3073473404,
  "WLHReal_r1_n": 0.2941435224,
  "WLHReal_r2_n": 0.0009558918,
  "WLHReal_r3_n": 9.0472e-06,
  "WLHReal_a0_n": 0.7419540224,
  "WLHReal_a1_n": 0.0009912007,
  "WLHReal_a2_n": 1.22207e-05,
  "WLHReal_a3_n": 0.2974148713,
  "WLHReal_a4_n": 0.9190251174,
  "WLHImagVolume_W0_p": 5.0012923663,
  "WLHImagVolume_W1_p": 0.2620365082,
  "WLHImagVolume_W2_p": 0.0005618675,
  "WLHImagVolume_W3_p": 11.9887583442,
  "WLHImagVolume_W4_p": 0.0885134408,
  "WLHImagVolume_r0_p": 0.5423147722,
  "WLHImagVolume_r1_p": 61.7784053004,
  "WLHImagVolume_r2_p": 0.7577437345,
  "WLHImagVolume_r3_p": 70.1192037768,
  "WLHImagVolume_r4_p": 0.5083681398,
  "WLHImagVolume_r5_p": 1.2177e-06,
  "WLHImagVolume_a0_p": 0.5693425598,
  "WLHImagVolume_a1_p": 0.2972388718,
  "WLHImagVolume_a2_p": 16.8633660059,
  "WLHImagVolume_a3_p": 0.4195542576,
  "WLHImagVolume_a4_p": 0.002497126,
  "WLHImagVolume_W0_n": 2.6455247991,
  "WLHImagVolume_W1_n": 0.22393889,
  "WLHImagVolume_W2_n": 0.0005528518,
  "WLHImagVolume_W3_n": 7.9458424356,
  "WLHImagVolume_W4_n": 0.0149701186,
  "WLHImagVolume_r0_n": 0.5031500282,
  "WLHImagVolume_r1_n": 98.4791821124,
  "WLHImagVolume_r2_n": 0.7975139763,
  "WLHImagVolume_r3_n": 96.893285517,
  "WLHImagVolume_r4_n": 0.7920668427,
  "WLHImagVolume_r5_n": 3.516e-06,
  "WLHImagVolume_a0_n": 0.2193441938,
  "WLHImagVolume_a1_n": 0.5978924522,
  "WLHImagVolume_a2_n": 7.00681965,
  "WLHImagVolume_a3_n": 0.0536728639,
  "WLHImagVolume_a4_n": 0.0002913138,
  "WLHImagSurface_W0_p": 0.9773989436,
  "WLHImagSurface_W1_p": 0.0501419069,
  "WLHImagSurface_W2_p": 1.0247763773,
  "WLHImagSurface_W3_p": 0.1837926236,
  "WLHImagSurface_r0_p": 0.9750684687,
  "WLHImagSurface_r1_p": 0.448492675,
  "WLHImagSurface_r2_p": 0.00264601,
  "WLHImagSurface_a0_p": 0.8149939964,
  "WLHImagSurface_W0_n": 1.7358090176,
  "WLHImagSurface_W1_n": 0.0458842319,
  "WLHImagSurface_W2_n": 2.6307765419,
  "WLHImagSurface_W3_n": 0.1632530546,
  "WLHImagSurface_r0_n": 1.3202778869,
  "WLHImagSurface_r1_n": 1.5283329769,
  "WLHImagSurface_r2_n": 0.003055155,
  "WLHImagSurface_a0_n": 0.8560268682,
  "WLHRealSpinOrbit_V0_p": 9.162946473,
  "WLHRealSpinOrbit_V1_p": 0.0083241523,
  "WLHRealSpinOrbit_r0_p": 1.3027147099,
  "WLHRealSpinOrbit_r1_p": 0.9091114656,
  "WLHRealSpinOrbit_a0_p": 0.8200915893,
  "WLHRealSpinOrbit_a1_p": 0.0003474518,
  "WLHRealSpinOrbit_V0_n": 9.284952528,
  "WLHRealSpinOrbit_V1_n": 0.0083075861,
  "WLHRealSpinOrbit_r0_n": 1.2905456969,
  "WLHRealSpinOrbit_r1_n": 0.8872182789,
  "WLHRealSpinOrbit_a0_n": 0.8107386154,
  "WLHRealSpinOrbit_a1_n": 0.0003571265
}