{
  "WLHReal_V0_p": 53.7106366752,
  "WLHReal_V1_p": 0.2633312738,
  "WLHReal_V2_p": 0.0001607526,
  "WLHReal_V3_p": 7.39e-07,
  "WLHReal_V4_p": 15.3524475793,
  "WLHReal_V5_p": 0.1374236878,
  "WLHReal_V6_p": 0.0002579479,
  "WLHReal_r0_p": 1.2710647143,
  "WLHReal_r1_p": 0.3030328135,
  "WLHReal_r2_p": 0.000477352,
  "WLHReal_r3_p": 3.0105e-06,
  "WLHReal_a0_p": 0.7535917358,
  "WLHReal_a1_p": 0.0001624083,
  "WLHReal_a2_p": 2.3929e-06,
  "WLHReal_a3_p": 0.0383561418,
  "WLHReal_a4_p": 0.4559818858,
  "WLHReal_V0_n": 57.9210800356,
  "WLHReal_V1_n": 0.3481591889,
  "WLHReal_V2_n": 0.0004632553,
  "WLHReal_V3_n": 8.151e-07,
  "WLHReal_V4_n": 20.5946571041,
  "WLHReal_V5_n": 0.2538295287,
  "WLHReal_V6_n": 0.0005068124,
  "WLHReal_r0_n": 1.2477256687,
  "WLHReal_r1_n": 0.3489661822,
  "WLHReal_r2_n": 0.0004961465,
  "WLHReal_r3_n": 5.76e-07,
  "WLHReal_a0_n": 0.7140421006,
  "WLHReal_a1_n": 0.0002242158,
  "WLHReal_a2_n": -4.567e-07,
  "WLHReal_a3_n": 0.1637291276,
  "WLHReal_a4_n": 0.6478066648,
  "WLHImagVolume_W0_p": 3.3204895841,
  "WLHImagVolume_W1_p": 0.1730960657,
  "WLHImagVolume_W2_p": 2.55022e-05,
  "WLHImagVolume_W3_p": 9.7026538317,
  "WLHImagVolume_W4_p": 0.0630813025,
  "WLHImagVolume_r0_p": 0.744284457,
  "WLHImagVolume_r1_p": 24.8827430138,
  "WLHImagVolume_r2_p": 0.4738672622,
  "WLHImagVolume_r3_p": 37.0004428049,
  "WLHImagVolume_r4_p": 0.7446094254,
  "WLHImagVolume_r5_p": 1.7063e-06,
  "WLHImagVolume_a0_p": 0.5489313213,
  "WLHImagVolume_a1_p": 0.2402220695,
  "WLHImagVolume_a2_p": 11.083099391,
  "WLHImagVolume_a3_p": 0.4151449333,
  "WLHImagVolume_a4_p": 0.0023157899,
  "WLHImagVolume_W0_n": 2.9335544528,
  "WLHImagVolume_W1_n": 0.3194498025,
  "WLHImagVolume_W2_n": 0.0007343757,
  "WLHImagVolume_W3_n": 9.3925278936,
  "WLHImagVolume_W4_n": 0.0912696762,
  "WLHImagVolume_r0_n": 0.4833265244,
  "WLHImagVolume_r1_n": 79.1287965393,
  "WLHImagVolume_r2_n": 0.7603810405,
  "WLHImagVolume_r3_n": 79.4419831471,
  "WLHImagVolume_r4_n": 0.8310145077,
  "WLHImagVolume_r5_n": 1.8977e-06,
  "WLHImagVolume_a0_n": 0.1898111457,
  "WLHImagVolume_a1_n": 0.6230473602,
  "WLHImagVolume_a2_n": 6.6714629736,
  "WLHImagVolume_a3_n": 0.0111577108,
  "WLHImagVolume_a4_n": 0.0004132552,
  "WLHImagSurface_W0_p": 0.9997641581,
  "WLHImagSurface_W1_p": 0.0400519202,
  "WLHImagSurface_W2_p": 1.5549787628,
  "WLHImagSurface_W3_p": 0.1431135094,
  "WLHImagSurface_r0_p": 0.9336350637,
  "WLHImagSurface_r1_p": 0.523102082,
  "WLHImagSurface_r2_p": 0.0065139612,
  "WLHImagSurface_a0_p": 0.6528832795,
  "WLHImagSurface_W0_n": 2.4589553885,
  "WLHImagSurface_W1_n": 0.0511970513,
  "WLHImagSurface_W2_n": 3.7336334143,
  "WLHImagSurface_W3_n": 0.1573994318,
  "WLHImagSurface_r0_n": 1.2835833141,
  "WLHImagSurface_r1_n": 1.5126076815,
  "WLHImagSurface_r2_n": 0.0047825369,
  "WLHImagSurface_a0_n": 0.810043427,
  "WLHRealSpinOrbit_V0_p": 10.041124169,
  "WLHRealSpinOrbit_V1_p": 0.0085179828,
  "WLHRealSpinOrbit_r0_p": 1.2457588692,
  "WLHRealSpinOrbit_r1_p": 0.8031683072,
  "WLHRealSpinOrbit_a0_p": 0.7761235048,
  "WLHRealSpinOrbit_a1_p": 0.0003816913,
  "WLHRealSpinOrbit_V0_n": 9.8147358751,
  "WLHRealSpinOrbit_V1_n": 0.0081965833,
  "WLHRealSpinOrbit_r0_n": 1.2156683727,
  "WLHRealSpinOrbit_r1_n": 0.7925166041,
  "WLHRealSpinOrbit_a0_n": 0.7597228706,
  "WLHRealSpinOrbit_a1_n": 0.0003240701
}