{
  "WLHReal_V0_p": 54.5207600623,
  "WLHReal_V1_p": 0.3134223977,
  "WLHReal_V2_p": 0.0001344591,
  "WLHReal_V3_p": 1.6632e-06,
  "WLHReal_V4_p": 13.0346034038,
  "WLHReal_V5_p": 0.1379937666,
  "WLHReal_V6_p": 0.000253557,
  "WLHReal_r0_p": 1.2986786402,
  "WLHReal_r1_p": 0.3332611493,
  "WLHReal_r2_p": 0.0006738957,
  "WLHReal_r3_p": 4.0801e-06,
  "WLHReal_a0_p": 0.7734352759,
  "WLHReal_a1_p": 0.0001467768,
  "WLHReal_a2_p": 3.0694e-06,
  "WLHReal_a3_p": 0.0723190742,
  "WLHReal_a4_p": 0.5598064054,
  "WLHReal_V0_n": 50.2682296411,
  "WLHReal_V1_n": 0.263896651,
  "WLHReal_V2_n": -0.0002121278,
  "WLHReal_V3_n": 1.9633e-06,
  "WLHReal_V4_n": 21.629898251,
  "WLHReal_V5_n": 0.2677684812,
  "WLHReal_V6_n": 0.0009956329,
  "WLHReal_r0_n": 1.2920587112,
  "WLHReal_r1_n": 0.2588892939,
  "WLHReal_r2_n": 0.0009012053,
  "WLHReal_r3_n": 9.5472e-06,
  "WLHReal_a0_n": 0.7346619407,
  "WLHReal_a1_n": 0.0009230562,
  "WLHReal_a2_n": 1.07953e-05,
  "WLHReal_a3_n": 0.3230817982,
  "WLHReal_a4_n": 0.9193732897,
  "WLHImagVolume_W0_p": 3.9779915915,
  "WLHImagVolume_W1_p": 0.2349391885,
  "WLHImagVolume_W2_p": 0.0004466923,
  "WLHImagVolume_W3_p": 12.1602506146,
  "WLHImagVolume_W4_p": 0.0748843495,
  "WLHImagVolume_r0_p": 0.5306795017,
  "WLHImagVolume_r1_p": 59.1158172755,
  "WLHImagVolume_r2_p": 0.721592119,
  "WLHImagVolume_r3_p": 66.5691804585,
  "WLHImagVolume_r4_p": 0.5441752411,
  "WLHImagVolume_r5_p": 6.668e-07,
  "WLHImagVolume_a0_p": 0.5332796576,
  "WLHImagVolume_a1_p": 0.2984046451,
  "WLHImagVolume_a2_p": 16.4142670314,
  "WLHImagVolume_a3_p": 0.3913706459,
  "WLHImagVolume_a4_p": 0.0019866034,
  "WLHImagVolume_W0_n": 2.1668000665,
  "WLHImagVolume_W1_n": 0.1687745967,
  "WLHImagVolume_W2_n": 0.0002578232,
  "WLHImagVolume_W3_n": 7.1545265273,
  "WLHImagVolume_W4_n": -0.0097018535,
  "WLHImagVolume_r0_n": 0.5598137019,
  "WLHImagVolume_r1_n": 86.7967228512,
  "WLHImagVolume_r2_n": 0.7233046189,
  "WLHImagVolume_r3_n": 86.2254909558,
  "WLHImagVolume_r4_n": 0.872949188,
  "WLHImagVolume_r5_n": 3.0752e-06,
  "WLHImagVolume_a0_n": 0.2131067978,
  "WLHImagVolume_a1_n": 0.5987003363,
  "WLHImagVolume_a2_n": 8.8436512208,
  "WLHImagVolume_a3_n": 0.0799595165,
  "WLHImagVolume_a4_n": 0.0005327685,
  "WLHImagSurface_W0_p": 1.1549777047,
  "WLHImagSurface_W1_p": 0.0591354728,
  "WLHImagSurface_W2_p": 1.4737657159,
  "WLHImagSurface_W3_p": 0.2125694944,
  "WLHImagSurface_r0_p": 1.0530035365,
  "WLHImagSurface_r1_p": 0.6639618541,
  "WLHImagSurface_r2_p": 0.005567366,
  "WLHImagSurface_a0_p": 0.8107591168,
  "WLHImagSurface_W0_n": 1.2182939885,
  "WLHImagSurface_W1_n": 0.02429644,
  "WLHImagSurface_W2_n": 1.5384262884,
  "WLHImagSurface_W3_n": 0.1017140661,
  "WLHImagSurface_r0_n": 1.2989145629,
  "WLHImagSurface_r1_n": 1.3657536179,
  "WLHImagSurface_r2_n": 0.0029201361,
  "WLHImagSurface_a0_n": 0.8556204669,
  "WLHRealSpinOrbit_V0_p": 9.5135691396,
  "WLHRealSpinOrbit_V1_p": 0.0082077201,
  "WLHRealSpinOrbit_r0_p": 1.259013148,
  "WLHRealSpinOrbit_r1_p": 0.8369883131,
  "WLHRealSpinOrbit_a0_p": 0.7856710384,
  "WLHRealSpinOrbit_a1_p": 0.000358095,
  "WLHRealSpinOrbit_V0_n": 9.563067905,
  "WLHRealSpinOrbit_V1_n": 0.0084245429,
  "WLHRealSpinOrbit_r0_n": 1.279635566,
  "WLHRealSpinOrbit_r1_n": 0.8618534967,
  "WLHRealSpinOrbit_a0_n": 0.8020584345,
  "WLHRealSpinOrbit_a1_n": 0.0003734628
}