{
  "WLHReal_V0_p": 60.4626360819,
  "WLHReal_V1_p": 0.3572455037,
  "WLHReal_V2_p": 0.0006123495,
  "WLHReal_V3_p": 3.657e-07,
  "WLHReal_V4_p": 13.3679533261,
  "WLHReal_V5_p": 0.1510937037,
  "WLHReal_V6_p": 0.0001509814,
  "WLHReal_r0_p": 1.2446865335,
  "WLHReal_r1_p": 0.3530242666,
  "WLHReal_r2_p": 0.0007757343,
  "WLHReal_r3_p": 2.4717e-06,
  "WLHReal_a0_p": 0.7732019951,
  "WLHReal_a1_p": 0.0003863876,
  "WLHReal_a2_p": 1.913e-07,
  "WLHReal_a3_p": 0.1643960052,
  "WLHReal_a4_p": 0.7014970877,
  "WLHReal_V0_n": 55.3240007392,
  "WLHReal_V1_n": 0.2927168189,
  "WLHReal_V2_n": -0.0001720021,
  "WLHReal_V3_n": 1.5493e-06,
  "WLHReal_V4_n": 21.4082703453,
  "WLHReal_V5_n": 0.2846136675,
  "WLHReal_V6_n": 0.0010329356,
  "WLHReal_r0_n": 1.2718940715,
  "WLHReal_r1_n": 0.3091631691,
  "WLHReal_r2_n": 0.0008540042,
  "WLHReal_r3_n": 7.9137e-06,
  "WLHReal_a0_n": 0.7395877353,
  "WLHReal_a1_n": 0.0006488808,
  "WLHReal_a2_n": 8.2383e-06,
  "WLHReal_a3_n": 0.266025805,
  "WLHReal_a4_n": 0.8582612138,
  "WLHImagVolume_W0_p": 4.246542558,
  "WLHImagVolume_W1_p": 0.3468824928,
  "WLHImagVolume_W2_p": 0.0007231062,
  "WLHImagVolume_W3_p": 17.5157348904,
  "WLHImagVolume_W4_p": 0.0946479397,
  "WLHImagVolume_r0_p": 0.4383049959,
  "WLHImagVolume_r1_p": 64.1203866467,
  "WLHImagVolume_r2_p": 0.7468052559,
  "WLHImagVolume_r3_p": 70.3113034255,
  "WLHImagVolume_r4_p": 0.6171579841,
  "WLHImagVolume_r5_p": 2.0638e-06,
  "WLHImagVolume_a0_p": 0.5305216438,
  "WLHImagVolume_a1_p": 0.2838831346,
  "WLHImagVolume_a2_p": 14.3113174602,
  "WLHImagVolume_a3_p": 0.4186012623,
  "WLHImagVolume_a4_p": 0.0022137095,
  "WLHImagVolume_W0_n": 3.3757537987,
  "WLHImagVolume_W1_n": 0.2900552982,
  "WLHImagVolume_W2_n": 0.0004655432,
  "WLHImagVolume_W3_n": 10.118903146,
  "WLHImagVolume_W4_n": 0.0471748856,
  "WLHImagVolume_r0_n": 0.6335134502,
  "WLHImagVolume_r1_n": 57.8749650504,
  "WLHImagVolume_r2_n": 0.6321606596,
  "WLHImagVolume_r3_n": 74.504367233,
  "WLHImagVolume_r4_n": 1.0449787619,
  "WLHImagVolume_r5_n": 3.9757e-06,
  "WLHImagVolume_a0_n": 0.2557694134,
  "WLHImagVolume_a1_n": 0.5668893685,
  "WLHImagVolume_a2_n": 5.920073294,
  "WLHImagVolume_a3_n": 0.0311149603,
  "WLHImagVolume_a4_n": 0.0007038549,
  "WLHImagSurface_W0_p": 1.1263776894,
  "WLHImagSurface_W1_p": 0.0533126062,
  "WLHImagSurface_W2_p": 1.1714719886,
  "WLHImagSurface_W3_p": 0.1956620374,
  "WLHImagSurface_r0_p": 1.107631328,
  "WLHImagSurface_r1_p": 1.1504262606,
  "WLHImagSurface_r2_p": 0.0078672417,
  "WLHImagSurface_a0_p": 0.7659918829,
  "WLHImagSurface_W0_n": 1.7268598232,
  "WLHImagSurface_W1_n": 0.0368102796,
  "WLHImagSurface_W2_n": 2.1740302507,
  "WLHImagSurface_W3_n": 0.1214833702,
  "WLHImagSurface_r0_n": 1.2485456587,
  "WLHImagSurface_r1_n": 1.441118024,
  "WLHImagSurface_r2_n": 0.003380273,
  "WLHImagSurface_a0_n": 0.8385145356,
  "WLHRealSpinOrbit_V0_p": 10.2277956728,
  "WLHRealSpinOrbit_V1_p": 0.0084070114,
  "WLHRealSpinOrbit_r0_p": 1.1913034815,
  "WLHRealSpinOrbit_r1_p": 0.7634000233,
  "WLHRealSpinOrbit_a0_p": 0.746519888,
  "WLHRealSpinOrbit_a1_p": 0.0003106364,
  "WLHRealSpinOrbit_V0_n": 10.1069535617,
  "WLHRealSpinOrbit_V1_n": 0.0088662323,
  "WLHRealSpinOrbit_r0_n": 1.2551291193,
  "WLHRealSpinOrbit_r1_n": 0.8516165273,
  "WLHRealSpinOrbit_a0_n": 0.7960845702,
  "WLHRealSpinOrbit_a1_n": 0.0003262668
}