{
  "WLHReal_V0_p": 47.2615684055,
  "WLHReal_V1_p": 0.2191473396,
  "WLHReal_V2_p": -0.0008832811,
  "WLHReal_V3_p": 3.0336e-06,
  "WLHReal_V4_p": 13.8289559957,
  "WLHReal_V5_p": 0.1004474527,
  "WLHReal_V6_p": 0.0005162826,
  "WLHReal_r0_p": 1.31738965,
  "WLHReal_r1_p": 0.1260789286,
  "WLHReal_r2_p": 0.0009878835,
  "WLHReal_r3_p": 1.37904e-05,
  "WLHReal_a0_p": 0.7761470229,
  "WLHReal_a1_p": -0.0001520831,
  "WLHReal_a2_p": 1.24818e-05,
  "WLHReal_a3_p": -0.0896032456,
  "WLHReal_a4_p": 0.4240866774,
  "WLHReal_V0_n": 54.3525373037,
  "WLHReal_V1_n": 0.2706299258,
  "WLHReal_V2_n": -0.0002549115,
  "WLHReal_V3_n": 2.6251e-06,
  "WLHReal_V4_n": 21.5046504683,
  "WLHReal_V5_n": 0.2899972078,
  "WLHReal_V6_n": 0.001026732,
  "WLHReal_r0_n": 1.2976783704,
  "WLHReal_r1_n": 0.3706652773,
  "WLHReal_r2_n": 0.0007759105,
  "WLHReal_r3_n": 6.6171e-06,
  "WLHReal_a0_n": 0.7394654814,
  "WLHReal_a1_n": 0.0005749922,
  "WLHReal_a2_n": 6.7187e-06,
  "WLHReal_a3_n": 0.2306775694,
  "WLHReal_a4_n": 0.7650955425,
  "WLHImagVolume_W0_p": 4.4036968979,
  "WLHImagVolume_W1_p": 0.0855481358,
  "WLHImagVolume_W2_p": -0.0003420485,
  "WLHImagVolume_W3_p": 5.1805908093,
  "WLHImagVolume_W4_p": 0.0544496197,
  "WLHImagVolume_r0_p": 1.1178150282,
  "WLHImagVolume_r1_p": -2.1727730374,
  "WLHImagVolume_r2_p": 0.18862658,
  "WLHImagVolume_r3_p": 25.8520553338,
  "WLHImagVolume_r4_p": 0.9423893824,
  "WLHImagVolume_r5_p": 1.7206e-06,
  "WLHImagVolume_a0_p": 0.6183620783,
  "WLHImagVolume_a1_p": 0.195053299,
  "WLHImagVolume_a2_p": 9.0390643013,
  "WLHImagVolume_a3_p": 0.4551631328,
  "WLHImagVolume_a4_p": 0.0031617234,
  "WLHImagVolume_W0_n": 3.0117613773,
  "WLHImagVolume_W1_n": 0.2824630606,
  "WLHImagVolume_W2_n": 0.0004257531,
  "WLHImagVolume_W3_n": 9.3629768276,
  "WLHImagVolume_W4_n": 0.037631924,
  "WLHImagVolume_r0_n": 0.61802133,
  "WLHImagVolume_r1_n": 58.585173834,
  "WLHImagVolume_r2_n": 0.6657921215,
  "WLHImagVolume_r3_n": 74.4679395853,
  "WLHImagVolume_r4_n": 1.0692740199,
  "WLHImagVolume_r5_n": 4.8803e-06,
  "WLHImagVolume_a0_n": 0.2657171514,
  "WLHImagVolume_a1_n": 0.5760647569,
  "WLHImagVolume_a2_n": 6.7805415974,
  "WLHImagVolume_a3_n": 0.0633399428,
  "WLHImagVolume_a4_n": 0.0010942077,
  "WLHImagSurface_W0_p": 0.2524500716,
  "WLHImagSurface_W1_p": -0.0311621248,
  "WLHImagSurface_W2_p": -0.7392780631,
  "WLHImagSurface_W3_p": -0.1414019277,
  "WLHImagSurface_r0_p": 0.65660373,
  "WLHImagSurface_r1_p": -0.4590796205,
  "WLHImagSurface_r2_p": -0.0002053192,
  "WLHImagSurface_a0_p": 0.6555976103,
  "WLHImagSurface_W0_n": 1.5133101946,
  "WLHImagSurface_W1_n": 0.0319616027,
  "WLHImagSurface_W2_n": 2.2257195529,
  "WLHImagSurface_W3_n": 0.1231277199,
  "WLHImagSurface_r0_n": 1.2537742139,
  "WLHImagSurface_r1_n": 1.4238435471,
  "WLHImagSurface_r2_n": 0.0031488378,
  "WLHImagSurface_a0_n": 0.8449053744,
  "WLHRealSpinOrbit_V0_p": 9.772727109,
  "WLHRealSpinOrbit_V1_p": 0.0092396891,
  "WLHRealSpinOrbit_r0_p": 1.3400850337,
  "WLHRealSpinOrbit_r1_p": 0.956333193,
  "WLHRealSpinOrbit_a0_p": 0.8564248644,
  "WLHRealSpinOrbit_a1_p": 0.0003716545,
  "WLHRealSpinOrbit_V0_n": 9.9267522302,
  "WLHRealSpinOrbit_V1_n": 0.0087395355,
  "WLHRealSpinOrbit_r0_n": 1.2711611187,
  "WLHRealSpinOrbit_r1_n": 0.8571440318,
  "WLHRealSpinOrbit_a0_n": 0.8008337638,
  "WLHRealSpinOrbit_a1_n": 0.0003541704
}