{
  "WLHReal_V0_p": 57.8949115544,
  "WLHReal_V1_p": 0.3144590506,
  "WLHReal_V2_p": 0.0004558382,
  "WLHReal_V3_p": 4.1e-09,
  "WLHReal_V4_p": 14.579062301,
  "WLHReal_V5_p": 0.1397351823,
  "WLHReal_V6_p": 0.000178712,
  "WLHReal_r0_p": 1.2388416409,
  "WLHReal_r1_p": 0.296990079,
  "WLHReal_r2_p": 0.0007004575,
  "WLHReal_r3_p": 3.4772e-06,
  "WLHReal_a0_p": 0.7610097576,
  "WLHReal_a1_p": 0.0002875773,
  "WLHReal_a2_p": 1.1148e-06,
  "WLHReal_a3_p": 0.1125744196,
  "WLHReal_a4_p": 0.6093418724,
  "WLHReal_V0_n": 53.8593242915,
  "WLHReal_V1_n": 0.3013888148,
  "WLHReal_V2_n": 0.0004883997,
  "WLHReal_V3_n": 5.259e-07,
  "WLHReal_V4_n": 21.4545512174,
  "WLHReal_V5_n": 0.2332884817,
  "WLHReal_V6_n": 0.0003777889,
  "WLHReal_r0_n": 1.2583279281,
  "WLHReal_r1_n": 0.3223034625,
  "WLHReal_r2_n": 0.0004263824,
  "WLHReal_r3_n": -2.989e-07,
  "WLHReal_a0_n": 0.7039539068,
  "WLHReal_a1_n": 0.0002758717,
  "WLHReal_a2_n": -6.44e-08,
  "WLHReal_a3_n": 0.1955279534,
  "WLHReal_a4_n": 0.6295361009,
  "WLHImagVolume_W0_p": 3.7690704777,
  "WLHImagVolume_W1_p": 0.2687781275,
  "WLHImagVolume_W2_p": 0.0003621582,
  "WLHImagVolume_W3_p": 14.4001591375,
  "WLHImagVolume_W4_p": 0.0790082847,
  "WLHImagVolume_r0_p": 0.6243072326,
  "WLHImagVolume_r1_p": 41.1929314614,
  "WLHImagVolume_r2_p": 0.5614863241,
  "WLHImagVolume_r3_p": 52.5287636553,
  "WLHImagVolume_r4_p": 0.7423965294,
  "WLHImagVolume_r5_p": 2.4627e-06,
  "WLHImagVolume_a0_p": 0.5403201061,
  "WLHImagVolume_a1_p": 0.2518801238,
  "WLHImagVolume_a2_p": 11.7689625816,
  "WLHImagVolume_a3_p": 0.4225203476,
  "WLHImagVolume_a4_p": 0.0023192326,
  "WLHImagVolume_W0_n": 1.6506233041,
  "WLHImagVolume_W1_n": 0.2026671115,
  "WLHImagVolume_W2_n": 0.0003780594,
  "WLHImagVolume_W3_n": 6.6278706051,
  "WLHImagVolume_W4_n": 0.0363687823,
  "WLHImagVolume_r0_n": 0.4681981382,
  "WLHImagVolume_r1_n": 88.7003894807,
  "WLHImagVolume_r2_n": 0.7793344011,
  "WLHImagVolume_r3_n": 78.3432091175,
  "WLHImagVolume_r4_n": 0.7912310467,
  "WLHImagVolume_r5_n": 1.7823e-06,
  "WLHImagVolume_a0_n": 0.1605481228,
  "WLHImagVolume_a1_n": 0.6499260937,
  "WLHImagVolume_a2_n": 10.2761371888,
  "WLHImagVolume_a3_n": 0.0743767248,
  "WLHImagVolume_a4_n": 0.0006636373,
  "WLHImagSurface_W0_p": 0.9754545843,
  "WLHImagSurface_W1_p": 0.0351819262,
  "WLHImagSurface_W2_p": 0.9861264463,
  "WLHImagSurface_W3_p": 0.1228039437,
  "WLHImagSurface_r0_p": 1.0121800797,
  "WLHImagSurface_r1_p": 0.8606388354,
  "WLHImagSurface_r2_p": 0.0074464087,
  "WLHImagSurface_a0_p": 0.7014019539,
  "WLHImagSurface_W0_n": 1.6964314079,
  "WLHImagSurface_W1_n": 0.025521186,
  "WLHImagSurface_W2_n": 2.6166714424,
  "WLHImagSurface_W3_n": 0.1004972101,
  "WLHImagSurface_r0_n": 1.301191266,
  "WLHImagSurface_r1_n": 1.337261244,
  "WLHImagSurface_r2_n": 0.0043757773,
  "WLHImagSurface_a0_n": 0.8212331166,
  "WLHRealSpinOrbit_V0_p": 10.3740159626,
  "WLHRealSpinOrbit_V1_p": 0.0086061901,
  "WLHRealSpinOrbit_r0_p": 1.2042168806,
  "WLHRealSpinOrbit_r1_p": 0.7702677419,
  "WLHRealSpinOrbit_a0_p": 0.7551027887,
  "WLHRealSpinOrbit_a1_p": 0.0003340959,
  "WLHRealSpinOrbit_V0_n": 9.6092220418,
  "WLHRealSpinOrbit_V1_n": 0.0079296222,
  "WLHRealSpinOrbit_r0_n": 1.2269019571,
  "WLHRealSpinOrbit_r1_n": 0.7780745226,
  "WLHRealSpinOrbit_a0_n": 0.7566631281,
  "WLHRealSpinOrbit_a1_n": 0.0003769887
}