{
  "WLHReal_V0_p": 61.691694662,
  "WLHReal_V1_p": 0.3403353197,
  "WLHReal_V2_p": 0.0014053412,
  "WLHReal_V3_p": -2.3994e-06,
  "WLHReal_V4_p": 16.4728593317,
  "WLHReal_V5_p": 0.1466676072,
  "WLHReal_V6_p": -0.0001205595,
  "WLHReal_r0_p": 1.1735440255,
  "WLHReal_r1_p": 0.3514723133,
  "WLHReal_r2_p": 0.0003221147,
  "WLHReal_r3_p": -4.3099e-06,
  "WLHReal_a0_p": 0.7271437742,
  "WLHReal_a1_p": 0.0004099342,
  "WLHReal_a2_p": -6.3167e-06,
  "WLHReal_a3_p": 0.2047830706,
  "WLHReal_a4_p": 0.6219705803,
  "WLHReal_V0_n": 50.3409373232,
  "WLHReal_V1_n": 0.2800507659,
  "WLHReal_V2_n": -0.0001403546,
  "WLHReal_V3_n": 2.9404e-06,
  "WLHReal_V4_n": 20.6232995958,
  "WLHReal_V5_n": 0.2740981301,
  "WLHReal_V6_n": 0.0008713676,
  "WLHReal_r0_n": 1.3313286626,
  "WLHReal_r1_n": 0.3771779843,
  "WLHReal_r2_n": 0.0007205314,
  "WLHReal_r3_n": 5.1919e-06,
  "WLHReal_a0_n": 0.7308859184,
  "WLHReal_a1_n": 0.0007614766,
  "WLHReal_a2_n": 6.3243e-06,
  "WLHReal_a3_n": 0.2233921903,
  "WLHReal_a4_n": 0.7296578535,
  "WLHImagVolume_W0_p": 2.1571610444,
  "WLHImagVolume_W1_p": 0.2795942475,
  "WLHImagVolume_W2_p": 0.0004819191,
  "WLHImagVolume_W3_p": 16.9260437363,
  "WLHImagVolume_W4_p": 0.0662072011,
  "WLHImagVolume_r0_p": 0.3926745363,
  "WLHImagVolume_r1_p": 60.4039104755,
  "WLHImagVolume_r2_p": 0.7103506928,
  "WLHImagVolume_r3_p": 62.8713522194,
  "WLHImagVolume_r4_p": 0.637449924,
  "WLHImagVolume_r5_p": 2.6502e-06,
  "WLHImagVolume_a0_p": 0.4576566281,
  "WLHImagVolume_a1_p": 0.2937703147,
  "WLHImagVolume_a2_p": 14.0950453954,
  "WLHImagVolume_a3_p": 0.3568117338,
  "WLHImagVolume_a4_p": 0.0011402392,
  "WLHImagVolume_W0_n": 1.8392358671,
  "WLHImagVolume_W1_n": 0.2064760188,
  "WLHImagVolume_W2_n": 0.0005520163,
  "WLHImagVolume_W3_n": 6.3124758733,
  "WLHImagVolume_W4_n": 0.0108444886,
  "WLHImagVolume_r0_n": 0.4242063197,
  "WLHImagVolume_r1_n": 109.5211018109,
  "WLHImagVolume_r2_n": 0.8911589575,
  "WLHImagVolume_r3_n": 98.9956681973,
  "WLHImagVolume_r4_n": 0.7301867947,
  "WLHImagVolume_r5_n": 3.326e-06,
  "WLHImagVolume_a0_n": 0.2014836378,
  "WLHImagVolume_a1_n": 0.6342728848,
  "WLHImagVolume_a2_n": 8.8778895349,
  "WLHImagVolume_a3_n": 0.0946028549,
  "WLHImagVolume_a4_n": 0.0006740936,
  "WLHImagSurface_W0_p": 1.5654212842,
  "WLHImagSurface_W1_p": 0.0820350626,
  "WLHImagSurface_W2_p": 2.4580554348,
  "WLHImagSurface_W3_p": 0.2968114847,
  "WLHImagSurface_r0_p": 1.2678817913,
  "WLHImagSurface_r1_p": 1.5524737249,
  "WLHImagSurface_r2_p": 0.0135536381,
  "WLHImagSurface_a0_p": 0.7586310017,
  "WLHImagSurface_W0_n": 1.6368655408,
  "WLHImagSurface_W1_n": 0.0417263854,
  "WLHImagSurface_W2_n": 3.1066227629,
  "WLHImagSurface_W3_n": 0.1706586995,
  "WLHImagSurface_r0_n": 1.343666067,
  "WLHImagSurface_r1_n": 1.5093507906,
  "WLHImagSurface_r2_n": 0.0032296652,
  "WLHImagSurface_a0_n": 0.8551760005,
  "WLHRealSpinOrbit_V0_p": 10.7191352515,
  "WLHRealSpinOrbit_V1_p": 0.008039963,
  "WLHRealSpinOrbit_r0_p": 1.1169309882,
  "WLHRealSpinOrbit_r1_p": 0.6293369942,
  "WLHRealSpinOrbit_a0_p": 0.6828770254,
  "WLHRealSpinOrbit_a1_p": 0.0003468629,
  "WLHRealSpinOrbit_V0_n": 8.9144093657,
  "WLHRealSpinOrbit_V1_n": 0.0078568923,
  "WLHRealSpinOrbit_r0_n": 1.2974425886,
  "WLHRealSpinOrbit_r1_n": 0.870510834,
  "WLHRealSpinOrbit_a0_n": 0.8027878591,
  "WLHRealSpinOrbit_a1_n": 0.0003978691
}