{
  "WLHReal_V0_p": 57.9529440593,
  "WLHReal_V1_p": 0.3272405704,
  "WLHReal_V2_p": 0.0005371969,
  "WLHReal_V3_p": -1.543e-07,
  "WLHReal_V4_p": 14.1728099125,
  "WLHReal_V5_p": 0.1390680326,
  "WLHReal_V6_p": 0.0001432404,
  "WLHReal_r0_p": 1.2431207949,
  "WLHReal_r1_p": 0.3106589811,
  "WLHReal_r2_p": 0.0006861785,
  "WLHReal_r3_p": 2.676e-06,
  "WLHReal_a0_p": 0.761301015,
  "WLHReal_a1_p": 0.0002714403,
  "WLHReal_a2_p": 7.008e-07,
  "WLHReal_a3_p": 0.1249324864,
  "WLHReal_a4_p": 0.623130102,
  "WLHReal_V0_n": 57.2199156787,
  "WLHReal_V1_n": 0.3218740848,
  "WLHReal_V2_n": 0.0004911121,
  "WLHReal_V3_n": 3.34e-08,
  "WLHReal_V4_n": 21.6356141933,
  "WLHReal_V5_n": 0.2406429338,
  "WLHReal_V6_n": 0.0004768617,
  "WLHReal_r0_n": 1.2217935132,
  "WLHReal_r1_n": 0.2799147793,
  "WLHReal_r2_n": 0.0005207443,
  "WLHReal_r3_n": 2.0138e-06,
  "WLHReal_a0_n": 0.7098958383,
  "WLHReal_a1_n": 0.0002309629,
  "WLHReal_a2_n": 5.225e-07,
  "WLHReal_a3_n": 0.2182224503,
  "WLHReal_a4_n": 0.7163445492,
  "WLHImagVolume_W0_p": 3.6653519747,
  "WLHImagVolume_W1_p": 0.27344533,
  "WLHImagVolume_W2_p": 0.0004650847,
  "WLHImagVolume_W3_p": 14.8111789143,
  "WLHImagVolume_W4_p": 0.0776971849,
  "WLHImagVolume_r0_p": 0.5393604269,
  "WLHImagVolume_r1_p": 53.3547083585,
  "WLHImagVolume_r2_p": 0.6517099203,
  "WLHImagVolume_r3_p": 62.175801051,
  "WLHImagVolume_r4_p": 0.6599090796,
  "WLHImagVolume_r5_p": 1.7889e-06,
  "WLHImagVolume_a0_p": 0.5230245749,
  "WLHImagVolume_a1_p": 0.2770002084,
  "WLHImagVolume_a2_p": 13.9349958961,
  "WLHImagVolume_a3_p": 0.4016694998,
  "WLHImagVolume_a4_p": 0.0020068056,
  "WLHImagVolume_W0_n": 2.7050664381,
  "WLHImagVolume_W1_n": 0.2659345664,
  "WLHImagVolume_W2_n": 0.0004156869,
  "WLHImagVolume_W3_n": 9.1267121035,
  "WLHImagVolume_W4_n": 0.0663171,
  "WLHImagVolume_r0_n": 0.5729791943,
  "WLHImagVolume_r1_n": 62.4864376984,
  "WLHImagVolume_r2_n": 0.6458101303,
  "WLHImagVolume_r3_n": 67.0496651432,
  "WLHImagVolume_r4_n": 0.9400473083,
  "WLHImagVolume_r5_n": 2.4948e-06,
  "WLHImagVolume_a0_n": 0.1888784957,
  "WLHImagVolume_a1_n": 0.6110266851,
  "WLHImagVolume_a2_n": 7.9925234742,
  "WLHImagVolume_a3_n": 0.0244382499,
  "WLHImagVolume_a4_n": 0.0005317401,
  "WLHImagSurface_W0_p": 1.1151963774,
  "WLHImagSurface_W1_p": 0.0485615747,
  "WLHImagSurface_W2_p": 1.2253791676,
  "WLHImagSurface_W3_p": 0.1713099782,
  "WLHImagSurface_r0_p": 1.079692787,
  "WLHImagSurface_r1_p": 0.946178492,
  "WLHImagSurface_r2_p": 0.0078413403,
  "WLHImagSurface_a0_p": 0.7619705669,
  "WLHImagSurface_W0_n": 1.9380950563,
  "WLHImagSurface_W1_n": 0.0292971062,
  "WLHImagSurface_W2_n": 2.3793446201,
  "WLHImagSurface_W3_n": 0.0877402821,
  "WLHImagSurface_r0_n": 1.2519130556,
  "WLHImagSurface_r1_n": 1.3426646991,
  "WLHImagSurface_r2_n": 0.0045849558,
  "WLHImagSurface_a0_n": 0.8095920778,
  "WLHRealSpinOrbit_V0_p": 10.1874773943,
  "WLHRealSpinOrbit_V1_p": 0.0084042666,
  "WLHRealSpinOrbit_r0_p": 1.2028692961,
  "WLHRealSpinOrbit_r1_p": 0.7671656433,
  "WLHRealSpinOrbit_a0_p": 0.7514734855,
  "WLHRealSpinOrbit_a1_p": 0.0003357842,
  "WLHRealSpinOrbit_V0_n": 10.2535343646,
  "WLHRealSpinOrbit_V1_n": 0.0084850236,
  "WLHRealSpinOrbit_r0_n": 1.2007178767,
  "WLHRealSpinOrbit_r1_n": 0.7703220253,
  "WLHRealSpinOrbit_a0_n": 0.7527751243,
  "WLHRealSpinOrbit_a1_n": 0.000325601
}