{
  "WLHReal_V0_p": 52.5645321314,
  "WLHReal_V1_p": 0.3204916592,
  "WLHReal_V2_p": -0.0003105067,
  "WLHReal_V3_p": 3.2716e-06,
  "WLHReal_V4_p": 11.2002616322,
  "WLHReal_V5_p": 0.1317646994,
  "WLHReal_V6_p": 0.0003774728,
  "WLHReal_r0_p": 1.3415135497,
  "WLHReal_r1_p": 0.3140242523,
  "WLHReal_r2_p": 0.0009144713,
  "WLHReal_r3_p": 7.7694e-06,
  "WLHReal_a0_p": 0.7951999476,
  "WLHReal_a1_p": 5.13214e-05,
  "WLHReal_a2_p": 7.0024e-06,
  "WLHReal_a3_p": 0.0392075976,
  "WLHReal_a4_p": 0.5868266958,
  "WLHReal_V0_n": 53.3627100994,
  "WLHReal_V1_n": 0.2920417507,
  "WLHReal_V2_n": 0.0002371415,
  "WLHReal_V3_n": 8.014e-07,
  "WLHReal_V4_n": 21.5432626535,
  "WLHReal_V5_n": 0.2478825161,
  "WLHReal_V6_n": 0.0006167427,
  "WLHReal_r0_n": 1.2640219302,
  "WLHReal_r1_n": 0.2969146907,
  "WLHReal_r2_n": 0.0006068611,
  "WLHReal_r3_n": 3.6321e-06,
  "WLHReal_a0_n": 0.7161882187,
  "WLHReal_a1_n": 0.0004836481,
  "WLHReal_a2_n": 3.9136e-06,
  "WLHReal_a3_n": 0.241076849,
  "WLHReal_a4_n": 0.7418601372,
  "WLHImagVolume_W0_p": 4.8516880614,
  "WLHImagVolume_W1_p": 0.2416726627,
  "WLHImagVolume_W2_p": 0.0005473598,
  "WLHImagVolume_W3_p": 11.587576582,
  "WLHImagVolume_W4_p": 0.0816767305,
  "WLHImagVolume_r0_p": 0.543666684,
  "WLHImagVolume_r1_p": 66.3238720035,
  "WLHImagVolume_r2_p": 0.7646997774,
  "WLHImagVolume_r3_p": 75.8008707958,
  "WLHImagVolume_r4_p": 0.4920026976,
  "WLHImagVolume_r5_p": 8.414e-07,
  "WLHImagVolume_a0_p": 0.5579131896,
  "WLHImagVolume_a1_p": 0.310210066,
  "WLHImagVolume_a2_p": 18.2209920883,
  "WLHImagVolume_a3_p": 0.4013882745,
  "WLHImagVolume_a4_p": 0.0022483545,
  "WLHImagVolume_W0_n": 2.0618384321,
  "WLHImagVolume_W1_n": 0.2069650309,
  "WLHImagVolume_W2_n": 0.0003492005,
  "WLHImagVolume_W3_n": 7.3625597674,
  "WLHImagVolume_W4_n": 0.027417813,
  "WLHImagVolume_r0_n": 0.522206695,
  "WLHImagVolume_r1_n": 82.0889216583,
  "WLHImagVolume_r2_n": 0.7328766682,
  "WLHImagVolume_r3_n": 78.6205529121,
  "WLHImagVolume_r4_n": 0.8555872867,
  "WLHImagVolume_r5_n": 2.117e-06,
  "WLHImagVolume_a0_n": 0.1866719874,
  "WLHImagVolume_a1_n": 0.623670066,
  "WLHImagVolume_a2_n": 9.2624554188,
  "WLHImagVolume_a3_n": 0.0666123332,
  "WLHImagVolume_a4_n": 0.0006176523,
  "WLHImagSurface_W0_p": 0.9845338339,
  "WLHImagSurface_W1_p": 0.0481782625,
  "WLHImagSurface_W2_p": 0.8203595986,
  "WLHImagSurface_W3_p": 0.1691352713,
  "WLHImagSurface_r0_p": 1.000102347,
  "WLHImagSurface_r1_p": 0.3820788695,
  "WLHImagSurface_r2_p": 0.0024226801,
  "WLHImagSurface_a0_p": 0.8711286266,
  "WLHImagSurface_W0_n": 1.5828894142,
  "WLHImagSurface_W1_n": 0.0261209923,
  "WLHImagSurface_W2_n": 2.2203722438,
  "WLHImagSurface_W3_n": 0.0996227448,
  "WLHImagSurface_r0_n": 1.2895666273,
  "WLHImagSurface_r1_n": 1.3510832581,
  "WLHImagSurface_r2_n": 0.0039044809,
  "WLHImagSurface_a0_n": 0.830929686,
  "WLHRealSpinOrbit_V0_p": 9.0626009616,
  "WLHRealSpinOrbit_V1_p": 0.008277313,
  "WLHRealSpinOrbit_r0_p": 1.3073502785,
  "WLHRealSpinOrbit_r1_p": 0.9171473876,
  "WLHRealSpinOrbit_a0_p": 0.8234182293,
  "WLHRealSpinOrbit_a1_p": 0.0003475856,
  "WLHRealSpinOrbit_V0_n": 9.7243748286,
  "WLHRealSpinOrbit_V1_n": 0.0082201793,
  "WLHRealSpinOrbit_r0_n": 1.2406236285,
  "WLHRealSpinOrbit_r1_n": 0.806366469,
  "WLHRealSpinOrbit_a0_n": 0.7721017649,
  "WLHRealSpinOrbit_a1_n": 0.0003659439
}