{
  "WLHReal_V0_p": 53.0517061202,
  "WLHReal_V1_p": 0.2794755982,
  "WLHReal_V2_p": -0.0003207048,
  "WLHReal_V3_p": 1.7125e-06,
  "WLHReal_V4_p": 13.3479021212,
  "WLHReal_V5_p": 0.1279763232,
  "WLHReal_V6_p": 0.0003985104,
  "WLHReal_r0_p": 1.2977994314,
  "WLHReal_r1_p": 0.2452461815,
  "WLHReal_r2_p": 0.000902861,
  "WLHReal_r3_p": 9.7501e-06,
  "WLHReal_a0_p": 0.7807899393,
  "WLHReal_a1_p": 0.0001055044,
  "WLHReal_a2_p": 7.3339e-06,
  "WLHReal_a3_p": 0.017007798,
  "WLHReal_a4_p": 0.5443053762,
  "WLHReal_V0_n": 52.2800713659,
  "WLHReal_V1_n": 0.2897168569,
  "WLHReal_V2_n": -0.0002266494,
  "WLHReal_V3_n": 2.2695e-06,
  "WLHReal_V4_n": 21.1021819145,
  "WLHReal_V5_n": 0.2788730148,
  "WLHReal_V6_n": 0.0010620762,
  "WLHReal_r0_n": 1.28906586,
  "WLHReal_r1_n": 0.2761325814,
  "WLHReal_r2_n": 0.0009379437,
  "WLHReal_r3_n": 9.2359e-06,
  "WLHReal_a0_n": 0.7400558279,
  "WLHReal_a1_n": 0.0009052033,
  "WLHReal_a2_n": 1.14798e-05,
  "WLHReal_a3_n": 0.3042474592,
  "WLHReal_a4_n": 0.9260565474,
  "WLHImagVolume_W0_p": 4.6091337535,
  "WLHImagVolume_W1_p": 0.2121314207,
  "WLHImagVolume_W2_p": 0.0001563396,
  "WLHImagVolume_W3_p": 10.5944474901,
  "WLHImagVolume_W4_p": 0.0774366918,
  "WLHImagVolume_r0_p": 0.8176559331,
  "WLHImagVolume_r1_p": 26.2373710789,
  "WLHImagVolume_r2_p": 0.4448276873,
  "WLHImagVolume_r3_p": 44.1861077595,
  "WLHImagVolume_r4_p": 0.7901505288,
  "WLHImagVolume_r5_p": 1.9795e-06,
  "WLHImagVolume_a0_p": 0.5916106403,
  "WLHImagVolume_a1_p": 0.2303614383,
  "WLHImagVolume_a2_p": 11.0742420368,
  "WLHImagVolume_a3_p": 0.4509975568,
  "WLHImagVolume_a4_p": 0.0029375679,
  "WLHImagVolume_W0_n": 2.8152008139,
  "WLHImagVolume_W1_n": 0.2299228462,
  "WLHImagVolume_W2_n": 0.0004636867,
  "WLHImagVolume_W3_n": 8.5207948686,
  "WLHImagVolume_W4_n": 0.0191322112,
  "WLHImagVolume_r0_n": 0.5577542816,
  "WLHImagVolume_r1_n": 84.1960453125,
  "WLHImagVolume_r2_n": 0.7258051193,
  "WLHImagVolume_r3_n": 88.226582665,
  "WLHImagVolume_r4_n": 0.8782587402,
  "WLHImagVolume_r5_n": 3.121e-06,
  "WLHImagVolume_a0_n": 0.2267674495,
  "WLHImagVolume_a1_n": 0.5867638908,
  "WLHImagVolume_a2_n": 6.9507703089,
  "WLHImagVolume_a3_n": 0.0472725535,
  "WLHImagVolume_a4_n": 0.0003820641,
  "WLHImagSurface_W0_p": 0.6064334141,
  "WLHImagSurface_W1_p": 0.0061503758,
  "WLHImagSurface_W2_p": 0.1254435235,
  "WLHImagSurface_W3_p": 0.011558726,
  "WLHImagSurface_r0_p": 0.8297238345,
  "WLHImagSurface_r1_p": 0.2215046831,
  "WLHImagSurface_r2_p": 0.0027589945,
  "WLHImagSurface_a0_p": 0.6855950073,
  "WLHImagSurface_W0_n": 1.6437814012,
  "WLHImagSurface_W1_n": 0.0391036095,
  "WLHImagSurface_W2_n": 2.2109055123,
  "WLHImagSurface_W3_n": 0.1364180195,
  "WLHImagSurface_r0_n": 1.294072832,
  "WLHImagSurface_r1_n": 1.4687025187,
  "WLHImagSurface_r2_n": 0.0031356835,
  "WLHImagSurface_a0_n": 0.850318404,
  "WLHRealSpinOrbit_V0_p": 9.9028001961,
  "WLHRealSpinOrbit_V1_p": 0.0088972516,
  "WLHRealSpinOrbit_r0_p": 1.2843566424,
  "WLHRealSpinOrbit_r1_p": 0.8859108156,
  "WLHRealSpinOrbit_a0_p": 0.8151856826,
  "WLHRealSpinOrbit_a1_p": 0.0003450213,
  "WLHRealSpinOrbit_V0_n": 9.6167771813,
  "WLHRealSpinOrbit_V1_n": 0.0085250787,
  "WLHRealSpinOrbit_r0_n": 1.2756442631,
  "WLHRealSpinOrbit_r1_n": 0.8714195871,
  "WLHRealSpinOrbit_a0_n": 0.8043332818,
  "WLHRealSpinOrbit_a1_n": 0.0003470772
}