{
  "WLHReal_V0_p": 56.5426916813,
  "WLHReal_V1_p": 0.367552706,
  "WLHReal_V2_p": 0.0004384812,
  "WLHReal_V3_p": 1.41e-06,
  "WLHReal_V4_p": 11.564397229,
  "WLHReal_V5_p": 0.1429698107,
  "WLHReal_V6_p": 0.0001511214,
  "WLHReal_r0_p": 1.3047312159,
  "WLHReal_r1_p": 0.3903050436,
  "WLHReal_r2_p": 0.0006968734,
  "WLHReal_r3_p": 1.8567e-06,
  "WLHReal_a0_p": 0.7801843355,
  "WLHReal_a1_p": 0.0001812768,
  "WLHReal_a2_p": 1.6369e-06,
  "WLHReal_a3_p": 0.1347611616,
  "WLHReal_a4_p": 0.6526309838,
  "WLHReal_V0_n": 53.5386012561,
  "WLHReal_V1_n": 0.2897847471,
  "WLHReal_V2_n": 0.0001011798,
  "WLHReal_V3_n": 9.342e-07,
  "WLHReal_V4_n": 21.568176411,
  "WLHReal_V5_n": 0.257472269,
  "WLHReal_V6_n": 0.0007551085,
  "WLHReal_r0_n": 1.2651045398,
  "WLHReal_r1_n": 0.2860819362,
  "WLHReal_r2_n": 0.0007060228,
  "WLHReal_r3_n": 5.5059e-06,
  "WLHReal_a0_n": 0.723499352,
  "WLHReal_a1_n": 0.0005779032,
  "WLHReal_a2_n": 6.0904e-06,
  "WLHReal_a3_n": 0.2622111922,
  "WLHReal_a4_n": 0.8011766612,
  "WLHImagVolume_W0_p": 4.0220671718,
  "WLHImagVolume_W1_p": 0.2956893317,
  "WLHImagVolume_W2_p": 0.000879778,
  "WLHImagVolume_W3_p": 15.1922775115,
  "WLHImagVolume_W4_p": 0.0817693662,
  "WLHImagVolume_r0_p": 0.2448866079,
  "WLHImagVolume_r1_p": 97.6319362342,
  "WLHImagVolume_r2_p": 1.0115605228,
  "WLHImagVolume_r3_p": 97.0688635959,
  "WLHImagVolume_r4_p": 0.3115716379,
  "WLHImagVolume_r5_p": 5.75e-07,
  "WLHImagVolume_a0_p": 0.4903473114,
  "WLHImagVolume_a1_p": 0.3676064843,
  "WLHImagVolume_a2_p": 22.1968724866,
  "WLHImagVolume_a3_p": 0.3466579034,
  "WLHImagVolume_a4_p": 0.0012762987,
  "WLHImagVolume_W0_n": 2.4042151003,
  "WLHImagVolume_W1_n": 0.220135904,
  "WLHImagVolume_W2_n": 0.0003533045,
  "WLHImagVolume_W3_n": 8.0447017553,
  "WLHImagVolume_W4_n": 0.0275482281,
  "WLHImagVolume_r0_n": 0.5587985015,
  "WLHImagVolume_r1_n": 75.9468923184,
  "WLHImagVolume_r2_n": 0.698784202,
  "WLHImagVolume_r3_n": 77.8199335247,
  "WLHImagVolume_r4_n": 0.90559954,
  "WLHImagVolume_r5_n": 2.5372e-06,
  "WLHImagVolume_a0_n": 0.2048181753,
  "WLHImagVolume_a1_n": 0.6060718426,
  "WLHImagVolume_a2_n": 8.4210496517,
  "WLHImagVolume_a3_n": 0.0574022412,
  "WLHImagVolume_a4_n": 0.0005978821,
  "WLHImagSurface_W0_p": 1.5259532182,
  "WLHImagSurface_W1_p": 0.0959878233,
  "WLHImagSurface_W2_p": 2.0244230675,
  "WLHImagSurface_W3_p": 0.3496653006,
  "WLHImagSurface_r0_p": 1.25327517,
  "WLHImagSurface_r1_p": 1.0421635729,
  "WLHImagSurface_r2_p": 0.0068534681,
  "WLHImagSurface_a0_p": 0.9722216887,
  "WLHImagSurface_W0_n": 1.5688199242,
  "WLHImagSurface_W1_n": 0.0277080458,
  "WLHImagSurface_W2_n": 2.0566869964,
  "WLHImagSurface_W3_n": 0.1010691819,
  "WLHImagSurface_r0_n": 1.2787435672,
  "WLHImagSurface_r1_n": 1.3662997832,
  "WLHImagSurface_r2_n": 0.0036844977,
  "WLHImagSurface_a0_n": 0.8347887365,
  "WLHRealSpinOrbit_V0_p": 9.1130289268,
  "WLHRealSpinOrbit_V1_p": 0.0076939215,
  "WLHRealSpinOrbit_r0_p": 1.2424759557,
  "WLHRealSpinOrbit_r1_p": 0.8195210355,
  "WLHRealSpinOrbit_a0_p": 0.7695618669,
  "WLHRealSpinOrbit_a1_p": 0.0003450791,
  "WLHRealSpinOrbit_V0_n": 9.8373729042,
  "WLHRealSpinOrbit_V1_n": 0.0084222195,
  "WLHRealSpinOrbit_r0_n": 1.2459834868,
  "WLHRealSpinOrbit_r1_n": 0.8213591538,
  "WLHRealSpinOrbit_a0_n": 0.7801952233,
  "WLHRealSpinOrbit_a1_n": 0.0003547798
}