{
  "WLHReal_V0_p": 49.5967441203,
  "WLHReal_V1_p": 0.2587687919,
  "WLHReal_V2_p": -0.0002780712,
  "WLHReal_V3_p": 2.4457e-06,
  "WLHReal_V4_p": 13.7652982156,
  "WLHReal_V5_p": 0.1148027311,
  "WLHReal_V6_p": 0.0003308962,
  "WLHReal_r0_p": 1.3104114566,
  "WLHReal_r1_p": 0.2352047372,
  "WLHReal_r2_p": 0.0006889129,
  "WLHReal_r3_p": 7.271e-06,
  "WLHReal_a0_p": 0.7650029106,
  "WLHReal_a1_p": -7.03483e-05,
  "WLHReal_a2_p": 6.3627e-06,
  "WLHReal_a3_p": -0.0167592527,
  "WLHReal_a4_p": 0.4436827239,
  "WLHReal_V0_n": 50.9609427437,
  "WLHReal_V1_n": 0.2521467476,
  "WLHReal_V2_n": -0.0010713631,
  "WLHReal_V3_n": 5.3659e-06,
  "WLHReal_V4_n": 20.9003130533,
  "WLHReal_V5_n": 0.3389095118,
  "WLHReal_V6_n": 0.0017689905,
  "WLHReal_r0_n": 1.3503263742,
  "WLHReal_r1_n": 0.3348758265,
  "WLHReal_r2_n": 0.0013280064,
  "WLHReal_r3_n": 1.64855e-05,
  "WLHReal_a0_n": 0.7783853267,
  "WLHReal_a1_n": 0.0013391455,
  "WLHReal_a2_n": 2.02415e-05,
  "WLHReal_a3_n": 0.3459303778,
  "WLHReal_a4_n": 1.0720789481,
  "WLHImagVolume_W0_p": 3.5945242244,
  "WLHImagVolume_W1_p": 0.1185191398,
  "WLHImagVolume_W2_p": -7.8735e-06,
  "WLHImagVolume_W3_p": 7.3440454853,
  "WLHImagVolume_W4_p": 0.0524167025,
  "WLHImagVolume_r0_p": 0.7827227284,
  "WLHImagVolume_r1_p": 34.1531947894,
  "WLHImagVolume_r2_p": 0.5003478098,
  "WLHImagVolume_r3_p": 49.6574341599,
  "WLHImagVolume_r4_p": 0.6728091746,
  "WLHImagVolume_r5_p": 1.4785e-06,
  "WLHImagVolume_a0_p": 0.5496004651,
  "WLHImagVolume_a1_p": 0.2690664588,
  "WLHImagVolume_a2_p": 14.6398197666,
  "WLHImagVolume_a3_p": 0.3891326444,
  "WLHImagVolume_a4_p": 0.0020793512,
  "WLHImagVolume_W0_n": 3.8772792592,
  "WLHImagVolume_W1_n": 0.2858974691,
  "WLHImagVolume_W2_n": 0.0005374921,
  "WLHImagVolume_W3_n": 10.3714760723,
  "WLHImagVolume_W4_n": 0.0054139096,
  "WLHImagVolume_r0_n": 0.6611546434,
  "WLHImagVolume_r1_n": 68.561720541,
  "WLHImagVolume_r2_n": 0.6785030274,
  "WLHImagVolume_r3_n": 92.9133558033,
  "WLHImagVolume_r4_n": 1.0776267641,
  "WLHImagVolume_r5_n": 5.5542e-06,
  "WLHImagVolume_a0_n": 0.325533298,
  "WLHImagVolume_a1_n": 0.523169155,
  "WLHImagVolume_a2_n": 3.8985448019,
  "WLHImagVolume_a3_n": 0.0519967324,
  "WLHImagVolume_a4_n": 0.0007625728,
  "WLHImagSurface_W0_p": 0.9022444065,
  "WLHImagSurface_W1_p": 0.031090968,
  "WLHImagSurface_W2_p": 0.9099067532,
  "WLHImagSurface_W3_p": 0.0962426192,
  "WLHImagSurface_r0_p": 0.9187409839,
  "WLHImagSurface_r1_p": 0.1168491619,
  "WLHImagSurface_r2_p": 0.003571275,
  "WLHImagSurface_a0_p": 0.7812935572,
  "WLHImagSurface_W0_n": 1.4025115263,
  "WLHImagSurface_W1_n": 0.0482520555,
  "WLHImagSurface_W2_n": 1.983572524,
  "WLHImagSurface_W3_n": 0.1767831502,
  "WLHImagSurface_r0_n": 1.2734493816,
  "WLHImagSurface_r1_n": 1.5895833994,
  "WLHImagSurface_r2_n": 0.001659706,
  "WLHImagSurface_a0_n": 0.8836620445,
  "WLHRealSpinOrbit_V0_p": 9.43238475,
  "WLHRealSpinOrbit_V1_p": 0.0084532371,
  "WLHRealSpinOrbit_r0_p": 1.3008901293,
  "WLHRealSpinOrbit_r1_p": 0.8850809151,
  "WLHRealSpinOrbit_a0_p": 0.8153093041,
  "WLHRealSpinOrbit_a1_p": 0.0003870992,
  "WLHRealSpinOrbit_V0_n": 9.587878656,
  "WLHRealSpinOrbit_V1_n": 0.0091302812,
  "WLHRealSpinOrbit_r0_n": 1.3398968161,
  "WLHRealSpinOrbit_r1_n": 0.9700081022,
  "WLHRealSpinOrbit_a0_n": 0.8577484089,
  "WLHRealSpinOrbit_a1_n": 0.0003421802
}