{
  "WLHReal_V0_p": 54.8964810585,
  "WLHReal_V1_p": 0.2961942982,
  "WLHReal_V2_p": -0.0005058859,
  "WLHReal_V3_p": 3.2681e-06,
  "WLHReal_V4_p": 12.3605697953,
  "WLHReal_V5_p": 0.1430197483,
  "WLHReal_V6_p": 0.0005050419,
  "WLHReal_r0_p": 1.3149819678,
  "WLHReal_r1_p": 0.2841764912,
  "WLHReal_r2_p": 0.0010602463,
  "WLHReal_r3_p": 1.07728e-05,
  "WLHReal_a0_p": 0.8013208869,
  "WLHReal_a1_p": 0.0002270748,
  "WLHReal_a2_p": 7.9626e-06,
  "WLHReal_a3_p": 0.0303209326,
  "WLHReal_a4_p": 0.6079581228,
  "WLHReal_V0_n": 54.0133176448,
  "WLHReal_V1_n": 0.3303271354,
  "WLHReal_V2_n": 0.0010052879,
  "WLHReal_V3_n": -7.935e-07,
  "WLHReal_V4_n": 21.4312538749,
  "WLHReal_V5_n": 0.1938955355,
  "WLHReal_V6_n": -3.63691e-05,
  "WLHReal_r0_n": 1.2194219636,
  "WLHReal_r1_n": 0.2592843932,
  "WLHReal_r2_n": 0.0002394097,
  "WLHReal_r3_n": -3.5409e-06,
  "WLHReal_a0_n": 0.6810861382,
  "WLHReal_a1_n": 0.0001168703,
  "WLHReal_a2_n": -4.7161e-06,
  "WLHReal_a3_n": 0.1919297656,
  "WLHReal_a4_n": 0.5894240887,
  "WLHImagVolume_W0_p": 5.6714916439,
  "WLHImagVolume_W1_p": 0.2873340698,
  "WLHImagVolume_W2_p": 0.0003434463,
  "WLHImagVolume_W3_p": 12.5783895263,
  "WLHImagVolume_W4_p": 0.1004720098,
  "WLHImagVolume_r0_p": 0.8070146537,
  "WLHImagVolume_r1_p": 25.435949437,
  "WLHImagVolume_r2_p": 0.4649286329,
  "WLHImagVolume_r3_p": 43.3746125692,
  "WLHImagVolume_r4_p": 0.8105857919,
  "WLHImagVolume_r5_p": 2.1125e-06,
  "WLHImagVolume_a0_p": 0.6307016163,
  "WLHImagVolume_a1_p": 0.2118801577,
  "WLHImagVolume_a2_p": 9.4815034571,
  "WLHImagVolume_a3_p": 0.4991861441,
  "WLHImagVolume_a4_p": 0.0036526622,
  "WLHImagVolume_W0_n": 0.9494004831,
  "WLHImagVolume_W1_n": 0.1534706634,
  "WLHImagVolume_W2_n": 0.0003508216,
  "WLHImagVolume_W3_n": 5.2463157116,
  "WLHImagVolume_W4_n": 0.0392749524,
  "WLHImagVolume_r0_n": 0.3850861473,
  "WLHImagVolume_r1_n": 106.4610715063,
  "WLHImagVolume_r2_n": 0.8291737364,
  "WLHImagVolume_r3_n": 80.0512420492,
  "WLHImagVolume_r4_n": 0.6093928895,
  "WLHImagVolume_r5_n": 1.157e-07,
  "WLHImagVolume_a0_n": 0.0889005679,
  "WLHImagVolume_a1_n": 0.6919657192,
  "WLHImagVolume_a2_n": 12.1533879649,
  "WLHImagVolume_a3_n": 0.0665532297,
  "WLHImagVolume_a4_n": 0.0002136482,
  "WLHImagSurface_W0_p": 0.420233586,
  "WLHImagSurface_W1_p": -0.0044603833,
  "WLHImagSurface_W2_p": -0.2713878434,
  "WLHImagSurface_W3_p": -0.0174899697,
  "WLHImagSurface_r0_p": 0.7577310965,
  "WLHImagSurface_r1_p": 0.2455209576,
  "WLHImagSurface_r2_p": 0.0012284385,
  "WLHImagSurface_a0_p": 0.6278814865,
  "WLHImagSurface_W0_n": 1.8909707543,
  "WLHImagSurface_W1_n": 0.0226130056,
  "WLHImagSurface_W2_n": 2.7763091794,
  "WLHImagSurface_W3_n": 0.0816673235,
  "WLHImagSurface_r0_n": 1.326883398,
  "WLHImagSurface_r1_n": 1.2814834916,
  "WLHImagSurface_r2_n": 0.0052644571,
  "WLHImagSurface_a0_n": 0.8028675994,
  "WLHRealSpinOrbit_V0_p": 9.9627862626,
  "WLHRealSpinOrbit_V1_p": 0.0091294701,
  "WLHRealSpinOrbit_r0_p": 1.2935902106,
  "WLHRealSpinOrbit_r1_p": 0.9149119172,
  "WLHRealSpinOrbit_a0_p": 0.8282344559,
  "WLHRealSpinOrbit_a1_p": 0.0003178829,
  "WLHRealSpinOrbit_V0_n": 9.5196275702,
  "WLHRealSpinOrbit_V1_n": 0.0074909061,
  "WLHRealSpinOrbit_r0_n": 1.1899684912,
  "WLHRealSpinOrbit_r1_n": 0.7235193121,
  "WLHRealSpinOrbit_a0_n": 0.7257010352,
  "WLHRealSpinOrbit_a1_n": 0.0003776183
}