{
  "WLHReal_V0_p": 58.7673068893,
  "WLHReal_V1_p": 0.3327296149,
  "WLHReal_V2_p": 0.0001860985,
  "WLHReal_V3_p": 1.1308e-06,
  "WLHReal_V4_p": 12.9786491639,
  "WLHReal_V5_p": 0.1622731258,
  "WLHReal_V6_p": 0.0003166685,
  "WLHReal_r0_p": 1.2872317956,
  "WLHReal_r1_p": 0.3897880638,
  "WLHReal_r2_p": 0.0007630706,
  "WLHReal_r3_p": 3.9436e-06,
  "WLHReal_a0_p": 0.7873015963,
  "WLHReal_a1_p": 0.0003916758,
  "WLHReal_a2_p": 1.6571e-06,
  "WLHReal_a3_p": 0.116421203,
  "WLHReal_a4_p": 0.6421071898,
  "WLHReal_V0_n": 50.3590531364,
  "WLHReal_V1_n": 0.2935168063,
  "WLHReal_V2_n": -0.0016399278,
  "WLHReal_V3_n": 7.46e-06,
  "WLHReal_V4_n": 19.0428200623,
  "WLHReal_V5_n": 0.3873742458,
  "WLHReal_V6_n": 0.0023719694,
  "WLHReal_r0_n": 1.3965803614,
  "WLHReal_r1_n": 0.3349365778,
  "WLHReal_r2_n": 0.0017919141,
  "WLHReal_r3_n": 2.38294e-05,
  "WLHReal_a0_n": 0.8131469773,
  "WLHReal_a1_n": 0.0019733172,
  "WLHReal_a2_n": 3.02447e-05,
  "WLHReal_a3_n": 0.3980749631,
  "WLHReal_a4_n": 1.3079833828,
  "WLHImagVolume_W0_p": 4.9171198746,
  "WLHImagVolume_W1_p": 0.3408527051,
  "WLHImagVolume_W2_p": 0.000633264,
  "WLHImagVolume_W3_p": 15.6271652697,
  "WLHImagVolume_W4_p": 0.1035259672,
  "WLHImagVolume_r0_p": 0.5272346912,
  "WLHImagVolume_r1_p": 50.6385189096,
  "WLHImagVolume_r2_p": 0.6945588963,
  "WLHImagVolume_r3_p": 57.7408951548,
  "WLHImagVolume_r4_p": 0.6391065299,
  "WLHImagVolume_r5_p": 2.1598e-06,
  "WLHImagVolume_a0_p": 0.5747462949,
  "WLHImagVolume_a1_p": 0.2576711538,
  "WLHImagVolume_a2_p": 12.3518365927,
  "WLHImagVolume_a3_p": 0.4579224191,
  "WLHImagVolume_a4_p": 0.0028863741,
  "WLHImagVolume_W0_n": 5.2027292577,
  "WLHImagVolume_W1_n": 0.3658013543,
  "WLHImagVolume_W2_n": 0.0010643845,
  "WLHImagVolume_W3_n": 12.2793419881,
  "WLHImagVolume_W4_n": 0.023094156,
  "WLHImagVolume_r0_n": 0.5985721436,
  "WLHImagVolume_r1_n": 95.4992197746,
  "WLHImagVolume_r2_n": 0.7960679363,
  "WLHImagVolume_r3_n": 122.0680403972,
  "WLHImagVolume_r4_n": 0.9277995507,
  "WLHImagVolume_r5_n": 6.4654e-06,
  "WLHImagVolume_a0_n": 0.3630226796,
  "WLHImagVolume_a1_n": 0.4885361559,
  "WLHImagVolume_a2_n": -0.8430485922,
  "WLHImagVolume_a3_n": -0.0060537657,
  "WLHImagVolume_a4_n": -1.52613e-05,
  "WLHImagSurface_W0_p": 0.9575593454,
  "WLHImagSurface_W1_p": 0.0458692862,
  "WLHImagSurface_W2_p": 1.1887604464,
  "WLHImagSurface_W3_p": 0.1787863057,
  "WLHImagSurface_r0_p": 0.9753590368,
  "WLHImagSurface_r1_p": 0.8883193583,
  "WLHImagSurface_r2_p": 0.0055470908,
  "WLHImagSurface_a0_p": 0.6778806064,
  "WLHImagSurface_W0_n": 2.1927692662,
  "WLHImagSurface_W1_n": 0.0929907687,
  "WLHImagSurface_W2_n": 3.4590904786,
  "WLHImagSurface_W3_n": 0.3031970794,
  "WLHImagSurface_r0_n": 1.3215270369,
  "WLHImagSurface_r1_n": 1.945850609,
  "WLHImagSurface_r2_n": 0.0010222072,
  "WLHImagSurface_a0_n": 0.9067378646,
  "WLHRealSpinOrbit_V0_p": 10.0084033976,
  "WLHRealSpinOrbit_V1_p": 0.0085642484,
  "WLHRealSpinOrbit_r0_p": 1.2346952549,
  "WLHRealSpinOrbit_r1_p": 0.8201491684,
  "WLHRealSpinOrbit_a0_p": 0.7770690018,
  "WLHRealSpinOrbit_a1_p": 0.0003237572,
  "WLHRealSpinOrbit_V0_n": 8.974140438,
  "WLHRealSpinOrbit_V1_n": 0.0092008371,
  "WLHRealSpinOrbit_r0_n": 1.3940359046,
  "WLHRealSpinOrbit_r1_n": 1.0771492178,
  "WLHRealSpinOrbit_a0_n": 0.9045191823,
  "WLHRealSpinOrbit_a1_n": 0.0003003865
}