{
  "WLHReal_V0_p": 52.8957596344,
  "WLHReal_V1_p": 0.2978819254,
  "WLHReal_V2_p": -4.92014e-05,
  "WLHReal_V3_p": 1.9199e-06,
  "WLHReal_V4_p": 13.1988502067,
  "WLHReal_V5_p": 0.1168874001,
  "WLHReal_V6_p": 0.0002710185,
  "WLHReal_r0_p": 1.2847374013,
  "WLHReal_r1_p": 0.2302753895,
  "WLHReal_r2_p": 0.0008625849,
  "WLHReal_r3_p": 7.4204e-06,
  "WLHReal_a0_p": 0.7707448705,
  "WLHReal_a1_p": 3.02875e-05,
  "WLHReal_a2_p": 5.9339e-06,
  "WLHReal_a3_p": 0.0407889217,
  "WLHReal_a4_p": 0.5626715238,
  "WLHReal_V0_n": 56.4169174921,
  "WLHReal_V1_n": 0.2724071502,
  "WLHReal_V2_n": 0.0008097501,
  "WLHReal_V3_n": -2.1752e-06,
  "WLHReal_V4_n": 23.2228268568,
  "WLHReal_V5_n": 0.2073703651,
  "WLHReal_V6_n": 8.1387e-05,
  "WLHReal_r0_n": 1.2001213546,
  "WLHReal_r1_n": 0.2875012235,
  "WLHReal_r2_n": 0.0001952038,
  "WLHReal_r3_n": -3.0661e-06,
  "WLHReal_a0_n": 0.6861284993,
  "WLHReal_a1_n": -0.0001864172,
  "WLHReal_a2_n": -6.1829e-06,
  "WLHReal_a3_n": 0.1880857448,
  "WLHReal_a4_n": 0.542823589,
  "WLHImagVolume_W0_p": 3.9526491387,
  "WLHImagVolume_W1_p": 0.1935260105,
  "WLHImagVolume_W2_p": 0.0002492126,
  "WLHImagVolume_W3_p": 11.0058679514,
  "WLHImagVolume_W4_p": 0.0650912291,
  "WLHImagVolume_r0_p": 0.6944652736,
  "WLHImagVolume_r1_p": 45.9836175111,
  "WLHImagVolume_r2_p": 0.5625226318,
  "WLHImagVolume_r3_p": 61.0175904919,
  "WLHImagVolume_r4_p": 0.6772291212,
  "WLHImagVolume_r5_p": 1.5004e-06,
  "WLHImagVolume_a0_p": 0.5441661278,
  "WLHImagVolume_a1_p": 0.2761855863,
  "WLHImagVolume_a2_p": 14.9958784072,
  "WLHImagVolume_a3_p": 0.3966511575,
  "WLHImagVolume_a4_p": 0.0021066407,
  "WLHImagVolume_W0_n": 1.4920123105,
  "WLHImagVolume_W1_n": 0.1838384681,
  "WLHImagVolume_W2_n": -6.16921e-05,
  "WLHImagVolume_W3_n": 7.1728180944,
  "WLHImagVolume_W4_n": 0.03700317,
  "WLHImagVolume_r0_n": 0.6274134928,
  "WLHImagVolume_r1_n": 42.7295365919,
  "WLHImagVolume_r2_n": 0.56002965,
  "WLHImagVolume_r3_n": 45.4904133935,
  "WLHImagVolume_r4_n": 1.0702861654,
  "WLHImagVolume_r5_n": 1.996e-06,
  "WLHImagVolume_a0_n": 0.1670472757,
  "WLHImagVolume_a1_n": 0.636621404,
  "WLHImagVolume_a2_n": 12.1377962492,
  "WLHImagVolume_a3_n": 0.0874350274,
  "WLHImagVolume_a4_n": 0.0012659989,
  "WLHImagSurface_W0_p": 0.8741496843,
  "WLHImagSurface_W1_p": 0.0264407808,
  "WLHImagSurface_W2_p": 0.4543441934,
  "WLHImagSurface_W3_p": 0.0774642203,
  "WLHImagSurface_r0_p": 0.9753691888,
  "WLHImagSurface_r1_p": 0.3777745028,
  "WLHImagSurface_r2_p": 0.0042913831,
  "WLHImagSurface_a0_p": 0.8138444996,
  "WLHImagSurface_W0_n": 1.1070761916,
  "WLHImagSurface_W1_n": -0.009879722,
  "WLHImagSurface_W2_n": 0.979421697,
  "WLHImagSurface_W3_n": -0.0156722518,
  "WLHImagSurface_r0_n": 1.2181205184,
  "WLHImagSurface_r1_n": 1.0460652192,
  "WLHImagSurface_r2_n": 0.0047568156,
  "WLHImagSurface_a0_n": 0.7998410795,
  "WLHRealSpinOrbit_V0_p": 9.7095660187,
  "WLHRealSpinOrbit_V1_p": 0.0085379207,
  "WLHRealSpinOrbit_r0_p": 1.2681671723,
  "WLHRealSpinOrbit_r1_p": 0.8590620532,
  "WLHRealSpinOrbit_a0_p": 0.7988838546,
  "WLHRealSpinOrbit_a1_p": 0.0003493976,
  "WLHRealSpinOrbit_V0_n": 10.6407364797,
  "WLHRealSpinOrbit_V1_n": 0.0084281495,
  "WLHRealSpinOrbit_r0_n": 1.1725794299,
  "WLHRealSpinOrbit_r1_n": 0.6993168555,
  "WLHRealSpinOrbit_a0_n": 0.7241122391,
  "WLHRealSpinOrbit_a1_n": 0.0003725257
}