{
  "WLHReal_V0_p": 51.5534840668,
  "WLHReal_V1_p": 0.3299028961,
  "WLHReal_V2_p": 0.0002897672,
  "WLHReal_V3_p": 1.0941e-06,
  "WLHReal_V4_p": 12.2598343434,
  "WLHReal_V5_p": 0.1051590703,
  "WLHReal_V6_p": 0.0001001226,
  "WLHReal_r0_p": 1.2956493425,
  "WLHReal_r1_p": 0.2552514547,
  "WLHReal_r2_p": 0.000718697,
  "WLHReal_r3_p": 4.1505e-06,
  "WLHReal_a0_p": 0.7608634299,
  "WLHReal_a1_p": -0.0001168333,
  "WLHReal_a2_p": 4.3731e-06,
  "WLHReal_a3_p": 0.068508758,
  "WLHReal_a4_p": 0.5642895924,
  "WLHReal_V0_n": 56.2701224032,
  "WLHReal_V1_n": 0.3002305299,
  "WLHReal_V2_n": 0.0001206585,
  "WLHReal_V3_n": 1.0046e-06,
  "WLHReal_V4_n": 21.7676922276,
  "WLHReal_V5_n": 0.2633737013,
  "WLHReal_V6_n": 0.0007918803,
  "WLHReal_r0_n": 1.242001792,
  "WLHReal_r1_n": 0.280301604,
  "WLHReal_r2_n": 0.0007169475,
  "WLHReal_r3_n": 6.0048e-06,
  "WLHReal_a0_n": 0.7261864002,
  "WLHReal_a1_n": 0.0004584245,
  "WLHReal_a2_n": 4.8067e-06,
  "WLHReal_a3_n": 0.2574186095,
  "WLHReal_a4_n": 0.8142467035,
  "WLHImagVolume_W0_p": 2.9965325041,
  "WLHImagVolume_W1_p": 0.1592756794,
  "WLHImagVolume_W2_p": 0.0004849824,
  "WLHImagVolume_W3_p": 10.8936350395,
  "WLHImagVolume_W4_p": 0.0463020363,
  "WLHImagVolume_r0_p": 0.4100792938,
  "WLHImagVolume_r1_p": 88.7760754283,
  "WLHImagVolume_r2_p": 0.8668128028,
  "WLHImagVolume_r3_p": 95.1109450005,
  "WLHImagVolume_r4_p": 0.3693405712,
  "WLHImagVolume_r5_p": 3.604e-07,
  "WLHImagVolume_a0_p": 0.4626733974,
  "WLHImagVolume_a1_p": 0.3758734198,
  "WLHImagVolume_a2_p": 23.6742810419,
  "WLHImagVolume_a3_p": 0.2949308739,
  "WLHImagVolume_a4_p": 0.000605529,
  "WLHImagVolume_W0_n": 3.1110998533,
  "WLHImagVolume_W1_n": 0.2731279215,
  "WLHImagVolume_W2_n": 0.0003722238,
  "WLHImagVolume_W3_n": 9.8230840879,
  "WLHImagVolume_W4_n": 0.0523038278,
  "WLHImagVolume_r0_n": 0.6366195935,
  "WLHImagVolume_r1_n": 53.5849891279,
  "WLHImagVolume_r2_n": 0.6011002017,
  "WLHImagVolume_r3_n": 67.3051729396,
  "WLHImagVolume_r4_n": 1.0397891962,
  "WLHImagVolume_r5_n": 2.9584e-06,
  "WLHImagVolume_a0_n": 0.2295926292,
  "WLHImagVolume_a1_n": 0.580279076,
  "WLHImagVolume_a2_n": 6.9570946421,
  "WLHImagVolume_a3_n": 0.028248367,
  "WLHImagVolume_a4_n": 0.0006657371,
  "WLHImagSurface_W0_p": 1.4670564974,
  "WLHImagSurface_W1_p": 0.0796176005,
  "WLHImagSurface_W2_p": 1.5307781125,
  "WLHImagSurface_W3_p": 0.264736415,
  "WLHImagSurface_r0_p": 1.2462871896,
  "WLHImagSurface_r1_p": 0.6194733232,
  "WLHImagSurface_r2_p": 0.0062752045,
  "WLHImagSurface_a0_p": 1.0625152814,
  "WLHImagSurface_W0_n": 1.7123814193,
  "WLHImagSurface_W1_n": 0.0286245602,
  "WLHImagSurface_W2_n": 1.9373364834,
  "WLHImagSurface_W3_n": 0.0897302188,
  "WLHImagSurface_r0_n": 1.2383066071,
  "WLHImagSurface_r1_n": 1.3588575142,
  "WLHImagSurface_r2_n": 0.0038721291,
  "WLHImagSurface_a0_n": 0.8249518274,
  "WLHRealSpinOrbit_V0_p": 8.9539556798,
  "WLHRealSpinOrbit_V1_p": 0.0076850819,
  "WLHRealSpinOrbit_r0_p": 1.2648905664,
  "WLHRealSpinOrbit_r1_p": 0.8397225878,
  "WLHRealSpinOrbit_a0_p": 0.7828857584,
  "WLHRealSpinOrbit_a1_p": 0.0003730151,
  "WLHRealSpinOrbit_V0_n": 10.3232229736,
  "WLHRealSpinOrbit_V1_n": 0.0088112565,
  "WLHRealSpinOrbit_r0_n": 1.2262475847,
  "WLHRealSpinOrbit_r1_n": 0.8104572272,
  "WLHRealSpinOrbit_a0_n": 0.7753966283,
  "WLHRealSpinOrbit_a1_n": 0.000323327
}