{
  "WLHReal_V0_p": 52.6710575126,
  "WLHReal_V1_p": 0.2793498668,
  "WLHReal_V2_p": 0.000444549,
  "WLHReal_V3_p": 1.378e-07,
  "WLHReal_V4_p": 15.3106603187,
  "WLHReal_V5_p": 0.111428081,
  "WLHReal_V6_p": 9.00931e-05,
  "WLHReal_r0_p": 1.2447349375,
  "WLHReal_r1_p": 0.2290460296,
  "WLHReal_r2_p": 0.0005104527,
  "WLHReal_r3_p": 2.5636e-06,
  "WLHReal_a0_p": 0.7376855598,
  "WLHReal_a1_p": 1.3772e-06,
  "WLHReal_a2_p": 1.7735e-06,
  "WLHReal_a3_p": 0.0544476165,
  "WLHReal_a4_p": 0.4799759618,
  "WLHReal_V0_n": 51.8142525348,
  "WLHReal_V1_n": 0.2446612305,
  "WLHReal_V2_n": -0.0011182475,
  "WLHReal_V3_n": 4.6593e-06,
  "WLHReal_V4_n": 21.0751621229,
  "WLHReal_V5_n": 0.3454604988,
  "WLHReal_V6_n": 0.0017950593,
  "WLHReal_r0_n": 1.3523775818,
  "WLHReal_r1_n": 0.3634033297,
  "WLHReal_r2_n": 0.0012998709,
  "WLHReal_r3_n": 1.54413e-05,
  "WLHReal_a0_n": 0.7802557809,
  "WLHReal_a1_n": 0.0012460939,
  "WLHReal_a2_n": 1.94781e-05,
  "WLHReal_a3_n": 0.3270272653,
  "WLHReal_a4_n": 1.0342252302,
  "WLHImagVolume_W0_p": 2.380602561,
  "WLHImagVolume_W1_p": 0.124812577,
  "WLHImagVolume_W2_p": 4.06019e-05,
  "WLHImagVolume_W3_p": 9.6266818204,
  "WLHImagVolume_W4_p": 0.0407585786,
  "WLHImagVolume_r0_p": 0.6643861846,
  "WLHImagVolume_r1_p": 44.3165548361,
  "WLHImagVolume_r2_p": 0.5470844584,
  "WLHImagVolume_r3_p": 56.4204866881,
  "WLHImagVolume_r4_p": 0.6636323688,
  "WLHImagVolume_r5_p": 1.5642e-06,
  "WLHImagVolume_a0_p": 0.4895087709,
  "WLHImagVolume_a1_p": 0.2901120159,
  "WLHImagVolume_a2_p": 15.5822060787,
  "WLHImagVolume_a3_p": 0.3437714177,
  "WLHImagVolume_a4_p": 0.0012426251,
  "WLHImagVolume_W0_n": 4.0621217989,
  "WLHImagVolume_W1_n": 0.3087607839,
  "WLHImagVolume_W2_n": 0.0005196387,
  "WLHImagVolume_W3_n": 10.9136037113,
  "WLHImagVolume_W4_n": 0.012274812,
  "WLHImagVolume_r0_n": 0.6969485116,
  "WLHImagVolume_r1_n": 56.7842401921,
  "WLHImagVolume_r2_n": 0.6423611355,
  "WLHImagVolume_r3_n": 87.2762500298,
  "WLHImagVolume_r4_n": 1.1652781732,
  "WLHImagVolume_r5_n": 6.8717e-06,
  "WLHImagVolume_a0_n": 0.3451197349,
  "WLHImagVolume_a1_n": 0.5133502348,
  "WLHImagVolume_a2_n": 3.5776925247,
  "WLHImagVolume_a3_n": 0.0543066076,
  "WLHImagVolume_a4_n": 0.0010109023,
  "WLHImagSurface_W0_p": 1.2209471975,
  "WLHImagSurface_W1_p": 0.0507423351,
  "WLHImagSurface_W2_p": 1.4914564715,
  "WLHImagSurface_W3_p": 0.1628876325,
  "WLHImagSurface_r0_p": 1.0913668256,
  "WLHImagSurface_r1_p": 0.590830592,
  "WLHImagSurface_r2_p": 0.0080237009,
  "WLHImagSurface_a0_p": 0.8258694127,
  "WLHImagSurface_W0_n": 1.3475239923,
  "WLHImagSurface_W1_n": 0.0458055284,
  "WLHImagSurface_W2_n": 1.9122784449,
  "WLHImagSurface_W3_n": 0.1708101493,
  "WLHImagSurface_r0_n": 1.2543090305,
  "WLHImagSurface_r1_n": 1.5746337775,
  "WLHImagSurface_r2_n": 0.0016050583,
  "WLHImagSurface_a0_n": 0.8825214045,
  "WLHRealSpinOrbit_V0_p": 9.8956660175,
  "WLHRealSpinOrbit_V1_p": 0.0082006198,
  "WLHRealSpinOrbit_r0_p": 1.2272818672,
  "WLHRealSpinOrbit_r1_p": 0.7758258604,
  "WLHRealSpinOrbit_a0_p": 0.7598257649,
  "WLHRealSpinOrbit_a1_p": 0.0003851294,
  "WLHRealSpinOrbit_V0_n": 9.7531245283,
  "WLHRealSpinOrbit_V1_n": 0.0092816097,
  "WLHRealSpinOrbit_r0_n": 1.3388952442,
  "WLHRealSpinOrbit_r1_n": 0.9684542181,
  "WLHRealSpinOrbit_a0_n": 0.8585177484,
  "WLHRealSpinOrbit_a1_n": 0.000340089
}