{
  "WLHReal_V0_p": 45.9565385937,
  "WLHReal_V1_p": 0.2898325755,
  "WLHReal_V2_p": -0.0016274464,
  "WLHReal_V3_p": 7.4977e-06,
  "WLHReal_V4_p": 7.9413618249,
  "WLHReal_V5_p": 0.1258460484,
  "WLHReal_V6_p": 0.0007814913,
  "WLHReal_r0_p": 1.4618381972,
  "WLHReal_r1_p": 0.2908794945,
  "WLHReal_r2_p": 0.0013055629,
  "WLHReal_r3_p": 1.71699e-05,
  "WLHReal_a0_p": 0.8436557283,
  "WLHReal_a1_p": -0.0001700865,
  "WLHReal_a2_p": 1.7302e-05,
  "WLHReal_a3_p": -0.0940587886,
  "WLHReal_a4_p": 0.5329037059,
  "WLHReal_V0_n": 55.5764940437,
  "WLHReal_V1_n": 0.318942384,
  "WLHReal_V2_n": 0.0004014639,
  "WLHReal_V3_n": 5.132e-07,
  "WLHReal_V4_n": 20.9427772523,
  "WLHReal_V5_n": 0.2495522928,
  "WLHReal_V6_n": 0.0004843837,
  "WLHReal_r0_n": 1.2660369289,
  "WLHReal_r1_n": 0.3614063969,
  "WLHReal_r2_n": 0.0004615665,
  "WLHReal_r3_n": -3.6e-09,
  "WLHReal_a0_n": 0.7115300293,
  "WLHReal_a1_n": 0.0002562085,
  "WLHReal_a2_n": -1.41e-07,
  "WLHReal_a3_n": 0.1680460867,
  "WLHReal_a4_n": 0.6164902375,
  "WLHImagVolume_W0_p": 6.8849668778,
  "WLHImagVolume_W1_p": 0.2098300025,
  "WLHImagVolume_W2_p": 0.0004820344,
  "WLHImagVolume_W3_p": 7.134313972,
  "WLHImagVolume_W4_p": 0.0951419664,
  "WLHImagVolume_r0_p": 0.7333173888,
  "WLHImagVolume_r1_p": 56.9789950692,
  "WLHImagVolume_r2_p": 0.7173276267,
  "WLHImagVolume_r3_p": 73.1573053896,
  "WLHImagVolume_r4_p": 0.4633448926,
  "WLHImagVolume_r5_p": 4.963e-07,
  "WLHImagVolume_a0_p": 0.6496377716,
  "WLHImagVolume_a1_p": 0.2945785905,
  "WLHImagVolume_a2_p": 18.7425693871,
  "WLHImagVolume_a3_p": 0.4574665757,
  "WLHImagVolume_a4_p": 0.0034041663,
  "WLHImagVolume_W0_n": 2.2675490025,
  "WLHImagVolume_W1_n": 0.2662239644,
  "WLHImagVolume_W2_n": 0.0005782698,
  "WLHImagVolume_W3_n": 7.9150443425,
  "WLHImagVolume_W4_n": 0.062325395,
  "WLHImagVolume_r0_n": 0.4685595636,
  "WLHImagVolume_r1_n": 85.0185645685,
  "WLHImagVolume_r2_n": 0.7876213813,
  "WLHImagVolume_r3_n": 80.4221752093,
  "WLHImagVolume_r4_n": 0.8173472205,
  "WLHImagVolume_r5_n": 1.5737e-06,
  "WLHImagVolume_a0_n": 0.183246451,
  "WLHImagVolume_a1_n": 0.6366545632,
  "WLHImagVolume_a2_n": 8.4277407167,
  "WLHImagVolume_a3_n": 0.0507898847,
  "WLHImagVolume_a4_n": 0.0006514182,
  "WLHImagSurface_W0_p": 0.4523538765,
  "WLHImagSurface_W1_p": 0.0141587236,
  "WLHImagSurface_W2_p": -0.4086713252,
  "WLHImagSurface_W3_p": 0.0456869579,
  "WLHImagSurface_r0_p": 0.7343086346,
  "WLHImagSurface_r1_p": -0.5316983826,
  "WLHImagSurface_r2_p": -0.0058692731,
  "WLHImagSurface_a0_p": 0.8731644098,
  "WLHImagSurface_W0_n": 2.0513595189,
  "WLHImagSurface_W1_n": 0.0395447029,
  "WLHImagSurface_W2_n": 3.297182242,
  "WLHImagSurface_W3_n": 0.1380840187,
  "WLHImagSurface_r0_n": 1.2960050622,
  "WLHImagSurface_r1_n": 1.442624794,
  "WLHImagSurface_r2_n": 0.0044469947,
  "WLHImagSurface_a0_n": 0.8194610124,
  "WLHRealSpinOrbit_V0_p": 8.0410573176,
  "WLHRealSpinOrbit_V1_p": 0.0086256448,
  "WLHRealSpinOrbit_r0_p": 1.4468785893,
  "WLHRealSpinOrbit_r1_p": 1.1255631422,
  "WLHRealSpinOrbit_a0_p": 0.9276781814,
  "WLHRealSpinOrbit_a1_p": 0.0003511706,
  "WLHRealSpinOrbit_V0_n": 9.6163945385,
  "WLHRealSpinOrbit_V1_n": 0.0080331937,
  "WLHRealSpinOrbit_r0_n": 1.2308858856,
  "WLHRealSpinOrbit_r1_n": 0.7946459012,
  "WLHRealSpinOrbit_a0_n": 0.7632520411,
  "WLHRealSpinOrbit_a1_n": 0.000357063
}