{
  "WLHReal_V0_p": 56.4737304272,
  "WLHReal_V1_p": 0.2889148399,
  "WLHReal_V2_p": 0.000278754,
  "WLHReal_V3_p": 6.347e-07,
  "WLHReal_V4_p": 14.9257468971,
  "WLHReal_V5_p": 0.149711578,
  "WLHReal_V6_p": 0.0002558616,
  "WLHReal_r0_p": 1.264215103,
  "WLHReal_r1_p": 0.3405964777,
  "WLHReal_r2_p": 0.0005445211,
  "WLHReal_r3_p": 2.6399e-06,
  "WLHReal_a0_p": 0.7620900266,
  "WLHReal_a1_p": 0.0002919777,
  "WLHReal_a2_p": 5.499e-07,
  "WLHReal_a3_p": 0.079133333,
  "WLHReal_a4_p": 0.5283756172,
  "WLHReal_V0_n": 51.3175159192,
  "WLHReal_V1_n": 0.280631911,
  "WLHReal_V2_n": -0.0007746395,
  "WLHReal_V3_n": 3.4087e-06,
  "WLHReal_V4_n": 20.4266749808,
  "WLHReal_V5_n": 0.3210894771,
  "WLHReal_V6_n": 0.0015324375,
  "WLHReal_r0_n": 1.3390882969,
  "WLHReal_r1_n": 0.3286448596,
  "WLHReal_r2_n": 0.0012052781,
  "WLHReal_r3_n": 1.37699e-05,
  "WLHReal_a0_n": 0.7664420664,
  "WLHReal_a1_n": 0.0012392886,
  "WLHReal_a2_n": 1.76387e-05,
  "WLHReal_a3_n": 0.3191302033,
  "WLHReal_a4_n": 1.0159073763,
  "WLHImagVolume_W0_p": 3.7987480796,
  "WLHImagVolume_W1_p": 0.2435424105,
  "WLHImagVolume_W2_p": 0.0002374848,
  "WLHImagVolume_W3_p": 12.3875508186,
  "WLHImagVolume_W4_p": 0.0790797603,
  "WLHImagVolume_r0_p": 0.6681036831,
  "WLHImagVolume_r1_p": 31.1334248549,
  "WLHImagVolume_r2_p": 0.5341848147,
  "WLHImagVolume_r3_p": 41.2479892519,
  "WLHImagVolume_r4_p": 0.7358024143,
  "WLHImagVolume_r5_p": 2.4485e-06,
  "WLHImagVolume_a0_p": 0.5573945584,
  "WLHImagVolume_a1_p": 0.2382401509,
  "WLHImagVolume_a2_p": 10.5933615498,
  "WLHImagVolume_a3_p": 0.4360590688,
  "WLHImagVolume_a4_p": 0.0025663643,
  "WLHImagVolume_W0_n": 3.5428772982,
  "WLHImagVolume_W1_n": 0.2792682211,
  "WLHImagVolume_W2_n": 0.0006609808,
  "WLHImagVolume_W3_n": 9.6266566861,
  "WLHImagVolume_W4_n": 0.0177463917,
  "WLHImagVolume_r0_n": 0.5705689976,
  "WLHImagVolume_r1_n": 86.8204649378,
  "WLHImagVolume_r2_n": 0.7606159305,
  "WLHImagVolume_r3_n": 99.5147037351,
  "WLHImagVolume_r4_n": 0.9193003075,
  "WLHImagVolume_r5_n": 5.0276e-06,
  "WLHImagVolume_a0_n": 0.2828117694,
  "WLHImagVolume_a1_n": 0.5541685278,
  "WLHImagVolume_a2_n": 4.4743222336,
  "WLHImagVolume_a3_n": 0.042313889,
  "WLHImagVolume_a4_n": 0.0004457956,
  "WLHImagSurface_W0_p": 0.9900046561,
  "WLHImagSurface_W1_p": 0.0417247321,
  "WLHImagSurface_W2_p": 1.4927567538,
  "WLHImagSurface_W3_p": 0.1561622832,
  "WLHImagSurface_r0_p": 0.9502411093,
  "WLHImagSurface_r1_p": 0.7399564997,
  "WLHImagSurface_r2_p": 0.0068735887,
  "WLHImagSurface_a0_p": 0.6332328947,
  "WLHImagSurface_W0_n": 1.743948764,
  "WLHImagSurface_W1_n": 0.0560711043,
  "WLHImagSurface_W2_n": 2.6792837062,
  "WLHImagSurface_W3_n": 0.1963502628,
  "WLHImagSurface_r0_n": 1.3033722562,
  "WLHImagSurface_r1_n": 1.6308150677,
  "WLHImagSurface_r2_n": 0.002275313,
  "WLHImagSurface_a0_n": 0.8730395095,
  "WLHRealSpinOrbit_V0_p": 10.20736216,
  "WLHRealSpinOrbit_V1_p": 0.0085742169,
  "WLHRealSpinOrbit_r0_p": 1.227214676,
  "WLHRealSpinOrbit_r1_p": 0.7886663183,
  "WLHRealSpinOrbit_a0_p": 0.7667204827,
  "WLHRealSpinOrbit_a1_p": 0.0003581662,
  "WLHRealSpinOrbit_V0_n": 9.3321927378,
  "WLHRealSpinOrbit_V1_n": 0.0087332847,
  "WLHRealSpinOrbit_r0_n": 1.3247880769,
  "WLHRealSpinOrbit_r1_n": 0.9472249753,
  "WLHRealSpinOrbit_a0_n": 0.8423403971,
  "WLHRealSpinOrbit_a1_n": 0.0003421776
}