{
  "WLHReal_V0_p": 48.0320046743,
  "WLHReal_V1_p": 0.2709708823,
  "WLHReal_V2_p": -0.00066897,
  "WLHReal_V3_p": 3.2423e-06,
  "WLHReal_V4_p": 11.8687200696,
  "WLHReal_V5_p": 0.1116535857,
  "WLHReal_V6_p": 0.000443405,
  "WLHReal_r0_p": 1.3540498412,
  "WLHReal_r1_p": 0.2324649057,
  "WLHReal_r2_p": 0.0009027701,
  "WLHReal_r3_p": 1.08162e-05,
  "WLHReal_a0_p": 0.7869810687,
  "WLHReal_a1_p": -0.0001464754,
  "WLHReal_a2_p": 1.03566e-05,
  "WLHReal_a3_p": -0.0411239605,
  "WLHReal_a4_p": 0.4758556434,
  "WLHReal_V0_n": 53.7973974841,
  "WLHReal_V1_n": 0.3033986138,
  "WLHReal_V2_n": -0.0007596343,
  "WLHReal_V3_n": 4.6419e-06,
  "WLHReal_V4_n": 19.8931698583,
  "WLHReal_V5_n": 0.3335106679,
  "WLHReal_V6_n": 0.0015463829,
  "WLHReal_r0_n": 1.3425360001,
  "WLHReal_r1_n": 0.3854804694,
  "WLHReal_r2_n": 0.0011575649,
  "WLHReal_r3_n": 1.26341e-05,
  "WLHReal_a0_n": 0.7695962098,
  "WLHReal_a1_n": 0.0010996287,
  "WLHReal_a2_n": 1.49279e-05,
  "WLHReal_a3_n": 0.2659880115,
  "WLHReal_a4_n": 0.9470795274,
  "WLHImagVolume_W0_p": 4.4545883466,
  "WLHImagVolume_W1_p": 0.1342599683,
  "WLHImagVolume_W2_p": 0.0001419629,
  "WLHImagVolume_W3_p": 7.1297909812,
  "WLHImagVolume_W4_p": 0.0607443001,
  "WLHImagVolume_r0_p": 0.7580767178,
  "WLHImagVolume_r1_p": 45.0954807284,
  "WLHImagVolume_r2_p": 0.5791291746,
  "WLHImagVolume_r3_p": 61.1699655358,
  "WLHImagVolume_r4_p": 0.5921983979,
  "WLHImagVolume_r5_p": 1.0608e-06,
  "WLHImagVolume_a0_p": 0.5697738022,
  "WLHImagVolume_a1_p": 0.2873316847,
  "WLHImagVolume_a2_p": 16.9093751751,
  "WLHImagVolume_a3_p": 0.3957517337,
  "WLHImagVolume_a4_p": 0.0022800031,
  "WLHImagVolume_W0_n": 4.1202150251,
  "WLHImagVolume_W1_n": 0.3542592336,
  "WLHImagVolume_W2_n": 0.0008849301,
  "WLHImagVolume_W3_n": 10.9445592721,
  "WLHImagVolume_W4_n": 0.0531129537,
  "WLHImagVolume_r0_n": 0.5609469416,
  "WLHImagVolume_r1_n": 81.5550051144,
  "WLHImagVolume_r2_n": 0.7738205789,
  "WLHImagVolume_r3_n": 99.5514134659,
  "WLHImagVolume_r4_n": 0.9468229612,
  "WLHImagVolume_r5_n": 4.9792e-06,
  "WLHImagVolume_a0_n": 0.3010370575,
  "WLHImagVolume_a1_n": 0.5474643229,
  "WLHImagVolume_a2_n": 2.7551343291,
  "WLHImagVolume_a3_n": 0.017943665,
  "WLHImagVolume_a4_n": 0.0005011186,
  "WLHImagSurface_W0_p": 0.7919176657,
  "WLHImagSurface_W1_p": 0.0265373804,
  "WLHImagSurface_W2_p": 0.4275773806,
  "WLHImagSurface_W3_p": 0.0783616501,
  "WLHImagSurface_r0_p": 0.8886586106,
  "WLHImagSurface_r1_p": -0.0988357818,
  "WLHImagSurface_r2_p": 0.000743373,
  "WLHImagSurface_a0_p": 0.8492015058,
  "WLHImagSurface_W0_n": 2.1785549524,
  "WLHImagSurface_W1_n": 0.0704023122,
  "WLHImagSurface_W2_n": 3.5551145696,
  "WLHImagSurface_W3_n": 0.2344650997,
  "WLHImagSurface_r0_n": 1.2956096876,
  "WLHImagSurface_r1_n": 1.7333025541,
  "WLHImagSurface_r2_n": 0.0025726048,
  "WLHImagSurface_a0_n": 0.8655591379,
  "WLHRealSpinOrbit_V0_p": 8.947710768,
  "WLHRealSpinOrbit_V1_p": 0.0084531064,
  "WLHRealSpinOrbit_r0_p": 1.3456810757,
  "WLHRealSpinOrbit_r1_p": 0.959284128,
  "WLHRealSpinOrbit_a0_p": 0.8494209237,
  "WLHRealSpinOrbit_a1_p": 0.000376407,
  "WLHRealSpinOrbit_V0_n": 9.3675304561,
  "WLHRealSpinOrbit_V1_n": 0.0087802626,
  "WLHRealSpinOrbit_r0_n": 1.3205602196,
  "WLHRealSpinOrbit_r1_n": 0.9507066199,
  "WLHRealSpinOrbit_a0_n": 0.8420193629,
  "WLHRealSpinOrbit_a1_n": 0.0003231397
}