{
  "WLHReal_V0_p": 49.0183323548,
  "WLHReal_V1_p": 0.2500441382,
  "WLHReal_V2_p": -0.0006075181,
  "WLHReal_V3_p": 3.8244e-06,
  "WLHReal_V4_p": 12.9518262262,
  "WLHReal_V5_p": 0.1395215628,
  "WLHReal_V6_p": 0.0004919474,
  "WLHReal_r0_p": 1.3660754158,
  "WLHReal_r1_p": 0.3401347672,
  "WLHReal_r2_p": 0.0005908556,
  "WLHReal_r3_p": 7.2566e-06,
  "WLHReal_a0_p": 0.7840478347,
  "WLHReal_a1_p": 9.0637e-06,
  "WLHReal_a2_p": 7.0165e-06,
  "WLHReal_a3_p": -0.0417052635,
  "WLHReal_a4_p": 0.3964113475,
  "WLHReal_V0_n": 53.8559881425,
  "WLHReal_V1_n": 0.302396065,
  "WLHReal_V2_n": 0.0002941597,
  "WLHReal_V3_n": 8.857e-07,
  "WLHReal_V4_n": 21.4785152063,
  "WLHReal_V5_n": 0.2447343283,
  "WLHReal_V6_n": 0.000598114,
  "WLHReal_r0_n": 1.2534194292,
  "WLHReal_r1_n": 0.2763445151,
  "WLHReal_r2_n": 0.0006205054,
  "WLHReal_r3_n": 2.7447e-06,
  "WLHReal_a0_n": 0.7152006324,
  "WLHReal_a1_n": 0.0004918082,
  "WLHReal_a2_n": 3.6288e-06,
  "WLHReal_a3_n": 0.2494964288,
  "WLHReal_a4_n": 0.7667897329,
  "WLHImagVolume_W0_p": 4.4048628385,
  "WLHImagVolume_W1_p": 0.1475229807,
  "WLHImagVolume_W2_p": 7.94288e-05,
  "WLHImagVolume_W3_p": 6.4922111883,
  "WLHImagVolume_W4_p": 0.0695522879,
  "WLHImagVolume_r0_p": 0.7465473562,
  "WLHImagVolume_r1_p": 32.6796725385,
  "WLHImagVolume_r2_p": 0.5754599632,
  "WLHImagVolume_r3_p": 43.9176598202,
  "WLHImagVolume_r4_p": 0.5898297967,
  "WLHImagVolume_r5_p": 1.0411e-06,
  "WLHImagVolume_a0_p": 0.5871334566,
  "WLHImagVolume_a1_p": 0.2626400482,
  "WLHImagVolume_a2_p": 14.1277100999,
  "WLHImagVolume_a3_p": 0.4243543832,
  "WLHImagVolume_a4_p": 0.0026700315,
  "WLHImagVolume_W0_n": 2.1834697272,
  "WLHImagVolume_W1_n": 0.2115806915,
  "WLHImagVolume_W2_n": 0.0003748014,
  "WLHImagVolume_W3_n": 7.6275669969,
  "WLHImagVolume_W4_n": 0.0329911507,
  "WLHImagVolume_r0_n": 0.5226587671,
  "WLHImagVolume_r1_n": 82.399204607,
  "WLHImagVolume_r2_n": 0.7247029227,
  "WLHImagVolume_r3_n": 78.6843797075,
  "WLHImagVolume_r4_n": 0.8398833233,
  "WLHImagVolume_r5_n": 2.2735e-06,
  "WLHImagVolume_a0_n": 0.1806886822,
  "WLHImagVolume_a1_n": 0.6223531516,
  "WLHImagVolume_a2_n": 8.9662627547,
  "WLHImagVolume_a3_n": 0.0538290226,
  "WLHImagVolume_a4_n": 0.0004662911,
  "WLHImagSurface_W0_p": 0.915306496,
  "WLHImagSurface_W1_p": 0.0454757116,
  "WLHImagSurface_W2_p": 1.5256869457,
  "WLHImagSurface_W3_p": 0.169062241,
  "WLHImagSurface_r0_p": 0.8442721863,
  "WLHImagSurface_r1_p": 0.0428486865,
  "WLHImagSurface_r2_p": 0.0018264739,
  "WLHImagSurface_a0_p": 0.7078144958,
  "WLHImagSurface_W0_n": 1.6914766295,
  "WLHImagSurface_W1_n": 0.0284509588,
  "WLHImagSurface_W2_n": 2.2638014975,
  "WLHImagSurface_W3_n": 0.1003051157,
  "WLHImagSurface_r0_n": 1.2885686281,
  "WLHImagSurface_r1_n": 1.3599928257,
  "WLHImagSurface_r2_n": 0.0040479039,
  "WLHImagSurface_a0_n": 0.8273152029,
  "WLHRealSpinOrbit_V0_p": 9.0263261324,
  "WLHRealSpinOrbit_V1_p": 0.0083815751,
  "WLHRealSpinOrbit_r0_p": 1.3413411023,
  "WLHRealSpinOrbit_r1_p": 0.9343939532,
  "WLHRealSpinOrbit_a0_p": 0.8398925764,
  "WLHRealSpinOrbit_a1_p": 0.0004019556,
  "WLHRealSpinOrbit_V0_n": 9.7839265412,
  "WLHRealSpinOrbit_V1_n": 0.0082431835,
  "WLHRealSpinOrbit_r0_n": 1.2329418157,
  "WLHRealSpinOrbit_r1_n": 0.8017512058,
  "WLHRealSpinOrbit_a0_n": 0.7688104216,
  "WLHRealSpinOrbit_a1_n": 0.0003553926
}