{
  "WLHReal_V0_p": 54.8348621003,
  "WLHReal_V1_p": 0.3111702819,
  "WLHReal_V2_p": 0.0001154851,
  "WLHReal_V3_p": 1.6618e-06,
  "WLHReal_V4_p": 13.1725696468,
  "WLHReal_V5_p": 0.1383694942,
  "WLHReal_V6_p": 0.0002660263,
  "WLHReal_r0_p": 1.2937242969,
  "WLHReal_r1_p": 0.3249169476,
  "WLHReal_r2_p": 0.0007027826,
  "WLHReal_r3_p": 4.387e-06,
  "WLHReal_a0_p": 0.773972153,
  "WLHReal_a1_p": 0.0001653724,
  "WLHReal_a2_p": 3.1478e-06,
  "WLHReal_a3_p": 0.0720436241,
  "WLHReal_a4_p": 0.5660548262,
  "WLHReal_V0_n": 50.139272969,
  "WLHReal_V1_n": 0.2839071608,
  "WLHReal_V2_n": -0.0011414447,
  "WLHReal_V3_n": 5.8582e-06,
  "WLHReal_V4_n": 19.7669860635,
  "WLHReal_V5_n": 0.3471721385,
  "WLHReal_V6_n": 0.0018742776,
  "WLHReal_r0_n": 1.3699004637,
  "WLHReal_r1_n": 0.332890827,
  "WLHReal_r2_n": 0.001448733,
  "WLHReal_r3_n": 1.75889e-05,
  "WLHReal_a0_n": 0.7852508166,
  "WLHReal_a1_n": 0.0015840715,
  "WLHReal_a2_n": 2.2901e-05,
  "WLHReal_a3_n": 0.3533454013,
  "WLHReal_a4_n": 1.134967601,
  "WLHImagVolume_W0_p": 4.0725924504,
  "WLHImagVolume_W1_p": 0.2405268491,
  "WLHImagVolume_W2_p": 0.0004218913,
  "WLHImagVolume_W3_p": 12.3444578507,
  "WLHImagVolume_W4_p": 0.0768864798,
  "WLHImagVolume_r0_p": 0.5652449972,
  "WLHImagVolume_r1_p": 54.192395598,
  "WLHImagVolume_r2_p": 0.6817174876,
  "WLHImagVolume_r3_p": 62.9324913334,
  "WLHImagVolume_r4_p": 0.5872316424,
  "WLHImagVolume_r5_p": 1.4955e-06,
  "WLHImagVolume_a0_p": 0.5415914533,
  "WLHImagVolume_a1_p": 0.2863577644,
  "WLHImagVolume_a2_p": 15.3538357293,
  "WLHImagVolume_a3_p": 0.4028093253,
  "WLHImagVolume_a4_p": 0.0021489397,
  "WLHImagVolume_W0_n": 4.0390808589,
  "WLHImagVolume_W1_n": 0.3008555733,
  "WLHImagVolume_W2_n": 0.0008305311,
  "WLHImagVolume_W3_n": 10.2287379559,
  "WLHImagVolume_W4_n": 0.0133017871,
  "WLHImagVolume_r0_n": 0.5577888602,
  "WLHImagVolume_r1_n": 97.3995308086,
  "WLHImagVolume_r2_n": 0.8058915731,
  "WLHImagVolume_r3_n": 112.3064415478,
  "WLHImagVolume_r4_n": 0.8803212146,
  "WLHImagVolume_r5_n": 5.2721e-06,
  "WLHImagVolume_a0_n": 0.3087659014,
  "WLHImagVolume_a1_n": 0.5344204003,
  "WLHImagVolume_a2_n": 2.6424012045,
  "WLHImagVolume_a3_n": 0.0297841,
  "WLHImagVolume_a4_n": 0.0002214459,
  "WLHImagSurface_W0_p": 1.078438297,
  "WLHImagSurface_W1_p": 0.0515630635,
  "WLHImagSurface_W2_p": 1.2922954804,
  "WLHImagSurface_W3_p": 0.1847585106,
  "WLHImagSurface_r0_p": 1.0243220193,
  "WLHImagSurface_r1_p": 0.6462026701,
  "WLHImagSurface_r2_p": 0.0054261136,
  "WLHImagSurface_a0_p": 0.7839717106,
  "WLHImagSurface_W0_n": 1.9035229507,
  "WLHImagSurface_W1_n": 0.0717559057,
  "WLHImagSurface_W2_n": 3.0650818851,
  "WLHImagSurface_W3_n": 0.245666661,
  "WLHImagSurface_r0_n": 1.3234710534,
  "WLHImagSurface_r1_n": 1.768327272,
  "WLHImagSurface_r2_n": 0.0017043943,
  "WLHImagSurface_a0_n": 0.8899181433,
  "WLHRealSpinOrbit_V0_p": 9.6383708297,
  "WLHRealSpinOrbit_V1_p": 0.0083209299,
  "WLHRealSpinOrbit_r0_p": 1.2563296879,
  "WLHRealSpinOrbit_r1_p": 0.8361430374,
  "WLHRealSpinOrbit_a0_p": 0.7859315192,
  "WLHRealSpinOrbit_a1_p": 0.0003535338,
  "WLHRealSpinOrbit_V0_n": 9.0337858284,
  "WLHRealSpinOrbit_V1_n": 0.008810565,
  "WLHRealSpinOrbit_r0_n": 1.3595281819,
  "WLHRealSpinOrbit_r1_n": 1.0050793285,
  "WLHRealSpinOrbit_a0_n": 0.8697876301,
  "WLHRealSpinOrbit_a1_n": 0.0003334059
}