{
  "WLHReal_V0_p": 56.7319267172,
  "WLHReal_V1_p": 0.342070828,
  "WLHReal_V2_p": 0.000461958,
  "WLHReal_V3_p": 1.4016e-06,
  "WLHReal_V4_p": 12.807337559,
  "WLHReal_V5_p": 0.1520385331,
  "WLHReal_V6_p": 0.0001723545,
  "WLHReal_r0_p": 1.2963988936,
  "WLHReal_r1_p": 0.4111102224,
  "WLHReal_r2_p": 0.0005382825,
  "WLHReal_r3_p": 6.748e-07,
  "WLHReal_a0_p": 0.7723167824,
  "WLHReal_a1_p": 0.000246235,
  "WLHReal_a2_p": -1.123e-07,
  "WLHReal_a3_p": 0.1227518286,
  "WLHReal_a4_p": 0.5928231617,
  "WLHReal_V0_n": 50.8714212347,
  "WLHReal_V1_n": 0.2701087524,
  "WLHReal_V2_n": -0.0008797966,
  "WLHReal_V3_n": 4.7066e-06,
  "WLHReal_V4_n": 21.2265178432,
  "WLHReal_V5_n": 0.3165135279,
  "WLHReal_V6_n": 0.0016991806,
  "WLHReal_r0_n": 1.3029808071,
  "WLHReal_r1_n": 0.1998801536,
  "WLHReal_r2_n": 0.0014336042,
  "WLHReal_r3_n": 1.85386e-05,
  "WLHReal_a0_n": 0.7725132349,
  "WLHReal_a1_n": 0.0014892747,
  "WLHReal_a2_n": 2.31269e-05,
  "WLHReal_a3_n": 0.4304723995,
  "WLHReal_a4_n": 1.2395498339,
  "WLHImagVolume_W0_p": 3.8095281243,
  "WLHImagVolume_W1_p": 0.2806478847,
  "WLHImagVolume_W2_p": 0.0007003041,
  "WLHImagVolume_W3_p": 14.2058708597,
  "WLHImagVolume_W4_p": 0.0813087963,
  "WLHImagVolume_r0_p": 0.3315032347,
  "WLHImagVolume_r1_p": 79.3163963773,
  "WLHImagVolume_r2_p": 0.9052163054,
  "WLHImagVolume_r3_p": 79.3766431096,
  "WLHImagVolume_r4_p": 0.4007846978,
  "WLHImagVolume_r5_p": 1.3493e-06,
  "WLHImagVolume_a0_p": 0.5049801205,
  "WLHImagVolume_a1_p": 0.3336892,
  "WLHImagVolume_a2_p": 18.9339116384,
  "WLHImagVolume_a3_p": 0.3692974169,
  "WLHImagVolume_a4_p": 0.0015878351,
  "WLHImagVolume_W0_n": 3.9132773345,
  "WLHImagVolume_W1_n": 0.2395703497,
  "WLHImagVolume_W2_n": 0.0004139045,
  "WLHImagVolume_W3_n": 10.4315233094,
  "WLHImagVolume_W4_n": -0.0041474436,
  "WLHImagVolume_r0_n": 0.6892659387,
  "WLHImagVolume_r1_n": 70.3559694629,
  "WLHImagVolume_r2_n": 0.6143797511,
  "WLHImagVolume_r3_n": 91.0834954365,
  "WLHImagVolume_r4_n": 1.0199446985,
  "WLHImagVolume_r5_n": 5.0292e-06,
  "WLHImagVolume_a0_n": 0.2908556924,
  "WLHImagVolume_a1_n": 0.5189720298,
  "WLHImagVolume_a2_n": 4.1696821372,
  "WLHImagVolume_a3_n": 0.0223288631,
  "WLHImagVolume_a4_n": 0.0001548563,
  "WLHImagSurface_W0_p": 1.478903872,
  "WLHImagSurface_W1_p": 0.0921633862,
  "WLHImagSurface_W2_p": 2.3346654798,
  "WLHImagSurface_W3_p": 0.3427345688,
  "WLHImagSurface_r0_p": 1.1845689699,
  "WLHImagSurface_r1_p": 1.0329476954,
  "WLHImagSurface_r2_p": 0.0075003009,
  "WLHImagSurface_a0_p": 0.8584058806,
  "WLHImagSurface_W0_n": 1.4036485039,
  "WLHImagSurface_W1_n": 0.0430193661,
  "WLHImagSurface_W2_n": 1.2449899308,
  "WLHImagSurface_W3_n": 0.1394819093,
  "WLHImagSurface_r0_n": 1.2691388824,
  "WLHImagSurface_r1_n": 1.5207579185,
  "WLHImagSurface_r2_n": 0.0019232794,
  "WLHImagSurface_a0_n": 0.8759465966,
  "WLHRealSpinOrbit_V0_p": 9.3829053892,
  "WLHRealSpinOrbit_V1_p": 0.0078302983,
  "WLHRealSpinOrbit_r0_p": 1.234840781,
  "WLHRealSpinOrbit_r1_p": 0.7985358464,
  "WLHRealSpinOrbit_a0_p": 0.7629290248,
  "WLHRealSpinOrbit_a1_p": 0.0003587122,
  "WLHRealSpinOrbit_V0_n": 9.8738892667,
  "WLHRealSpinOrbit_V1_n": 0.0092567679,
  "WLHRealSpinOrbit_r0_n": 1.3119727931,
  "WLHRealSpinOrbit_r1_n": 0.9481436459,
  "WLHRealSpinOrbit_a0_n": 0.8453444747,
  "WLHRealSpinOrbit_a1_n": 0.000314987
}