{
  "WLHReal_V0_p": 51.1152946311,
  "WLHReal_V1_p": 0.262383478,
  "WLHReal_V2_p": -0.0006180062,
  "WLHReal_V3_p": 2.9922e-06,
  "WLHReal_V4_p": 12.7734718464,
  "WLHReal_V5_p": 0.1452715782,
  "WLHReal_V6_p": 0.000523202,
  "WLHReal_r0_p": 1.3539924796,
  "WLHReal_r1_p": 0.335687561,
  "WLHReal_r2_p": 0.0007334682,
  "WLHReal_r3_p": 7.9863e-06,
  "WLHReal_a0_p": 0.7922407277,
  "WLHReal_a1_p": 0.0001079286,
  "WLHReal_a2_p": 7.1865e-06,
  "WLHReal_a3_p": -0.0206989038,
  "WLHReal_a4_p": 0.460516699,
  "WLHReal_V0_n": 54.213137806,
  "WLHReal_V1_n": 0.2765730524,
  "WLHReal_V2_n": -0.00034727,
  "WLHReal_V3_n": 1.9454e-06,
  "WLHReal_V4_n": 21.7420216025,
  "WLHReal_V5_n": 0.2898646845,
  "WLHReal_V6_n": 0.0011906597,
  "WLHReal_r0_n": 1.2721222296,
  "WLHReal_r1_n": 0.2687325009,
  "WLHReal_r2_n": 0.0009944183,
  "WLHReal_r3_n": 1.06209e-05,
  "WLHReal_a0_n": 0.7467184524,
  "WLHReal_a1_n": 0.0008305792,
  "WLHReal_a2_n": 1.28236e-05,
  "WLHReal_a3_n": 0.3180525805,
  "WLHReal_a4_n": 0.9616918559,
  "WLHImagVolume_W0_p": 4.968550101,
  "WLHImagVolume_W1_p": 0.2011802018,
  "WLHImagVolume_W2_p": 0.0001639101,
  "WLHImagVolume_W3_p": 8.483848912,
  "WLHImagVolume_W4_p": 0.0833623965,
  "WLHImagVolume_r0_p": 0.777702203,
  "WLHImagVolume_r1_p": 27.185582144,
  "WLHImagVolume_r2_p": 0.5289995412,
  "WLHImagVolume_r3_p": 40.499876693,
  "WLHImagVolume_r4_p": 0.6734827719,
  "WLHImagVolume_r5_p": 1.2674e-06,
  "WLHImagVolume_a0_p": 0.6109753535,
  "WLHImagVolume_a1_p": 0.2380588151,
  "WLHImagVolume_a2_p": 11.8796463115,
  "WLHImagVolume_a3_p": 0.4604117853,
  "WLHImagVolume_a4_p": 0.0031651134,
  "WLHImagVolume_W0_n": 3.4725873478,
  "WLHImagVolume_W1_n": 0.266226775,
  "WLHImagVolume_W2_n": 0.000346578,
  "WLHImagVolume_W3_n": 10.2308494126,
  "WLHImagVolume_W4_n": 0.0282689999,
  "WLHImagVolume_r0_n": 0.684315427,
  "WLHImagVolume_r1_n": 52.6754565669,
  "WLHImagVolume_r2_n": 0.582850361,
  "WLHImagVolume_r3_n": 73.1688385582,
  "WLHImagVolume_r4_n": 1.0959394414,
  "WLHImagVolume_r5_n": 4.6277e-06,
  "WLHImagVolume_a0_n": 0.2690281302,
  "WLHImagVolume_a1_n": 0.5491394951,
  "WLHImagVolume_a2_n": 5.8531454864,
  "WLHImagVolume_a3_n": 0.0343756895,
  "WLHImagVolume_a4_n": 0.0006768457,
  "WLHImagSurface_W0_p": 0.7219885021,
  "WLHImagSurface_W1_p": 0.0279526031,
  "WLHImagSurface_W2_p": 0.9697785361,
  "WLHImagSurface_W3_p": 0.1071368807,
  "WLHImagSurface_r0_p": 0.7908524324,
  "WLHImagSurface_r1_p": 0.1010273301,
  "WLHImagSurface_r2_p": 0.0014058596,
  "WLHImagSurface_a0_p": 0.6526592615,
  "WLHImagSurface_W0_n": 1.4644167579,
  "WLHImagSurface_W1_n": 0.0306233504,
  "WLHImagSurface_W2_n": 1.4987505204,
  "WLHImagSurface_W3_n": 0.102131674,
  "WLHImagSurface_r0_n": 1.2387657204,
  "WLHImagSurface_r1_n": 1.4021095865,
  "WLHImagSurface_r2_n": 0.0029456924,
  "WLHImagSurface_a0_n": 0.8472897253,
  "WLHRealSpinOrbit_V0_p": 9.3527101941,
  "WLHRealSpinOrbit_V1_p": 0.0086720277,
  "WLHRealSpinOrbit_r0_p": 1.328748801,
  "WLHRealSpinOrbit_r1_p": 0.9321540399,
  "WLHRealSpinOrbit_a0_p": 0.8385815376,
  "WLHRealSpinOrbit_a1_p": 0.0003744953,
  "WLHRealSpinOrbit_V0_n": 10.2284246648,
  "WLHRealSpinOrbit_V1_n": 0.0090879756,
  "WLHRealSpinOrbit_r0_n": 1.2641888398,
  "WLHRealSpinOrbit_r1_n": 0.8676715335,
  "WLHRealSpinOrbit_a0_n": 0.8060989451,
  "WLHRealSpinOrbit_a1_n": 0.0003241956
}