{
  "WLHReal_V0_p": 53.4699155432,
  "WLHReal_V1_p": 0.2897768274,
  "WLHReal_V2_p": 0.0004043299,
  "WLHReal_V3_p": 5.055e-07,
  "WLHReal_V4_p": 14.7812611966,
  "WLHReal_V5_p": 0.121473998,
  "WLHReal_V6_p": 0.0001273635,
  "WLHReal_r0_p": 1.2586016777,
  "WLHReal_r1_p": 0.2701808769,
  "WLHReal_r2_p": 0.000519284,
  "WLHReal_r3_p": 1.9119e-06,
  "WLHReal_a0_p": 0.7465283855,
  "WLHReal_a1_p": 6.00271e-05,
  "WLHReal_a2_p": 1.9666e-06,
  "WLHReal_a3_p": 0.0645419175,
  "WLHReal_a4_p": 0.4995938718,
  "WLHReal_V0_n": 53.9167478814,
  "WLHReal_V1_n": 0.2715127898,
  "WLHReal_V2_n": 3.98537e-05,
  "WLHReal_V3_n": 1.3124e-06,
  "WLHReal_V4_n": 22.0471436472,
  "WLHReal_V5_n": 0.2611685598,
  "WLHReal_V6_n": 0.0007842234,
  "WLHReal_r0_n": 1.2636823572,
  "WLHReal_r1_n": 0.2993529978,
  "WLHReal_r2_n": 0.0006859267,
  "WLHReal_r3_n": 4.8158e-06,
  "WLHReal_a0_n": 0.7246678723,
  "WLHReal_a1_n": 0.0004987163,
  "WLHReal_a2_n": 5.0127e-06,
  "WLHReal_a3_n": 0.2584953723,
  "WLHReal_a4_n": 0.7797393584,
  "WLHImagVolume_W0_p": 2.7725414693,
  "WLHImagVolume_W1_p": 0.1591422993,
  "WLHImagVolume_W2_p": 0.0001662822,
  "WLHImagVolume_W3_p": 10.4734691829,
  "WLHImagVolume_W4_p": 0.0508426367,
  "WLHImagVolume_r0_p": 0.6099822623,
  "WLHImagVolume_r1_p": 49.2234333073,
  "WLHImagVolume_r2_p": 0.6088542848,
  "WLHImagVolume_r3_p": 59.12000619,
  "WLHImagVolume_r4_p": 0.6202101517,
  "WLHImagVolume_r5_p": 1.7788e-06,
  "WLHImagVolume_a0_p": 0.499164882,
  "WLHImagVolume_a1_p": 0.2937829277,
  "WLHImagVolume_a2_p": 15.8292887644,
  "WLHImagVolume_a3_p": 0.3559990996,
  "WLHImagVolume_a4_p": 0.0014229816,
  "WLHImagVolume_W0_n": 2.4710638355,
  "WLHImagVolume_W1_n": 0.2240348538,
  "WLHImagVolume_W2_n": 0.0002370088,
  "WLHImagVolume_W3_n": 8.3783035545,
  "WLHImagVolume_W4_n": 0.0244058946,
  "WLHImagVolume_r0_n": 0.6176373411,
  "WLHImagVolume_r1_n": 60.3174836652,
  "WLHImagVolume_r2_n": 0.6356143225,
  "WLHImagVolume_r3_n": 69.197273329,
  "WLHImagVolume_r4_n": 1.0230450286,
  "WLHImagVolume_r5_n": 3.4912e-06,
  "WLHImagVolume_a0_n": 0.225090111,
  "WLHImagVolume_a1_n": 0.5936678319,
  "WLHImagVolume_a2_n": 8.591389136,
  "WLHImagVolume_a3_n": 0.0678142823,
  "WLHImagVolume_a4_n": 0.0009105161,
  "WLHImagSurface_W0_p": 1.2421370712,
  "WLHImagSurface_W1_p": 0.0571573688,
  "WLHImagSurface_W2_p": 1.6362830275,
  "WLHImagSurface_W3_p": 0.1935186475,
  "WLHImagSurface_r0_p": 1.0914561282,
  "WLHImagSurface_r1_p": 0.6577515623,
  "WLHImagSurface_r2_p": 0.0076677597,
  "WLHImagSurface_a0_p": 0.8168105608,
  "WLHImagSurface_W0_n": 1.3286518752,
  "WLHImagSurface_W1_n": 0.0184434659,
  "WLHImagSurface_W2_n": 1.5833208016,
  "WLHImagSurface_W3_n": 0.0756679222,
  "WLHImagSurface_r0_n": 1.2525704421,
  "WLHImagSurface_r1_n": 1.3016721561,
  "WLHImagSurface_r2_n": 0.0035147193,
  "WLHImagSurface_a0_n": 0.8351971956,
  "WLHRealSpinOrbit_V0_p": 9.7974910712,
  "WLHRealSpinOrbit_V1_p": 0.0081638704,
  "WLHRealSpinOrbit_r0_p": 1.2322275573,
  "WLHRealSpinOrbit_r1_p": 0.7855671672,
  "WLHRealSpinOrbit_a0_p": 0.7633256564,
  "WLHRealSpinOrbit_a1_p": 0.0003791844,
  "WLHRealSpinOrbit_V0_n": 10.0916120335,
  "WLHRealSpinOrbit_V1_n": 0.0086379961,
  "WLHRealSpinOrbit_r0_n": 1.2440150553,
  "WLHRealSpinOrbit_r1_n": 0.8160421198,
  "WLHRealSpinOrbit_a0_n": 0.7805048777,
  "WLHRealSpinOrbit_a1_n": 0.0003581006
}