{
  "WLHReal_V0_p": 56.7201485631,
  "WLHReal_V1_p": 0.2798098151,
  "WLHReal_V2_p": 0.0004250833,
  "WLHReal_V3_p": -2.816e-07,
  "WLHReal_V4_p": 15.9623752089,
  "WLHReal_V5_p": 0.135230094,
  "WLHReal_V6_p": 0.0001837224,
  "WLHReal_r0_p": 1.2242304744,
  "WLHReal_r1_p": 0.2641792045,
  "WLHReal_r2_p": 0.0005938168,
  "WLHReal_r3_p": 3.6726e-06,
  "WLHReal_a0_p": 0.7481841872,
  "WLHReal_a1_p": 0.0002595232,
  "WLHReal_a2_p": 1.0982e-06,
  "WLHReal_a3_p": 0.0821272117,
  "WLHReal_a4_p": 0.5364139796,
  "WLHReal_V0_n": 50.5014586362,
  "WLHReal_V1_n": 0.2701302876,
  "WLHReal_V2_n": -0.0008557241,
  "WLHReal_V3_n": 4.5074e-06,
  "WLHReal_V4_n": 20.7710167217,
  "WLHReal_V5_n": 0.3200943564,
  "WLHReal_V6_n": 0.001616844,
  "WLHReal_r0_n": 1.3312709913,
  "WLHReal_r1_n": 0.2805259133,
  "WLHReal_r2_n": 0.0013052196,
  "WLHReal_r3_n": 1.67067e-05,
  "WLHReal_a0_n": 0.7696012664,
  "WLHReal_a1_n": 0.0013719993,
  "WLHReal_a2_n": 1.98131e-05,
  "WLHReal_a3_n": 0.3668753836,
  "WLHReal_a4_n": 1.1062905792,
  "WLHImagVolume_W0_p": 3.3113516893,
  "WLHImagVolume_W1_p": 0.2163970639,
  "WLHImagVolume_W2_p": 6.73218e-05,
  "WLHImagVolume_W3_p": 12.3650844552,
  "WLHImagVolume_W4_p": 0.0684403444,
  "WLHImagVolume_r0_p": 0.7733851658,
  "WLHImagVolume_r1_p": 19.6471783468,
  "WLHImagVolume_r2_p": 0.3975552715,
  "WLHImagVolume_r3_p": 34.6358898396,
  "WLHImagVolume_r4_p": 0.8669450163,
  "WLHImagVolume_r5_p": 2.3859e-06,
  "WLHImagVolume_a0_p": 0.5486877234,
  "WLHImagVolume_a1_p": 0.2178246856,
  "WLHImagVolume_a2_p": 8.7692563045,
  "WLHImagVolume_a3_p": 0.4323040334,
  "WLHImagVolume_a4_p": 0.0024674631,
  "WLHImagVolume_W0_n": 3.568916006,
  "WLHImagVolume_W1_n": 0.2525497884,
  "WLHImagVolume_W2_n": 0.0005401791,
  "WLHImagVolume_W3_n": 9.6390385285,
  "WLHImagVolume_W4_n": 0.0020099623,
  "WLHImagVolume_r0_n": 0.6124447143,
  "WLHImagVolume_r1_n": 82.6568295993,
  "WLHImagVolume_r2_n": 0.7131259323,
  "WLHImagVolume_r3_n": 97.4466697832,
  "WLHImagVolume_r4_n": 0.9514955357,
  "WLHImagVolume_r5_n": 5.0285e-06,
  "WLHImagVolume_a0_n": 0.2860335959,
  "WLHImagVolume_a1_n": 0.5421386957,
  "WLHImagVolume_a2_n": 4.6296583388,
  "WLHImagVolume_a3_n": 0.0425884686,
  "WLHImagVolume_a4_n": 0.0003650874,
  "WLHImagSurface_W0_p": 0.8656231866,
  "WLHImagSurface_W1_p": 0.0213938575,
  "WLHImagSurface_W2_p": 0.9577704695,
  "WLHImagSurface_W3_p": 0.0699399173,
  "WLHImagSurface_r0_p": 0.9344519704,
  "WLHImagSurface_r1_p": 0.7106503159,
  "WLHImagSurface_r2_p": 0.0077632333,
  "WLHImagSurface_a0_p": 0.617109039,
  "WLHImagSurface_W0_n": 1.5285840744,
  "WLHImagSurface_W1_n": 0.0494314366,
  "WLHImagSurface_W2_n": 2.0425262156,
  "WLHImagSurface_W3_n": 0.1731826561,
  "WLHImagSurface_r0_n": 1.2945243133,
  "WLHImagSurface_r1_n": 1.5816151485,
  "WLHImagSurface_r2_n": 0.002018183,
  "WLHImagSurface_a0_n": 0.8776060376,
  "WLHRealSpinOrbit_V0_p": 10.6466609596,
  "WLHRealSpinOrbit_V1_p": 0.0087966389,
  "WLHRealSpinOrbit_r0_p": 1.2019451453,
  "WLHRealSpinOrbit_r1_p": 0.757000346,
  "WLHRealSpinOrbit_a0_p": 0.7532058795,
  "WLHRealSpinOrbit_a1_p": 0.0003513344,
  "WLHRealSpinOrbit_V0_n": 9.4756053126,
  "WLHRealSpinOrbit_V1_n": 0.0089051888,
  "WLHRealSpinOrbit_r0_n": 1.3257887643,
  "WLHRealSpinOrbit_r1_n": 0.9523332208,
  "WLHRealSpinOrbit_a0_n": 0.8463303271,
  "WLHRealSpinOrbit_a1_n": 0.000338424
}