{
  "WLHReal_V0_p": 54.7965851118,
  "WLHReal_V1_p": 0.3225853316,
  "WLHReal_V2_p": -0.000180392,
  "WLHReal_V3_p": 1.7273e-06,
  "WLHReal_V4_p": 11.8455230349,
  "WLHReal_V5_p": 0.1417693993,
  "WLHReal_V6_p": 0.0003729719,
  "WLHReal_r0_p": 1.3207322535,
  "WLHReal_r1_p": 0.330218959,
  "WLHReal_r2_p": 0.0008998299,
  "WLHReal_r3_p": 7.1109e-06,
  "WLHReal_a0_p": 0.7938060435,
  "WLHReal_a1_p": 0.0001754262,
  "WLHReal_a2_p": 5.366e-06,
  "WLHReal_a3_p": 0.0628754808,
  "WLHReal_a4_p": 0.6112472994,
  "WLHReal_V0_n": 58.927096157,
  "WLHReal_V1_n": 0.3493814662,
  "WLHReal_V2_n": 0.0016872188,
  "WLHReal_V3_n": -3.7054e-06,
  "WLHReal_V4_n": 22.6169245785,
  "WLHReal_V5_n": 0.1517706473,
  "WLHReal_V6_n": -0.0005672276,
  "WLHReal_r0_n": 1.1309895387,
  "WLHReal_r1_n": 0.2041936131,
  "WLHReal_r2_n": -9.92764e-05,
  "WLHReal_r3_n": -9.0651e-06,
  "WLHReal_a0_n": 0.6522216423,
  "WLHReal_a1_n": -0.0004998526,
  "WLHReal_a2_n": -1.31028e-05,
  "WLHReal_a3_n": 0.1559631586,
  "WLHReal_a4_n": 0.4684502469,
  "WLHImagVolume_W0_p": 4.9864450749,
  "WLHImagVolume_W1_p": 0.2790394877,
  "WLHImagVolume_W2_p": 0.0005543758,
  "WLHImagVolume_W3_p": 13.0438603597,
  "WLHImagVolume_W4_p": 0.0907795518,
  "WLHImagVolume_r0_p": 0.5705614432,
  "WLHImagVolume_r1_p": 56.9492445031,
  "WLHImagVolume_r2_p": 0.7066771333,
  "WLHImagVolume_r3_p": 66.9052674182,
  "WLHImagVolume_r4_p": 0.5775256218,
  "WLHImagVolume_r5_p": 1.3276e-06,
  "WLHImagVolume_a0_p": 0.5717446313,
  "WLHImagVolume_a1_p": 0.282523282,
  "WLHImagVolume_a2_p": 15.4054231556,
  "WLHImagVolume_a3_p": 0.4304700729,
  "WLHImagVolume_a4_p": 0.0026121139,
  "WLHImagVolume_W0_n": 0.9720173896,
  "WLHImagVolume_W1_n": 0.1672971328,
  "WLHImagVolume_W2_n": 0.0001142915,
  "WLHImagVolume_W3_n": 6.2603022811,
  "WLHImagVolume_W4_n": 0.0740954007,
  "WLHImagVolume_r0_n": 0.48131804,
  "WLHImagVolume_r1_n": 69.9530173348,
  "WLHImagVolume_r2_n": 0.6498227032,
  "WLHImagVolume_r3_n": 50.2034816703,
  "WLHImagVolume_r4_n": 0.7674965553,
  "WLHImagVolume_r5_n": -1.1928e-06,
  "WLHImagVolume_a0_n": 0.0593316359,
  "WLHImagVolume_a1_n": 0.6968958826,
  "WLHImagVolume_a2_n": 13.3604733772,
  "WLHImagVolume_a3_n": 0.040218024,
  "WLHImagVolume_a4_n": 0.000364531,
  "WLHImagSurface_W0_p": 0.9002088809,
  "WLHImagSurface_W1_p": 0.040131682,
  "WLHImagSurface_W2_p": 0.7524096564,
  "WLHImagSurface_W3_p": 0.1453374532,
  "WLHImagSurface_r0_p": 0.964114009,
  "WLHImagSurface_r1_p": 0.5205984822,
  "WLHImagSurface_r2_p": 0.003205936,
  "WLHImagSurface_a0_p": 0.7859308165,
  "WLHImagSurface_W0_n": 1.8997984083,
  "WLHImagSurface_W1_n": 0.0009156007,
  "WLHImagSurface_W2_n": 2.0082608657,
  "WLHImagSurface_W3_n": -0.0103314424,
  "WLHImagSurface_r0_n": 1.2564696858,
  "WLHImagSurface_r1_n": 1.0603842499,
  "WLHImagSurface_r2_n": 0.006530993,
  "WLHImagSurface_a0_n": 0.7621730415,
  "WLHRealSpinOrbit_V0_p": 9.4690672454,
  "WLHRealSpinOrbit_V1_p": 0.0084772851,
  "WLHRealSpinOrbit_r0_p": 1.2828953491,
  "WLHRealSpinOrbit_r1_p": 0.8874929478,
  "WLHRealSpinOrbit_a0_p": 0.8098432574,
  "WLHRealSpinOrbit_a1_p": 0.0003347227,
  "WLHRealSpinOrbit_V0_n": 10.543069415,
  "WLHRealSpinOrbit_V1_n": 0.007774645,
  "WLHRealSpinOrbit_r0_n": 1.1046680836,
  "WLHRealSpinOrbit_r1_n": 0.6146906893,
  "WLHRealSpinOrbit_a0_n": 0.6728514307,
  "WLHRealSpinOrbit_a1_n": 0.0003464835
}