{
  "WLHReal_V0_p": 47.3477109406,
  "WLHReal_V1_p": 0.2733175276,
  "WLHReal_V2_p": -0.0009138964,
  "WLHReal_V3_p": 5.1936e-06,
  "WLHReal_V4_p": 10.8594121522,
  "WLHReal_V5_p": 0.1226574714,
  "WLHReal_V6_p": 0.0005431002,
  "WLHReal_r0_p": 1.393911682,
  "WLHReal_r1_p": 0.2862800235,
  "WLHReal_r2_p": 0.0009091481,
  "WLHReal_r3_p": 1.10902e-05,
  "WLHReal_a0_p": 0.8022150325,
  "WLHReal_a1_p": -0.0001322777,
  "WLHReal_a2_p": 1.16514e-05,
  "WLHReal_a3_p": -0.0565718185,
  "WLHReal_a4_p": 0.4651134985,
  "WLHReal_V0_n": 46.6432202796,
  "WLHReal_V1_n": 0.2268612588,
  "WLHReal_V2_n": -0.0011740241,
  "WLHReal_V3_n": 4.9458e-06,
  "WLHReal_V4_n": 21.2021391256,
  "WLHReal_V5_n": 0.3272875239,
  "WLHReal_V6_n": 0.0018219643,
  "WLHReal_r0_n": 1.3608317502,
  "WLHReal_r1_n": 0.2614705893,
  "WLHReal_r2_n": 0.0014543483,
  "WLHReal_r3_n": 1.93854e-05,
  "WLHReal_a0_n": 0.778247694,
  "WLHReal_a1_n": 0.0016656319,
  "WLHReal_a2_n": 2.44847e-05,
  "WLHReal_a3_n": 0.4247608987,
  "WLHReal_a4_n": 1.1936568988,
  "WLHImagVolume_W0_p": 5.0527038982,
  "WLHImagVolume_W1_p": 0.1538268124,
  "WLHImagVolume_W2_p": 0.0002503744,
  "WLHImagVolume_W3_p": 6.7659741504,
  "WLHImagVolume_W4_p": 0.0709775928,
  "WLHImagVolume_r0_p": 0.7119118898,
  "WLHImagVolume_r1_p": 50.4575586751,
  "WLHImagVolume_r2_p": 0.6600942079,
  "WLHImagVolume_r3_p": 63.9612369936,
  "WLHImagVolume_r4_p": 0.5089459868,
  "WLHImagVolume_r5_p": 7.079e-07,
  "WLHImagVolume_a0_p": 0.588970076,
  "WLHImagVolume_a1_p": 0.2955907748,
  "WLHImagVolume_a2_p": 17.8281049128,
  "WLHImagVolume_a3_p": 0.4092770483,
  "WLHImagVolume_a4_p": 0.0025406537,
  "WLHImagVolume_W0_n": 3.0620234298,
  "WLHImagVolume_W1_n": 0.1808084658,
  "WLHImagVolume_W2_n": 0.0003275305,
  "WLHImagVolume_W3_n": 8.2703708188,
  "WLHImagVolume_W4_n": -0.0464141173,
  "WLHImagVolume_r0_n": 0.6307179943,
  "WLHImagVolume_r1_n": 88.9171956039,
  "WLHImagVolume_r2_n": 0.7197175619,
  "WLHImagVolume_r3_n": 101.7466688657,
  "WLHImagVolume_r4_n": 0.9598759259,
  "WLHImagVolume_r5_n": 5.8097e-06,
  "WLHImagVolume_a0_n": 0.2962896756,
  "WLHImagVolume_a1_n": 0.5373181686,
  "WLHImagVolume_a2_n": 5.9446058607,
  "WLHImagVolume_a3_n": 0.0844003798,
  "WLHImagVolume_a4_n": 0.0005194801,
  "WLHImagSurface_W0_p": 0.804727322,
  "WLHImagSurface_W1_p": 0.035761652,
  "WLHImagSurface_W2_p": 0.6591805179,
  "WLHImagSurface_W3_p": 0.121484714,
  "WLHImagSurface_r0_p": 0.8618272505,
  "WLHImagSurface_r1_p": -0.1704617326,
  "WLHImagSurface_r2_p": -0.0007621286,
  "WLHImagSurface_a0_p": 0.8473273383,
  "WLHImagSurface_W0_n": 0.927527776,
  "WLHImagSurface_W1_n": 0.0367900394,
  "WLHImagSurface_W2_n": 1.1519572316,
  "WLHImagSurface_W3_n": 0.1523065114,
  "WLHImagSurface_r0_n": 1.3076461251,
  "WLHImagSurface_r1_n": 1.5176275927,
  "WLHImagSurface_r2_n": 0.0011325312,
  "WLHImagSurface_a0_n": 0.9001599361,
  "WLHRealSpinOrbit_V0_p": 8.5722748897,
  "WLHRealSpinOrbit_V1_p": 0.008364948,
  "WLHRealSpinOrbit_r0_p": 1.3769995936,
  "WLHRealSpinOrbit_r1_p": 1.0023501468,
  "WLHRealSpinOrbit_a0_p": 0.869578938,
  "WLHRealSpinOrbit_a1_p": 0.0003811839,
  "WLHRealSpinOrbit_V0_n": 9.2538445104,
  "WLHRealSpinOrbit_V1_n": 0.0089193167,
  "WLHRealSpinOrbit_r0_n": 1.3604116729,
  "WLHRealSpinOrbit_r1_n": 0.9854373058,
  "WLHRealSpinOrbit_a0_n": 0.8666046482,
  "WLHRealSpinOrbit_a1_n": 0.0003710475
}