{
  "WLHReal_V0_p": 54.2915794842,
  "WLHReal_V1_p": 0.3102650683,
  "WLHReal_V2_p": 4.13039e-05,
  "WLHReal_V3_p": 1.7247e-06,
  "WLHReal_V4_p": 12.8275811447,
  "WLHReal_V5_p": 0.1444542699,
  "WLHReal_V6_p": 0.00029819,
  "WLHReal_r0_p": 1.3140332952,
  "WLHReal_r1_p": 0.3609370165,
  "WLHReal_r2_p": 0.0006457763,
  "WLHReal_r3_p": 3.6093e-06,
  "WLHReal_a0_p": 0.7784080699,
  "WLHReal_a1_p": 0.0001655739,
  "WLHReal_a2_p": 3.1919e-06,
  "WLHReal_a3_p": 0.0643605341,
  "WLHReal_a4_p": 0.5448445015,
  "WLHReal_V0_n": 50.3103248598,
  "WLHReal_V1_n": 0.2382033589,
  "WLHReal_V2_n": -0.0007412069,
  "WLHReal_V3_n": 3.4872e-06,
  "WLHReal_V4_n": 21.7751911646,
  "WLHReal_V5_n": 0.3061277969,
  "WLHReal_V6_n": 0.0014541923,
  "WLHReal_r0_n": 1.3184262449,
  "WLHReal_r1_n": 0.2836320956,
  "WLHReal_r2_n": 0.0011559302,
  "WLHReal_r3_n": 1.44409e-05,
  "WLHReal_a0_n": 0.7593986981,
  "WLHReal_a1_n": 0.0011521173,
  "WLHReal_a2_n": 1.62943e-05,
  "WLHReal_a3_n": 0.3566772273,
  "WLHReal_a4_n": 1.0269242574,
  "WLHImagVolume_W0_p": 4.1874488602,
  "WLHImagVolume_W1_p": 0.2410039707,
  "WLHImagVolume_W2_p": 0.0004644158,
  "WLHImagVolume_W3_p": 11.8543708492,
  "WLHImagVolume_W4_p": 0.0791639043,
  "WLHImagVolume_r0_p": 0.5233763744,
  "WLHImagVolume_r1_p": 58.452599076,
  "WLHImagVolume_r2_p": 0.7398836154,
  "WLHImagVolume_r3_p": 64.8065573304,
  "WLHImagVolume_r4_p": 0.522336224,
  "WLHImagVolume_r5_p": 1.4935e-06,
  "WLHImagVolume_a0_p": 0.5434449987,
  "WLHImagVolume_a1_p": 0.2964995242,
  "WLHImagVolume_a2_p": 16.2691101564,
  "WLHImagVolume_a3_p": 0.4006175504,
  "WLHImagVolume_a4_p": 0.0021430359,
  "WLHImagVolume_W0_n": 3.0610105284,
  "WLHImagVolume_W1_n": 0.2146739245,
  "WLHImagVolume_W2_n": 0.0002516156,
  "WLHImagVolume_W3_n": 8.9431959745,
  "WLHImagVolume_W4_n": -0.0139364009,
  "WLHImagVolume_r0_n": 0.6719156275,
  "WLHImagVolume_r1_n": 65.1320457361,
  "WLHImagVolume_r2_n": 0.6354231338,
  "WLHImagVolume_r3_n": 82.8624819265,
  "WLHImagVolume_r4_n": 1.073140952,
  "WLHImagVolume_r5_n": 5.3374e-06,
  "WLHImagVolume_a0_n": 0.2859193181,
  "WLHImagVolume_a1_n": 0.5462632904,
  "WLHImagVolume_a2_n": 6.6090466065,
  "WLHImagVolume_a3_n": 0.0754344104,
  "WLHImagVolume_a4_n": 0.0008388314,
  "WLHImagSurface_W0_p": 1.1579262598,
  "WLHImagSurface_W1_p": 0.0629425172,
  "WLHImagSurface_W2_p": 1.6428557971,
  "WLHImagSurface_W3_p": 0.2318530623,
  "WLHImagSurface_r0_p": 1.0317209506,
  "WLHImagSurface_r1_p": 0.6376548066,
  "WLHImagSurface_r2_p": 0.0050794559,
  "WLHImagSurface_a0_p": 0.7906434859,
  "WLHImagSurface_W0_n": 1.0144964793,
  "WLHImagSurface_W1_n": 0.0262326995,
  "WLHImagSurface_W2_n": 1.0971120405,
  "WLHImagSurface_W3_n": 0.1102211036,
  "WLHImagSurface_r0_n": 1.2644772595,
  "WLHImagSurface_r1_n": 1.4078021752,
  "WLHImagSurface_r2_n": 0.0020032854,
  "WLHImagSurface_a0_n": 0.8732843683,
  "WLHRealSpinOrbit_V0_p": 9.399802925,
  "WLHRealSpinOrbit_V1_p": 0.0081879411,
  "WLHRealSpinOrbit_r0_p": 1.270542778,
  "WLHRealSpinOrbit_r1_p": 0.8508243004,
  "WLHRealSpinOrbit_a0_p": 0.7926424156,
  "WLHRealSpinOrbit_a1_p": 0.0003628777,
  "WLHRealSpinOrbit_V0_n": 9.8065736526,
  "WLHRealSpinOrbit_V1_n": 0.0090103882,
  "WLHRealSpinOrbit_r0_n": 1.3108910319,
  "WLHRealSpinOrbit_r1_n": 0.9166948346,
  "WLHRealSpinOrbit_a0_n": 0.8332083685,
  "WLHRealSpinOrbit_a1_n": 0.0003597158
}