{
  "WLHReal_V0_p": 59.512598143,
  "WLHReal_V1_p": 0.3477323058,
  "WLHReal_V2_p": 0.0002542722,
  "WLHReal_V3_p": 2.0022e-06,
  "WLHReal_V4_p": 12.552394394,
  "WLHReal_V5_p": 0.1658643848,
  "WLHReal_V6_p": 0.0002993632,
  "WLHReal_r0_p": 1.2903938733,
  "WLHReal_r1_p": 0.411779386,
  "WLHReal_r2_p": 0.0007716518,
  "WLHReal_r3_p": 3.9685e-06,
  "WLHReal_a0_p": 0.7906670785,
  "WLHReal_a1_p": 0.0004177832,
  "WLHReal_a2_p": 1.3361e-06,
  "WLHReal_a3_p": 0.1342626732,
  "WLHReal_a4_p": 0.6695540261,
  "WLHReal_V0_n": 47.6655732199,
  "WLHReal_V1_n": 0.2761247691,
  "WLHReal_V2_n": -0.0006855205,
  "WLHReal_V3_n": 4.0641e-06,
  "WLHReal_V4_n": 20.8601368321,
  "WLHReal_V5_n": 0.2927809183,
  "WLHReal_V6_n": 0.0014980886,
  "WLHReal_r0_n": 1.3117656053,
  "WLHReal_r1_n": 0.1667250968,
  "WLHReal_r2_n": 0.0013749531,
  "WLHReal_r3_n": 1.73954e-05,
  "WLHReal_a0_n": 0.7606374985,
  "WLHReal_a1_n": 0.0016145948,
  "WLHReal_a2_n": 2.22161e-05,
  "WLHReal_a3_n": 0.444565436,
  "WLHReal_a4_n": 1.235237003,
  "WLHImagVolume_W0_p": 5.0166309422,
  "WLHImagVolume_W1_p": 0.3639859879,
  "WLHImagVolume_W2_p": 0.0007606684,
  "WLHImagVolume_W3_p": 16.5878732426,
  "WLHImagVolume_W4_p": 0.1076460983,
  "WLHImagVolume_r0_p": 0.4509071239,
  "WLHImagVolume_r1_p": 60.2131333801,
  "WLHImagVolume_r2_p": 0.7718967215,
  "WLHImagVolume_r3_p": 65.0472293999,
  "WLHImagVolume_r4_p": 0.5803901723,
  "WLHImagVolume_r5_p": 1.9914e-06,
  "WLHImagVolume_a0_p": 0.5673899127,
  "WLHImagVolume_a1_p": 0.2732557215,
  "WLHImagVolume_a2_p": 13.6204407347,
  "WLHImagVolume_a3_p": 0.4514011849,
  "WLHImagVolume_a4_p": 0.0027749383,
  "WLHImagVolume_W0_n": 2.8471094556,
  "WLHImagVolume_W1_n": 0.1562003396,
  "WLHImagVolume_W2_n": 0.0004092031,
  "WLHImagVolume_W3_n": 7.8203293645,
  "WLHImagVolume_W4_n": -0.0313293308,
  "WLHImagVolume_r0_n": 0.5547341042,
  "WLHImagVolume_r1_n": 107.4875163581,
  "WLHImagVolume_r2_n": 0.7580593902,
  "WLHImagVolume_r3_n": 106.4377220341,
  "WLHImagVolume_r4_n": 0.7585774872,
  "WLHImagVolume_r5_n": 3.9277e-06,
  "WLHImagVolume_a0_n": 0.2276395958,
  "WLHImagVolume_a1_n": 0.5666064657,
  "WLHImagVolume_a2_n": 6.4524779665,
  "WLHImagVolume_a3_n": 0.0463914632,
  "WLHImagVolume_a4_n": -0.0002463494,
  "WLHImagSurface_W0_p": 1.0430454916,
  "WLHImagSurface_W1_p": 0.0552369973,
  "WLHImagSurface_W2_p": 1.3363500652,
  "WLHImagSurface_W3_p": 0.2152331285,
  "WLHImagSurface_r0_p": 1.0203487384,
  "WLHImagSurface_r1_p": 0.996393548,
  "WLHImagSurface_r2_p": 0.0058046771,
  "WLHImagSurface_a0_p": 0.7100411479,
  "WLHImagSurface_W0_n": 1.3882694438,
  "WLHImagSurface_W1_n": 0.0436124698,
  "WLHImagSurface_W2_n": 1.5226113558,
  "WLHImagSurface_W3_n": 0.1508953356,
  "WLHImagSurface_r0_n": 1.3326088836,
  "WLHImagSurface_r1_n": 1.5253002921,
  "WLHImagSurface_r2_n": 0.0020980182,
  "WLHImagSurface_a0_n": 0.8799863454,
  "WLHRealSpinOrbit_V0_p": 9.915185639,
  "WLHRealSpinOrbit_V1_p": 0.008448507,
  "WLHRealSpinOrbit_r0_p": 1.2306589717,
  "WLHRealSpinOrbit_r1_p": 0.8167667307,
  "WLHRealSpinOrbit_a0_p": 0.773422702,
  "WLHRealSpinOrbit_a1_p": 0.0003173866,
  "WLHRealSpinOrbit_V0_n": 9.2304769202,
  "WLHRealSpinOrbit_V1_n": 0.0086010763,
  "WLHRealSpinOrbit_r0_n": 1.3197405574,
  "WLHRealSpinOrbit_r1_n": 0.9415592673,
  "WLHRealSpinOrbit_a0_n": 0.8388858924,
  "WLHRealSpinOrbit_a1_n": 0.0003471767
}