{
  "WLHReal_V0_p": 55.7463320545,
  "WLHReal_V1_p": 0.3189427254,
  "WLHReal_V2_p": -0.0002093746,
  "WLHReal_V3_p": 3.6337e-06,
  "WLHReal_V4_p": 11.7799431767,
  "WLHReal_V5_p": 0.1760328503,
  "WLHReal_V6_p": 0.0004559112,
  "WLHReal_r0_p": 1.3603444424,
  "WLHReal_r1_p": 0.4804488234,
  "WLHReal_r2_p": 0.000621413,
  "WLHReal_r3_p": 3.8103e-06,
  "WLHReal_a0_p": 0.8030162054,
  "WLHReal_a1_p": 0.0003348334,
  "WLHReal_a2_p": 2.4771e-06,
  "WLHReal_a3_p": 0.0680451198,
  "WLHReal_a4_p": 0.5544505279,
  "WLHReal_V0_n": 53.8696771922,
  "WLHReal_V1_n": 0.290384292,
  "WLHReal_V2_n": -0.0005696705,
  "WLHReal_V3_n": 3.1216e-06,
  "WLHReal_V4_n": 20.6836478531,
  "WLHReal_V5_n": 0.3139178937,
  "WLHReal_V6_n": 0.001372281,
  "WLHReal_r0_n": 1.3147656931,
  "WLHReal_r1_n": 0.3435416426,
  "WLHReal_r2_n": 0.0010635993,
  "WLHReal_r3_n": 1.12004e-05,
  "WLHReal_a0_n": 0.758658918,
  "WLHReal_a1_n": 0.0009620627,
  "WLHReal_a2_n": 1.36707e-05,
  "WLHReal_a3_n": 0.2811403581,
  "WLHReal_a4_n": 0.9345511808,
  "WLHImagVolume_W0_p": 5.3472032768,
  "WLHImagVolume_W1_p": 0.3196231987,
  "WLHImagVolume_W2_p": 0.0006837713,
  "WLHImagVolume_W3_p": 12.9816229637,
  "WLHImagVolume_W4_p": 0.1073880965,
  "WLHImagVolume_r0_p": 0.4536068034,
  "WLHImagVolume_r1_p": 59.3012216569,
  "WLHImagVolume_r2_p": 0.8343485502,
  "WLHImagVolume_r3_p": 60.9521124593,
  "WLHImagVolume_r4_p": 0.4573147256,
  "WLHImagVolume_r5_p": 1.4383e-06,
  "WLHImagVolume_a0_p": 0.5890609576,
  "WLHImagVolume_a1_p": 0.2838218873,
  "WLHImagVolume_a2_p": 15.0094332615,
  "WLHImagVolume_a3_p": 0.4536883483,
  "WLHImagVolume_a4_p": 0.0029532738,
  "WLHImagVolume_W0_n": 3.7577171158,
  "WLHImagVolume_W1_n": 0.314303086,
  "WLHImagVolume_W2_n": 0.0006522996,
  "WLHImagVolume_W3_n": 10.4663822117,
  "WLHImagVolume_W4_n": 0.0418073338,
  "WLHImagVolume_r0_n": 0.6061262647,
  "WLHImagVolume_r1_n": 70.2680542883,
  "WLHImagVolume_r2_n": 0.7011226675,
  "WLHImagVolume_r3_n": 88.4246961237,
  "WLHImagVolume_r4_n": 1.0047605694,
  "WLHImagVolume_r5_n": 4.0776e-06,
  "WLHImagVolume_a0_n": 0.2854827419,
  "WLHImagVolume_a1_n": 0.5518534952,
  "WLHImagVolume_a2_n": 4.2835872456,
  "WLHImagVolume_a3_n": 0.0293253517,
  "WLHImagVolume_a4_n": 0.0006161263,
  "WLHImagSurface_W0_p": 1.1220400261,
  "WLHImagSurface_W1_p": 0.0736390818,
  "WLHImagSurface_W2_p": 2.0696717965,
  "WLHImagSurface_W3_p": 0.2944927217,
  "WLHImagSurface_r0_p": 0.9584243835,
  "WLHImagSurface_r1_p": 0.7011116417,
  "WLHImagSurface_r2_p": 0.0035318082,
  "WLHImagSurface_a0_p": 0.6976580311,
  "WLHImagSurface_W0_n": 1.858749985,
  "WLHImagSurface_W1_n": 0.0528070712,
  "WLHImagSurface_W2_n": 2.7145257779,
  "WLHImagSurface_W3_n": 0.1781637515,
  "WLHImagSurface_r0_n": 1.2735630042,
  "WLHImagSurface_r1_n": 1.5885494508,
  "WLHImagSurface_r2_n": 0.0027477073,
  "WLHImagSurface_a0_n": 0.8576963313,
  "WLHRealSpinOrbit_V0_p": 9.1796909944,
  "WLHRealSpinOrbit_V1_p": 0.0082143194,
  "WLHRealSpinOrbit_r0_p": 1.2957933943,
  "WLHRealSpinOrbit_r1_p": 0.8890138817,
  "WLHRealSpinOrbit_a0_p": 0.8104309597,
  "WLHRealSpinOrbit_a1_p": 0.000357384,
  "WLHRealSpinOrbit_V0_n": 9.699723213,
  "WLHRealSpinOrbit_V1_n": 0.0088674558,
  "WLHRealSpinOrbit_r0_n": 1.2971254895,
  "WLHRealSpinOrbit_r1_n": 0.9133967709,
  "WLHRealSpinOrbit_a0_n": 0.8258291913,
  "WLHRealSpinOrbit_a1_n": 0.0003278277
}