{
  "WLHReal_V0_p": 54.842485003,
  "WLHReal_V1_p": 0.3487932729,
  "WLHReal_V2_p": 0.0004002404,
  "WLHReal_V3_p": 3.622e-07,
  "WLHReal_V4_p": 12.5062744546,
  "WLHReal_V5_p": 0.0982656394,
  "WLHReal_V6_p": 7.4065e-05,
  "WLHReal_r0_p": 1.2453056228,
  "WLHReal_r1_p": 0.1763478559,
  "WLHReal_r2_p": 0.0010204372,
  "WLHReal_r3_p": 6.9191e-06,
  "WLHReal_a0_p": 0.7632036545,
  "WLHReal_a1_p": -1.78921e-05,
  "WLHReal_a2_p": 5.9443e-06,
  "WLHReal_a3_p": 0.1069200629,
  "WLHReal_a4_p": 0.6856102975,
  "WLHReal_V0_n": 54.9702306108,
  "WLHReal_V1_n": 0.2621554986,
  "WLHReal_V2_n": 0.0004457427,
  "WLHReal_V3_n": -4.13e-07,
  "WLHReal_V4_n": 22.7453377361,
  "WLHReal_V5_n": 0.2331673534,
  "WLHReal_V6_n": 0.000374355,
  "WLHReal_r0_n": 1.240095208,
  "WLHReal_r1_n": 0.32582077,
  "WLHReal_r2_n": 0.0003594635,
  "WLHReal_r3_n": 5.768e-07,
  "WLHReal_a0_n": 0.7023765029,
  "WLHReal_a1_n": 5.91801e-05,
  "WLHReal_a2_n": -1.7502e-06,
  "WLHReal_a3_n": 0.1975767337,
  "WLHReal_a4_n": 0.5926660034,
  "WLHImagVolume_W0_p": 3.4632852046,
  "WLHImagVolume_W1_p": 0.2201740097,
  "WLHImagVolume_W2_p": 0.0005225515,
  "WLHImagVolume_W3_p": 14.1641643279,
  "WLHImagVolume_W4_p": 0.0575681891,
  "WLHImagVolume_r0_p": 0.5169676128,
  "WLHImagVolume_r1_p": 76.8362180851,
  "WLHImagVolume_r2_p": 0.7158175216,
  "WLHImagVolume_r3_p": 90.1735727221,
  "WLHImagVolume_r4_p": 0.5765809534,
  "WLHImagVolume_r5_p": 9.382e-07,
  "WLHImagVolume_a0_p": 0.4849105108,
  "WLHImagVolume_a1_p": 0.3332441857,
  "WLHImagVolume_a2_p": 19.8512908308,
  "WLHImagVolume_a3_p": 0.3370827335,
  "WLHImagVolume_a4_p": 0.0011408981,
  "WLHImagVolume_W0_n": 1.7419228163,
  "WLHImagVolume_W1_n": 0.1999727417,
  "WLHImagVolume_W2_n": 5.55406e-05,
  "WLHImagVolume_W3_n": 7.3449699185,
  "WLHImagVolume_W4_n": 0.0284239028,
  "WLHImagVolume_r0_n": 0.613851737,
  "WLHImagVolume_r1_n": 50.5754214323,
  "WLHImagVolume_r2_n": 0.6106964684,
  "WLHImagVolume_r3_n": 55.612412819,
  "WLHImagVolume_r4_n": 1.0615508123,
  "WLHImagVolume_r5_n": 3.1179e-06,
  "WLHImagVolume_a0_n": 0.1968535712,
  "WLHImagVolume_a1_n": 0.6231877319,
  "WLHImagVolume_a2_n": 11.0075708155,
  "WLHImagVolume_a3_n": 0.0942983452,
  "WLHImagVolume_a4_n": 0.0013106747,
  "WLHImagSurface_W0_p": 1.0941808636,
  "WLHImagSurface_W1_p": 0.0377839503,
  "WLHImagSurface_W2_p": 0.1585813753,
  "WLHImagSurface_W3_p": 0.1024141168,
  "WLHImagSurface_r0_p": 1.1782432318,
  "WLHImagSurface_r1_p": 0.6895526547,
  "WLHImagSurface_r2_p": 0.0062675237,
  "WLHImagSurface_a0_p": 1.0044304172,
  "WLHImagSurface_W0_n": 1.1150672928,
  "WLHImagSurface_W1_n": 0.0003584909,
  "WLHImagSurface_W2_n": 1.3060370414,
  "WLHImagSurface_W3_n": 0.0256789402,
  "WLHImagSurface_r0_n": 1.2354539173,
  "WLHImagSurface_r1_n": 1.1503775551,
  "WLHImagSurface_r2_n": 0.0041332285,
  "WLHImagSurface_a0_n": 0.8176210897,
  "WLHRealSpinOrbit_V0_p": 9.7322616985,
  "WLHRealSpinOrbit_V1_p": 0.0082584625,
  "WLHRealSpinOrbit_r0_p": 1.2260891924,
  "WLHRealSpinOrbit_r1_p": 0.8145453974,
  "WLHRealSpinOrbit_a0_p": 0.7707509041,
  "WLHRealSpinOrbit_a1_p": 0.0003214033,
  "WLHRealSpinOrbit_V0_n": 10.3148529953,
  "WLHRealSpinOrbit_V1_n": 0.0084498088,
  "WLHRealSpinOrbit_r0_n": 1.2106028885,
  "WLHRealSpinOrbit_r1_n": 0.7514411643,
  "WLHRealSpinOrbit_a0_n": 0.7502068607,
  "WLHRealSpinOrbit_a1_n": 0.000379552
}