{
  "WLHReal_V0_p": 58.4368564771,
  "WLHReal_V1_p": 0.3435271287,
  "WLHReal_V2_p": 0.0002832871,
  "WLHReal_V3_p": 9.258e-07,
  "WLHReal_V4_p": 13.0632392607,
  "WLHReal_V5_p": 0.1241991949,
  "WLHReal_V6_p": 0.0002044896,
  "WLHReal_r0_p": 1.2347500166,
  "WLHReal_r1_p": 0.2190173092,
  "WLHReal_r2_p": 0.0010995837,
  "WLHReal_r3_p": 8.0886e-06,
  "WLHReal_a0_p": 0.7767224742,
  "WLHReal_a1_p": 0.0002372082,
  "WLHReal_a2_p": 5.0016e-06,
  "WLHReal_a3_p": 0.1230833929,
  "WLHReal_a4_p": 0.7274653232,
  "WLHReal_V0_n": 48.0340374857,
  "WLHReal_V1_n": 0.2380588192,
  "WLHReal_V2_n": -0.0006761296,
  "WLHReal_V3_n": 4.0662e-06,
  "WLHReal_V4_n": 21.2435167705,
  "WLHReal_V5_n": 0.2991581439,
  "WLHReal_V6_n": 0.0013337572,
  "WLHReal_r0_n": 1.3481526951,
  "WLHReal_r1_n": 0.3250777605,
  "WLHReal_r2_n": 0.0010605133,
  "WLHReal_r3_n": 1.16138e-05,
  "WLHReal_a0_n": 0.753243501,
  "WLHReal_a1_n": 0.0011763918,
  "WLHReal_a2_n": 1.50519e-05,
  "WLHReal_a3_n": 0.3238898339,
  "WLHReal_a4_n": 0.9417282967,
  "WLHImagVolume_W0_p": 4.5317991499,
  "WLHImagVolume_W1_p": 0.3087704243,
  "WLHImagVolume_W2_p": 0.0005270891,
  "WLHImagVolume_W3_p": 16.4224041354,
  "WLHImagVolume_W4_p": 0.086807837,
  "WLHImagVolume_r0_p": 0.6453786034,
  "WLHImagVolume_r1_p": 49.3765938647,
  "WLHImagVolume_r2_p": 0.5558317814,
  "WLHImagVolume_r3_p": 65.7901756204,
  "WLHImagVolume_r4_p": 0.7824641886,
  "WLHImagVolume_r5_p": 2.2677e-06,
  "WLHImagVolume_a0_p": 0.5533361343,
  "WLHImagVolume_a1_p": 0.2559264814,
  "WLHImagVolume_a2_p": 12.6829455707,
  "WLHImagVolume_a3_p": 0.4332910215,
  "WLHImagVolume_a4_p": 0.0025019823,
  "WLHImagVolume_W0_n": 2.2636009355,
  "WLHImagVolume_W1_n": 0.177983241,
  "WLHImagVolume_W2_n": 0.0003376215,
  "WLHImagVolume_W3_n": 6.9753851977,
  "WLHImagVolume_W4_n": -0.0272531797,
  "WLHImagVolume_r0_n": 0.5480299004,
  "WLHImagVolume_r1_n": 94.1495288731,
  "WLHImagVolume_r2_n": 0.7842776202,
  "WLHImagVolume_r3_n": 96.5171515771,
  "WLHImagVolume_r4_n": 0.8888365974,
  "WLHImagVolume_r5_n": 4.523e-06,
  "WLHImagVolume_a0_n": 0.2530726178,
  "WLHImagVolume_a1_n": 0.5856155742,
  "WLHImagVolume_a2_n": 8.0772798502,
  "WLHImagVolume_a3_n": 0.1049378528,
  "WLHImagVolume_a4_n": 0.0007883715,
  "WLHImagSurface_W0_p": 0.7047556702,
  "WLHImagSurface_W1_p": 0.0070688466,
  "WLHImagSurface_W2_p": -0.3655512547,
  "WLHImagSurface_W3_p": 0.0065679885,
  "WLHImagSurface_r0_p": 0.9931295882,
  "WLHImagSurface_r1_p": 0.7467021127,
  "WLHImagSurface_r2_p": 0.0054786433,
  "WLHImagSurface_a0_p": 0.7785026343,
  "WLHImagSurface_W0_n": 1.0622068843,
  "WLHImagSurface_W1_n": 0.0313352057,
  "WLHImagSurface_W2_n": 1.7806690739,
  "WLHImagSurface_W3_n": 0.1425461316,
  "WLHImagSurface_r0_n": 1.3176180597,
  "WLHImagSurface_r1_n": 1.4593293487,
  "WLHImagSurface_r2_n": 0.0020521803,
  "WLHImagSurface_a0_n": 0.8794920333,
  "WLHRealSpinOrbit_V0_p": 10.42301797,
  "WLHRealSpinOrbit_V1_p": 0.0088821667,
  "WLHRealSpinOrbit_r0_p": 1.2110528305,
  "WLHRealSpinOrbit_r1_p": 0.8089715189,
  "WLHRealSpinOrbit_a0_p": 0.7712286852,
  "WLHRealSpinOrbit_a1_p": 0.0002905518,
  "WLHRealSpinOrbit_V0_n": 9.1505307445,
  "WLHRealSpinOrbit_V1_n": 0.0084265317,
  "WLHRealSpinOrbit_r0_n": 1.3301171678,
  "WLHRealSpinOrbit_r1_n": 0.9230641991,
  "WLHRealSpinOrbit_a0_n": 0.8341718196,
  "WLHRealSpinOrbit_a1_n": 0.000395152
}