{
  "WLHReal_V0_p": 53.7091560297,
  "WLHReal_V1_p": 0.2925955399,
  "WLHReal_V2_p": -0.0006734848,
  "WLHReal_V3_p": 3.6007e-06,
  "WLHReal_V4_p": 11.9843325011,
  "WLHReal_V5_p": 0.1307613997,
  "WLHReal_V6_p": 0.0005306552,
  "WLHReal_r0_p": 1.3170829019,
  "WLHReal_r1_p": 0.2297962658,
  "WLHReal_r2_p": 0.0012058485,
  "WLHReal_r3_p": 1.29644e-05,
  "WLHReal_a0_p": 0.8045000687,
  "WLHReal_a1_p": 0.0001457333,
  "WLHReal_a2_p": 1.00309e-05,
  "WLHReal_a3_p": 0.0104099285,
  "WLHReal_a4_p": 0.6190403162,
  "WLHReal_V0_n": 52.7571652631,
  "WLHReal_V1_n": 0.2907607326,
  "WLHReal_V2_n": 0.0003969621,
  "WLHReal_V3_n": 1.798e-07,
  "WLHReal_V4_n": 22.0782807752,
  "WLHReal_V5_n": 0.2273551581,
  "WLHReal_V6_n": 0.000509714,
  "WLHReal_r0_n": 1.2322986903,
  "WLHReal_r1_n": 0.2094608016,
  "WLHReal_r2_n": 0.0006248017,
  "WLHReal_r3_n": 4.719e-06,
  "WLHReal_a0_n": 0.7084246196,
  "WLHReal_a1_n": 0.0005284372,
  "WLHReal_a2_n": 4.9074e-06,
  "WLHReal_a3_n": 0.2948040055,
  "WLHReal_a4_n": 0.8239024534,
  "WLHImagVolume_W0_p": 5.8204415314,
  "WLHImagVolume_W1_p": 0.2691468138,
  "WLHImagVolume_W2_p": 0.0002846438,
  "WLHImagVolume_W3_p": 11.9897320467,
  "WLHImagVolume_W4_p": 0.0966975257,
  "WLHImagVolume_r0_p": 0.87634533,
  "WLHImagVolume_r1_p": 22.6693684064,
  "WLHImagVolume_r2_p": 0.4102145662,
  "WLHImagVolume_r3_p": 44.4280907945,
  "WLHImagVolume_r4_p": 0.8523327121,
  "WLHImagVolume_r5_p": 2.3284e-06,
  "WLHImagVolume_a0_p": 0.6378721664,
  "WLHImagVolume_a1_p": 0.2078656635,
  "WLHImagVolume_a2_p": 9.5497521871,
  "WLHImagVolume_a3_p": 0.4999324298,
  "WLHImagVolume_a4_p": 0.0037071331,
  "WLHImagVolume_W0_n": 1.7905161045,
  "WLHImagVolume_W1_n": 0.153939885,
  "WLHImagVolume_W2_n": 0.0001625307,
  "WLHImagVolume_W3_n": 6.86016694,
  "WLHImagVolume_W4_n": 0.0110940004,
  "WLHImagVolume_r0_n": 0.5489476231,
  "WLHImagVolume_r1_n": 80.895782892,
  "WLHImagVolume_r2_n": 0.6794738653,
  "WLHImagVolume_r3_n": 74.1103963627,
  "WLHImagVolume_r4_n": 0.8378741243,
  "WLHImagVolume_r5_n": 1.7247e-06,
  "WLHImagVolume_a0_n": 0.1597890151,
  "WLHImagVolume_a1_n": 0.6264501689,
  "WLHImagVolume_a2_n": 10.3764196756,
  "WLHImagVolume_a3_n": 0.0634848833,
  "WLHImagVolume_a4_n": 0.0003694483,
  "WLHImagSurface_W0_p": 0.2678808033,
  "WLHImagSurface_W1_p": -0.0209691515,
  "WLHImagSurface_W2_p": -0.8883905607,
  "WLHImagSurface_W3_p": -0.086664216,
  "WLHImagSurface_r0_p": 0.7208661933,
  "WLHImagSurface_r1_p": 0.060330783,
  "WLHImagSurface_r2_p": 1.50447e-05,
  "WLHImagSurface_a0_p": 0.6540974825,
  "WLHImagSurface_W0_n": 1.3766567506,
  "WLHImagSurface_W1_n": 0.0143622944,
  "WLHImagSurface_W2_n": 1.4154637476,
  "WLHImagSurface_W3_n": 0.0548063202,
  "WLHImagSurface_r0_n": 1.2829982967,
  "WLHImagSurface_r1_n": 1.2460184639,
  "WLHImagSurface_r2_n": 0.0040348595,
  "WLHImagSurface_a0_n": 0.8261467353,
  "WLHRealSpinOrbit_V0_p": 9.9382575287,
  "WLHRealSpinOrbit_V1_p": 0.0092753009,
  "WLHRealSpinOrbit_r0_p": 1.3075298184,
  "WLHRealSpinOrbit_r1_p": 0.9417374328,
  "WLHRealSpinOrbit_a0_p": 0.8418443109,
  "WLHRealSpinOrbit_a1_p": 0.0003105388,
  "WLHRealSpinOrbit_V0_n": 9.9471599562,
  "WLHRealSpinOrbit_V1_n": 0.0082764772,
  "WLHRealSpinOrbit_r0_n": 1.2205395874,
  "WLHRealSpinOrbit_r1_n": 0.7816703664,
  "WLHRealSpinOrbit_a0_n": 0.7603355029,
  "WLHRealSpinOrbit_a1_n": 0.000360547
}