{
  "WLHReal_V0_p": 58.1884092955,
  "WLHReal_V1_p": 0.3259406231,
  "WLHReal_V2_p": 0.00109257,
  "WLHReal_V3_p": -1.6014e-06,
  "WLHReal_V4_p": 15.7078193277,
  "WLHReal_V5_p": 0.133370032,
  "WLHReal_V6_p": -6.30325e-05,
  "WLHReal_r0_p": 1.2062921972,
  "WLHReal_r1_p": 0.3193377855,
  "WLHReal_r2_p": 0.0003711536,
  "WLHReal_r3_p": -2.424e-06,
  "WLHReal_a0_p": 0.7315658237,
  "WLHReal_a1_p": 0.0002397685,
  "WLHReal_a2_p": -3.1261e-06,
  "WLHReal_a3_p": 0.1552309056,
  "WLHReal_a4_p": 0.573543971,
  "WLHReal_V0_n": 53.9654857516,
  "WLHReal_V1_n": 0.275323703,
  "WLHReal_V2_n": -0.0001502634,
  "WLHReal_V3_n": 1.4043e-06,
  "WLHReal_V4_n": 21.9626849573,
  "WLHReal_V5_n": 0.273411757,
  "WLHReal_V6_n": 0.0010006198,
  "WLHReal_r0_n": 1.2613947262,
  "WLHReal_r1_n": 0.2608539341,
  "WLHReal_r2_n": 0.0008734906,
  "WLHReal_r3_n": 8.7043e-06,
  "WLHReal_a0_n": 0.7359405232,
  "WLHReal_a1_n": 0.0007094098,
  "WLHReal_a2_n": 8.7133e-06,
  "WLHReal_a3_n": 0.3059223636,
  "WLHReal_a4_n": 0.9070865084,
  "WLHImagVolume_W0_p": 2.1607491228,
  "WLHImagVolume_W1_p": 0.2226419738,
  "WLHImagVolume_W2_p": 0.0003904906,
  "WLHImagVolume_W3_p": 14.3369819267,
  "WLHImagVolume_W4_p": 0.0554295383,
  "WLHImagVolume_r0_p": 0.4283828445,
  "WLHImagVolume_r1_p": 63.7504392598,
  "WLHImagVolume_r2_p": 0.7218386554,
  "WLHImagVolume_r3_p": 67.7047037585,
  "WLHImagVolume_r4_p": 0.5776432309,
  "WLHImagVolume_r5_p": 1.6139e-06,
  "WLHImagVolume_a0_p": 0.4566470872,
  "WLHImagVolume_a1_p": 0.3124726673,
  "WLHImagVolume_a2_p": 16.3982454917,
  "WLHImagVolume_a3_p": 0.3353857935,
  "WLHImagVolume_a4_p": 0.0009372829,
  "WLHImagVolume_W0_n": 3.0068702034,
  "WLHImagVolume_W1_n": 0.2374786822,
  "WLHImagVolume_W2_n": 0.00026629,
  "WLHImagVolume_W3_n": 9.3629956893,
  "WLHImagVolume_W4_n": 0.0234720615,
  "WLHImagVolume_r0_n": 0.6607332681,
  "WLHImagVolume_r1_n": 56.1340508072,
  "WLHImagVolume_r2_n": 0.5947962271,
  "WLHImagVolume_r3_n": 70.8902873812,
  "WLHImagVolume_r4_n": 1.0572877896,
  "WLHImagVolume_r5_n": 3.9158e-06,
  "WLHImagVolume_a0_n": 0.2442317827,
  "WLHImagVolume_a1_n": 0.5683381548,
  "WLHImagVolume_a2_n": 7.1957699607,
  "WLHImagVolume_a3_n": 0.046448158,
  "WLHImagVolume_a4_n": 0.0007009618,
  "WLHImagSurface_W0_p": 1.5515748532,
  "WLHImagSurface_W1_p": 0.0817483312,
  "WLHImagSurface_W2_p": 2.3244611675,
  "WLHImagSurface_W3_p": 0.2886510538,
  "WLHImagSurface_r0_p": 1.2524149418,
  "WLHImagSurface_r1_p": 1.2474965094,
  "WLHImagSurface_r2_p": 0.0117214791,
  "WLHImagSurface_a0_p": 0.8302805824,
  "WLHImagSurface_W0_n": 1.3773464126,
  "WLHImagSurface_W1_n": 0.0235275916,
  "WLHImagSurface_W2_n": 1.3772907779,
  "WLHImagSurface_W3_n": 0.0825379568,
  "WLHImagSurface_r0_n": 1.2439122457,
  "WLHImagSurface_r1_n": 1.3409800181,
  "WLHImagSurface_r2_n": 0.003218325,
  "WLHImagSurface_a0_n": 0.8411516104,
  "WLHRealSpinOrbit_V0_p": 10.2349016452,
  "WLHRealSpinOrbit_V1_p": 0.0079302315,
  "WLHRealSpinOrbit_r0_p": 1.1597489156,
  "WLHRealSpinOrbit_r1_p": 0.6842482522,
  "WLHRealSpinOrbit_a0_p": 0.7101729759,
  "WLHRealSpinOrbit_a1_p": 0.0003642065,
  "WLHRealSpinOrbit_V0_n": 10.2139582199,
  "WLHRealSpinOrbit_V1_n": 0.0089094413,
  "WLHRealSpinOrbit_r0_n": 1.2513439085,
  "WLHRealSpinOrbit_r1_n": 0.8412260477,
  "WLHRealSpinOrbit_a0_n": 0.7929430347,
  "WLHRealSpinOrbit_a1_n": 0.0003365522
}