{
  "WLHReal_V0_p": 50.5302169317,
  "WLHReal_V1_p": 0.2421740216,
  "WLHReal_V2_p": -0.0005791615,
  "WLHReal_V3_p": 2.503e-06,
  "WLHReal_V4_p": 13.9729559267,
  "WLHReal_V5_p": 0.1237652789,
  "WLHReal_V6_p": 0.0004724835,
  "WLHReal_r0_p": 1.3111103582,
  "WLHReal_r1_p": 0.222052504,
  "WLHReal_r2_p": 0.0008404089,
  "WLHReal_r3_p": 9.547e-06,
  "WLHReal_a0_p": 0.7773784627,
  "WLHReal_a1_p": 3.19206e-05,
  "WLHReal_a2_p": 8.7722e-06,
  "WLHReal_a3_p": -0.0361036384,
  "WLHReal_a4_p": 0.4576669869,
  "WLHReal_V0_n": 52.9111981056,
  "WLHReal_V1_n": 0.2352100246,
  "WLHReal_V2_n": -0.0004825746,
  "WLHReal_V3_n": 1.6129e-06,
  "WLHReal_V4_n": 22.805691383,
  "WLHReal_V5_n": 0.2879305797,
  "WLHReal_V6_n": 0.0012676345,
  "WLHReal_r0_n": 1.2656722339,
  "WLHReal_r1_n": 0.2327202116,
  "WLHReal_r2_n": 0.0010465821,
  "WLHReal_r3_n": 1.21729e-05,
  "WLHReal_a0_n": 0.7483671882,
  "WLHReal_a1_n": 0.000874714,
  "WLHReal_a2_n": 1.3607e-05,
  "WLHReal_a3_n": 0.3653435084,
  "WLHReal_a4_n": 1.0158411502,
  "WLHImagVolume_W0_p": 4.4895261755,
  "WLHImagVolume_W1_p": 0.1538240425,
  "WLHImagVolume_W2_p": -0.0001151405,
  "WLHImagVolume_W3_p": 7.6948988642,
  "WLHImagVolume_W4_p": 0.0690335584,
  "WLHImagVolume_r0_p": 0.9649826771,
  "WLHImagVolume_r1_p": 7.5783954028,
  "WLHImagVolume_r2_p": 0.3136248505,
  "WLHImagVolume_r3_p": 28.962057672,
  "WLHImagVolume_r4_p": 0.8677445717,
  "WLHImagVolume_r5_p": 1.9809e-06,
  "WLHImagVolume_a0_p": 0.6110992566,
  "WLHImagVolume_a1_p": 0.2037075006,
  "WLHImagVolume_a2_p": 9.0516168103,
  "WLHImagVolume_a3_p": 0.4632986153,
  "WLHImagVolume_a4_p": 0.0031882568,
  "WLHImagVolume_W0_n": 3.2581517135,
  "WLHImagVolume_W1_n": 0.2176241372,
  "WLHImagVolume_W2_n": 1.7572e-05,
  "WLHImagVolume_W3_n": 9.9431444051,
  "WLHImagVolume_W4_n": -0.002953129,
  "WLHImagVolume_r0_n": 0.7849775846,
  "WLHImagVolume_r1_n": 33.6405901981,
  "WLHImagVolume_r2_n": 0.4728765302,
  "WLHImagVolume_r3_n": 61.2904647568,
  "WLHImagVolume_r4_n": 1.2472787161,
  "WLHImagVolume_r5_n": 5.5961e-06,
  "WLHImagVolume_a0_n": 0.2873650987,
  "WLHImagVolume_a1_n": 0.5308410748,
  "WLHImagVolume_a2_n": 7.0688097522,
  "WLHImagVolume_a3_n": 0.0615797099,
  "WLHImagVolume_a4_n": 0.0010140275,
  "WLHImagSurface_W0_p": 0.4689739596,
  "WLHImagSurface_W1_p": -0.0063460675,
  "WLHImagSurface_W2_p": 0.0613293079,
  "WLHImagSurface_W3_p": -0.0350847365,
  "WLHImagSurface_r0_p": 0.7272819075,
  "WLHImagSurface_r1_p": -0.0686855062,
  "WLHImagSurface_r2_p": 0.0016615063,
  "WLHImagSurface_a0_p": 0.6209804833,
  "WLHImagSurface_W0_n": 0.8129778097,
  "WLHImagSurface_W1_n": 0.0078660225,
  "WLHImagSurface_W2_n": 0.1117258518,
  "WLHImagSurface_W3_n": 0.0383729179,
  "WLHImagSurface_r0_n": 1.2055255604,
  "WLHImagSurface_r1_n": 1.241411742,
  "WLHImagSurface_r2_n": 0.0024254233,
  "WLHImagSurface_a0_n": 0.8545334504,
  "WLHRealSpinOrbit_V0_p": 9.8739276964,
  "WLHRealSpinOrbit_V1_p": 0.0090492707,
  "WLHRealSpinOrbit_r0_p": 1.3102074368,
  "WLHRealSpinOrbit_r1_p": 0.9120191164,
  "WLHRealSpinOrbit_a0_p": 0.8322802563,
  "WLHRealSpinOrbit_a1_p": 0.0003661835,
  "WLHRealSpinOrbit_V0_n": 10.5966923262,
  "WLHRealSpinOrbit_V1_n": 0.0094223516,
  "WLHRealSpinOrbit_r0_n": 1.2653809344,
  "WLHRealSpinOrbit_r1_n": 0.8625578447,
  "WLHRealSpinOrbit_a0_n": 0.8091894395,
  "WLHRealSpinOrbit_a1_n": 0.0003376079
}