{
  "WLHReal_V0_p": 48.6094458621,
  "WLHReal_V1_p": 0.2425903662,
  "WLHReal_V2_p": -0.0005219677,
  "WLHReal_V3_p": 2.5617e-06,
  "WLHReal_V4_p": 13.8157495184,
  "WLHReal_V5_p": 0.1067687748,
  "WLHReal_V6_p": 0.0004024182,
  "WLHReal_r0_p": 1.3101423475,
  "WLHReal_r1_p": 0.1804279436,
  "WLHReal_r2_p": 0.0008295624,
  "WLHReal_r3_p": 9.7468e-06,
  "WLHReal_a0_p": 0.7688605343,
  "WLHReal_a1_p": -0.0001119274,
  "WLHReal_a2_p": 9.2067e-06,
  "WLHReal_a3_p": -0.0467411675,
  "WLHReal_a4_p": 0.4395001174,
  "WLHReal_V0_n": 52.4512329474,
  "WLHReal_V1_n": 0.267852495,
  "WLHReal_V2_n": -0.0003183793,
  "WLHReal_V3_n": 2.1534e-06,
  "WLHReal_V4_n": 21.8811503255,
  "WLHReal_V5_n": 0.2799771366,
  "WLHReal_V6_n": 0.0011463746,
  "WLHReal_r0_n": 1.2735463259,
  "WLHReal_r1_n": 0.239471427,
  "WLHReal_r2_n": 0.0010016835,
  "WLHReal_r3_n": 1.07766e-05,
  "WLHReal_a0_n": 0.7430372092,
  "WLHReal_a1_n": 0.0009190507,
  "WLHReal_a2_n": 1.25544e-05,
  "WLHReal_a3_n": 0.3427224628,
  "WLHReal_a4_n": 0.9883662915,
  "WLHImagVolume_W0_p": 3.9024404346,
  "WLHImagVolume_W1_p": 0.1026613225,
  "WLHImagVolume_W2_p": -0.0001548963,
  "WLHImagVolume_W3_p": 6.4758317705,
  "WLHImagVolume_W4_p": 0.0522463913,
  "WLHImagVolume_r0_p": 0.9295006304,
  "WLHImagVolume_r1_p": 18.7838957499,
  "WLHImagVolume_r2_p": 0.3617772467,
  "WLHImagVolume_r3_p": 40.0161303857,
  "WLHImagVolume_r4_p": 0.7938699218,
  "WLHImagVolume_r5_p": 1.6957e-06,
  "WLHImagVolume_a0_p": 0.5769739585,
  "WLHImagVolume_a1_p": 0.2378816133,
  "WLHImagVolume_a2_p": 12.2972639259,
  "WLHImagVolume_a3_p": 0.4152824926,
  "WLHImagVolume_a4_p": 0.0025084863,
  "WLHImagVolume_W0_n": 2.9980305885,
  "WLHImagVolume_W1_n": 0.2170163195,
  "WLHImagVolume_W2_n": 0.0002518865,
  "WLHImagVolume_W3_n": 9.1056987751,
  "WLHImagVolume_W4_n": 0.0073742161,
  "WLHImagVolume_r0_n": 0.6588144751,
  "WLHImagVolume_r1_n": 63.0013712346,
  "WLHImagVolume_r2_n": 0.6096227961,
  "WLHImagVolume_r3_n": 76.5945206149,
  "WLHImagVolume_r4_n": 1.0283408983,
  "WLHImagVolume_r5_n": 3.7641e-06,
  "WLHImagVolume_a0_n": 0.2483235374,
  "WLHImagVolume_a1_n": 0.5622265046,
  "WLHImagVolume_a2_n": 7.0647346693,
  "WLHImagVolume_a3_n": 0.050406108,
  "WLHImagVolume_a4_n": 0.0005756143,
  "WLHImagSurface_W0_p": 0.6183617067,
  "WLHImagSurface_W1_p": 0.0030525648,
  "WLHImagSurface_W2_p": 0.1428877154,
  "WLHImagSurface_W3_p": -0.0120899717,
  "WLHImagSurface_r0_p": 0.810387678,
  "WLHImagSurface_r1_p": -0.1299784729,
  "WLHImagSurface_r2_p": 0.0020156657,
  "WLHImagSurface_a0_p": 0.7335454708,
  "WLHImagSurface_W0_n": 1.2761173433,
  "WLHImagSurface_W1_n": 0.0248145708,
  "WLHImagSurface_W2_n": 1.1985850517,
  "WLHImagSurface_W3_n": 0.0892483316,
  "WLHImagSurface_r0_n": 1.2560218038,
  "WLHImagSurface_r1_n": 1.3613376165,
  "WLHImagSurface_r2_n": 0.0028472434,
  "WLHImagSurface_a0_n": 0.8516162175,
  "WLHRealSpinOrbit_V0_p": 9.6007186747,
  "WLHRealSpinOrbit_V1_p": 0.008798836,
  "WLHRealSpinOrbit_r0_p": 1.3156437108,
  "WLHRealSpinOrbit_r1_p": 0.9136005397,
  "WLHRealSpinOrbit_a0_p": 0.8318848971,
  "WLHRealSpinOrbit_a1_p": 0.0003794005,
  "WLHRealSpinOrbit_V0_n": 10.0673923628,
  "WLHRealSpinOrbit_V1_n": 0.0089254611,
  "WLHRealSpinOrbit_r0_n": 1.2683913066,
  "WLHRealSpinOrbit_r1_n": 0.8655414564,
  "WLHRealSpinOrbit_a0_n": 0.8052462937,
  "WLHRealSpinOrbit_a1_n": 0.0003404717
}