{
  "WLHReal_V0_p": 49.6263076278,
  "WLHReal_V1_p": 0.2760207272,
  "WLHReal_V2_p": -0.0003805485,
  "WLHReal_V3_p": 3.1301e-06,
  "WLHReal_V4_p": 12.7767203884,
  "WLHReal_V5_p": 0.1068125595,
  "WLHReal_V6_p": 0.0003464183,
  "WLHReal_r0_p": 1.3143254691,
  "WLHReal_r1_p": 0.2014130183,
  "WLHReal_r2_p": 0.000888908,
  "WLHReal_r3_p": 9.6072e-06,
  "WLHReal_a0_p": 0.7743906623,
  "WLHReal_a1_p": -0.0001091665,
  "WLHReal_a2_p": 9.5829e-06,
  "WLHReal_a3_p": -0.0123802822,
  "WLHReal_a4_p": 0.5031386984,
  "WLHReal_V0_n": 55.4422923549,
  "WLHReal_V1_n": 0.2761395501,
  "WLHReal_V2_n": 0.0004387042,
  "WLHReal_V3_n": -3.479e-07,
  "WLHReal_V4_n": 22.4512514091,
  "WLHReal_V5_n": 0.2362616234,
  "WLHReal_V6_n": 0.0004147798,
  "WLHReal_r0_n": 1.2377033299,
  "WLHReal_r1_n": 0.3167422628,
  "WLHReal_r2_n": 0.0004066348,
  "WLHReal_r3_n": 4.511e-07,
  "WLHReal_a0_n": 0.7049974819,
  "WLHReal_a1_n": 0.0001129384,
  "WLHReal_a2_n": -1.3276e-06,
  "WLHReal_a3_n": 0.2029293594,
  "WLHReal_a4_n": 0.6248700041,
  "WLHImagVolume_W0_p": 3.9971179927,
  "WLHImagVolume_W1_p": 0.1379465474,
  "WLHImagVolume_W2_p": 0.0001041769,
  "WLHImagVolume_W3_p": 8.2887624273,
  "WLHImagVolume_W4_p": 0.0561298376,
  "WLHImagVolume_r0_p": 0.7703511252,
  "WLHImagVolume_r1_p": 41.9869067418,
  "WLHImagVolume_r2_p": 0.5272187726,
  "WLHImagVolume_r3_p": 59.3090216013,
  "WLHImagVolume_r4_p": 0.662238579,
  "WLHImagVolume_r5_p": 1.0069e-06,
  "WLHImagVolume_a0_p": 0.5530985287,
  "WLHImagVolume_a1_p": 0.2792540933,
  "WLHImagVolume_a2_p": 15.859606783,
  "WLHImagVolume_a3_p": 0.3889567135,
  "WLHImagVolume_a4_p": 0.0020990301,
  "WLHImagVolume_W0_n": 1.9869189015,
  "WLHImagVolume_W1_n": 0.2167759822,
  "WLHImagVolume_W2_n": 0.0001485056,
  "WLHImagVolume_W3_n": 7.783216938,
  "WLHImagVolume_W4_n": 0.0371947258,
  "WLHImagVolume_r0_n": 0.6030482498,
  "WLHImagVolume_r1_n": 53.8951055596,
  "WLHImagVolume_r2_n": 0.6219947331,
  "WLHImagVolume_r3_n": 58.9095246406,
  "WLHImagVolume_r4_n": 1.0313927775,
  "WLHImagVolume_r5_n": 2.7195e-06,
  "WLHImagVolume_a0_n": 0.1963647797,
  "WLHImagVolume_a1_n": 0.6196355971,
  "WLHImagVolume_a2_n": 10.2216561712,
  "WLHImagVolume_a3_n": 0.0777394967,
  "WLHImagVolume_a4_n": 0.0011242798,
  "WLHImagSurface_W0_p": 0.8015219798,
  "WLHImagSurface_W1_p": 0.020990301,
  "WLHImagSurface_W2_p": 0.2982127115,
  "WLHImagSurface_W3_p": 0.0526918974,
  "WLHImagSurface_r0_p": 0.9235001705,
  "WLHImagSurface_r1_p": 0.0578284491,
  "WLHImagSurface_r2_p": 0.0024601036,
  "WLHImagSurface_a0_p": 0.8398091601,
  "WLHImagSurface_W0_n": 1.3154304973,
  "WLHImagSurface_W1_n": 0.0079022475,
  "WLHImagSurface_W2_n": 1.5844799653,
  "WLHImagSurface_W3_n": 0.0428674594,
  "WLHImagSurface_r0_n": 1.2403855084,
  "WLHImagSurface_r1_n": 1.2023463206,
  "WLHImagSurface_r2_n": 0.0042128365,
  "WLHImagSurface_a0_n": 0.8165607033,
  "WLHRealSpinOrbit_V0_p": 9.3529486071,
  "WLHRealSpinOrbit_V1_p": 0.0085282599,
  "WLHRealSpinOrbit_r0_p": 1.3088481552,
  "WLHRealSpinOrbit_r1_p": 0.9102538584,
  "WLHRealSpinOrbit_a0_p": 0.8256258645,
  "WLHRealSpinOrbit_a1_p": 0.0003669723,
  "WLHRealSpinOrbit_V0_n": 10.2827103766,
  "WLHRealSpinOrbit_V1_n": 0.0084583822,
  "WLHRealSpinOrbit_r0_n": 1.2101245406,
  "WLHRealSpinOrbit_r1_n": 0.7586172558,
  "WLHRealSpinOrbit_a0_n": 0.7521261412,
  "WLHRealSpinOrbit_a1_n": 0.0003670623
}