{
  "WLHReal_V0_p": 53.1629931325,
  "WLHReal_V1_p": 0.3121500104,
  "WLHReal_V2_p": 0.0004303262,
  "WLHReal_V3_p": 3.587e-07,
  "WLHReal_V4_p": 13.872424745,
  "WLHReal_V5_p": 0.1049724666,
  "WLHReal_V6_p": 7.50364e-05,
  "WLHReal_r0_p": 1.2522553787,
  "WLHReal_r1_p": 0.2148069512,
  "WLHReal_r2_p": 0.0007065714,
  "WLHReal_r3_p": 4.2416e-06,
  "WLHReal_a0_p": 0.7488610394,
  "WLHReal_a1_p": -3.24553e-05,
  "WLHReal_a2_p": 3.4297e-06,
  "WLHReal_a3_p": 0.0760660213,
  "WLHReal_a4_p": 0.562498038,
  "WLHReal_V0_n": 50.6237330617,
  "WLHReal_V1_n": 0.2836897789,
  "WLHReal_V2_n": -4.62758e-05,
  "WLHReal_V3_n": 1.7883e-06,
  "WLHReal_V4_n": 21.4442417823,
  "WLHReal_V5_n": 0.2562612201,
  "WLHReal_V6_n": 0.0008928414,
  "WLHReal_r0_n": 1.2750059881,
  "WLHReal_r1_n": 0.2228499689,
  "WLHReal_r2_n": 0.000885973,
  "WLHReal_r3_n": 8.28e-06,
  "WLHReal_a0_n": 0.729131895,
  "WLHReal_a1_n": 0.0009252455,
  "WLHReal_a2_n": 1.04637e-05,
  "WLHReal_a3_n": 0.3325202732,
  "WLHReal_a4_n": 0.9430562959,
  "WLHImagVolume_W0_p": 2.7695900752,
  "WLHImagVolume_W1_p": 0.1595186814,
  "WLHImagVolume_W2_p": 0.0002798514,
  "WLHImagVolume_W3_p": 11.3448358671,
  "WLHImagVolume_W4_p": 0.0458824451,
  "WLHImagVolume_r0_p": 0.5616823395,
  "WLHImagVolume_r1_p": 64.3026569142,
  "WLHImagVolume_r2_p": 0.6672568788,
  "WLHImagVolume_r3_p": 75.5497177562,
  "WLHImagVolume_r4_p": 0.5745644924,
  "WLHImagVolume_r5_p": 1.0402e-06,
  "WLHImagVolume_a0_p": 0.4787793927,
  "WLHImagVolume_a1_p": 0.323113442,
  "WLHImagVolume_a2_p": 18.7219151506,
  "WLHImagVolume_a3_p": 0.3279298594,
  "WLHImagVolume_a4_p": 0.0010189141,
  "WLHImagVolume_W0_n": 2.1261784277,
  "WLHImagVolume_W1_n": 0.1617220056,
  "WLHImagVolume_W2_n": 0.0003037602,
  "WLHImagVolume_W3_n": 7.0412212165,
  "WLHImagVolume_W4_n": -0.0036111342,
  "WLHImagVolume_r0_n": 0.529294726,
  "WLHImagVolume_r1_n": 94.6691353652,
  "WLHImagVolume_r2_n": 0.7413622318,
  "WLHImagVolume_r3_n": 88.9217547968,
  "WLHImagVolume_r4_n": 0.7922342328,
  "WLHImagVolume_r5_n": 1.9343e-06,
  "WLHImagVolume_a0_n": 0.1883640064,
  "WLHImagVolume_a1_n": 0.6086319163,
  "WLHImagVolume_a2_n": 8.8899453185,
  "WLHImagVolume_a3_n": 0.0638585914,
  "WLHImagVolume_a4_n": 0.000219226,
  "WLHImagSurface_W0_p": 1.2478732935,
  "WLHImagSurface_W1_p": 0.053417752,
  "WLHImagSurface_W2_p": 1.0985991108,
  "WLHImagSurface_W3_p": 0.1669568558,
  "WLHImagSurface_r0_p": 1.1600310871,
  "WLHImagSurface_r1_p": 0.6424774593,
  "WLHImagSurface_r2_p": 0.0073086966,
  "WLHImagSurface_a0_p": 0.9364550935,
  "WLHImagSurface_W0_n": 1.4152444325,
  "WLHImagSurface_W1_n": 0.0282328344,
  "WLHImagSurface_W2_n": 1.7207569874,
  "WLHImagSurface_W3_n": 0.1050354851,
  "WLHImagSurface_r0_n": 1.3098706675,
  "WLHImagSurface_r1_n": 1.3795621369,
  "WLHImagSurface_r2_n": 0.0032620007,
  "WLHImagSurface_a0_n": 0.8487896333,
  "WLHRealSpinOrbit_V0_p": 9.6640223079,
  "WLHRealSpinOrbit_V1_p": 0.0080962186,
  "WLHRealSpinOrbit_r0_p": 1.2317062751,
  "WLHRealSpinOrbit_r1_p": 0.7965698836,
  "WLHRealSpinOrbit_a0_p": 0.7656831198,
  "WLHRealSpinOrbit_a1_p": 0.0003629463,
  "WLHRealSpinOrbit_V0_n": 9.5348440359,
  "WLHRealSpinOrbit_V1_n": 0.0083072825,
  "WLHRealSpinOrbit_r0_n": 1.2660493338,
  "WLHRealSpinOrbit_r1_n": 0.8487358569,
  "WLHRealSpinOrbit_a0_n": 0.7931133716,
  "WLHRealSpinOrbit_a1_n": 0.0003629997
}