{
  "WLHReal_V0_p": 54.2753876434,
  "WLHReal_V1_p": 0.2642922793,
  "WLHReal_V2_p": -3.0944e-06,
  "WLHReal_V3_p": 7.935e-07,
  "WLHReal_V4_p": 14.9869592373,
  "WLHReal_V5_p": 0.1425426257,
  "WLHReal_V6_p": 0.000332497,
  "WLHReal_r0_p": 1.2785171363,
  "WLHReal_r1_p": 0.3051679246,
  "WLHReal_r2_p": 0.0005854903,
  "WLHReal_r3_p": 4.6867e-06,
  "WLHReal_a0_p": 0.763980959,
  "WLHReal_a1_p": 0.0002106305,
  "WLHReal_a2_p": 3.5068e-06,
  "WLHReal_a3_p": 0.0341793359,
  "WLHReal_a4_p": 0.4806116515,
  "WLHReal_V0_n": 51.2204277582,
  "WLHReal_V1_n": 0.2809714492,
  "WLHReal_V2_n": -0.0005313807,
  "WLHReal_V3_n": 4.6064e-06,
  "WLHReal_V4_n": 20.1761648648,
  "WLHReal_V5_n": 0.3091101055,
  "WLHReal_V6_n": 0.001238076,
  "WLHReal_r0_n": 1.3564912397,
  "WLHReal_r1_n": 0.4165802707,
  "WLHReal_r2_n": 0.0009211075,
  "WLHReal_r3_n": 8.3673e-06,
  "WLHReal_a0_n": 0.7519527126,
  "WLHReal_a1_n": 0.000938148,
  "WLHReal_a2_n": 1.1395e-05,
  "WLHReal_a3_n": 0.2281971573,
  "WLHReal_a4_n": 0.7985260109,
  "WLHImagVolume_W0_p": 3.9059950599,
  "WLHImagVolume_W1_p": 0.202431785,
  "WLHImagVolume_W2_p": 5.45328e-05,
  "WLHImagVolume_W3_p": 10.2921356609,
  "WLHImagVolume_W4_p": 0.0738534842,
  "WLHImagVolume_r0_p": 0.7923106196,
  "WLHImagVolume_r1_p": 18.3281805646,
  "WLHImagVolume_r2_p": 0.4316113673,
  "WLHImagVolume_r3_p": 32.3254075197,
  "WLHImagVolume_r4_p": 0.7991872244,
  "WLHImagVolume_r5_p": 2.0544e-06,
  "WLHImagVolume_a0_p": 0.5771475059,
  "WLHImagVolume_a1_p": 0.2191961459,
  "WLHImagVolume_a2_p": 9.3591296194,
  "WLHImagVolume_a3_p": 0.4477960183,
  "WLHImagVolume_a4_p": 0.0028119309,
  "WLHImagVolume_W0_n": 2.7841284601,
  "WLHImagVolume_W1_n": 0.2757661008,
  "WLHImagVolume_W2_n": 0.0007271581,
  "WLHImagVolume_W3_n": 8.1400322182,
  "WLHImagVolume_W4_n": 0.0253504122,
  "WLHImagVolume_r0_n": 0.4717772716,
  "WLHImagVolume_r1_n": 99.8946787053,
  "WLHImagVolume_r2_n": 0.8687705083,
  "WLHImagVolume_r3_n": 102.1080357945,
  "WLHImagVolume_r4_n": 0.8288633958,
  "WLHImagVolume_r5_n": 4.0537e-06,
  "WLHImagVolume_a0_n": 0.2564568373,
  "WLHImagVolume_a1_n": 0.5966613356,
  "WLHImagVolume_a2_n": 6.1587692982,
  "WLHImagVolume_a3_n": 0.0736862025,
  "WLHImagVolume_a4_n": 0.000751328,
  "WLHImagSurface_W0_p": 0.8175175117,
  "WLHImagSurface_W1_p": 0.0257747805,
  "WLHImagSurface_W2_p": 1.1421189851,
  "WLHImagSurface_W3_p": 0.0941110071,
  "WLHImagSurface_r0_p": 0.8602204289,
  "WLHImagSurface_r1_p": 0.4544104923,
  "WLHImagSurface_r2_p": 0.0053349654,
  "WLHImagSurface_a0_p": 0.6026557083,
  "WLHImagSurface_W0_n": 1.8239547699,
  "WLHImagSurface_W1_n": 0.0560314049,
  "WLHImagSurface_W2_n": 3.4669491663,
  "WLHImagSurface_W3_n": 0.2124719781,
  "WLHImagSurface_r0_n": 1.3296830556,
  "WLHImagSurface_r1_n": 1.634396908,
  "WLHImagSurface_r2_n": 0.002717483,
  "WLHImagSurface_a0_n": 0.8662703943,
  "WLHRealSpinOrbit_V0_p": 10.1417093683,
  "WLHRealSpinOrbit_V1_p": 0.0087469046,
  "WLHRealSpinOrbit_r0_p": 1.2543430607,
  "WLHRealSpinOrbit_r1_p": 0.8245989412,
  "WLHRealSpinOrbit_a0_p": 0.7871596315,
  "WLHRealSpinOrbit_a1_p": 0.000368205,
  "WLHRealSpinOrbit_V0_n": 8.9525333654,
  "WLHRealSpinOrbit_V1_n": 0.0082099193,
  "WLHRealSpinOrbit_r0_n": 1.323181542,
  "WLHRealSpinOrbit_r1_n": 0.9211871614,
  "WLHRealSpinOrbit_a0_n": 0.8283055237,
  "WLHRealSpinOrbit_a1_n": 0.0003764348
}