{
  "WLHReal_V0_p": 48.7394242148,
  "WLHReal_V1_p": 0.289674087,
  "WLHReal_V2_p": -0.0008071466,
  "WLHReal_V3_p": 4.8564e-06,
  "WLHReal_V4_p": 10.5266008631,
  "WLHReal_V5_p": 0.1340342059,
  "WLHReal_V6_p": 0.000532644,
  "WLHReal_r0_p": 1.39946614,
  "WLHReal_r1_p": 0.3388273181,
  "WLHReal_r2_p": 0.0008629672,
  "WLHReal_r3_p": 9.917e-06,
  "WLHReal_a0_p": 0.8065741149,
  "WLHReal_a1_p": -5.58963e-05,
  "WLHReal_a2_p": 1.00035e-05,
  "WLHReal_a3_p": -0.0310127931,
  "WLHReal_a4_p": 0.4893395157,
  "WLHReal_V0_n": 55.5774837519,
  "WLHReal_V1_n": 0.3024631115,
  "WLHReal_V2_n": -0.0006575276,
  "WLHReal_V3_n": 4.4816e-06,
  "WLHReal_V4_n": 19.845031132,
  "WLHReal_V5_n": 0.3366850173,
  "WLHReal_V6_n": 0.0014089656,
  "WLHReal_r0_n": 1.3517768001,
  "WLHReal_r1_n": 0.4772234531,
  "WLHReal_r2_n": 0.0009539056,
  "WLHReal_r3_n": 8.6462e-06,
  "WLHReal_a0_n": 0.7640635384,
  "WLHReal_a1_n": 0.0007785076,
  "WLHReal_a2_n": 1.007e-05,
  "WLHReal_a3_n": 0.1812940424,
  "WLHReal_a4_n": 0.7682819632,
  "WLHImagVolume_W0_p": 5.214285994,
  "WLHImagVolume_W1_p": 0.1918421852,
  "WLHImagVolume_W2_p": 0.0004133335,
  "WLHImagVolume_W3_p": 8.0717572142,
  "WLHImagVolume_W4_p": 0.0794645704,
  "WLHImagVolume_r0_p": 0.6102608402,
  "WLHImagVolume_r1_p": 59.9921272992,
  "WLHImagVolume_r2_p": 0.7581388884,
  "WLHImagVolume_r3_p": 69.5764158861,
  "WLHImagVolume_r4_p": 0.4374627826,
  "WLHImagVolume_r5_p": 6.248e-07,
  "WLHImagVolume_a0_p": 0.5847459432,
  "WLHImagVolume_a1_p": 0.3088542576,
  "WLHImagVolume_a2_p": 18.7134046823,
  "WLHImagVolume_a3_p": 0.4097168119,
  "WLHImagVolume_a4_p": 0.0025160047,
  "WLHImagVolume_W0_n": 4.0985770674,
  "WLHImagVolume_W1_n": 0.399869416,
  "WLHImagVolume_W2_n": 0.0009570122,
  "WLHImagVolume_W3_n": 11.189240398,
  "WLHImagVolume_W4_n": 0.0760477951,
  "WLHImagVolume_r0_n": 0.550004308,
  "WLHImagVolume_r1_n": 72.4818031111,
  "WLHImagVolume_r2_n": 0.7873889657,
  "WLHImagVolume_r3_n": 93.614596537,
  "WLHImagVolume_r4_n": 1.0106308054,
  "WLHImagVolume_r5_n": 4.8476e-06,
  "WLHImagVolume_a0_n": 0.3133351255,
  "WLHImagVolume_a1_n": 0.5568494773,
  "WLHImagVolume_a2_n": 2.8202979817,
  "WLHImagVolume_a3_n": 0.0288709665,
  "WLHImagVolume_a4_n": 0.0009564596,
  "WLHImagSurface_W0_p": 0.9308409331,
  "WLHImagSurface_W1_p": 0.0510098713,
  "WLHImagSurface_W2_p": 1.0545019987,
  "WLHImagSurface_W3_p": 0.1850433005,
  "WLHImagSurface_r0_p": 0.9080177342,
  "WLHImagSurface_r1_p": 0.0109868451,
  "WLHImagSurface_r2_p": -0.0001955003,
  "WLHImagSurface_a0_p": 0.8543460459,
  "WLHImagSurface_W0_n": 2.2842219116,
  "WLHImagSurface_W1_n": 0.0710338126,
  "WLHImagSurface_W2_n": 4.1098070709,
  "WLHImagSurface_W3_n": 0.243971102,
  "WLHImagSurface_r0_n": 1.2833356642,
  "WLHImagSurface_r1_n": 1.7403722439,
  "WLHImagSurface_r2_n": 0.0028709478,
  "WLHImagSurface_a0_n": 0.8572221919,
  "WLHRealSpinOrbit_V0_p": 8.4950858727,
  "WLHRealSpinOrbit_V1_p": 0.0082187884,
  "WLHRealSpinOrbit_r0_p": 1.3693216137,
  "WLHRealSpinOrbit_r1_p": 0.9916829674,
  "WLHRealSpinOrbit_a0_p": 0.8622806802,
  "WLHRealSpinOrbit_a1_p": 0.0003770742,
  "WLHRealSpinOrbit_V0_n": 9.3996200136,
  "WLHRealSpinOrbit_V1_n": 0.00869947,
  "WLHRealSpinOrbit_r0_n": 1.3144503887,
  "WLHRealSpinOrbit_r1_n": 0.9327105872,
  "WLHRealSpinOrbit_a0_n": 0.8336721644,
  "WLHRealSpinOrbit_a1_n": 0.0003322738
}