{
  "WLHReal_V0_p": 53.5162251297,
  "WLHReal_V1_p": 0.3209897329,
  "WLHReal_V2_p": -0.0001376461,
  "WLHReal_V3_p": 2.8963e-06,
  "WLHReal_V4_p": 11.7920837103,
  "WLHReal_V5_p": 0.1349973354,
  "WLHReal_V6_p": 0.0003319546,
  "WLHReal_r0_p": 1.3257793104,
  "WLHReal_r1_p": 0.3246193799,
  "WLHReal_r2_p": 0.0008358336,
  "WLHReal_r3_p": 6.6117e-06,
  "WLHReal_a0_p": 0.7882567981,
  "WLHReal_a1_p": 9.64702e-05,
  "WLHReal_a2_p": 5.8509e-06,
  "WLHReal_a3_p": 0.0553363156,
  "WLHReal_a4_p": 0.5847860075,
  "WLHReal_V0_n": 55.9109449535,
  "WLHReal_V1_n": 0.3125423297,
  "WLHReal_V2_n": -0.0002127052,
  "WLHReal_V3_n": 1.9932e-06,
  "WLHReal_V4_n": 20.7594807677,
  "WLHReal_V5_n": 0.2939824874,
  "WLHReal_V6_n": 0.0010932186,
  "WLHReal_r0_n": 1.2827530995,
  "WLHReal_r1_n": 0.3331531162,
  "WLHReal_r2_n": 0.0008873925,
  "WLHReal_r3_n": 8.4814e-06,
  "WLHReal_a0_n": 0.7442490478,
  "WLHReal_a1_n": 0.0006972538,
  "WLHReal_a2_n": 8.3883e-06,
  "WLHReal_a3_n": 0.248286858,
  "WLHReal_a4_n": 0.8566415784,
  "WLHImagVolume_W0_p": 4.5801879943,
  "WLHImagVolume_W1_p": 0.2459581392,
  "WLHImagVolume_W2_p": 0.0005360053,
  "WLHImagVolume_W3_p": 12.0606464898,
  "WLHImagVolume_W4_p": 0.0806491107,
  "WLHImagVolume_r0_p": 0.5281671378,
  "WLHImagVolume_r1_p": 64.9288670402,
  "WLHImagVolume_r2_p": 0.7590435994,
  "WLHImagVolume_r3_p": 73.4012260075,
  "WLHImagVolume_r4_p": 0.5060232968,
  "WLHImagVolume_r5_p": 8.665e-07,
  "WLHImagVolume_a0_p": 0.5490786345,
  "WLHImagVolume_a1_p": 0.3070456794,
  "WLHImagVolume_a2_p": 17.6398925972,
  "WLHImagVolume_a3_p": 0.3987119032,
  "WLHImagVolume_a4_p": 0.0021628039,
  "WLHImagVolume_W0_n": 3.6738400652,
  "WLHImagVolume_W1_n": 0.3257977415,
  "WLHImagVolume_W2_n": 0.0006673507,
  "WLHImagVolume_W3_n": 10.5904655083,
  "WLHImagVolume_W4_n": 0.0633895482,
  "WLHImagVolume_r0_n": 0.591256272,
  "WLHImagVolume_r1_n": 66.7634503561,
  "WLHImagVolume_r2_n": 0.6867561402,
  "WLHImagVolume_r3_n": 82.1583049693,
  "WLHImagVolume_r4_n": 0.9835047366,
  "WLHImagVolume_r5_n": 3.3707e-06,
  "WLHImagVolume_a0_n": 0.2585452581,
  "WLHImagVolume_a1_n": 0.5676305817,
  "WLHImagVolume_a2_n": 4.7275314699,
  "WLHImagVolume_a3_n": 0.0139862296,
  "WLHImagVolume_a4_n": 0.0005321356,
  "WLHImagSurface_W0_p": 1.0502931878,
  "WLHImagSurface_W1_p": 0.0527825324,
  "WLHImagSurface_W2_p": 1.0546201319,
  "WLHImagSurface_W3_p": 0.1877223506,
  "WLHImagSurface_r0_p": 1.0236972055,
  "WLHImagSurface_r1_p": 0.5059602333,
  "WLHImagSurface_r2_p": 0.0035905292,
  "WLHImagSurface_a0_p": 0.8510287201,
  "WLHImagSurface_W0_n": 2.0793711219,
  "WLHImagSurface_W1_n": 0.051554244,
  "WLHImagSurface_W2_n": 2.9301894716,
  "WLHImagSurface_W3_n": 0.163878725,
  "WLHImagSurface_r0_n": 1.2647285533,
  "WLHImagSurface_r1_n": 1.552277719,
  "WLHImagSurface_r2_n": 0.003477146,
  "WLHImagSurface_a0_n": 0.8388966388,
  "WLHRealSpinOrbit_V0_p": 9.2298447834,
  "WLHRealSpinOrbit_V1_p": 0.008248756,
  "WLHRealSpinOrbit_r0_p": 1.2883725489,
  "WLHRealSpinOrbit_r1_p": 0.8871969937,
  "WLHRealSpinOrbit_a0_p": 0.8089704945,
  "WLHRealSpinOrbit_a1_p": 0.0003490428,
  "WLHRealSpinOrbit_V0_n": 9.8997245688,
  "WLHRealSpinOrbit_V1_n": 0.0087688093,
  "WLHRealSpinOrbit_r0_n": 1.2628493292,
  "WLHRealSpinOrbit_r1_n": 0.8687444364,
  "WLHRealSpinOrbit_a0_n": 0.8018465876,
  "WLHRealSpinOrbit_a1_n": 0.0003168416
}