{
  "WLHReal_V0_p": 53.3567677522,
  "WLHReal_V1_p": 0.3364562942,
  "WLHReal_V2_p": -2.2406e-05,
  "WLHReal_V3_p": 3.0666e-06,
  "WLHReal_V4_p": 11.3723588213,
  "WLHReal_V5_p": 0.1268971591,
  "WLHReal_V6_p": 0.0002668926,
  "WLHReal_r0_p": 1.3218892049,
  "WLHReal_r1_p": 0.3099347313,
  "WLHReal_r2_p": 0.0008653496,
  "WLHReal_r3_p": 6.4271e-06,
  "WLHReal_a0_p": 0.7857894216,
  "WLHReal_a1_p": 4.1598e-05,
  "WLHReal_a2_p": 5.4284e-06,
  "WLHReal_a3_p": 0.0691445564,
  "WLHReal_a4_p": 0.610235837,
  "WLHReal_V0_n": 55.1981759747,
  "WLHReal_V1_n": 0.2775250397,
  "WLHReal_V2_n": 0.0006039777,
  "WLHReal_V3_n": -6.597e-07,
  "WLHReal_V4_n": 22.7385980131,
  "WLHReal_V5_n": 0.2200924593,
  "WLHReal_V6_n": 0.0002800909,
  "WLHReal_r0_n": 1.2183090184,
  "WLHReal_r1_n": 0.2749147383,
  "WLHReal_r2_n": 0.0003613085,
  "WLHReal_r3_n": 6.404e-07,
  "WLHReal_a0_n": 0.6968369342,
  "WLHReal_a1_n": 7.59621e-05,
  "WLHReal_a2_n": -2.3573e-06,
  "WLHReal_a3_n": 0.2198704217,
  "WLHReal_a4_n": 0.6369627708,
  "WLHImagVolume_W0_p": 4.3356086306,
  "WLHImagVolume_W1_p": 0.2407894844,
  "WLHImagVolume_W2_p": 0.0006268699,
  "WLHImagVolume_W3_p": 12.5071084687,
  "WLHImagVolume_W4_p": 0.0748683837,
  "WLHImagVolume_r0_p": 0.4494050413,
  "WLHImagVolume_r1_p": 79.0525080495,
  "WLHImagVolume_r2_p": 0.8410014064,
  "WLHImagVolume_r3_p": 86.1312763419,
  "WLHImagVolume_r4_p": 0.4306106815,
  "WLHImagVolume_r5_p": 1.0096e-06,
  "WLHImagVolume_a0_p": 0.5231201141,
  "WLHImagVolume_a1_p": 0.3375479018,
  "WLHImagVolume_a2_p": 20.3618679406,
  "WLHImagVolume_a3_p": 0.3671561073,
  "WLHImagVolume_a4_p": 0.0016912003,
  "WLHImagVolume_W0_n": 1.6943162985,
  "WLHImagVolume_W1_n": 0.1841507218,
  "WLHImagVolume_W2_n": 4.74155e-05,
  "WLHImagVolume_W3_n": 7.245052726,
  "WLHImagVolume_W4_n": 0.02996186,
  "WLHImagVolume_r0_n": 0.6019075028,
  "WLHImagVolume_r1_n": 55.2740537432,
  "WLHImagVolume_r2_n": 0.6059268163,
  "WLHImagVolume_r3_n": 56.2442029784,
  "WLHImagVolume_r4_n": 1.0020704271,
  "WLHImagVolume_r5_n": 2.1631e-06,
  "WLHImagVolume_a0_n": 0.173116737,
  "WLHImagVolume_a1_n": 0.6293808655,
  "WLHImagVolume_a2_n": 11.2002488503,
  "WLHImagVolume_a3_n": 0.0791949139,
  "WLHImagVolume_a4_n": 0.0010033223,
  "WLHImagSurface_W0_p": 1.1828371533,
  "WLHImagSurface_W1_p": 0.0627038527,
  "WLHImagSurface_W2_p": 1.1011646552,
  "WLHImagSurface_W3_p": 0.2178736281,
  "WLHImagSurface_r0_p": 1.109328241,
  "WLHImagSurface_r1_p": 0.5755852365,
  "WLHImagSurface_r2_p": 0.0040929526,
  "WLHImagSurface_a0_p": 0.9429194794,
  "WLHImagSurface_W0_n": 1.2224825492,
  "WLHImagSurface_W1_n": 0.0007374358,
  "WLHImagSurface_W2_n": 1.2343034337,
  "WLHImagSurface_W3_n": 0.0170910467,
  "WLHImagSurface_r0_n": 1.240314083,
  "WLHImagSurface_r1_n": 1.136580326,
  "WLHImagSurface_r2_n": 0.0044206233,
  "WLHImagSurface_a0_n": 0.8111172472,
  "WLHRealSpinOrbit_V0_p": 9.0664570006,
  "WLHRealSpinOrbit_V1_p": 0.0080492404,
  "WLHRealSpinOrbit_r0_p": 1.2832521608,
  "WLHRealSpinOrbit_r1_p": 0.8811631923,
  "WLHRealSpinOrbit_a0_p": 0.8035626067,
  "WLHRealSpinOrbit_a1_p": 0.000347517,
  "WLHRealSpinOrbit_V0_n": 10.3715987179,
  "WLHRealSpinOrbit_V1_n": 0.0084005398,
  "WLHRealSpinOrbit_r0_n": 1.1948690486,
  "WLHRealSpinOrbit_r1_n": 0.7360460402,
  "WLHRealSpinOrbit_a0_n": 0.7408467998,
  "WLHRealSpinOrbit_a1_n": 0.0003681571
}