{
  "WLHReal_V0_p": 50.0573186983,
  "WLHReal_V1_p": 0.2886915287,
  "WLHReal_V2_p": -0.0003241445,
  "WLHReal_V3_p": 3.5588e-06,
  "WLHReal_V4_p": 12.1362374389,
  "WLHReal_V5_p": 0.1286112092,
  "WLHReal_V6_p": 0.0003641898,
  "WLHReal_r0_p": 1.3502971603,
  "WLHReal_r1_p": 0.3204339573,
  "WLHReal_r2_p": 0.0006826847,
  "WLHReal_r3_p": 6.3263e-06,
  "WLHReal_a0_p": 0.781669509,
  "WLHReal_a1_p": -3.52041e-05,
  "WLHReal_a2_p": 6.3551e-06,
  "WLHReal_a3_p": 0.0026953332,
  "WLHReal_a4_p": 0.4775018088,
  "WLHReal_V0_n": 54.2230780371,
  "WLHReal_V1_n": 0.3080089855,
  "WLHReal_V2_n": -2.66107e-05,
  "WLHReal_V3_n": 2.0975e-06,
  "WLHReal_V4_n": 20.6445600857,
  "WLHReal_V5_n": 0.2773441926,
  "WLHReal_V6_n": 0.0008664757,
  "WLHReal_r0_n": 1.2953068576,
  "WLHReal_r1_n": 0.3600166276,
  "WLHReal_r2_n": 0.0007227155,
  "WLHReal_r3_n": 4.5337e-06,
  "WLHReal_a0_n": 0.7318927915,
  "WLHReal_a1_n": 0.0006017214,
  "WLHReal_a2_n": 4.9564e-06,
  "WLHReal_a3_n": 0.2142121026,
  "WLHReal_a4_n": 0.7488926731,
  "WLHImagVolume_W0_p": 4.1210721728,
  "WLHImagVolume_W1_p": 0.1674318443,
  "WLHImagVolume_W2_p": 0.0003185593,
  "WLHImagVolume_W3_p": 8.55320045,
  "WLHImagVolume_W4_p": 0.0651397507,
  "WLHImagVolume_r0_p": 0.5835397549,
  "WLHImagVolume_r1_p": 59.4976487909,
  "WLHImagVolume_r2_p": 0.7324970245,
  "WLHImagVolume_r3_p": 67.9727769737,
  "WLHImagVolume_r4_p": 0.4679787342,
  "WLHImagVolume_r5_p": 5.716e-07,
  "WLHImagVolume_a0_p": 0.5430848424,
  "WLHImagVolume_a1_p": 0.3139052313,
  "WLHImagVolume_a2_p": 18.5571005006,
  "WLHImagVolume_a3_p": 0.3767090496,
  "WLHImagVolume_a4_p": 0.0019220913,
  "WLHImagVolume_W0_n": 2.7733720349,
  "WLHImagVolume_W1_n": 0.2796043094,
  "WLHImagVolume_W2_n": 0.0006454144,
  "WLHImagVolume_W3_n": 8.6182052385,
  "WLHImagVolume_W4_n": 0.0501282249,
  "WLHImagVolume_r0_n": 0.4974995078,
  "WLHImagVolume_r1_n": 86.6444029441,
  "WLHImagVolume_r2_n": 0.7883965715,
  "WLHImagVolume_r3_n": 88.2830833638,
  "WLHImagVolume_r4_n": 0.8480956929,
  "WLHImagVolume_r5_n": 3.0596e-06,
  "WLHImagVolume_a0_n": 0.2206975985,
  "WLHImagVolume_a1_n": 0.6075799676,
  "WLHImagVolume_a2_n": 6.8100566021,
  "WLHImagVolume_a3_n": 0.0459717089,
  "WLHImagVolume_a4_n": 0.0005811979,
  "WLHImagSurface_W0_p": 1.132006883,
  "WLHImagSurface_W1_p": 0.0612729319,
  "WLHImagSurface_W2_p": 1.5035696258,
  "WLHImagSurface_W3_p": 0.2173400403,
  "WLHImagSurface_r0_p": 1.004257719,
  "WLHImagSurface_r1_p": 0.265482377,
  "WLHImagSurface_r2_p": 0.0030203196,
  "WLHImagSurface_a0_p": 0.8622930483,
  "WLHImagSurface_W0_n": 2.0025467923,
  "WLHImagSurface_W1_n": 0.0479927076,
  "WLHImagSurface_W2_n": 3.2350051476,
  "WLHImagSurface_W3_n": 0.1669704321,
  "WLHImagSurface_r0_n": 1.3007606687,
  "WLHImagSurface_r1_n": 1.5298036627,
  "WLHImagSurface_r2_n": 0.0036899993,
  "WLHImagSurface_a0_n": 0.8385505123,
  "WLHRealSpinOrbit_V0_p": 8.8704022845,
  "WLHRealSpinOrbit_V1_p": 0.0080787214,
  "WLHRealSpinOrbit_r0_p": 1.3199440526,
  "WLHRealSpinOrbit_r1_p": 0.9124142662,
  "WLHRealSpinOrbit_a0_p": 0.8239002206,
  "WLHRealSpinOrbit_a1_p": 0.0003858133,
  "WLHRealSpinOrbit_V0_n": 9.4774419301,
  "WLHRealSpinOrbit_V1_n": 0.0082636965,
  "WLHRealSpinOrbit_r0_n": 1.2661156413,
  "WLHRealSpinOrbit_r1_n": 0.8518660754,
  "WLHRealSpinOrbit_a0_n": 0.7924731692,
  "WLHRealSpinOrbit_a1_n": 0.0003508442
}