{
  "WLHReal_V0_p": 51.1132843459,
  "WLHReal_V1_p": 0.318771944,
  "WLHReal_V2_p": -0.0002236502,
  "WLHReal_V3_p": 3.5147e-06,
  "WLHReal_V4_p": 11.2263919793,
  "WLHReal_V5_p": 0.1241163791,
  "WLHReal_V6_p": 0.0003175651,
  "WLHReal_r0_p": 1.3457698054,
  "WLHReal_r1_p": 0.310905168,
  "WLHReal_r2_p": 0.000815872,
  "WLHReal_r3_p": 6.4814e-06,
  "WLHReal_a0_p": 0.7870350514,
  "WLHReal_a1_p": -3.96349e-05,
  "WLHReal_a2_p": 7.062e-06,
  "WLHReal_a3_p": 0.0327545676,
  "WLHReal_a4_p": 0.5523487382,
  "WLHReal_V0_n": 53.3193203709,
  "WLHReal_V1_n": 0.2702379907,
  "WLHReal_V2_n": -0.000433637,
  "WLHReal_V3_n": 2.3622e-06,
  "WLHReal_V4_n": 21.6558113495,
  "WLHReal_V5_n": 0.2940491479,
  "WLHReal_V6_n": 0.0012479821,
  "WLHReal_r0_n": 1.2848579543,
  "WLHReal_r1_n": 0.2769842703,
  "WLHReal_r2_n": 0.0010269702,
  "WLHReal_r3_n": 1.13976e-05,
  "WLHReal_a0_n": 0.7496316244,
  "WLHReal_a1_n": 0.0009055934,
  "WLHReal_a2_n": 1.30209e-05,
  "WLHReal_a3_n": 0.32258154,
  "WLHReal_a4_n": 0.9705997673,
  "WLHImagVolume_W0_p": 4.2889274927,
  "WLHImagVolume_W1_p": 0.2008869602,
  "WLHImagVolume_W2_p": 0.0005249574,
  "WLHImagVolume_W3_p": 10.4259427178,
  "WLHImagVolume_W4_p": 0.0687708282,
  "WLHImagVolume_r0_p": 0.4836924568,
  "WLHImagVolume_r1_p": 76.531518128,
  "WLHImagVolume_r2_p": 0.8339162695,
  "WLHImagVolume_r3_p": 83.7861002297,
  "WLHImagVolume_r4_p": 0.4001326165,
  "WLHImagVolume_r5_p": 1.585e-07,
  "WLHImagVolume_a0_p": 0.5273417996,
  "WLHImagVolume_a1_p": 0.3414425499,
  "WLHImagVolume_a2_p": 21.0065854208,
  "WLHImagVolume_a3_p": 0.360312244,
  "WLHImagVolume_a4_p": 0.0016594049,
  "WLHImagVolume_W0_n": 3.3740136466,
  "WLHImagVolume_W1_n": 0.2570935046,
  "WLHImagVolume_W2_n": 0.000350066,
  "WLHImagVolume_W3_n": 9.9026230933,
  "WLHImagVolume_W4_n": 0.020198714,
  "WLHImagVolume_r0_n": 0.6710687993,
  "WLHImagVolume_r1_n": 57.696066883,
  "WLHImagVolume_r2_n": 0.607377453,
  "WLHImagVolume_r3_n": 76.7161436912,
  "WLHImagVolume_r4_n": 1.0758462025,
  "WLHImagVolume_r5_n": 4.6497e-06,
  "WLHImagVolume_a0_n": 0.2714373768,
  "WLHImagVolume_a1_n": 0.5505844157,
  "WLHImagVolume_a2_n": 5.9679941469,
  "WLHImagVolume_a3_n": 0.0430794939,
  "WLHImagVolume_a4_n": 0.0006944919,
  "WLHImagSurface_W0_p": 1.1929512479,
  "WLHImagSurface_W1_p": 0.0658005146,
  "WLHImagSurface_W2_p": 1.2677888827,
  "WLHImagSurface_W3_p": 0.2292643576,
  "WLHImagSurface_r0_p": 1.081493685,
  "WLHImagSurface_r1_p": 0.3891850007,
  "WLHImagSurface_r2_p": 0.003129497,
  "WLHImagSurface_a0_p": 0.9507212197,
  "WLHImagSurface_W0_n": 1.4055644637,
  "WLHImagSurface_W1_n": 0.0314417621,
  "WLHImagSurface_W2_n": 1.5258448508,
  "WLHImagSurface_W3_n": 0.1099158054,
  "WLHImagSurface_r0_n": 1.2486053095,
  "WLHImagSurface_r1_n": 1.417396981,
  "WLHImagSurface_r2_n": 0.0027537237,
  "WLHImagSurface_a0_n": 0.853260367,
  "WLHRealSpinOrbit_V0_p": 8.7796093966,
  "WLHRealSpinOrbit_V1_p": 0.0079737739,
  "WLHRealSpinOrbit_r0_p": 1.3111354021,
  "WLHRealSpinOrbit_r1_p": 0.911478573,
  "WLHRealSpinOrbit_a0_p": 0.8197069978,
  "WLHRealSpinOrbit_a1_p": 0.0003662392,
  "WLHRealSpinOrbit_V0_n": 10.0827865151,
  "WLHRealSpinOrbit_V1_n": 0.0090317665,
  "WLHRealSpinOrbit_r0_n": 1.2760875178,
  "WLHRealSpinOrbit_r1_n": 0.8803480698,
  "WLHRealSpinOrbit_a0_n": 0.8126084802,
  "WLHRealSpinOrbit_a1_n": 0.0003332582
}