{
  "WLHReal_V0_p": 55.828930791,
  "WLHReal_V1_p": 0.2965969692,
  "WLHReal_V2_p": 0.0002040515,
  "WLHReal_V3_p": 1.4966e-06,
  "WLHReal_V4_p": 14.3524039168,
  "WLHReal_V5_p": 0.1379204932,
  "WLHReal_V6_p": 0.0002506571,
  "WLHReal_r0_p": 1.2636148237,
  "WLHReal_r1_p": 0.2949727283,
  "WLHReal_r2_p": 0.0006902739,
  "WLHReal_r3_p": 4.2932e-06,
  "WLHReal_a0_p": 0.7651358898,
  "WLHReal_a1_p": 0.0002204337,
  "WLHReal_a2_p": 2.8935e-06,
  "WLHReal_a3_p": 0.0745995237,
  "WLHReal_a4_p": 0.5597807543,
  "WLHReal_V0_n": 52.6533506873,
  "WLHReal_V1_n": 0.2691187393,
  "WLHReal_V2_n": -4.154e-06,
  "WLHReal_V3_n": 1.6198e-06,
  "WLHReal_V4_n": 21.9510871596,
  "WLHReal_V5_n": 0.2599757303,
  "WLHReal_V6_n": 0.000817221,
  "WLHReal_r0_n": 1.270454163,
  "WLHReal_r1_n": 0.2823631309,
  "WLHReal_r2_n": 0.0007372408,
  "WLHReal_r3_n": 6.6069e-06,
  "WLHReal_a0_n": 0.7259109922,
  "WLHReal_a1_n": 0.0006190459,
  "WLHReal_a2_n": 6.5966e-06,
  "WLHReal_a3_n": 0.2790199038,
  "WLHReal_a4_n": 0.8187234257,
  "WLHImagVolume_W0_p": 3.8965379854,
  "WLHImagVolume_W1_p": 0.2371031056,
  "WLHImagVolume_W2_p": 0.0002619437,
  "WLHImagVolume_W3_p": 12.498925269,
  "WLHImagVolume_W4_p": 0.075966238,
  "WLHImagVolume_r0_p": 0.6797006822,
  "WLHImagVolume_r1_p": 35.9789711965,
  "WLHImagVolume_r2_p": 0.5341162849,
  "WLHImagVolume_r3_p": 48.3525431731,
  "WLHImagVolume_r4_p": 0.7357726436,
  "WLHImagVolume_r5_p": 2.6619e-06,
  "WLHImagVolume_a0_p": 0.5535919199,
  "WLHImagVolume_a1_p": 0.2479296151,
  "WLHImagVolume_a2_p": 11.7687816327,
  "WLHImagVolume_a3_p": 0.4263027246,
  "WLHImagVolume_a4_p": 0.0024470001,
  "WLHImagVolume_W0_n": 2.283975695,
  "WLHImagVolume_W1_n": 0.1996310212,
  "WLHImagVolume_W2_n": 0.0002282834,
  "WLHImagVolume_W3_n": 7.8097904556,
  "WLHImagVolume_W4_n": 0.0120466791,
  "WLHImagVolume_r0_n": 0.5941166856,
  "WLHImagVolume_r1_n": 69.8844513941,
  "WLHImagVolume_r2_n": 0.6664187012,
  "WLHImagVolume_r3_n": 74.4660064597,
  "WLHImagVolume_r4_n": 0.9644311998,
  "WLHImagVolume_r5_n": 3.316e-06,
  "WLHImagVolume_a0_n": 0.2158957192,
  "WLHImagVolume_a1_n": 0.5988961648,
  "WLHImagVolume_a2_n": 8.9262352855,
  "WLHImagVolume_a3_n": 0.073586814,
  "WLHImagVolume_a4_n": 0.0007790808,
  "WLHImagSurface_W0_p": 0.9187253306,
  "WLHImagSurface_W1_p": 0.0325652802,
  "WLHImagSurface_W2_p": 0.9889644854,
  "WLHImagSurface_W3_p": 0.1137834254,
  "WLHImagSurface_r0_p": 0.9589359918,
  "WLHImagSurface_r1_p": 0.6478751377,
  "WLHImagSurface_r2_p": 0.0061164766,
  "WLHImagSurface_a0_p": 0.6921387991,
  "WLHImagSurface_W0_n": 1.2772521181,
  "WLHImagSurface_W1_n": 0.0190574044,
  "WLHImagSurface_W2_n": 1.5377765523,
  "WLHImagSurface_W3_n": 0.0803137547,
  "WLHImagSurface_r0_n": 1.269030395,
  "WLHImagSurface_r1_n": 1.3110680818,
  "WLHImagSurface_r2_n": 0.0033713304,
  "WLHImagSurface_a0_n": 0.8407437882,
  "WLHRealSpinOrbit_V0_p": 10.1376526845,
  "WLHRealSpinOrbit_V1_p": 0.0086177013,
  "WLHRealSpinOrbit_r0_p": 1.2341083352,
  "WLHRealSpinOrbit_r1_p": 0.8066918969,
  "WLHRealSpinOrbit_a0_p": 0.7745114115,
  "WLHRealSpinOrbit_a1_p": 0.000347911,
  "WLHRealSpinOrbit_V0_n": 9.9158087414,
  "WLHRealSpinOrbit_V1_n": 0.0085348209,
  "WLHRealSpinOrbit_r0_n": 1.2530966014,
  "WLHRealSpinOrbit_r1_n": 0.8261133554,
  "WLHRealSpinOrbit_a0_n": 0.7850637659,
  "WLHRealSpinOrbit_a1_n": 0.0003648199
}