{
  "WLHReal_V0_p": 51.983754969,
  "WLHReal_V1_p": 0.2747369099,
  "WLHReal_V2_p": 3.58093e-05,
  "WLHReal_V3_p": 2.049e-06,
  "WLHReal_V4_p": 14.2449384164,
  "WLHReal_V5_p": 0.1224095324,
  "WLHReal_V6_p": 0.0002515653,
  "WLHReal_r0_p": 1.286207335,
  "WLHReal_r1_p": 0.2633154861,
  "WLHReal_r2_p": 0.0006154701,
  "WLHReal_r3_p": 5.1569e-06,
  "WLHReal_a0_p": 0.7587470829,
  "WLHReal_a1_p": 3.00327e-05,
  "WLHReal_a2_p": 4.2892e-06,
  "WLHReal_a3_p": 0.0259792915,
  "WLHReal_a4_p": 0.4778452811,
  "WLHReal_V0_n": 52.0326874706,
  "WLHReal_V1_n": 0.2640984667,
  "WLHReal_V2_n": -0.0005519659,
  "WLHReal_V3_n": 2.7754e-06,
  "WLHReal_V4_n": 21.7865820141,
  "WLHReal_V5_n": 0.2950342835,
  "WLHReal_V6_n": 0.0013725413,
  "WLHReal_r0_n": 1.2823934261,
  "WLHReal_r1_n": 0.2231744087,
  "WLHReal_r2_n": 0.0011707367,
  "WLHReal_r3_n": 1.40533e-05,
  "WLHReal_a0_n": 0.754962047,
  "WLHReal_a1_n": 0.0011213426,
  "WLHReal_a2_n": 1.67641e-05,
  "WLHReal_a3_n": 0.3789744908,
  "WLHReal_a4_n": 1.0872665028,
  "WLHImagVolume_W0_p": 3.3658199691,
  "WLHImagVolume_W1_p": 0.1528019186,
  "WLHImagVolume_W2_p": 9.5632e-05,
  "WLHImagVolume_W3_p": 9.22748383,
  "WLHImagVolume_W4_p": 0.0562822578,
  "WLHImagVolume_r0_p": 0.7042238759,
  "WLHImagVolume_r1_p": 39.2414761685,
  "WLHImagVolume_r2_p": 0.5452870438,
  "WLHImagVolume_r3_p": 51.9959026291,
  "WLHImagVolume_r4_p": 0.6626075838,
  "WLHImagVolume_r5_p": 1.572e-06,
  "WLHImagVolume_a0_p": 0.533833915,
  "WLHImagVolume_a1_p": 0.2733229575,
  "WLHImagVolume_a2_p": 14.4825546905,
  "WLHImagVolume_a3_p": 0.3851558068,
  "WLHImagVolume_a4_p": 0.001932974,
  "WLHImagVolume_W0_n": 3.4064213778,
  "WLHImagVolume_W1_n": 0.227422429,
  "WLHImagVolume_W2_n": 0.000276847,
  "WLHImagVolume_W3_n": 9.7961194296,
  "WLHImagVolume_W4_n": 0.0023820817,
  "WLHImagVolume_r0_n": 0.6925297967,
  "WLHImagVolume_r1_n": 60.410302953,
  "WLHImagVolume_r2_n": 0.5866371295,
  "WLHImagVolume_r3_n": 79.2640085186,
  "WLHImagVolume_r4_n": 1.0637325112,
  "WLHImagVolume_r5_n": 5.2014e-06,
  "WLHImagVolume_a0_n": 0.271078836,
  "WLHImagVolume_a1_n": 0.5402695355,
  "WLHImagVolume_a2_n": 5.9294057663,
  "WLHImagVolume_a3_n": 0.0404921549,
  "WLHImagVolume_a4_n": 0.0004870004,
  "WLHImagSurface_W0_p": 1.0299653971,
  "WLHImagSurface_W1_p": 0.0415483162,
  "WLHImagSurface_W2_p": 1.2340568888,
  "WLHImagSurface_W3_p": 0.1383398969,
  "WLHImagSurface_r0_p": 0.9829237541,
  "WLHImagSurface_r1_p": 0.3964843165,
  "WLHImagSurface_r2_p": 0.0054322695,
  "WLHImagSurface_a0_p": 0.7726382962,
  "WLHImagSurface_W0_n": 1.257927641,
  "WLHImagSurface_W1_n": 0.0290382719,
  "WLHImagSurface_W2_n": 1.0430858882,
  "WLHImagSurface_W3_n": 0.0997149676,
  "WLHImagSurface_r0_n": 1.2516537978,
  "WLHImagSurface_r1_n": 1.4020889301,
  "WLHImagSurface_r2_n": 0.0024441671,
  "WLHImagSurface_a0_n": 0.8607794099,
  "WLHRealSpinOrbit_V0_p": 9.6689398664,
  "WLHRealSpinOrbit_V1_p": 0.0083732716,
  "WLHRealSpinOrbit_r0_p": 1.2666210111,
  "WLHRealSpinOrbit_r1_p": 0.8374278895,
  "WLHRealSpinOrbit_a0_p": 0.7905556615,
  "WLHRealSpinOrbit_a1_p": 0.0003793126,
  "WLHRealSpinOrbit_V0_n": 10.0949862229,
  "WLHRealSpinOrbit_V1_n": 0.0091400446,
  "WLHRealSpinOrbit_r0_n": 1.2834346926,
  "WLHRealSpinOrbit_r1_n": 0.8955126314,
  "WLHRealSpinOrbit_a0_n": 0.8206390985,
  "WLHRealSpinOrbit_a1_n": 0.0003292436
}