{
  "WLHReal_V0_p": 54.5637545449,
  "WLHReal_V1_p": 0.3195015175,
  "WLHReal_V2_p": -0.0003792274,
  "WLHReal_V3_p": 3.128e-06,
  "WLHReal_V4_p": 11.3776793144,
  "WLHReal_V5_p": 0.1484832345,
  "WLHReal_V6_p": 0.0004542974,
  "WLHReal_r0_p": 1.3409694334,
  "WLHReal_r1_p": 0.3510173002,
  "WLHReal_r2_p": 0.0009417949,
  "WLHReal_r3_p": 8.648e-06,
  "WLHReal_a0_p": 0.8041598258,
  "WLHReal_a1_p": 0.0001994751,
  "WLHReal_a2_p": 6.9209e-06,
  "WLHReal_a3_p": 0.0493125729,
  "WLHReal_a4_p": 0.6083617978,
  "WLHReal_V0_n": 61.1789894542,
  "WLHReal_V1_n": 0.3699646118,
  "WLHReal_V2_n": 0.0007702732,
  "WLHReal_V3_n": -3.439e-07,
  "WLHReal_V4_n": 20.8798455062,
  "WLHReal_V5_n": 0.239797796,
  "WLHReal_V6_n": 0.0002966296,
  "WLHReal_r0_n": 1.2051073164,
  "WLHReal_r1_n": 0.3307258821,
  "WLHReal_r2_n": 0.0003617328,
  "WLHReal_r3_n": -1.8646e-06,
  "WLHReal_a0_n": 0.7034313266,
  "WLHReal_a1_n": -6.63224e-05,
  "WLHReal_a2_n": -4.1848e-06,
  "WLHReal_a3_n": 0.138837493,
  "WLHReal_a4_n": 0.5976318962,
  "WLHImagVolume_W0_p": 5.4825974507,
  "WLHImagVolume_W1_p": 0.2946714472,
  "WLHImagVolume_W2_p": 0.000579537,
  "WLHImagVolume_W3_p": 12.8705211193,
  "WLHImagVolume_W4_p": 0.0991411483,
  "WLHImagVolume_r0_p": 0.5924073369,
  "WLHImagVolume_r1_p": 53.4986436086,
  "WLHImagVolume_r2_p": 0.7021214018,
  "WLHImagVolume_r3_p": 63.6862674661,
  "WLHImagVolume_r4_p": 0.5813464485,
  "WLHImagVolume_r5_p": 1.4547e-06,
  "WLHImagVolume_a0_p": 0.5951615861,
  "WLHImagVolume_a1_p": 0.2719828946,
  "WLHImagVolume_a2_p": 14.6343987811,
  "WLHImagVolume_a3_p": 0.453375176,
  "WLHImagVolume_a4_p": 0.0029865558,
  "WLHImagVolume_W0_n": 3.268344247,
  "WLHImagVolume_W1_n": 0.3557829276,
  "WLHImagVolume_W2_n": 0.0007272689,
  "WLHImagVolume_W3_n": 10.5413655927,
  "WLHImagVolume_W4_n": 0.1215159243,
  "WLHImagVolume_r0_n": 0.5269018361,
  "WLHImagVolume_r1_n": 61.0736646452,
  "WLHImagVolume_r2_n": 0.6784674969,
  "WLHImagVolume_r3_n": 66.7120330428,
  "WLHImagVolume_r4_n": 0.9057472431,
  "WLHImagVolume_r5_n": 1.0686e-06,
  "WLHImagVolume_a0_n": 0.1827042216,
  "WLHImagVolume_a1_n": 0.6192671654,
  "WLHImagVolume_a2_n": 6.2832897845,
  "WLHImagVolume_a3_n": -0.0175764862,
  "WLHImagVolume_a4_n": 0.0004010564,
  "WLHImagSurface_W0_p": 0.8035464009,
  "WLHImagSurface_W1_p": 0.0356317574,
  "WLHImagSurface_W2_p": 0.6519767344,
  "WLHImagSurface_W3_p": 0.134284381,
  "WLHImagSurface_r0_p": 0.9062803203,
  "WLHImagSurface_r1_p": 0.4316996026,
  "WLHImagSurface_r2_p": 0.0019691986,
  "WLHImagSurface_a0_p": 0.7509487982,
  "WLHImagSurface_W0_n": 2.6749629797,
  "WLHImagSurface_W1_n": 0.0485579099,
  "WLHImagSurface_W2_n": 3.7073146859,
  "WLHImagSurface_W3_n": 0.1320358196,
  "WLHImagSurface_r0_n": 1.2487625869,
  "WLHImagSurface_r1_n": 1.4616561998,
  "WLHImagSurface_r2_n": 0.0054741221,
  "WLHImagSurface_a0_n": 0.7886416065,
  "WLHRealSpinOrbit_V0_p": 9.3760839618,
  "WLHRealSpinOrbit_V1_p": 0.0085723039,
  "WLHRealSpinOrbit_r0_p": 1.3015176519,
  "WLHRealSpinOrbit_r1_p": 0.9164162265,
  "WLHRealSpinOrbit_a0_p": 0.8244393542,
  "WLHRealSpinOrbit_a1_p": 0.0003325835,
  "WLHRealSpinOrbit_V0_n": 10.3149080117,
  "WLHRealSpinOrbit_V1_n": 0.0083791399,
  "WLHRealSpinOrbit_r0_n": 1.174218231,
  "WLHRealSpinOrbit_r1_n": 0.7471134187,
  "WLHRealSpinOrbit_a0_n": 0.7364749719,
  "WLHRealSpinOrbit_a1_n": 0.0002962754
}