{
  "WLHReal_V0_p": 48.9661560599,
  "WLHReal_V1_p": 0.2727240305,
  "WLHReal_V2_p": -0.0008019832,
  "WLHReal_V3_p": 4.6038e-06,
  "WLHReal_V4_p": 11.7759419416,
  "WLHReal_V5_p": 0.1050314744,
  "WLHReal_V6_p": 0.0004899943,
  "WLHReal_r0_p": 1.3363335909,
  "WLHReal_r1_p": 0.169745023,
  "WLHReal_r2_p": 0.0011448764,
  "WLHReal_r3_p": 1.38693e-05,
  "WLHReal_a0_p": 0.7935276352,
  "WLHReal_a1_p": -0.0001220136,
  "WLHReal_a2_p": 1.2751e-05,
  "WLHReal_a3_p": -0.0415481712,
  "WLHReal_a4_p": 0.5351467852,
  "WLHReal_V0_n": 46.6002865778,
  "WLHReal_V1_n": 0.2137699554,
  "WLHReal_V2_n": -0.0008060354,
  "WLHReal_V3_n": 3.5934e-06,
  "WLHReal_V4_n": 22.2166861623,
  "WLHReal_V5_n": 0.2927240428,
  "WLHReal_V6_n": 0.0014835596,
  "WLHReal_r0_n": 1.3203712144,
  "WLHReal_r1_n": 0.204979074,
  "WLHReal_r2_n": 0.0012651186,
  "WLHReal_r3_n": 1.70219e-05,
  "WLHReal_a0_n": 0.7579589857,
  "WLHReal_a1_n": 0.0014268455,
  "WLHReal_a2_n": 2.04634e-05,
  "WLHReal_a3_n": 0.4344160601,
  "WLHReal_a4_n": 1.1447753057,
  "WLHImagVolume_W0_p": 4.9847060546,
  "WLHImagVolume_W1_p": 0.1596948602,
  "WLHImagVolume_W2_p": 0.0001028977,
  "WLHImagVolume_W3_p": 8.2425211037,
  "WLHImagVolume_W4_p": 0.068119812,
  "WLHImagVolume_r0_p": 0.8840934769,
  "WLHImagVolume_r1_p": 32.1027240214,
  "WLHImagVolume_r2_p": 0.4431301102,
  "WLHImagVolume_r3_p": 54.5136259814,
  "WLHImagVolume_r4_p": 0.7465508086,
  "WLHImagVolume_r5_p": 1.162e-06,
  "WLHImagVolume_a0_p": 0.5994746923,
  "WLHImagVolume_a1_p": 0.2511487624,
  "WLHImagVolume_a2_p": 13.9722363715,
  "WLHImagVolume_a3_p": 0.4332460299,
  "WLHImagVolume_a4_p": 0.0028271042,
  "WLHImagVolume_W0_n": 2.3325809745,
  "WLHImagVolume_W1_n": 0.1156262458,
  "WLHImagVolume_W2_n": 1.70835e-05,
  "WLHImagVolume_W3_n": 7.128248255,
  "WLHImagVolume_W4_n": -0.061598478,
  "WLHImagVolume_r0_n": 0.6615860495,
  "WLHImagVolume_r1_n": 79.5509642952,
  "WLHImagVolume_r2_n": 0.6485859356,
  "WLHImagVolume_r3_n": 88.0296258647,
  "WLHImagVolume_r4_n": 0.9889179299,
  "WLHImagVolume_r5_n": 5.179e-06,
  "WLHImagVolume_a0_n": 0.2589946612,
  "WLHImagVolume_a1_n": 0.5565554482,
  "WLHImagVolume_a2_n": 8.5808316523,
  "WLHImagVolume_a3_n": 0.1035169904,
  "WLHImagVolume_a4_n": 0.000627933,
  "WLHImagSurface_W0_p": 0.4453481696,
  "WLHImagSurface_W1_p": -0.0088086726,
  "WLHImagSurface_W2_p": -0.6783426924,
  "WLHImagSurface_W3_p": -0.0576253417,
  "WLHImagSurface_r0_p": 0.7904103466,
  "WLHImagSurface_r1_p": -0.2198819174,
  "WLHImagSurface_r2_p": -0.0004694798,
  "WLHImagSurface_a0_p": 0.7980120982,
  "WLHImagSurface_W0_n": 0.5331863177,
  "WLHImagSurface_W1_n": 0.0126899604,
  "WLHImagSurface_W2_n": 0.1495906674,
  "WLHImagSurface_W3_n": 0.0762310325,
  "WLHImagSurface_r0_n": 1.2877364046,
  "WLHImagSurface_r1_n": 1.3152797767,
  "WLHImagSurface_r2_n": 0.0015561374,
  "WLHImagSurface_a0_n": 0.886326626,
  "WLHRealSpinOrbit_V0_p": 9.3528856791,
  "WLHRealSpinOrbit_V1_p": 0.0089176712,
  "WLHRealSpinOrbit_r0_p": 1.3409058302,
  "WLHRealSpinOrbit_r1_p": 0.9721149021,
  "WLHRealSpinOrbit_a0_p": 0.8569641203,
  "WLHRealSpinOrbit_a1_p": 0.0003461916,
  "WLHRealSpinOrbit_V0_n": 9.6129177457,
  "WLHRealSpinOrbit_V1_n": 0.0088799541,
  "WLHRealSpinOrbit_r0_n": 1.3237472277,
  "WLHRealSpinOrbit_r1_n": 0.9239615671,
  "WLHRealSpinOrbit_a0_n": 0.8383916142,
  "WLHRealSpinOrbit_a1_n": 0.0003834384
}