{
  "WLHReal_V0_p": 48.6924545804,
  "WLHReal_V1_p": 0.2589445459,
  "WLHReal_V2_p": -0.000867306,
  "WLHReal_V3_p": 4.3159e-06,
  "WLHReal_V4_p": 12.0739961289,
  "WLHReal_V5_p": 0.1173131128,
  "WLHReal_V6_p": 0.0005372663,
  "WLHReal_r0_p": 1.3526066614,
  "WLHReal_r1_p": 0.2205813327,
  "WLHReal_r2_p": 0.0010057828,
  "WLHReal_r3_p": 1.29847e-05,
  "WLHReal_a0_p": 0.7947150817,
  "WLHReal_a1_p": -7.59362e-05,
  "WLHReal_a2_p": 1.17934e-05,
  "WLHReal_a3_p": -0.0542273482,
  "WLHReal_a4_p": 0.4850739755,
  "WLHReal_V0_n": 53.0911013756,
  "WLHReal_V1_n": 0.2713821054,
  "WLHReal_V2_n": -0.0002974182,
  "WLHReal_V3_n": 2.2144e-06,
  "WLHReal_V4_n": 21.6113056276,
  "WLHReal_V5_n": 0.2847740902,
  "WLHReal_V6_n": 0.0011013925,
  "WLHReal_r0_n": 1.2866632407,
  "WLHReal_r1_n": 0.2964626793,
  "WLHReal_r2_n": 0.0009126976,
  "WLHReal_r3_n": 9.5781e-06,
  "WLHReal_a0_n": 0.7419550305,
  "WLHReal_a1_n": 0.0007953491,
  "WLHReal_a2_n": 1.03022e-05,
  "WLHReal_a3_n": 0.2949207305,
  "WLHReal_a4_n": 0.896310241,
  "WLHImagVolume_W0_p": 5.0419329407,
  "WLHImagVolume_W1_p": 0.1571608122,
  "WLHImagVolume_W2_p": 5.84187e-05,
  "WLHImagVolume_W3_p": 7.3623341311,
  "WLHImagVolume_W4_p": 0.0716586319,
  "WLHImagVolume_r0_p": 0.8881169466,
  "WLHImagVolume_r1_p": 26.1988487338,
  "WLHImagVolume_r2_p": 0.444295427,
  "WLHImagVolume_r3_p": 46.5011777805,
  "WLHImagVolume_r4_p": 0.7323086107,
  "WLHImagVolume_r5_p": 1.3312e-06,
  "WLHImagVolume_a0_p": 0.6115956152,
  "WLHImagVolume_a1_p": 0.2413140356,
  "WLHImagVolume_a2_p": 12.9645641123,
  "WLHImagVolume_a3_p": 0.4466015577,
  "WLHImagVolume_a4_p": 0.0030378539,
  "WLHImagVolume_W0_n": 2.987979861,
  "WLHImagVolume_W1_n": 0.2444744032,
  "WLHImagVolume_W2_n": 0.0003526008,
  "WLHImagVolume_W3_n": 9.1297531708,
  "WLHImagVolume_W4_n": 0.0201549461,
  "WLHImagVolume_r0_n": 0.6288586925,
  "WLHImagVolume_r1_n": 64.5252786645,
  "WLHImagVolume_r2_n": 0.6491470956,
  "WLHImagVolume_r3_n": 77.7904117541,
  "WLHImagVolume_r4_n": 1.0233240731,
  "WLHImagVolume_r5_n": 4.2312e-06,
  "WLHImagVolume_a0_n": 0.2533484553,
  "WLHImagVolume_a1_n": 0.5703100784,
  "WLHImagVolume_a2_n": 6.8950820111,
  "WLHImagVolume_a3_n": 0.0553183424,
  "WLHImagVolume_a4_n": 0.0007506493,
  "WLHImagSurface_W0_p": 0.4901357172,
  "WLHImagSurface_W1_p": 5.23154e-05,
  "WLHImagSurface_W2_p": -0.1701986233,
  "WLHImagSurface_W3_p": -0.0150790878,
  "WLHImagSurface_r0_p": 0.7563583173,
  "WLHImagSurface_r1_p": -0.2260436774,
  "WLHImagSurface_r2_p": -0.0005092374,
  "WLHImagSurface_a0_p": 0.7372950109,
  "WLHImagSurface_W0_n": 1.4165004447,
  "WLHImagSurface_W1_n": 0.0299106942,
  "WLHImagSurface_W2_n": 1.7431102871,
  "WLHImagSurface_W3_n": 0.110379607,
  "WLHImagSurface_r0_n": 1.2610807703,
  "WLHImagSurface_r1_n": 1.4042146648,
  "WLHImagSurface_r2_n": 0.0029752138,
  "WLHImagSurface_a0_n": 0.8496469326,
  "WLHRealSpinOrbit_V0_p": 9.2730756582,
  "WLHRealSpinOrbit_V1_p": 0.0088714336,
  "WLHRealSpinOrbit_r0_p": 1.3507352752,
  "WLHRealSpinOrbit_r1_p": 0.9758803061,
  "WLHRealSpinOrbit_a0_p": 0.8602624189,
  "WLHRealSpinOrbit_a1_p": 0.0003620465,
  "WLHRealSpinOrbit_V0_n": 9.937996051,
  "WLHRealSpinOrbit_V1_n": 0.0088004298,
  "WLHRealSpinOrbit_r0_n": 1.2720999028,
  "WLHRealSpinOrbit_r1_n": 0.8653578951,
  "WLHRealSpinOrbit_a0_n": 0.8045566116,
  "WLHRealSpinOrbit_a1_n": 0.0003471634
}