{
  "WLHReal_V0_p": 50.6176903836,
  "WLHReal_V1_p": 0.2854998962,
  "WLHReal_V2_p": -0.0007587158,
  "WLHReal_V3_p": 4.6521e-06,
  "WLHReal_V4_p": 11.3333757788,
  "WLHReal_V5_p": 0.1326064225,
  "WLHReal_V6_p": 0.0005350309,
  "WLHReal_r0_p": 1.3641374348,
  "WLHReal_r1_p": 0.2915823065,
  "WLHReal_r2_p": 0.0009838618,
  "WLHReal_r3_p": 1.12427e-05,
  "WLHReal_a0_p": 0.8039792729,
  "WLHReal_a1_p": 2.55535e-05,
  "WLHReal_a2_p": 1.03318e-05,
  "WLHReal_a3_p": -0.0186352771,
  "WLHReal_a4_p": 0.5305773805,
  "WLHReal_V0_n": 53.9197133072,
  "WLHReal_V1_n": 0.2875580755,
  "WLHReal_V2_n": 0.0001937148,
  "WLHReal_V3_n": 4.648e-07,
  "WLHReal_V4_n": 21.9812751314,
  "WLHReal_V5_n": 0.248020457,
  "WLHReal_V6_n": 0.0006927145,
  "WLHReal_r0_n": 1.2440604754,
  "WLHReal_r1_n": 0.2477632712,
  "WLHReal_r2_n": 0.0006938767,
  "WLHReal_r3_n": 4.9849e-06,
  "WLHReal_a0_n": 0.7192957622,
  "WLHReal_a1_n": 0.0005361187,
  "WLHReal_a2_n": 5.9501e-06,
  "WLHReal_a3_n": 0.2822746399,
  "WLHReal_a4_n": 0.8276581502,
  "WLHImagVolume_W0_p": 5.4027519732,
  "WLHImagVolume_W1_p": 0.216395885,
  "WLHImagVolume_W2_p": 0.0003173976,
  "WLHImagVolume_W3_p": 9.3697577679,
  "WLHImagVolume_W4_p": 0.0852637975,
  "WLHImagVolume_r0_p": 0.7406857824,
  "WLHImagVolume_r1_p": 41.3671250375,
  "WLHImagVolume_r2_p": 0.5920771283,
  "WLHImagVolume_r3_p": 56.3810925401,
  "WLHImagVolume_r4_p": 0.6251533781,
  "WLHImagVolume_r5_p": 1.3219e-06,
  "WLHImagVolume_a0_p": 0.6083087732,
  "WLHImagVolume_a1_p": 0.2620724144,
  "WLHImagVolume_a2_p": 14.4750400749,
  "WLHImagVolume_a3_p": 0.4488420037,
  "WLHImagVolume_a4_p": 0.0030365995,
  "WLHImagVolume_W0_n": 2.3855529326,
  "WLHImagVolume_W1_n": 0.2050003452,
  "WLHImagVolume_W2_n": 0.0002388669,
  "WLHImagVolume_W3_n": 8.1572286057,
  "WLHImagVolume_W4_n": 0.0244713167,
  "WLHImagVolume_r0_n": 0.5965792236,
  "WLHImagVolume_r1_n": 67.7237025472,
  "WLHImagVolume_r2_n": 0.6421735583,
  "WLHImagVolume_r3_n": 71.3596334255,
  "WLHImagVolume_r4_n": 0.9461918835,
  "WLHImagVolume_r5_n": 3.1024e-06,
  "WLHImagVolume_a0_n": 0.1989455897,
  "WLHImagVolume_a1_n": 0.6018712839,
  "WLHImagVolume_a2_n": 8.8242627842,
  "WLHImagVolume_a3_n": 0.0535162605,
  "WLHImagVolume_a4_n": 0.0005722308,
  "WLHImagSurface_W0_p": 0.6444468818,
  "WLHImagSurface_W1_p": 0.019824507,
  "WLHImagSurface_W2_p": 0.2722102546,
  "WLHImagSurface_W3_p": 0.0676113772,
  "WLHImagSurface_r0_p": 0.8187065352,
  "WLHImagSurface_r1_p": 0.0107475125,
  "WLHImagSurface_r2_p": -6.24081e-05,
  "WLHImagSurface_a0_p": 0.7574346518,
  "WLHImagSurface_W0_n": 1.4467470706,
  "WLHImagSurface_W1_n": 0.0197326417,
  "WLHImagSurface_W2_n": 1.5583002507,
  "WLHImagSurface_W3_n": 0.0705502036,
  "WLHImagSurface_r0_n": 1.2621938067,
  "WLHImagSurface_r1_n": 1.2956724204,
  "WLHImagSurface_r2_n": 0.0037890576,
  "WLHImagSurface_a0_n": 0.8296555313,
  "WLHRealSpinOrbit_V0_p": 9.1248689104,
  "WLHRealSpinOrbit_V1_p": 0.0086785162,
  "WLHRealSpinOrbit_r0_p": 1.3438969004,
  "WLHRealSpinOrbit_r1_p": 0.9693286792,
  "WLHRealSpinOrbit_a0_p": 0.8536901852,
  "WLHRealSpinOrbit_a1_p": 0.0003527203,
  "WLHRealSpinOrbit_V0_n": 10.0943280854,
  "WLHRealSpinOrbit_V1_n": 0.0085508732,
  "WLHRealSpinOrbit_r0_n": 1.2303943366,
  "WLHRealSpinOrbit_r1_n": 0.8029621593,
  "WLHRealSpinOrbit_a0_n": 0.7720248507,
  "WLHRealSpinOrbit_a1_n": 0.0003474731
}