{
  "WLHReal_V0_p": 56.8909404597,
  "WLHReal_V1_p": 0.3199109055,
  "WLHReal_V2_p": 0.0003215551,
  "WLHReal_V3_p": 1.2531e-06,
  "WLHReal_V4_p": 13.690732865,
  "WLHReal_V5_p": 0.1436910623,
  "WLHReal_V6_p": 0.0002196995,
  "WLHReal_r0_p": 1.269796191,
  "WLHReal_r1_p": 0.3330577449,
  "WLHReal_r2_p": 0.0006852709,
  "WLHReal_r3_p": 3.0674e-06,
  "WLHReal_a0_p": 0.7697619099,
  "WLHReal_a1_p": 0.0002557851,
  "WLHReal_a2_p": 1.9966e-06,
  "WLHReal_a3_p": 0.1023073265,
  "WLHReal_a4_p": 0.5980558332,
  "WLHReal_V0_n": 49.7387495042,
  "WLHReal_V1_n": 0.2403277209,
  "WLHReal_V2_n": -0.0005669041,
  "WLHReal_V3_n": 3.9657e-06,
  "WLHReal_V4_n": 21.8440713834,
  "WLHReal_V5_n": 0.2908653598,
  "WLHReal_V6_n": 0.0012885041,
  "WLHReal_r0_n": 1.3111211695,
  "WLHReal_r1_n": 0.2710271379,
  "WLHReal_r2_n": 0.0010655688,
  "WLHReal_r3_n": 1.23242e-05,
  "WLHReal_a0_n": 0.7500565834,
  "WLHReal_a1_n": 0.0010877731,
  "WLHReal_a2_n": 1.52145e-05,
  "WLHReal_a3_n": 0.350883237,
  "WLHReal_a4_n": 0.9913643739,
  "WLHImagVolume_W0_p": 4.0029113372,
  "WLHImagVolume_W1_p": 0.2704656933,
  "WLHImagVolume_W2_p": 0.0004633044,
  "WLHImagVolume_W3_p": 13.8972850977,
  "WLHImagVolume_W4_p": 0.0815618209,
  "WLHImagVolume_r0_p": 0.5507797471,
  "WLHImagVolume_r1_p": 52.071948724,
  "WLHImagVolume_r2_p": 0.6655532927,
  "WLHImagVolume_r3_p": 60.4447548094,
  "WLHImagVolume_r4_p": 0.6316319881,
  "WLHImagVolume_r5_p": 2.0144e-06,
  "WLHImagVolume_a0_p": 0.5393350676,
  "WLHImagVolume_a1_p": 0.2754963691,
  "WLHImagVolume_a2_p": 14.0206253268,
  "WLHImagVolume_a3_p": 0.4125377234,
  "WLHImagVolume_a4_p": 0.0022220188,
  "WLHImagVolume_W0_n": 2.5995249495,
  "WLHImagVolume_W1_n": 0.1836996439,
  "WLHImagVolume_W2_n": 0.0002052442,
  "WLHImagVolume_W3_n": 7.9911831934,
  "WLHImagVolume_W4_n": -0.0201101681,
  "WLHImagVolume_r0_n": 0.6336609902,
  "WLHImagVolume_r1_n": 73.5194199969,
  "WLHImagVolume_r2_n": 0.6662390996,
  "WLHImagVolume_r3_n": 83.8516727795,
  "WLHImagVolume_r4_n": 1.0022295463,
  "WLHImagVolume_r5_n": 4.8217e-06,
  "WLHImagVolume_a0_n": 0.2582119753,
  "WLHImagVolume_a1_n": 0.5667884535,
  "WLHImagVolume_a2_n": 7.8162113692,
  "WLHImagVolume_a3_n": 0.0852112486,
  "WLHImagVolume_a4_n": 0.0007679874,
  "WLHImagSurface_W0_p": 1.0799101745,
  "WLHImagSurface_W1_p": 0.049908137,
  "WLHImagSurface_W2_p": 1.3004733032,
  "WLHImagSurface_W3_p": 0.1809035656,
  "WLHImagSurface_r0_p": 1.0378018192,
  "WLHImagSurface_r1_p": 0.8242934249,
  "WLHImagSurface_r2_p": 0.0066126116,
  "WLHImagSurface_a0_p": 0.7481118389,
  "WLHImagSurface_W0_n": 0.9777848378,
  "WLHImagSurface_W1_n": 0.0221552633,
  "WLHImagSurface_W2_n": 1.0849731831,
  "WLHImagSurface_W3_n": 0.0997010115,
  "WLHImagSurface_r0_n": 1.2780979553,
  "WLHImagSurface_r1_n": 1.3705164744,
  "WLHImagSurface_r2_n": 0.00224442,
  "WLHImagSurface_a0_n": 0.8691027823,
  "WLHRealSpinOrbit_V0_p": 9.9580263822,
  "WLHRealSpinOrbit_V1_p": 0.0083980767,
  "WLHRealSpinOrbit_r0_p": 1.228236739,
  "WLHRealSpinOrbit_r1_p": 0.8005004318,
  "WLHRealSpinOrbit_a0_p": 0.7682608796,
  "WLHRealSpinOrbit_a1_p": 0.000341903,
  "WLHRealSpinOrbit_V0_n": 9.7003671425,
  "WLHRealSpinOrbit_V1_n": 0.0087852686,
  "WLHRealSpinOrbit_r0_n": 1.3022471953,
  "WLHRealSpinOrbit_r1_n": 0.8970729712,
  "WLHRealSpinOrbit_a0_n": 0.8227353067,
  "WLHRealSpinOrbit_a1_n": 0.0003714992
}