{
  "WLHReal_V0_p": 55.8474079947,
  "WLHReal_V1_p": 0.3038839044,
  "WLHReal_V2_p": -0.0003457937,
  "WLHReal_V3_p": 2.8232e-06,
  "WLHReal_V4_p": 12.5082162177,
  "WLHReal_V5_p": 0.1513532369,
  "WLHReal_V6_p": 0.0004689807,
  "WLHReal_r0_p": 1.3134196927,
  "WLHReal_r1_p": 0.3266592873,
  "WLHReal_r2_p": 0.0009531188,
  "WLHReal_r3_p": 8.2485e-06,
  "WLHReal_a0_p": 0.7987838957,
  "WLHReal_a1_p": 0.0002805671,
  "WLHReal_a2_p": 5.8556e-06,
  "WLHReal_a3_p": 0.0504500069,
  "WLHReal_a4_p": 0.6070710903,
  "WLHReal_V0_n": 56.2233309142,
  "WLHReal_V1_n": 0.3147631696,
  "WLHReal_V2_n": 0.0004256794,
  "WLHReal_V3_n": 2.946e-07,
  "WLHReal_V4_n": 21.3962483345,
  "WLHReal_V5_n": 0.2455521663,
  "WLHReal_V6_n": 0.0004890327,
  "WLHReal_r0_n": 1.2454395621,
  "WLHReal_r1_n": 0.3228664081,
  "WLHReal_r2_n": 0.0004895982,
  "WLHReal_r3_n": 7.278e-07,
  "WLHReal_a0_n": 0.7109365157,
  "WLHReal_a1_n": 0.000240168,
  "WLHReal_a2_n": -1.894e-07,
  "WLHReal_a3_n": 0.1942919232,
  "WLHReal_a4_n": 0.6634175557,
  "WLHImagVolume_W0_p": 5.5158003724,
  "WLHImagVolume_W1_p": 0.3027712925,
  "WLHImagVolume_W2_p": 0.0004230821,
  "WLHImagVolume_W3_p": 13.2186890091,
  "WLHImagVolume_W4_p": 0.1026430412,
  "WLHImagVolume_r0_p": 0.7267638288,
  "WLHImagVolume_r1_p": 31.7782807259,
  "WLHImagVolume_r2_p": 0.5350717133,
  "WLHImagVolume_r3_p": 46.1340673686,
  "WLHImagVolume_r4_p": 0.7536890976,
  "WLHImagVolume_r5_p": 1.9246e-06,
  "WLHImagVolume_a0_p": 0.6187589423,
  "WLHImagVolume_a1_p": 0.2235539688,
  "WLHImagVolume_a2_p": 10.1787296594,
  "WLHImagVolume_a3_p": 0.4909951215,
  "WLHImagVolume_a4_p": 0.0034954173,
  "WLHImagVolume_W0_n": 2.44415111,
  "WLHImagVolume_W1_n": 0.2616823385,
  "WLHImagVolume_W2_n": 0.0004635896,
  "WLHImagVolume_W3_n": 8.4506847336,
  "WLHImagVolume_W4_n": 0.0609057042,
  "WLHImagVolume_r0_n": 0.5295641784,
  "WLHImagVolume_r1_n": 71.8103820575,
  "WLHImagVolume_r2_n": 0.7085369832,
  "WLHImagVolume_r3_n": 72.5411713055,
  "WLHImagVolume_r4_n": 0.8964008653,
  "WLHImagVolume_r5_n": 2.4214e-06,
  "WLHImagVolume_a0_n": 0.189031399,
  "WLHImagVolume_a1_n": 0.6226095411,
  "WLHImagVolume_a2_n": 8.3756983627,
  "WLHImagVolume_a3_n": 0.0426146933,
  "WLHImagVolume_a4_n": 0.0006581221,
  "WLHImagSurface_W0_p": 0.5789195318,
  "WLHImagSurface_W1_p": 0.0118595039,
  "WLHImagSurface_W2_p": 0.2448716424,
  "WLHImagSurface_W3_p": 0.0480983097,
  "WLHImagSurface_r0_p": 0.8099489373,
  "WLHImagSurface_r1_p": 0.4158213708,
  "WLHImagSurface_r2_p": 0.0022996698,
  "WLHImagSurface_a0_p": 0.6309824765,
  "WLHImagSurface_W0_n": 1.9179835955,
  "WLHImagSurface_W1_n": 0.031949205,
  "WLHImagSurface_W2_n": 2.7153280392,
  "WLHImagSurface_W3_n": 0.1072009407,
  "WLHImagSurface_r0_n": 1.2709147165,
  "WLHImagSurface_r1_n": 1.3766183943,
  "WLHImagSurface_r2_n": 0.0044482865,
  "WLHImagSurface_a0_n": 0.8156853592,
  "WLHRealSpinOrbit_V0_p": 9.9297013034,
  "WLHRealSpinOrbit_V1_p": 0.0089565456,
  "WLHRealSpinOrbit_r0_p": 1.2816180378,
  "WLHRealSpinOrbit_r1_p": 0.8927838238,
  "WLHRealSpinOrbit_a0_p": 0.81627732,
  "WLHRealSpinOrbit_a1_p": 0.0003219942,
  "WLHRealSpinOrbit_V0_n": 9.9579111918,
  "WLHRealSpinOrbit_V1_n": 0.0082833058,
  "WLHRealSpinOrbit_r0_n": 1.2171972398,
  "WLHRealSpinOrbit_r1_n": 0.7825245016,
  "WLHRealSpinOrbit_a0_n": 0.7587358792,
  "WLHRealSpinOrbit_a1_n": 0.000345001
}