{
  "WLHReal_V0_p": 52.3201071788,
  "WLHReal_V1_p": 0.2797836609,
  "WLHReal_V2_p": -0.0004801782,
  "WLHReal_V3_p": 3.5147e-06,
  "WLHReal_V4_p": 12.6161803986,
  "WLHReal_V5_p": 0.1402720033,
  "WLHReal_V6_p": 0.0004700183,
  "WLHReal_r0_p": 1.3353788622,
  "WLHReal_r1_p": 0.3115476398,
  "WLHReal_r2_p": 0.0008265914,
  "WLHReal_r3_p": 8.8559e-06,
  "WLHReal_a0_p": 0.7912801511,
  "WLHReal_a1_p": 0.0001197779,
  "WLHReal_a2_p": 7.1154e-06,
  "WLHReal_a3_p": 0.0046995235,
  "WLHReal_a4_p": 0.5157708979,
  "WLHReal_V0_n": 52.1228161345,
  "WLHReal_V1_n": 0.2701637706,
  "WLHReal_V2_n": -0.000906562,
  "WLHReal_V3_n": 5.243e-06,
  "WLHReal_V4_n": 20.0888803243,
  "WLHReal_V5_n": 0.3412157479,
  "WLHReal_V6_n": 0.0015696041,
  "WLHReal_r0_n": 1.3774605157,
  "WLHReal_r1_n": 0.4571332833,
  "WLHReal_r2_n": 0.0010831538,
  "WLHReal_r3_n": 1.16096e-05,
  "WLHReal_a0_n": 0.77075858,
  "WLHReal_a1_n": 0.0010469309,
  "WLHReal_a2_n": 1.53384e-05,
  "WLHReal_a3_n": 0.2315473649,
  "WLHReal_a4_n": 0.8469264927,
  "WLHImagVolume_W0_p": 4.9541150693,
  "WLHImagVolume_W1_p": 0.2223460991,
  "WLHImagVolume_W2_p": 0.0002513943,
  "WLHImagVolume_W3_p": 9.9812790638,
  "WLHImagVolume_W4_p": 0.084365988,
  "WLHImagVolume_r0_p": 0.746531692,
  "WLHImagVolume_r1_p": 33.2625448437,
  "WLHImagVolume_r2_p": 0.545805885,
  "WLHImagVolume_r3_p": 47.1912157612,
  "WLHImagVolume_r4_p": 0.6823494904,
  "WLHImagVolume_r5_p": 1.4912e-06,
  "WLHImagVolume_a0_p": 0.6004586876,
  "WLHImagVolume_a1_p": 0.2450340329,
  "WLHImagVolume_a2_p": 12.4201956858,
  "WLHImagVolume_a3_p": 0.4539150185,
  "WLHImagVolume_a4_p": 0.0030299995,
  "WLHImagVolume_W0_n": 3.6207288964,
  "WLHImagVolume_W1_n": 0.3356525831,
  "WLHImagVolume_W2_n": 0.000803438,
  "WLHImagVolume_W3_n": 9.8722487064,
  "WLHImagVolume_W4_n": 0.0349091439,
  "WLHImagVolume_r0_n": 0.5478068609,
  "WLHImagVolume_r1_n": 82.5164822389,
  "WLHImagVolume_r2_n": 0.8119599896,
  "WLHImagVolume_r3_n": 99.7109876195,
  "WLHImagVolume_r4_n": 0.9827685573,
  "WLHImagVolume_r5_n": 5.2886e-06,
  "WLHImagVolume_a0_n": 0.3154494785,
  "WLHImagVolume_a1_n": 0.5570874279,
  "WLHImagVolume_a2_n": 3.9658318247,
  "WLHImagVolume_a3_n": 0.0626805199,
  "WLHImagVolume_a4_n": 0.0010031246,
  "WLHImagSurface_W0_p": 0.7142198062,
  "WLHImagSurface_W1_p": 0.0239345642,
  "WLHImagSurface_W2_p": 0.6647198671,
  "WLHImagSurface_W3_p": 0.0872193841,
  "WLHImagSurface_r0_p": 0.8310539664,
  "WLHImagSurface_r1_p": 0.2039334127,
  "WLHImagSurface_r2_p": 0.0019197105,
  "WLHImagSurface_a0_p": 0.6891301706,
  "WLHImagSurface_W0_n": 1.829559075,
  "WLHImagSurface_W1_n": 0.0624697654,
  "WLHImagSurface_W2_n": 3.4730495419,
  "WLHImagSurface_W3_n": 0.2324926336,
  "WLHImagSurface_r0_n": 1.302421106,
  "WLHImagSurface_r1_n": 1.7011721548,
  "WLHImagSurface_r2_n": 0.0021645599,
  "WLHImagSurface_a0_n": 0.8763685305,
  "WLHRealSpinOrbit_V0_p": 9.4982651693,
  "WLHRealSpinOrbit_V1_p": 0.0087014274,
  "WLHRealSpinOrbit_r0_p": 1.3106573203,
  "WLHRealSpinOrbit_r1_p": 0.9159586823,
  "WLHRealSpinOrbit_a0_p": 0.8289650248,
  "WLHRealSpinOrbit_a1_p": 0.0003569062,
  "WLHRealSpinOrbit_V0_n": 9.1332841478,
  "WLHRealSpinOrbit_V1_n": 0.0086411423,
  "WLHRealSpinOrbit_r0_n": 1.344499485,
  "WLHRealSpinOrbit_r1_n": 0.9617901752,
  "WLHRealSpinOrbit_a0_n": 0.8505882192,
  "WLHRealSpinOrbit_a1_n": 0.000360499
}