{
  "WLHReal_V0_p": 52.4220898044,
  "WLHReal_V1_p": 0.2746129838,
  "WLHReal_V2_p": -0.0005219076,
  "WLHReal_V3_p": 3.3679e-06,
  "WLHReal_V4_p": 12.8955273702,
  "WLHReal_V5_p": 0.1320871805,
  "WLHReal_V6_p": 0.0004731353,
  "WLHReal_r0_p": 1.3184585103,
  "WLHReal_r1_p": 0.2593184465,
  "WLHReal_r2_p": 0.0009388996,
  "WLHReal_r3_p": 9.9778e-06,
  "WLHReal_a0_p": 0.7896209641,
  "WLHReal_a1_p": 0.0001060864,
  "WLHReal_a2_p": 8.8226e-06,
  "WLHReal_a3_p": -0.0005204429,
  "WLHReal_a4_p": 0.5341759875,
  "WLHReal_V0_n": 52.4764206661,
  "WLHReal_V1_n": 0.2740420866,
  "WLHReal_V2_n": -0.0007650677,
  "WLHReal_V3_n": 3.7262e-06,
  "WLHReal_V4_n": 20.8813282494,
  "WLHReal_V5_n": 0.3211079053,
  "WLHReal_V6_n": 0.0015358827,
  "WLHReal_r0_n": 1.3231572402,
  "WLHReal_r1_n": 0.3179583088,
  "WLHReal_r2_n": 0.0011961476,
  "WLHReal_r3_n": 1.38232e-05,
  "WLHReal_a0_n": 0.766300289,
  "WLHReal_a1_n": 0.0011503067,
  "WLHReal_a2_n": 1.62533e-05,
  "WLHReal_a3_n": 0.3242362885,
  "WLHReal_a4_n": 1.0211383005,
  "WLHImagVolume_W0_p": 5.0080256556,
  "WLHImagVolume_W1_p": 0.2173757012,
  "WLHImagVolume_W2_p": 0.0001611335,
  "WLHImagVolume_W3_p": 10.1010077979,
  "WLHImagVolume_W4_p": 0.0828941631,
  "WLHImagVolume_r0_p": 0.8407348363,
  "WLHImagVolume_r1_p": 23.5496934032,
  "WLHImagVolume_r2_p": 0.4414737382,
  "WLHImagVolume_r3_p": 41.8311292244,
  "WLHImagVolume_r4_p": 0.7863960086,
  "WLHImagVolume_r5_p": 2.2294e-06,
  "WLHImagVolume_a0_p": 0.6107636454,
  "WLHImagVolume_a1_p": 0.2236310146,
  "WLHImagVolume_a2_p": 10.6840601395,
  "WLHImagVolume_a3_p": 0.4672985819,
  "WLHImagVolume_a4_p": 0.0032220428,
  "WLHImagVolume_W0_n": 3.78740412,
  "WLHImagVolume_W1_n": 0.2913917287,
  "WLHImagVolume_W2_n": 0.000565473,
  "WLHImagVolume_W3_n": 10.3810270151,
  "WLHImagVolume_W4_n": 0.0224745356,
  "WLHImagVolume_r0_n": 0.6380205444,
  "WLHImagVolume_r1_n": 69.180980607,
  "WLHImagVolume_r2_n": 0.6777094668,
  "WLHImagVolume_r3_n": 89.6235600214,
  "WLHImagVolume_r4_n": 1.0333623896,
  "WLHImagVolume_r5_n": 5.2682e-06,
  "WLHImagVolume_a0_n": 0.2980873531,
  "WLHImagVolume_a1_n": 0.5384123254,
  "WLHImagVolume_a2_n": 4.2581335945,
  "WLHImagVolume_a3_n": 0.036838254,
  "WLHImagVolume_a4_n": 0.0006065612,
  "WLHImagSurface_W0_p": 0.5273528656,
  "WLHImagSurface_W1_p": 0.0026459755,
  "WLHImagSurface_W2_p": 0.0424212931,
  "WLHImagSurface_W3_p": 0.0025013124,
  "WLHImagSurface_r0_p": 0.7797308571,
  "WLHImagSurface_r1_p": 0.1115479541,
  "WLHImagSurface_r2_p": 0.0015402325,
  "WLHImagSurface_a0_p": 0.6638228738,
  "WLHImagSurface_W0_n": 1.6228926469,
  "WLHImagSurface_W1_n": 0.0487618387,
  "WLHImagSurface_W2_n": 2.2150438258,
  "WLHImagSurface_W3_n": 0.1686638387,
  "WLHImagSurface_r0_n": 1.2718249502,
  "WLHImagSurface_r1_n": 1.5698236097,
  "WLHImagSurface_r2_n": 0.0022854177,
  "WLHImagSurface_a0_n": 0.8683233926,
  "WLHRealSpinOrbit_V0_p": 9.7685268955,
  "WLHRealSpinOrbit_V1_p": 0.0089598895,
  "WLHRealSpinOrbit_r0_p": 1.3048399726,
  "WLHRealSpinOrbit_r1_p": 0.9159226045,
  "WLHRealSpinOrbit_a0_p": 0.8303527965,
  "WLHRealSpinOrbit_a1_p": 0.0003455003,
  "WLHRealSpinOrbit_V0_n": 9.7048009201,
  "WLHRealSpinOrbit_V1_n": 0.0090099328,
  "WLHRealSpinOrbit_r0_n": 1.3118461627,
  "WLHRealSpinOrbit_r1_n": 0.9344109698,
  "WLHRealSpinOrbit_a0_n": 0.8379788678,
  "WLHRealSpinOrbit_a1_n": 0.0003319639
}