{
  "WLHReal_V0_p": 48.259014209,
  "WLHReal_V1_p": 0.2538987381,
  "WLHReal_V2_p": -0.0013576233,
  "WLHReal_V3_p": 6.3374e-06,
  "WLHReal_V4_p": 10.754424974,
  "WLHReal_V5_p": 0.139907563,
  "WLHReal_V6_p": 0.0007524303,
  "WLHReal_r0_p": 1.4121439725,
  "WLHReal_r1_p": 0.3022047522,
  "WLHReal_r2_p": 0.00106346,
  "WLHReal_r3_p": 1.49757e-05,
  "WLHReal_a0_p": 0.8227912731,
  "WLHReal_a1_p": 5.1396e-06,
  "WLHReal_a2_p": 1.35471e-05,
  "WLHReal_a3_p": -0.084822489,
  "WLHReal_a4_p": 0.4719046172,
  "WLHReal_V0_n": 57.3260518214,
  "WLHReal_V1_n": 0.3458173929,
  "WLHReal_V2_n": 0.0005248316,
  "WLHReal_V3_n": 2.534e-07,
  "WLHReal_V4_n": 21.1265699616,
  "WLHReal_V5_n": 0.2398411811,
  "WLHReal_V6_n": 0.000501459,
  "WLHReal_r0_n": 1.2169744774,
  "WLHReal_r1_n": 0.2506220322,
  "WLHReal_r2_n": 0.0005923963,
  "WLHReal_r3_n": 3.0687e-06,
  "WLHReal_a0_n": 0.711595855,
  "WLHReal_a1_n": 0.0003522505,
  "WLHReal_a2_n": 2.1699e-06,
  "WLHReal_a3_n": 0.2353481166,
  "WLHReal_a4_n": 0.7782906187,
  "WLHImagVolume_W0_p": 6.3411676513,
  "WLHImagVolume_W1_p": 0.2049047674,
  "WLHImagVolume_W2_p": 0.00017011,
  "WLHImagVolume_W3_p": 7.0126965144,
  "WLHImagVolume_W4_p": 0.0953805184,
  "WLHImagVolume_r0_p": 0.9015482649,
  "WLHImagVolume_r1_p": 21.0969779043,
  "WLHImagVolume_r2_p": 0.478411258,
  "WLHImagVolume_r3_p": 39.9363963848,
  "WLHImagVolume_r4_p": 0.69950147,
  "WLHImagVolume_r5_p": 1.3436e-06,
  "WLHImagVolume_a0_p": 0.6695772327,
  "WLHImagVolume_a1_p": 0.2215048951,
  "WLHImagVolume_a2_p": 11.5268519539,
  "WLHImagVolume_a3_p": 0.5032175636,
  "WLHImagVolume_a4_p": 0.0039654613,
  "WLHImagVolume_W0_n": 2.8934052636,
  "WLHImagVolume_W1_n": 0.2734413318,
  "WLHImagVolume_W2_n": 0.0005522034,
  "WLHImagVolume_W3_n": 9.3277936823,
  "WLHImagVolume_W4_n": 0.0740497251,
  "WLHImagVolume_r0_n": 0.5329528405,
  "WLHImagVolume_r1_n": 74.8068897003,
  "WLHImagVolume_r2_n": 0.6863330423,
  "WLHImagVolume_r3_n": 75.0579925339,
  "WLHImagVolume_r4_n": 0.8403109877,
  "WLHImagVolume_r5_n": 1.0988e-06,
  "WLHImagVolume_a0_n": 0.1743513788,
  "WLHImagVolume_a1_n": 0.6138671081,
  "WLHImagVolume_a2_n": 7.198934651,
  "WLHImagVolume_a3_n": 0.001207662,
  "WLHImagVolume_a4_n": 0.0001245569,
  "WLHImagSurface_W0_p": 0.3178857677,
  "WLHImagSurface_W1_p": -0.0022558246,
  "WLHImagSurface_W2_p": -0.1441131974,
  "WLHImagSurface_W3_p": -0.0054493476,
  "WLHImagSurface_r0_p": 0.6259878479,
  "WLHImagSurface_r1_p": -0.4010189857,
  "WLHImagSurface_r2_p": -0.0035128736,
  "WLHImagSurface_a0_p": 0.6500473192,
  "WLHImagSurface_W0_n": 2.2464275264,
  "WLHImagSurface_W1_n": 0.0409077062,
  "WLHImagSurface_W2_n": 2.8156967341,
  "WLHImagSurface_W3_n": 0.1145426944,
  "WLHImagSurface_r0_n": 1.271356319,
  "WLHImagSurface_r1_n": 1.420932288,
  "WLHImagSurface_r2_n": 0.0047495523,
  "WLHImagSurface_a0_n": 0.8084340493,
  "WLHRealSpinOrbit_V0_p": 8.9351668359,
  "WLHRealSpinOrbit_V1_p": 0.0090135608,
  "WLHRealSpinOrbit_r0_p": 1.4002277707,
  "WLHRealSpinOrbit_r1_p": 1.0493725865,
  "WLHRealSpinOrbit_a0_p": 0.8967568544,
  "WLHRealSpinOrbit_a1_p": 0.000359873,
  "WLHRealSpinOrbit_V0_n": 10.0990392088,
  "WLHRealSpinOrbit_V1_n": 0.0083856063,
  "WLHRealSpinOrbit_r0_n": 1.2000380069,
  "WLHRealSpinOrbit_r1_n": 0.7795112775,
  "WLHRealSpinOrbit_a0_n": 0.7540846021,
  "WLHRealSpinOrbit_a1_n": 0.000310346
}