{
  "WLHReal_V0_p": 54.4880689146,
  "WLHReal_V1_p": 0.3099593068,
  "WLHReal_V2_p": -0.0002760652,
  "WLHReal_V3_p": 1.5014e-06,
  "WLHReal_V4_p": 12.2150568623,
  "WLHReal_V5_p": 0.1368828906,
  "WLHReal_V6_p": 0.0004008743,
  "WLHReal_r0_p": 1.3119056342,
  "WLHReal_r1_p": 0.2923726123,
  "WLHReal_r2_p": 0.0009639623,
  "WLHReal_r3_p": 8.7412e-06,
  "WLHReal_a0_p": 0.792714239,
  "WLHReal_a1_p": 0.000163788,
  "WLHReal_a2_p": 7.0283e-06,
  "WLHReal_a3_p": 0.0477877722,
  "WLHReal_a4_p": 0.6056035681,
  "WLHReal_V0_n": 52.7776170011,
  "WLHReal_V1_n": 0.2828826178,
  "WLHReal_V2_n": -0.0003329145,
  "WLHReal_V3_n": 3.3108e-06,
  "WLHReal_V4_n": 20.7757840102,
  "WLHReal_V5_n": 0.2946990609,
  "WLHReal_V6_n": 0.0010955006,
  "WLHReal_r0_n": 1.3205895243,
  "WLHReal_r1_n": 0.3760781399,
  "WLHReal_r2_n": 0.0008494175,
  "WLHReal_r3_n": 7.2274e-06,
  "WLHReal_a0_n": 0.7436397891,
  "WLHReal_a1_n": 0.0007718473,
  "WLHReal_a2_n": 9.591e-06,
  "WLHReal_a3_n": 0.2366363992,
  "WLHReal_a4_n": 0.7972958027,
  "WLHImagVolume_W0_p": 5.0597191914,
  "WLHImagVolume_W1_p": 0.2673301315,
  "WLHImagVolume_W2_p": 0.0004306848,
  "WLHImagVolume_W3_p": 12.5754774699,
  "WLHImagVolume_W4_p": 0.0895964843,
  "WLHImagVolume_r0_p": 0.6764373894,
  "WLHImagVolume_r1_p": 44.3370185258,
  "WLHImagVolume_r2_p": 0.5958977085,
  "WLHImagVolume_r3_p": 58.2102961744,
  "WLHImagVolume_r4_p": 0.6782268168,
  "WLHImagVolume_r5_p": 1.8893e-06,
  "WLHImagVolume_a0_p": 0.5874630051,
  "WLHImagVolume_a1_p": 0.2571275008,
  "WLHImagVolume_a2_p": 13.3233467084,
  "WLHImagVolume_a3_p": 0.4482521143,
  "WLHImagVolume_a4_p": 0.0028839465,
  "WLHImagVolume_W0_n": 2.8601920633,
  "WLHImagVolume_W1_n": 0.2727668897,
  "WLHImagVolume_W2_n": 0.0005887212,
  "WLHImagVolume_W3_n": 8.6455034637,
  "WLHImagVolume_W4_n": 0.0320908841,
  "WLHImagVolume_r0_n": 0.5322111233,
  "WLHImagVolume_r1_n": 83.0470254555,
  "WLHImagVolume_r2_n": 0.7753831424,
  "WLHImagVolume_r3_n": 89.6977935563,
  "WLHImagVolume_r4_n": 0.9130998207,
  "WLHImagVolume_r5_n": 3.8729e-06,
  "WLHImagVolume_a0_n": 0.2504093653,
  "WLHImagVolume_a1_n": 0.590492671,
  "WLHImagVolume_a2_n": 6.5416102337,
  "WLHImagVolume_a3_n": 0.0629203301,
  "WLHImagVolume_a4_n": 0.0007859452,
  "WLHImagSurface_W0_p": 0.7186161202,
  "WLHImagSurface_W1_p": 0.0210310192,
  "WLHImagSurface_W2_p": 0.2884242041,
  "WLHImagSurface_W3_p": 0.0716779932,
  "WLHImagSurface_r0_p": 0.8941101104,
  "WLHImagSurface_r1_p": 0.393494065,
  "WLHImagSurface_r2_p": 0.0026429257,
  "WLHImagSurface_a0_p": 0.7397953669,
  "WLHImagSurface_W0_n": 1.731335448,
  "WLHImagSurface_W1_n": 0.0452335305,
  "WLHImagSurface_W2_n": 2.8870300645,
  "WLHImagSurface_W3_n": 0.1683454694,
  "WLHImagSurface_r0_n": 1.2971930193,
  "WLHImagSurface_r1_n": 1.5326096468,
  "WLHImagSurface_r2_n": 0.0030477904,
  "WLHImagSurface_a0_n": 0.8535128089,
  "WLHRealSpinOrbit_V0_p": 9.685625848,
  "WLHRealSpinOrbit_V1_p": 0.0087248884,
  "WLHRealSpinOrbit_r0_p": 1.2842002417,
  "WLHRealSpinOrbit_r1_p": 0.8933071947,
  "WLHRealSpinOrbit_a0_p": 0.8148504527,
  "WLHRealSpinOrbit_a1_p": 0.0003300709,
  "WLHRealSpinOrbit_V0_n": 9.4183549962,
  "WLHRealSpinOrbit_V1_n": 0.0084239253,
  "WLHRealSpinOrbit_r0_n": 1.2925472249,
  "WLHRealSpinOrbit_r1_n": 0.8847894629,
  "WLHRealSpinOrbit_a0_n": 0.8114649688,
  "WLHRealSpinOrbit_a1_n": 0.0003618501
}