{
  "WLHReal_V0_p": 58.1664179077,
  "WLHReal_V1_p": 0.3419360086,
  "WLHReal_V2_p": 0.000895317,
  "WLHReal_V3_p": -3.361e-07,
  "WLHReal_V4_p": 14.3760077089,
  "WLHReal_V5_p": 0.1389887003,
  "WLHReal_V6_p": 9.3176e-06,
  "WLHReal_r0_p": 1.2359096358,
  "WLHReal_r1_p": 0.3478972341,
  "WLHReal_r2_p": 0.0004854896,
  "WLHReal_r3_p": -1.6928e-06,
  "WLHReal_a0_p": 0.7485019337,
  "WLHReal_a1_p": 0.0002485174,
  "WLHReal_a2_p": -1.9229e-06,
  "WLHReal_a3_p": 0.1544722738,
  "WLHReal_a4_p": 0.6092621966,
  "WLHReal_V0_n": 52.3610696099,
  "WLHReal_V1_n": 0.2828616379,
  "WLHReal_V2_n": -0.0006072134,
  "WLHReal_V3_n": 3.8589e-06,
  "WLHReal_V4_n": 20.6734691973,
  "WLHReal_V5_n": 0.3112978981,
  "WLHReal_V6_n": 0.0013845453,
  "WLHReal_r0_n": 1.3236962274,
  "WLHReal_r1_n": 0.33259716,
  "WLHReal_r2_n": 0.0010910681,
  "WLHReal_r3_n": 1.21693e-05,
  "WLHReal_a0_n": 0.7585980213,
  "WLHReal_a1_n": 0.001060372,
  "WLHReal_a2_n": 1.42592e-05,
  "WLHReal_a3_n": 0.2973546051,
  "WLHReal_a4_n": 0.9560625932,
  "WLHImagVolume_W0_p": 2.8524472723,
  "WLHImagVolume_W1_p": 0.2581315121,
  "WLHImagVolume_W2_p": 0.0005708616,
  "WLHImagVolume_W3_p": 15.0351057484,
  "WLHImagVolume_W4_p": 0.0669547508,
  "WLHImagVolume_r0_p": 0.3672781999,
  "WLHImagVolume_r1_p": 73.9479528307,
  "WLHImagVolume_r2_p": 0.8130262828,
  "WLHImagVolume_r3_p": 76.3887553931,
  "WLHImagVolume_r4_p": 0.5022294574,
  "WLHImagVolume_r5_p": 1.7443e-06,
  "WLHImagVolume_a0_p": 0.4713253958,
  "WLHImagVolume_a1_p": 0.3261269797,
  "WLHImagVolume_a2_p": 17.8441637977,
  "WLHImagVolume_a3_p": 0.3457537834,
  "WLHImagVolume_a4_p": 0.0011343196,
  "WLHImagVolume_W0_n": 3.4470213354,
  "WLHImagVolume_W1_n": 0.2827106775,
  "WLHImagVolume_W2_n": 0.0006131351,
  "WLHImagVolume_W3_n": 9.6579009731,
  "WLHImagVolume_W4_n": 0.0259537124,
  "WLHImagVolume_r0_n": 0.5813102271,
  "WLHImagVolume_r1_n": 79.7089352592,
  "WLHImagVolume_r2_n": 0.7340544319,
  "WLHImagVolume_r3_n": 92.9693162829,
  "WLHImagVolume_r4_n": 0.9502844802,
  "WLHImagVolume_r5_n": 4.3297e-06,
  "WLHImagVolume_a0_n": 0.275198093,
  "WLHImagVolume_a1_n": 0.5601478722,
  "WLHImagVolume_a2_n": 4.9700732829,
  "WLHImagVolume_a3_n": 0.0425106843,
  "WLHImagVolume_a4_n": 0.0005555647,
  "WLHImagSurface_W0_p": 1.5244499638,
  "WLHImagSurface_W1_p": 0.0849977483,
  "WLHImagSurface_W2_p": 2.1964210468,
  "WLHImagSurface_W3_p": 0.3048815785,
  "WLHImagSurface_r0_p": 1.2464279492,
  "WLHImagSurface_r1_p": 1.2115035365,
  "WLHImagSurface_r2_p": 0.0101967033,
  "WLHImagSurface_a0_p": 0.8626269482,
  "WLHImagSurface_W0_n": 1.7370672978,
  "WLHImagSurface_W1_n": 0.05085906,
  "WLHImagSurface_W2_n": 2.6011783509,
  "WLHImagSurface_W3_n": 0.1778981135,
  "WLHImagSurface_r0_n": 1.2902581255,
  "WLHImagSurface_r1_n": 1.5809588195,
  "WLHImagSurface_r2_n": 0.0025819525,
  "WLHImagSurface_a0_n": 0.8637684947,
  "WLHRealSpinOrbit_V0_p": 9.9333728271,
  "WLHRealSpinOrbit_V1_p": 0.0078909917,
  "WLHRealSpinOrbit_r0_p": 1.1828416396,
  "WLHRealSpinOrbit_r1_p": 0.7248269448,
  "WLHRealSpinOrbit_a0_p": 0.727748999,
  "WLHRealSpinOrbit_a1_p": 0.0003539485,
  "WLHRealSpinOrbit_V0_n": 9.5092760813,
  "WLHRealSpinOrbit_V1_n": 0.0087363334,
  "WLHRealSpinOrbit_r0_n": 1.3070555274,
  "WLHRealSpinOrbit_r1_n": 0.9208181633,
  "WLHRealSpinOrbit_a0_n": 0.8295903201,
  "WLHRealSpinOrbit_a1_n": 0.0003411635
}