{
  "WLHReal_V0_p": 49.0340143794,
  "WLHReal_V1_p": 0.2460741685,
  "WLHReal_V2_p": -0.0008143818,
  "WLHReal_V3_p": 3.879e-06,
  "WLHReal_V4_p": 12.9104032106,
  "WLHReal_V5_p": 0.1178966177,
  "WLHReal_V6_p": 0.0005295985,
  "WLHReal_r0_p": 1.3365929492,
  "WLHReal_r1_p": 0.208598352,
  "WLHReal_r2_p": 0.0009582541,
  "WLHReal_r3_p": 1.30607e-05,
  "WLHReal_a0_p": 0.7879265506,
  "WLHReal_a1_p": -4.8363e-05,
  "WLHReal_a2_p": 1.12059e-05,
  "WLHReal_a3_p": -0.0567653885,
  "WLHReal_a4_p": 0.465835541,
  "WLHReal_V0_n": 49.2470604778,
  "WLHReal_V1_n": 0.2884943685,
  "WLHReal_V2_n": -0.0009032191,
  "WLHReal_V3_n": 4.3851e-06,
  "WLHReal_V4_n": 20.1997488451,
  "WLHReal_V5_n": 0.3202998347,
  "WLHReal_V6_n": 0.0017011124,
  "WLHReal_r0_n": 1.3355425977,
  "WLHReal_r1_n": 0.2362039293,
  "WLHReal_r2_n": 0.0014421757,
  "WLHReal_r3_n": 1.81098e-05,
  "WLHReal_a0_n": 0.7739771062,
  "WLHReal_a1_n": 0.0016299334,
  "WLHReal_a2_n": 2.35705e-05,
  "WLHReal_a3_n": 0.40698196,
  "WLHReal_a4_n": 1.212607923,
  "WLHImagVolume_W0_p": 4.854620501,
  "WLHImagVolume_W1_p": 0.1474557589,
  "WLHImagVolume_W2_p": -6.26057e-05,
  "WLHImagVolume_W3_p": 7.0878089503,
  "WLHImagVolume_W4_p": 0.0696425306,
  "WLHImagVolume_r0_p": 0.9581938168,
  "WLHImagVolume_r1_p": 14.3681041665,
  "WLHImagVolume_r2_p": 0.3551406784,
  "WLHImagVolume_r3_p": 36.4490998492,
  "WLHImagVolume_r4_p": 0.815506174,
  "WLHImagVolume_r5_p": 1.6433e-06,
  "WLHImagVolume_a0_p": 0.6175578558,
  "WLHImagVolume_a1_p": 0.2184402429,
  "WLHImagVolume_a2_p": 10.8077926415,
  "WLHImagVolume_a3_p": 0.4586193287,
  "WLHImagVolume_a4_p": 0.0031894359,
  "WLHImagVolume_W0_n": 3.5970851319,
  "WLHImagVolume_W1_n": 0.2360504678,
  "WLHImagVolume_W2_n": 0.0006582365,
  "WLHImagVolume_W3_n": 9.3222544019,
  "WLHImagVolume_W4_n": -0.004269033,
  "WLHImagVolume_r0_n": 0.5563009827,
  "WLHImagVolume_r1_n": 103.198061374,
  "WLHImagVolume_r2_n": 0.7789519611,
  "WLHImagVolume_r3_n": 110.4065873433,
  "WLHImagVolume_r4_n": 0.8068558667,
  "WLHImagVolume_r5_n": 4.1157e-06,
  "WLHImagVolume_a0_n": 0.2668072171,
  "WLHImagVolume_a1_n": 0.5473297433,
  "WLHImagVolume_a2_n": 4.1145256586,
  "WLHImagVolume_a3_n": 0.0267347089,
  "WLHImagVolume_a4_n": -0.0001406803,
  "WLHImagSurface_W0_p": 0.4198856377,
  "WLHImagSurface_W1_p": -0.0086407754,
  "WLHImagSurface_W2_p": -0.2213114598,
  "WLHImagSurface_W3_p": -0.0467838573,
  "WLHImagSurface_r0_p": 0.7172713385,
  "WLHImagSurface_r1_p": -0.2314037337,
  "WLHImagSurface_r2_p": 9.5487e-06,
  "WLHImagSurface_a0_p": 0.6770984559,
  "WLHImagSurface_W0_n": 1.7503033749,
  "WLHImagSurface_W1_n": 0.0610788683,
  "WLHImagSurface_W2_n": 2.3760114473,
  "WLHImagSurface_W3_n": 0.2037550945,
  "WLHImagSurface_r0_n": 1.3283827415,
  "WLHImagSurface_r1_n": 1.6674519657,
  "WLHImagSurface_r2_n": 0.0019652703,
  "WLHImagSurface_a0_n": 0.8835073406,
  "WLHRealSpinOrbit_V0_p": 9.5446180755,
  "WLHRealSpinOrbit_V1_p": 0.0090167745,
  "WLHRealSpinOrbit_r0_p": 1.3389985291,
  "WLHRealSpinOrbit_r1_p": 0.9570883936,
  "WLHRealSpinOrbit_a0_p": 0.8532237398,
  "WLHRealSpinOrbit_a1_p": 0.0003641015,
  "WLHRealSpinOrbit_V0_n": 9.1566397428,
  "WLHRealSpinOrbit_V1_n": 0.0087361165,
  "WLHRealSpinOrbit_r0_n": 1.3367176832,
  "WLHRealSpinOrbit_r1_n": 0.9749592879,
  "WLHRealSpinOrbit_a0_n": 0.8542726643,
  "WLHRealSpinOrbit_a1_n": 0.0003303612
}