{
  "WLHReal_V0_p": 50.5660054292,
  "WLHReal_V1_p": 0.2750437027,
  "WLHReal_V2_p": -0.0002398431,
  "WLHReal_V3_p": 3.3662e-06,
  "WLHReal_V4_p": 13.1460029912,
  "WLHReal_V5_p": 0.1277475267,
  "WLHReal_V6_p": 0.0003448607,
  "WLHReal_r0_p": 1.3275702051,
  "WLHReal_r1_p": 0.2992450643,
  "WLHReal_r2_p": 0.0006401537,
  "WLHReal_r3_p": 6.4299e-06,
  "WLHReal_a0_p": 0.7728124205,
  "WLHReal_a1_p": -4.7734e-06,
  "WLHReal_a2_p": 6.0742e-06,
  "WLHReal_a3_p": 0.0023803263,
  "WLHReal_a4_p": 0.4610743787,
  "WLHReal_V0_n": 45.6095895042,
  "WLHReal_V1_n": 0.2324058013,
  "WLHReal_V2_n": -0.0013884553,
  "WLHReal_V3_n": 6.0811e-06,
  "WLHReal_V4_n": 20.6546758262,
  "WLHReal_V5_n": 0.3423233695,
  "WLHReal_V6_n": 0.0020230327,
  "WLHReal_r0_n": 1.3826620557,
  "WLHReal_r1_n": 0.2630475311,
  "WLHReal_r2_n": 0.0016073662,
  "WLHReal_r3_n": 2.179e-05,
  "WLHReal_a0_n": 0.7894476395,
  "WLHReal_a1_n": 0.0019059792,
  "WLHReal_a2_n": 2.78795e-05,
  "WLHReal_a3_n": 0.4460612381,
  "WLHReal_a4_n": 1.2693136175,
  "WLHImagVolume_W0_p": 3.8677203044,
  "WLHImagVolume_W1_p": 0.1561748711,
  "WLHImagVolume_W2_p": 0.0001775505,
  "WLHImagVolume_W3_p": 8.371402416,
  "WLHImagVolume_W4_p": 0.062095748,
  "WLHImagVolume_r0_p": 0.6670767423,
  "WLHImagVolume_r1_p": 45.8983017233,
  "WLHImagVolume_r2_p": 0.6237737184,
  "WLHImagVolume_r3_p": 56.7710468227,
  "WLHImagVolume_r4_p": 0.5717872392,
  "WLHImagVolume_r5_p": 1.5715e-06,
  "WLHImagVolume_a0_p": 0.5480051396,
  "WLHImagVolume_a1_p": 0.2873817518,
  "WLHImagVolume_a2_p": 16.0502687522,
  "WLHImagVolume_a3_p": 0.3891628659,
  "WLHImagVolume_a4_p": 0.0020707035,
  "WLHImagVolume_W0_n": 3.2965346126,
  "WLHImagVolume_W1_n": 0.1896845237,
  "WLHImagVolume_W2_n": 0.0004614138,
  "WLHImagVolume_W3_n": 8.4200014632,
  "WLHImagVolume_W4_n": -0.0501660044,
  "WLHImagVolume_r0_n": 0.6016672773,
  "WLHImagVolume_r1_n": 101.079312201,
  "WLHImagVolume_r2_n": 0.7719622662,
  "WLHImagVolume_r3_n": 112.6510617502,
  "WLHImagVolume_r4_n": 0.8967486766,
  "WLHImagVolume_r5_n": 5.8042e-06,
  "WLHImagVolume_a0_n": 0.3057982319,
  "WLHImagVolume_a1_n": 0.5302797348,
  "WLHImagVolume_a2_n": 4.8799528928,
  "WLHImagVolume_a3_n": 0.0767159754,
  "WLHImagVolume_a4_n": 0.0003048493,
  "WLHImagSurface_W0_p": 1.0446261654,
  "WLHImagSurface_W1_p": 0.0497566146,
  "WLHImagSurface_W2_p": 1.3839527054,
  "WLHImagSurface_W3_p": 0.173978055,
  "WLHImagSurface_r0_p": 0.963203405,
  "WLHImagSurface_r1_p": 0.2673380831,
  "WLHImagSurface_r2_p": 0.0037283616,
  "WLHImagSurface_a0_p": 0.7967478717,
  "WLHImagSurface_W0_n": 1.0750986074,
  "WLHImagSurface_W1_n": 0.0488010436,
  "WLHImagSurface_W2_n": 1.5281291296,
  "WLHImagSurface_W3_n": 0.1905249355,
  "WLHImagSurface_r0_n": 1.329816541,
  "WLHImagSurface_r1_n": 1.6202901164,
  "WLHImagSurface_r2_n": 0.0008046074,
  "WLHImagSurface_a0_n": 0.9113556943,
  "WLHRealSpinOrbit_V0_p": 9.2213393715,
  "WLHRealSpinOrbit_V1_p": 0.0082601937,
  "WLHRealSpinOrbit_r0_p": 1.3031386531,
  "WLHRealSpinOrbit_r1_p": 0.8872188136,
  "WLHRealSpinOrbit_a0_p": 0.8139948311,
  "WLHRealSpinOrbit_a1_p": 0.0003864937,
  "WLHRealSpinOrbit_V0_n": 8.964202658,
  "WLHRealSpinOrbit_V1_n": 0.008880765,
  "WLHRealSpinOrbit_r0_n": 1.3842823545,
  "WLHRealSpinOrbit_r1_n": 1.023661661,
  "WLHRealSpinOrbit_a0_n": 0.8840275563,
  "WLHRealSpinOrbit_a1_n": 0.0003677121
}