{
  "WLHReal_V0_p": 52.0450953285,
  "WLHReal_V1_p": 0.2490629285,
  "WLHReal_V2_p": -0.0003234626,
  "WLHReal_V3_p": 2.3217e-06,
  "WLHReal_V4_p": 14.6799419404,
  "WLHReal_V5_p": 0.1197183791,
  "WLHReal_V6_p": 0.0003878594,
  "WLHReal_r0_p": 1.2766362162,
  "WLHReal_r1_p": 0.1957886318,
  "WLHReal_r2_p": 0.0008391769,
  "WLHReal_r3_p": 9.9071e-06,
  "WLHReal_a0_p": 0.7672660695,
  "WLHReal_a1_p": 6.61967e-05,
  "WLHReal_a2_p": 7.3651e-06,
  "WLHReal_a3_p": -0.0085456935,
  "WLHReal_a4_p": 0.4879923596,
  "WLHReal_V0_n": 49.8983610079,
  "WLHReal_V1_n": 0.2713352662,
  "WLHReal_V2_n": -0.0009280466,
  "WLHReal_V3_n": 5.381e-06,
  "WLHReal_V4_n": 20.1932599975,
  "WLHReal_V5_n": 0.3299711987,
  "WLHReal_V6_n": 0.0016326801,
  "WLHReal_r0_n": 1.3640835666,
  "WLHReal_r1_n": 0.3531915445,
  "WLHReal_r2_n": 0.0012529139,
  "WLHReal_r3_n": 1.45645e-05,
  "WLHReal_a0_n": 0.7718316588,
  "WLHReal_a1_n": 0.0013563001,
  "WLHReal_a2_n": 1.90684e-05,
  "WLHReal_a3_n": 0.3189734321,
  "WLHReal_a4_n": 1.0184611761,
  "WLHImagVolume_W0_p": 4.1278123367,
  "WLHImagVolume_W1_p": 0.1613186029,
  "WLHImagVolume_W2_p": -0.0001284841,
  "WLHImagVolume_W3_p": 8.8850524582,
  "WLHImagVolume_W4_p": 0.0658650334,
  "WLHImagVolume_r0_p": 0.9680254731,
  "WLHImagVolume_r1_p": 6.0368395192,
  "WLHImagVolume_r2_p": 0.2763063118,
  "WLHImagVolume_r3_p": 28.3913397416,
  "WLHImagVolume_r4_p": 0.9242392934,
  "WLHImagVolume_r5_p": 2.2416e-06,
  "WLHImagVolume_a0_p": 0.596419953,
  "WLHImagVolume_a1_p": 0.1981300264,
  "WLHImagVolume_a2_p": 8.265020077,
  "WLHImagVolume_a3_p": 0.4574502944,
  "WLHImagVolume_a4_p": 0.003030145,
  "WLHImagVolume_W0_n": 3.3965181412,
  "WLHImagVolume_W1_n": 0.2701983685,
  "WLHImagVolume_W2_n": 0.0006974417,
  "WLHImagVolume_W3_n": 9.1039180934,
  "WLHImagVolume_W4_n": 0.0066867395,
  "WLHImagVolume_r0_n": 0.5409572849,
  "WLHImagVolume_r1_n": 96.2444080794,
  "WLHImagVolume_r2_n": 0.8122618699,
  "WLHImagVolume_r3_n": 106.3645522888,
  "WLHImagVolume_r4_n": 0.8807064134,
  "WLHImagVolume_r5_n": 5.2443e-06,
  "WLHImagVolume_a0_n": 0.2884115329,
  "WLHImagVolume_a1_n": 0.5575741101,
  "WLHImagVolume_a2_n": 4.5519131427,
  "WLHImagVolume_a3_n": 0.0569567802,
  "WLHImagVolume_a4_n": 0.0004921969,
  "WLHImagSurface_W0_p": 0.4781494297,
  "WLHImagSurface_W1_p": -0.0109908982,
  "WLHImagSurface_W2_p": -0.0720245735,
  "WLHImagSurface_W3_p": -0.0567581593,
  "WLHImagSurface_r0_p": 0.7613966684,
  "WLHImagSurface_r1_p": 0.0782179861,
  "WLHImagSurface_r2_p": 0.0031355963,
  "WLHImagSurface_a0_p": 0.6171899322,
  "WLHImagSurface_W0_n": 1.6852661045,
  "WLHImagSurface_W1_n": 0.0592751701,
  "WLHImagSurface_W2_n": 2.8557565686,
  "WLHImagSurface_W3_n": 0.2159750451,
  "WLHImagSurface_r0_n": 1.3221139242,
  "WLHImagSurface_r1_n": 1.6716550542,
  "WLHImagSurface_r2_n": 0.0019602268,
  "WLHImagSurface_a0_n": 0.8832747324,
  "WLHRealSpinOrbit_V0_p": 10.2221124621,
  "WLHRealSpinOrbit_V1_p": 0.009112093,
  "WLHRealSpinOrbit_r0_p": 1.2776630966,
  "WLHRealSpinOrbit_r1_p": 0.8697767593,
  "WLHRealSpinOrbit_a0_p": 0.8114945886,
  "WLHRealSpinOrbit_a1_p": 0.0003559254,
  "WLHRealSpinOrbit_V0_n": 9.0472495633,
  "WLHRealSpinOrbit_V1_n": 0.008613858,
  "WLHRealSpinOrbit_r0_n": 1.3467610507,
  "WLHRealSpinOrbit_r1_n": 0.9707838466,
  "WLHRealSpinOrbit_a0_n": 0.8541611529,
  "WLHRealSpinOrbit_a1_n": 0.00035745
}