{
  "WLHReal_V0_p": 55.554926309,
  "WLHReal_V1_p": 0.3414772277,
  "WLHReal_V2_p": 0.0002961601,
  "WLHReal_V3_p": 1.1564e-06,
  "WLHReal_V4_p": 12.4975451041,
  "WLHReal_V5_p": 0.122530186,
  "WLHReal_V6_p": 0.0001662066,
  "WLHReal_r0_p": 1.2727233445,
  "WLHReal_r1_p": 0.2707958517,
  "WLHReal_r2_p": 0.0008746031,
  "WLHReal_r3_p": 5.8951e-06,
  "WLHReal_a0_p": 0.7723554808,
  "WLHReal_a1_p": 0.0001062316,
  "WLHReal_a2_p": 4.3042e-06,
  "WLHReal_a3_p": 0.1034662337,
  "WLHReal_a4_p": 0.6490468418,
  "WLHReal_V0_n": 53.8281206647,
  "WLHReal_V1_n": 0.2855422574,
  "WLHReal_V2_n": -0.0004646062,
  "WLHReal_V3_n": 3.5328e-06,
  "WLHReal_V4_n": 20.3639923201,
  "WLHReal_V5_n": 0.3133291962,
  "WLHReal_V6_n": 0.0011913898,
  "WLHReal_r0_n": 1.3435403187,
  "WLHReal_r1_n": 0.4514590734,
  "WLHReal_r2_n": 0.000831454,
  "WLHReal_r3_n": 6.0641e-06,
  "WLHReal_a0_n": 0.7506231723,
  "WLHReal_a1_n": 0.0007032543,
  "WLHReal_a2_n": 7.8185e-06,
  "WLHReal_a3_n": 0.1883003533,
  "WLHReal_a4_n": 0.7258783179,
  "WLHImagVolume_W0_p": 3.9160109258,
  "WLHImagVolume_W1_p": 0.2529666902,
  "WLHImagVolume_W2_p": 0.0005744445,
  "WLHImagVolume_W3_p": 14.0928071407,
  "WLHImagVolume_W4_p": 0.0720883649,
  "WLHImagVolume_r0_p": 0.4869886359,
  "WLHImagVolume_r1_p": 71.8266644724,
  "WLHImagVolume_r2_p": 0.7534222689,
  "WLHImagVolume_r3_p": 81.2070970166,
  "WLHImagVolume_r4_p": 0.5437301108,
  "WLHImagVolume_r5_p": 7.702e-07,
  "WLHImagVolume_a0_p": 0.5114023953,
  "WLHImagVolume_a1_p": 0.3185290493,
  "WLHImagVolume_a2_p": 18.2841376462,
  "WLHImagVolume_a3_p": 0.3698097924,
  "WLHImagVolume_a4_p": 0.0016310967,
  "WLHImagVolume_W0_n": 3.2188554233,
  "WLHImagVolume_W1_n": 0.3283891615,
  "WLHImagVolume_W2_n": 0.0007499166,
  "WLHImagVolume_W3_n": 9.4036575344,
  "WLHImagVolume_W4_n": 0.0508521027,
  "WLHImagVolume_r0_n": 0.5242558295,
  "WLHImagVolume_r1_n": 79.5843677139,
  "WLHImagVolume_r2_n": 0.8023900102,
  "WLHImagVolume_r3_n": 91.3691423015,
  "WLHImagVolume_r4_n": 0.95558596,
  "WLHImagVolume_r5_n": 4.6869e-06,
  "WLHImagVolume_a0_n": 0.2783011975,
  "WLHImagVolume_a1_n": 0.5834732181,
  "WLHImagVolume_a2_n": 5.3352355855,
  "WLHImagVolume_a3_n": 0.0607125231,
  "WLHImagVolume_a4_n": 0.0010230209,
  "WLHImagSurface_W0_p": 1.1332573021,
  "WLHImagSurface_W1_p": 0.0506216826,
  "WLHImagSurface_W2_p": 0.8155617632,
  "WLHImagSurface_W3_p": 0.1680052957,
  "WLHImagSurface_r0_p": 1.1264279099,
  "WLHImagSurface_r1_p": 0.7505485166,
  "WLHImagSurface_r2_p": 0.0059504822,
  "WLHImagSurface_a0_p": 0.9089272676,
  "WLHImagSurface_W0_n": 1.9307661721,
  "WLHImagSurface_W1_n": 0.0552513387,
  "WLHImagSurface_W2_n": 3.553225911,
  "WLHImagSurface_W3_n": 0.2041607889,
  "WLHImagSurface_r0_n": 1.2947985687,
  "WLHImagSurface_r1_n": 1.6196275883,
  "WLHImagSurface_r2_n": 0.0029743395,
  "WLHImagSurface_a0_n": 0.855634156,
  "WLHRealSpinOrbit_V0_p": 9.6333639255,
  "WLHRealSpinOrbit_V1_p": 0.0082275388,
  "WLHRealSpinOrbit_r0_p": 1.238469933,
  "WLHRealSpinOrbit_r1_p": 0.824074445,
  "WLHRealSpinOrbit_a0_p": 0.7762943587,
  "WLHRealSpinOrbit_a1_p": 0.000331705,
  "WLHRealSpinOrbit_V0_n": 9.321523582,
  "WLHRealSpinOrbit_V1_n": 0.0084485961,
  "WLHRealSpinOrbit_r0_n": 1.3058890481,
  "WLHRealSpinOrbit_r1_n": 0.9033421345,
  "WLHRealSpinOrbit_a0_n": 0.8204253461,
  "WLHRealSpinOrbit_a1_n": 0.0003607537
}