{
  "WLHReal_V0_p": 53.8420220964,
  "WLHReal_V1_p": 0.3534705281,
  "WLHReal_V2_p": 0.0001040594,
  "WLHReal_V3_p": 2.5607e-06,
  "WLHReal_V4_p": 10.8489786283,
  "WLHReal_V5_p": 0.1367690187,
  "WLHReal_V6_p": 0.0002374634,
  "WLHReal_r0_p": 1.338109856,
  "WLHReal_r1_p": 0.3762405681,
  "WLHReal_r2_p": 0.0007496785,
  "WLHReal_r3_p": 3.5943e-06,
  "WLHReal_a0_p": 0.7881774621,
  "WLHReal_a1_p": 7.16282e-05,
  "WLHReal_a2_p": 4.2978e-06,
  "WLHReal_a3_p": 0.0901122122,
  "WLHReal_a4_p": 0.6122040802,
  "WLHReal_V0_n": 54.690067428,
  "WLHReal_V1_n": 0.2892802748,
  "WLHReal_V2_n": -0.0004802916,
  "WLHReal_V3_n": 2.9426e-06,
  "WLHReal_V4_n": 20.7289934464,
  "WLHReal_V5_n": 0.3119129101,
  "WLHReal_V6_n": 0.0012686461,
  "WLHReal_r0_n": 1.3161937296,
  "WLHReal_r1_n": 0.3843036503,
  "WLHReal_r2_n": 0.0009428053,
  "WLHReal_r3_n": 9.9268e-06,
  "WLHReal_a0_n": 0.753786343,
  "WLHReal_a1_n": 0.0007819082,
  "WLHReal_a2_n": 1.04688e-05,
  "WLHReal_a3_n": 0.2392714702,
  "WLHReal_a4_n": 0.8396409568,
  "WLHImagVolume_W0_p": 4.2665467087,
  "WLHImagVolume_W1_p": 0.2602625589,
  "WLHImagVolume_W2_p": 0.0008099983,
  "WLHImagVolume_W3_p": 13.125951409,
  "WLHImagVolume_W4_p": 0.0779509298,
  "WLHImagVolume_r0_p": 0.2919255814,
  "WLHImagVolume_r1_p": 96.7862584869,
  "WLHImagVolume_r2_p": 1.0066695599,
  "WLHImagVolume_r3_p": 97.6640881066,
  "WLHImagVolume_r4_p": 0.2791523933,
  "WLHImagVolume_r5_p": 1.567e-07,
  "WLHImagVolume_a0_p": 0.5029007735,
  "WLHImagVolume_a1_p": 0.3730566873,
  "WLHImagVolume_a2_p": 23.232221704,
  "WLHImagVolume_a3_p": 0.344447353,
  "WLHImagVolume_a4_p": 0.0013443176,
  "WLHImagVolume_W0_n": 3.657417319,
  "WLHImagVolume_W1_n": 0.3298564158,
  "WLHImagVolume_W2_n": 0.0006639077,
  "WLHImagVolume_W3_n": 10.4246931924,
  "WLHImagVolume_W4_n": 0.0515978648,
  "WLHImagVolume_r0_n": 0.5989340643,
  "WLHImagVolume_r1_n": 66.012342426,
  "WLHImagVolume_r2_n": 0.7064606394,
  "WLHImagVolume_r3_n": 84.7428316773,
  "WLHImagVolume_r4_n": 1.0313399939,
  "WLHImagVolume_r5_n": 4.7713e-06,
  "WLHImagVolume_a0_n": 0.2866365204,
  "WLHImagVolume_a1_n": 0.5596511635,
  "WLHImagVolume_a2_n": 4.5947732149,
  "WLHImagVolume_a3_n": 0.0368920936,
  "WLHImagVolume_a4_n": 0.0008416485,
  "WLHImagSurface_W0_p": 1.4556357862,
  "WLHImagSurface_W1_p": 0.092354582,
  "WLHImagSurface_W2_p": 1.8680428769,
  "WLHImagSurface_W3_p": 0.3340223492,
  "WLHImagSurface_r0_p": 1.2058050324,
  "WLHImagSurface_r1_p": 0.7662158098,
  "WLHImagSurface_r2_p": 0.0048896273,
  "WLHImagSurface_a0_p": 0.9992282183,
  "WLHImagSurface_W0_n": 1.8828086547,
  "WLHImagSurface_W1_n": 0.0512386415,
  "WLHImagSurface_W2_n": 2.9258875796,
  "WLHImagSurface_W3_n": 0.1771807479,
  "WLHImagSurface_r0_n": 1.2675868338,
  "WLHImagSurface_r1_n": 1.5760090997,
  "WLHImagSurface_r2_n": 0.0029432099,
  "WLHImagSurface_a0_n": 0.8523397847,
  "WLHRealSpinOrbit_V0_p": 8.7348366811,
  "WLHRealSpinOrbit_V1_p": 0.0076799804,
  "WLHRealSpinOrbit_r0_p": 1.2830042775,
  "WLHRealSpinOrbit_r1_p": 0.8736634334,
  "WLHRealSpinOrbit_a0_p": 0.7968869437,
  "WLHRealSpinOrbit_a1_p": 0.00035672,
  "WLHRealSpinOrbit_V0_n": 9.7271686559,
  "WLHRealSpinOrbit_V1_n": 0.0088035293,
  "WLHRealSpinOrbit_r0_n": 1.2910570698,
  "WLHRealSpinOrbit_r1_n": 0.8988627546,
  "WLHRealSpinOrbit_a0_n": 0.8189788363,
  "WLHRealSpinOrbit_a1_n": 0.0003346113
}