{
  "WLHReal_V0_p": 48.0344185518,
  "WLHReal_V1_p": 0.2658363813,
  "WLHReal_V2_p": -0.0009752253,
  "WLHReal_V3_p": 4.5736e-06,
  "WLHReal_V4_p": 11.2292851795,
  "WLHReal_V5_p": 0.1242095109,
  "WLHReal_V6_p": 0.0005785674,
  "WLHReal_r0_p": 1.3831647948,
  "WLHReal_r1_p": 0.2678337943,
  "WLHReal_r2_p": 0.0009720718,
  "WLHReal_r3_p": 1.20172e-05,
  "WLHReal_a0_p": 0.8036680585,
  "WLHReal_a1_p": -8.55025e-05,
  "WLHReal_a2_p": 1.17655e-05,
  "WLHReal_a3_p": -0.059718964,
  "WLHReal_a4_p": 0.4753729868,
  "WLHReal_V0_n": 53.051494128,
  "WLHReal_V1_n": 0.318637109,
  "WLHReal_V2_n": -0.0004447791,
  "WLHReal_V3_n": 3.6177e-06,
  "WLHReal_V4_n": 20.1356999236,
  "WLHReal_V5_n": 0.3023212649,
  "WLHReal_V6_n": 0.0013219996,
  "WLHReal_r0_n": 1.3045274829,
  "WLHReal_r1_n": 0.2833451312,
  "WLHReal_r2_n": 0.0011309877,
  "WLHReal_r3_n": 1.20763e-05,
  "WLHReal_a0_n": 0.7557062892,
  "WLHReal_a1_n": 0.0011369974,
  "WLHReal_a2_n": 1.5253e-05,
  "WLHReal_a3_n": 0.3151822337,
  "WLHReal_a4_n": 1.019679579,
  "WLHImagVolume_W0_p": 5.2947060456,
  "WLHImagVolume_W1_p": 0.1660665497,
  "WLHImagVolume_W2_p": 0.0001784698,
  "WLHImagVolume_W3_p": 7.0878821427,
  "WLHImagVolume_W4_p": 0.0760117078,
  "WLHImagVolume_r0_p": 0.8027399682,
  "WLHImagVolume_r1_p": 37.306263454,
  "WLHImagVolume_r2_p": 0.5571000955,
  "WLHImagVolume_r3_p": 54.0026171943,
  "WLHImagVolume_r4_p": 0.6175413149,
  "WLHImagVolume_r5_p": 1.2666e-06,
  "WLHImagVolume_a0_p": 0.6111944846,
  "WLHImagVolume_a1_p": 0.2641912599,
  "WLHImagVolume_a2_p": 15.068779599,
  "WLHImagVolume_a3_p": 0.439110475,
  "WLHImagVolume_a4_p": 0.0029685062,
  "WLHImagVolume_W0_n": 3.6349480167,
  "WLHImagVolume_W1_n": 0.2899474312,
  "WLHImagVolume_W2_n": 0.0007640755,
  "WLHImagVolume_W3_n": 9.9124710796,
  "WLHImagVolume_W4_n": 0.0401452745,
  "WLHImagVolume_r0_n": 0.5323540143,
  "WLHImagVolume_r1_n": 93.3160228505,
  "WLHImagVolume_r2_n": 0.7718090677,
  "WLHImagVolume_r3_n": 100.3076055825,
  "WLHImagVolume_r4_n": 0.8219456548,
  "WLHImagVolume_r5_n": 2.9048e-06,
  "WLHImagVolume_a0_n": 0.2469443689,
  "WLHImagVolume_a1_n": 0.5680272845,
  "WLHImagVolume_a2_n": 4.2268252019,
  "WLHImagVolume_a3_n": 0.0087228898,
  "WLHImagVolume_a4_n": 3.9499e-06,
  "WLHImagSurface_W0_p": 0.6113359085,
  "WLHImagSurface_W1_p": 0.0169711789,
  "WLHImagSurface_W2_p": 0.2315020215,
  "WLHImagSurface_W3_p": 0.0530570692,
  "WLHImagSurface_r0_p": 0.7848412255,
  "WLHImagSurface_r1_p": -0.2249684048,
  "WLHImagSurface_r2_p": -0.0011672678,
  "WLHImagSurface_a0_p": 0.7751370651,
  "WLHImagSurface_W0_n": 2.1573051147,
  "WLHImagSurface_W1_n": 0.063407875,
  "WLHImagSurface_W2_n": 3.1028890323,
  "WLHImagSurface_W3_n": 0.2013164596,
  "WLHImagSurface_r0_n": 1.3101520014,
  "WLHImagSurface_r1_n": 1.6543484245,
  "WLHImagSurface_r2_n": 0.0030104729,
  "WLHImagSurface_a0_n": 0.8562431398,
  "WLHRealSpinOrbit_V0_p": 8.8758227294,
  "WLHRealSpinOrbit_V1_p": 0.0086523039,
  "WLHRealSpinOrbit_r0_p": 1.3719088809,
  "WLHRealSpinOrbit_r1_p": 1.0016732285,
  "WLHRealSpinOrbit_a0_p": 0.8711347391,
  "WLHRealSpinOrbit_a1_p": 0.0003702552,
  "WLHRealSpinOrbit_V0_n": 9.4110442098,
  "WLHRealSpinOrbit_V1_n": 0.0085980326,
  "WLHRealSpinOrbit_r0_n": 1.2937388684,
  "WLHRealSpinOrbit_r1_n": 0.9162718084,
  "WLHRealSpinOrbit_a0_n": 0.8228874424,
  "WLHRealSpinOrbit_a1_n": 0.0003179205
}