{
  "WLHReal_V0_p": 63.2101055489,
  "WLHReal_V1_p": 0.4081332168,
  "WLHReal_V2_p": 0.0014248946,
  "WLHReal_V3_p": -1.443e-06,
  "WLHReal_V4_p": 13.3197015607,
  "WLHReal_V5_p": 0.1684166697,
  "WLHReal_V6_p": -0.0001042012,
  "WLHReal_r0_p": 1.2362336083,
  "WLHReal_r1_p": 0.4955182196,
  "WLHReal_r2_p": 0.0003595192,
  "WLHReal_r3_p": -6.3866e-06,
  "WLHReal_a0_p": 0.7566645184,
  "WLHReal_a1_p": 0.0004745059,
  "WLHReal_a2_p": -6.9287e-06,
  "WLHReal_a3_p": 0.2580574721,
  "WLHReal_a4_p": 0.7183673918,
  "WLHReal_V0_n": 52.3930813305,
  "WLHReal_V1_n": 0.2549605931,
  "WLHReal_V2_n": -0.0005010694,
  "WLHReal_V3_n": 3.4992e-06,
  "WLHReal_V4_n": 21.1972483084,
  "WLHReal_V5_n": 0.305001234,
  "WLHReal_V6_n": 0.0011890762,
  "WLHReal_r0_n": 1.3353815274,
  "WLHReal_r1_n": 0.4116930264,
  "WLHReal_r2_n": 0.0008484039,
  "WLHReal_r3_n": 7.8461e-06,
  "WLHReal_a0_n": 0.7482879401,
  "WLHReal_a1_n": 0.0007366274,
  "WLHReal_a2_n": 9.6535e-06,
  "WLHReal_a3_n": 0.2284990372,
  "WLHReal_a4_n": 0.7657176614,
  "WLHImagVolume_W0_p": 3.0609796295,
  "WLHImagVolume_W1_p": 0.3808611066,
  "WLHImagVolume_W2_p": 0.0011513808,
  "WLHImagVolume_W3_p": 20.0740211123,
  "WLHImagVolume_W4_p": 0.0891816225,
  "WLHImagVolume_r0_p": -0.0110115276,
  "WLHImagVolume_r1_p": 113.4260259561,
  "WLHImagVolume_r2_p": 1.1670464853,
  "WLHImagVolume_r3_p": 102.7745913068,
  "WLHImagVolume_r4_p": 0.246784425,
  "WLHImagVolume_r5_p": 1.2014e-06,
  "WLHImagVolume_a0_p": 0.4342746199,
  "WLHImagVolume_a1_p": 0.3866717188,
  "WLHImagVolume_a2_p": 22.1644809082,
  "WLHImagVolume_a3_p": 0.3238509015,
  "WLHImagVolume_a4_p": 0.0006771,
  "WLHImagVolume_W0_n": 2.845713141,
  "WLHImagVolume_W1_n": 0.2735707257,
  "WLHImagVolume_W2_n": 0.0004761761,
  "WLHImagVolume_W3_n": 8.720201615,
  "WLHImagVolume_W4_n": 0.022183418,
  "WLHImagVolume_r0_n": 0.5832289779,
  "WLHImagVolume_r1_n": 69.9929480361,
  "WLHImagVolume_r2_n": 0.7334849911,
  "WLHImagVolume_r3_n": 83.524002613,
  "WLHImagVolume_r4_n": 1.0317646998,
  "WLHImagVolume_r5_n": 4.9584e-06,
  "WLHImagVolume_a0_n": 0.2788616994,
  "WLHImagVolume_a1_n": 0.5781947982,
  "WLHImagVolume_a2_n": 6.7969020037,
  "WLHImagVolume_a3_n": 0.0852746143,
  "WLHImagVolume_a4_n": 0.001209915,
  "WLHImagSurface_W0_p": 2.0203599938,
  "WLHImagSurface_W1_p": 0.1384590227,
  "WLHImagSurface_W2_p": 3.4322531599,
  "WLHImagSurface_W3_p": 0.5193222221,
  "WLHImagSurface_r0_p": 1.4666201255,
  "WLHImagSurface_r1_p": 1.9053399818,
  "WLHImagSurface_r2_p": 0.0129788056,
  "WLHImagSurface_a0_p": 0.9450341583,
  "WLHImagSurface_W0_n": 1.4103079964,
  "WLHImagSurface_W1_n": 0.0362273269,
  "WLHImagSurface_W2_n": 2.4570163449,
  "WLHImagSurface_W3_n": 0.1509622364,
  "WLHImagSurface_r0_n": 1.2773635585,
  "WLHImagSurface_r1_n": 1.4818191604,
  "WLHImagSurface_r2_n": 0.0026543836,
  "WLHImagSurface_a0_n": 0.8602444049,
  "WLHRealSpinOrbit_V0_p": 9.728113575,
  "WLHRealSpinOrbit_V1_p": 0.0073156669,
  "WLHRealSpinOrbit_r0_p": 1.1406261922,
  "WLHRealSpinOrbit_r1_p": 0.6684265594,
  "WLHRealSpinOrbit_a0_p": 0.6917521416,
  "WLHRealSpinOrbit_a1_p": 0.0003357255,
  "WLHRealSpinOrbit_V0_n": 9.5409965215,
  "WLHRealSpinOrbit_V1_n": 0.0086030585,
  "WLHRealSpinOrbit_r0_n": 1.3040892779,
  "WLHRealSpinOrbit_r1_n": 0.8928509479,
  "WLHRealSpinOrbit_a0_n": 0.8191068899,
  "WLHRealSpinOrbit_a1_n": 0.0003759961
}