{
  "WLHReal_V0_p": 53.7141859586,
  "WLHReal_V1_p": 0.2975115197,
  "WLHReal_V2_p": -0.0005351255,
  "WLHReal_V3_p": 3.374e-06,
  "WLHReal_V4_p": 11.7953578587,
  "WLHReal_V5_p": 0.1541566769,
  "WLHReal_V6_p": 0.0005217109,
  "WLHReal_r0_p": 1.3527198962,
  "WLHReal_r1_p": 0.3653522302,
  "WLHReal_r2_p": 0.0008706995,
  "WLHReal_r3_p": 8.7801e-06,
  "WLHReal_a0_p": 0.8049129667,
  "WLHReal_a1_p": 0.0002107869,
  "WLHReal_a2_p": 7.1487e-06,
  "WLHReal_a3_p": 0.022564191,
  "WLHReal_a4_p": 0.5559468234,
  "WLHReal_V0_n": 55.168956955,
  "WLHReal_V1_n": 0.3352078577,
  "WLHReal_V2_n": -0.0007269416,
  "WLHReal_V3_n": 5.4573e-06,
  "WLHReal_V4_n": 18.656892421,
  "WLHReal_V5_n": 0.3474373679,
  "WLHReal_V6_n": 0.0015077276,
  "WLHReal_r0_n": 1.3741609109,
  "WLHReal_r1_n": 0.4938850573,
  "WLHReal_r2_n": 0.0010487814,
  "WLHReal_r3_n": 9.7755e-06,
  "WLHReal_a0_n": 0.7710688843,
  "WLHReal_a1_n": 0.0009743364,
  "WLHReal_a2_n": 1.28376e-05,
  "WLHReal_a3_n": 0.1732048548,
  "WLHReal_a4_n": 0.8028594505,
  "WLHImagVolume_W0_p": 5.5791420571,
  "WLHImagVolume_W1_p": 0.277908394,
  "WLHImagVolume_W2_p": 0.0004472861,
  "WLHImagVolume_W3_p": 11.4988616687,
  "WLHImagVolume_W4_p": 0.1000884684,
  "WLHImagVolume_r0_p": 0.6711741466,
  "WLHImagVolume_r1_p": 40.3475567457,
  "WLHImagVolume_r2_p": 0.6299255018,
  "WLHImagVolume_r3_p": 51.5333083497,
  "WLHImagVolume_r4_p": 0.6299079253,
  "WLHImagVolume_r5_p": 1.3268e-06,
  "WLHImagVolume_a0_p": 0.6159191532,
  "WLHImagVolume_a1_p": 0.2486757167,
  "WLHImagVolume_a2_p": 12.6398546522,
  "WLHImagVolume_a3_p": 0.4742060327,
  "WLHImagVolume_a4_p": 0.0033247451,
  "WLHImagVolume_W0_n": 4.3189368562,
  "WLHImagVolume_W1_n": 0.4280393186,
  "WLHImagVolume_W2_n": 0.0012800494,
  "WLHImagVolume_W3_n": 11.2105393624,
  "WLHImagVolume_W4_n": 0.089655073,
  "WLHImagVolume_r0_n": 0.4457014437,
  "WLHImagVolume_r1_n": 99.4627085491,
  "WLHImagVolume_r2_n": 0.9174910175,
  "WLHImagVolume_r3_n": 112.316674577,
  "WLHImagVolume_r4_n": 0.8273402155,
  "WLHImagVolume_r5_n": 3.8378e-06,
  "WLHImagVolume_a0_n": 0.3013968855,
  "WLHImagVolume_a1_n": 0.5678992491,
  "WLHImagVolume_a2_n": 1.3881201991,
  "WLHImagVolume_a3_n": 0.0064792165,
  "WLHImagVolume_a4_n": 0.0004907538,
  "WLHImagSurface_W0_p": 0.718624005,
  "WLHImagSurface_W1_p": 0.0303721434,
  "WLHImagSurface_W2_p": 0.7608889022,
  "WLHImagSurface_W3_p": 0.1203385867,
  "WLHImagSurface_r0_p": 0.8283996637,
  "WLHImagSurface_r1_p": 0.3057611205,
  "WLHImagSurface_r2_p": 0.0013493484,
  "WLHImagSurface_a0_p": 0.6762795083,
  "WLHImagSurface_W0_n": 2.830267461,
  "WLHImagSurface_W1_n": 0.0959466694,
  "WLHImagSurface_W2_n": 5.3373260403,
  "WLHImagSurface_W3_n": 0.3180726691,
  "WLHImagSurface_r0_n": 1.3308620916,
  "WLHImagSurface_r1_n": 1.9306202237,
  "WLHImagSurface_r2_n": 0.0029537767,
  "WLHImagSurface_a0_n": 0.8623451409,
  "WLHRealSpinOrbit_V0_p": 9.3973450544,
  "WLHRealSpinOrbit_V1_p": 0.0086851975,
  "WLHRealSpinOrbit_r0_p": 1.3157353945,
  "WLHRealSpinOrbit_r1_p": 0.9298226156,
  "WLHRealSpinOrbit_a0_p": 0.8337515018,
  "WLHRealSpinOrbit_a1_p": 0.0003439617,
  "WLHRealSpinOrbit_V0_n": 8.8495868359,
  "WLHRealSpinOrbit_V1_n": 0.0083795462,
  "WLHRealSpinOrbit_r0_n": 1.334134115,
  "WLHRealSpinOrbit_r1_n": 0.9673412536,
  "WLHRealSpinOrbit_a0_n": 0.8454845306,
  "WLHRealSpinOrbit_a1_n": 0.0003244519
}