{
  "WLHReal_V0_p": 52.7917707149,
  "WLHReal_V1_p": 0.2733375113,
  "WLHReal_V2_p": -5.11872e-05,
  "WLHReal_V3_p": 1.0352e-06,
  "WLHReal_V4_p": 14.2517247511,
  "WLHReal_V5_p": 0.1266371373,
  "WLHReal_V6_p": 0.0003003914,
  "WLHReal_r0_p": 1.2836438381,
  "WLHReal_r1_p": 0.2596112185,
  "WLHReal_r2_p": 0.0006924239,
  "WLHReal_r3_p": 6.14e-06,
  "WLHReal_a0_p": 0.7644261381,
  "WLHReal_a1_p": 8.43969e-05,
  "WLHReal_a2_p": 4.6172e-06,
  "WLHReal_a3_p": 0.0260575674,
  "WLHReal_a4_p": 0.4980431343,
  "WLHReal_V0_n": 55.9344045545,
  "WLHReal_V1_n": 0.3016777779,
  "WLHReal_V2_n": 8.11329e-05,
  "WLHReal_V3_n": 1.8276e-06,
  "WLHReal_V4_n": 21.356305929,
  "WLHReal_V5_n": 0.2699801542,
  "WLHReal_V6_n": 0.0007924036,
  "WLHReal_r0_n": 1.2647406669,
  "WLHReal_r1_n": 0.3337895388,
  "WLHReal_r2_n": 0.0006715556,
  "WLHReal_r3_n": 4.2965e-06,
  "WLHReal_a0_n": 0.7272931598,
  "WLHReal_a1_n": 0.0004322019,
  "WLHReal_a2_n": 4.0751e-06,
  "WLHReal_a3_n": 0.2206066432,
  "WLHReal_a4_n": 0.7458532084,
  "WLHImagVolume_W0_p": 3.7652843512,
  "WLHImagVolume_W1_p": 0.1768855211,
  "WLHImagVolume_W2_p": 8.96295e-05,
  "WLHImagVolume_W3_p": 9.8417777212,
  "WLHImagVolume_W4_p": 0.0646255117,
  "WLHImagVolume_r0_p": 0.7620012083,
  "WLHImagVolume_r1_p": 30.4768626959,
  "WLHImagVolume_r2_p": 0.4824846426,
  "WLHImagVolume_r3_p": 45.3430582429,
  "WLHImagVolume_r4_p": 0.7374099629,
  "WLHImagVolume_r5_p": 1.8054e-06,
  "WLHImagVolume_a0_p": 0.5572732534,
  "WLHImagVolume_a1_p": 0.2488382009,
  "WLHImagVolume_a2_p": 12.3487677798,
  "WLHImagVolume_a3_p": 0.4153028442,
  "WLHImagVolume_a4_p": 0.0023722068,
  "WLHImagVolume_W0_n": 2.9866677937,
  "WLHImagVolume_W1_n": 0.2870666454,
  "WLHImagVolume_W2_n": 0.0004867756,
  "WLHImagVolume_W3_n": 9.4524693754,
  "WLHImagVolume_W4_n": 0.0567269443,
  "WLHImagVolume_r0_n": 0.5850817329,
  "WLHImagVolume_r1_n": 62.9735169539,
  "WLHImagVolume_r2_n": 0.6716344536,
  "WLHImagVolume_r3_n": 73.3710531367,
  "WLHImagVolume_r4_n": 0.9902021847,
  "WLHImagVolume_r5_n": 3.0257e-06,
  "WLHImagVolume_a0_n": 0.2308783709,
  "WLHImagVolume_a1_n": 0.5918619541,
  "WLHImagVolume_a2_n": 6.9116787717,
  "WLHImagVolume_a3_n": 0.0382732163,
  "WLHImagVolume_a4_n": 0.0007639101,
  "WLHImagSurface_W0_p": 0.8608410714,
  "WLHImagSurface_W1_p": 0.0268376369,
  "WLHImagSurface_W2_p": 0.862676747,
  "WLHImagSurface_W3_p": 0.086848451,
  "WLHImagSurface_r0_p": 0.9157843504,
  "WLHImagSurface_r1_p": 0.3609861917,
  "WLHImagSurface_r2_p": 0.0047890757,
  "WLHImagSurface_a0_p": 0.7132904573,
  "WLHImagSurface_W0_n": 1.8325690132,
  "WLHImagSurface_W1_n": 0.0356387849,
  "WLHImagSurface_W2_n": 2.5350459622,
  "WLHImagSurface_W3_n": 0.1200975559,
  "WLHImagSurface_r0_n": 1.2574592912,
  "WLHImagSurface_r1_n": 1.4223622497,
  "WLHImagSurface_r2_n": 0.0038567427,
  "WLHImagSurface_a0_n": 0.8283199917,
  "WLHRealSpinOrbit_V0_p": 9.8732043695,
  "WLHRealSpinOrbit_V1_p": 0.0086127093,
  "WLHRealSpinOrbit_r0_p": 1.2661228448,
  "WLHRealSpinOrbit_r1_p": 0.8444901561,
  "WLHRealSpinOrbit_a0_p": 0.7950023373,
  "WLHRealSpinOrbit_a1_p": 0.0003666825,
  "WLHRealSpinOrbit_V0_n": 10.0240473128,
  "WLHRealSpinOrbit_V1_n": 0.0085990877,
  "WLHRealSpinOrbit_r0_n": 1.2401652944,
  "WLHRealSpinOrbit_r1_n": 0.8220777364,
  "WLHRealSpinOrbit_a0_n": 0.7801806792,
  "WLHRealSpinOrbit_a1_n": 0.0003362279
}