{
  "WLHReal_V0_p": 53.5572222302,
  "WLHReal_V1_p": 0.2608053883,
  "WLHReal_V2_p": -9.86783e-05,
  "WLHReal_V3_p": 8.983e-07,
  "WLHReal_V4_p": 14.8670698318,
  "WLHReal_V5_p": 0.132724466,
  "WLHReal_V6_p": 0.0003424142,
  "WLHReal_r0_p": 1.2746752339,
  "WLHReal_r1_p": 0.2591995643,
  "WLHReal_r2_p": 0.0006918602,
  "WLHReal_r3_p": 6.2922e-06,
  "WLHReal_a0_p": 0.7645576262,
  "WLHReal_a1_p": 0.0001544262,
  "WLHReal_a2_p": 4.7847e-06,
  "WLHReal_a3_p": 0.0214971316,
  "WLHReal_a4_p": 0.4900829028,
  "WLHReal_V0_n": 52.5012138023,
  "WLHReal_V1_n": 0.2772222542,
  "WLHReal_V2_n": 0.0006864766,
  "WLHReal_V3_n": -4.623e-07,
  "WLHReal_V4_n": 22.2471602488,
  "WLHReal_V5_n": 0.2094703312,
  "WLHReal_V6_n": 0.0001478621,
  "WLHReal_r0_n": 1.2450012018,
  "WLHReal_r1_n": 0.29878579,
  "WLHReal_r2_n": 0.0002795046,
  "WLHReal_r3_n": -2.3525e-06,
  "WLHReal_a0_n": 0.6896676493,
  "WLHReal_a1_n": 0.0001390347,
  "WLHReal_a2_n": -2.9887e-06,
  "WLHReal_a3_n": 0.200006028,
  "WLHReal_a4_n": 0.573457452,
  "WLHImagVolume_W0_p": 3.9590233906,
  "WLHImagVolume_W1_p": 0.1880151272,
  "WLHImagVolume_W2_p": -5.403e-06,
  "WLHImagVolume_W3_p": 9.9314420319,
  "WLHImagVolume_W4_p": 0.0703432864,
  "WLHImagVolume_r0_p": 0.8536161996,
  "WLHImagVolume_r1_p": 14.7417733807,
  "WLHImagVolume_r2_p": 0.3757820428,
  "WLHImagVolume_r3_p": 31.9720047964,
  "WLHImagVolume_r4_p": 0.8463413249,
  "WLHImagVolume_r5_p": 2.0361e-06,
  "WLHImagVolume_a0_p": 0.581663888,
  "WLHImagVolume_a1_p": 0.213050117,
  "WLHImagVolume_a2_p": 9.0949106944,
  "WLHImagVolume_a3_p": 0.4489581596,
  "WLHImagVolume_a4_p": 0.0028514941,
  "WLHImagVolume_W0_n": 0.8017271832,
  "WLHImagVolume_W1_n": 0.1330914807,
  "WLHImagVolume_W2_n": 0.0001063,
  "WLHImagVolume_W3_n": 5.0380570455,
  "WLHImagVolume_W4_n": 0.0112215695,
  "WLHImagVolume_r0_n": 0.4736418445,
  "WLHImagVolume_r1_n": 87.1064735763,
  "WLHImagVolume_r2_n": 0.7570814752,
  "WLHImagVolume_r3_n": 70.8291690237,
  "WLHImagVolume_r4_n": 0.7958627509,
  "WLHImagVolume_r5_n": 7.705e-07,
  "WLHImagVolume_a0_n": 0.1329918108,
  "WLHImagVolume_a1_n": 0.6711498115,
  "WLHImagVolume_a2_n": 12.9273753925,
  "WLHImagVolume_a3_n": 0.109486502,
  "WLHImagVolume_a4_n": 0.0008731954,
  "WLHImagSurface_W0_p": 0.6941651923,
  "WLHImagSurface_W1_p": 0.0116693895,
  "WLHImagSurface_W2_p": 0.6492821519,
  "WLHImagSurface_W3_p": 0.0352555598,
  "WLHImagSurface_r0_p": 0.8313930833,
  "WLHImagSurface_r1_p": 0.3270826596,
  "WLHImagSurface_r2_p": 0.0046197465,
  "WLHImagSurface_a0_p": 0.6159144498,
  "WLHImagSurface_W0_n": 1.2345239932,
  "WLHImagSurface_W1_n": 0.0045062373,
  "WLHImagSurface_W2_n": 1.8040924384,
  "WLHImagSurface_W3_n": 0.0446612966,
  "WLHImagSurface_r0_n": 1.2976038556,
  "WLHImagSurface_r1_n": 1.1765539332,
  "WLHImagSurface_r2_n": 0.0044623561,
  "WLHImagSurface_a0_n": 0.8179128072,
  "WLHRealSpinOrbit_V0_p": 10.1894880953,
  "WLHRealSpinOrbit_V1_p": 0.0088811915,
  "WLHRealSpinOrbit_r0_p": 1.2602890903,
  "WLHRealSpinOrbit_r1_p": 0.8385951154,
  "WLHRealSpinOrbit_a0_p": 0.7946064385,
  "WLHRealSpinOrbit_a1_p": 0.0003619949,
  "WLHRealSpinOrbit_V0_n": 9.6949668035,
  "WLHRealSpinOrbit_V1_n": 0.0077893363,
  "WLHRealSpinOrbit_r0_n": 1.2133242799,
  "WLHRealSpinOrbit_r1_n": 0.7411465252,
  "WLHRealSpinOrbit_a0_n": 0.74103782,
  "WLHRealSpinOrbit_a1_n": 0.0004044565
}