{
  "WLHReal_V0_p": 56.6691638179,
  "WLHReal_V1_p": 0.369873679,
  "WLHReal_V2_p": 0.0005002078,
  "WLHReal_V3_p": 6.535e-07,
  "WLHReal_V4_p": 11.8944294663,
  "WLHReal_V5_p": 0.1211952222,
  "WLHReal_V6_p": 8.98468e-05,
  "WLHReal_r0_p": 1.266890891,
  "WLHReal_r1_p": 0.2828413502,
  "WLHReal_r2_p": 0.0009014653,
  "WLHReal_r3_p": 4.1542e-06,
  "WLHReal_a0_p": 0.7727530553,
  "WLHReal_a1_p": 0.0001107343,
  "WLHReal_a2_p": 3.1758e-06,
  "WLHReal_a3_p": 0.1386654259,
  "WLHReal_a4_p": 0.7030180966,
  "WLHReal_V0_n": 57.4167542181,
  "WLHReal_V1_n": 0.2985464419,
  "WLHReal_V2_n": 0.000379191,
  "WLHReal_V3_n": -7.213e-07,
  "WLHReal_V4_n": 22.1998761243,
  "WLHReal_V5_n": 0.2468079986,
  "WLHReal_V6_n": 0.0005477726,
  "WLHReal_r0_n": 1.2220548871,
  "WLHReal_r1_n": 0.2905057733,
  "WLHReal_r2_n": 0.0005268472,
  "WLHReal_r3_n": 2.5016e-06,
  "WLHReal_a0_n": 0.713051121,
  "WLHReal_a1_n": 0.0001799699,
  "WLHReal_a2_n": 1.1545e-06,
  "WLHReal_a3_n": 0.2222954389,
  "WLHReal_a4_n": 0.7102484637,
  "WLHImagVolume_W0_p": 3.8131710371,
  "WLHImagVolume_W1_p": 0.279019828,
  "WLHImagVolume_W2_p": 0.0007774659,
  "WLHImagVolume_W3_p": 15.7497829477,
  "WLHImagVolume_W4_p": 0.0729139122,
  "WLHImagVolume_r0_p": 0.3503985127,
  "WLHImagVolume_r1_p": 91.2014175273,
  "WLHImagVolume_r2_p": 0.8858123759,
  "WLHImagVolume_r3_p": 97.2624761178,
  "WLHImagVolume_r4_p": 0.4413956047,
  "WLHImagVolume_r5_p": 6.632e-07,
  "WLHImagVolume_a0_p": 0.4842457724,
  "WLHImagVolume_a1_p": 0.3538430159,
  "WLHImagVolume_a2_p": 21.2283876616,
  "WLHImagVolume_a3_p": 0.3422278976,
  "WLHImagVolume_a4_p": 0.0011870564,
  "WLHImagVolume_W0_n": 2.8084365068,
  "WLHImagVolume_W1_n": 0.2676548747,
  "WLHImagVolume_W2_n": 0.0002726325,
  "WLHImagVolume_W3_n": 9.5306244162,
  "WLHImagVolume_W4_n": 0.0596359968,
  "WLHImagVolume_r0_n": 0.6460649299,
  "WLHImagVolume_r1_n": 44.5117212734,
  "WLHImagVolume_r2_n": 0.5697943883,
  "WLHImagVolume_r3_n": 57.6426842966,
  "WLHImagVolume_r4_n": 1.0791688386,
  "WLHImagVolume_r5_n": 3.1089e-06,
  "WLHImagVolume_a0_n": 0.2150468042,
  "WLHImagVolume_a1_n": 0.593763786,
  "WLHImagVolume_a2_n": 8.1151679477,
  "WLHImagVolume_a3_n": 0.036817898,
  "WLHImagVolume_a4_n": 0.0008804012,
  "WLHImagSurface_W0_p": 1.3152170423,
  "WLHImagSurface_W1_p": 0.0666531326,
  "WLHImagSurface_W2_p": 0.9916444437,
  "WLHImagSurface_W3_p": 0.224651279,
  "WLHImagSurface_r0_p": 1.2376252562,
  "WLHImagSurface_r1_p": 0.9514426398,
  "WLHImagSurface_r2_p": 0.0068671873,
  "WLHImagSurface_a0_p": 1.0004061922,
  "WLHImagSurface_W0_n": 1.6307098747,
  "WLHImagSurface_W1_n": 0.0184845603,
  "WLHImagSurface_W2_n": 1.7632671127,
  "WLHImagSurface_W3_n": 0.0583236152,
  "WLHImagSurface_r0_n": 1.2218416963,
  "WLHImagSurface_r1_n": 1.2693801708,
  "WLHImagSurface_r2_n": 0.0043018534,
  "WLHImagSurface_a0_n": 0.812175779,
  "WLHRealSpinOrbit_V0_p": 9.5000362282,
  "WLHRealSpinOrbit_V1_p": 0.0079847449,
  "WLHRealSpinOrbit_r0_p": 1.2237443723,
  "WLHRealSpinOrbit_r1_p": 0.8075030557,
  "WLHRealSpinOrbit_a0_p": 0.7643484579,
  "WLHRealSpinOrbit_a1_p": 0.0003225639,
  "WLHRealSpinOrbit_V0_n": 10.5424522014,
  "WLHRealSpinOrbit_V1_n": 0.0087624174,
  "WLHRealSpinOrbit_r0_n": 1.2016099573,
  "WLHRealSpinOrbit_r1_n": 0.7692101093,
  "WLHRealSpinOrbit_a0_n": 0.7558427674,
  "WLHRealSpinOrbit_a1_n": 0.0003292905
}