{
  "WLHReal_V0_p": 55.9539834095,
  "WLHReal_V1_p": 0.3396889042,
  "WLHReal_V2_p": 0.000251139,
  "WLHReal_V3_p": 1.351e-06,
  "WLHReal_V4_p": 12.2621057167,
  "WLHReal_V5_p": 0.1483519373,
  "WLHReal_V6_p": 0.0002342476,
  "WLHReal_r0_p": 1.3090334403,
  "WLHReal_r1_p": 0.389645722,
  "WLHReal_r2_p": 0.0006588174,
  "WLHReal_r3_p": 2.7288e-06,
  "WLHReal_a0_p": 0.7806133265,
  "WLHReal_a1_p": 0.0002117739,
  "WLHReal_a2_p": 1.9903e-06,
  "WLHReal_a3_p": 0.1045030386,
  "WLHReal_a4_p": 0.6022792771,
  "WLHReal_V0_n": 53.721688061,
  "WLHReal_V1_n": 0.2836144507,
  "WLHReal_V2_n": -0.0003068031,
  "WLHReal_V3_n": 2.9267e-06,
  "WLHReal_V4_n": 20.890895556,
  "WLHReal_V5_n": 0.295690903,
  "WLHReal_V6_n": 0.0010779898,
  "WLHReal_r0_n": 1.31437664,
  "WLHReal_r1_n": 0.3851308889,
  "WLHReal_r2_n": 0.0008184773,
  "WLHReal_r3_n": 7.568e-06,
  "WLHReal_a0_n": 0.743024554,
  "WLHReal_a1_n": 0.0006871657,
  "WLHReal_a2_n": 8.2375e-06,
  "WLHReal_a3_n": 0.2248844443,
  "WLHReal_a4_n": 0.7750037243,
  "WLHImagVolume_W0_p": 4.2030906405,
  "WLHImagVolume_W1_p": 0.2809686759,
  "WLHImagVolume_W2_p": 0.0006897817,
  "WLHImagVolume_W3_p": 13.8632379731,
  "WLHImagVolume_W4_p": 0.0842211209,
  "WLHImagVolume_r0_p": 0.3819369765,
  "WLHImagVolume_r1_p": 76.3713094899,
  "WLHImagVolume_r2_p": 0.8735537656,
  "WLHImagVolume_r3_p": 78.8546325259,
  "WLHImagVolume_r4_p": 0.4262348745,
  "WLHImagVolume_r5_p": 6.871e-07,
  "WLHImagVolume_a0_p": 0.5224799192,
  "WLHImagVolume_a1_p": 0.3261208443,
  "WLHImagVolume_a2_p": 18.6146810378,
  "WLHImagVolume_a3_p": 0.3827319614,
  "WLHImagVolume_a4_p": 0.0018327385,
  "WLHImagVolume_W0_n": 3.0173401231,
  "WLHImagVolume_W1_n": 0.2900088123,
  "WLHImagVolume_W2_n": 0.0005826884,
  "WLHImagVolume_W3_n": 9.1142686111,
  "WLHImagVolume_W4_n": 0.0405020289,
  "WLHImagVolume_r0_n": 0.556077873,
  "WLHImagVolume_r1_n": 74.7399608086,
  "WLHImagVolume_r2_n": 0.7450917198,
  "WLHImagVolume_r3_n": 85.1695145347,
  "WLHImagVolume_r4_n": 0.9649510274,
  "WLHImagVolume_r5_n": 4.2372e-06,
  "WLHImagVolume_a0_n": 0.2584829596,
  "WLHImagVolume_a1_n": 0.5848384149,
  "WLHImagVolume_a2_n": 6.2801995535,
  "WLHImagVolume_a3_n": 0.0582983678,
  "WLHImagVolume_a4_n": 0.000886579,
  "WLHImagSurface_W0_p": 1.3306891155,
  "WLHImagSurface_W1_p": 0.0795133101,
  "WLHImagSurface_W2_p": 1.8832894155,
  "WLHImagSurface_W3_p": 0.2940738232,
  "WLHImagSurface_r0_p": 1.131609339,
  "WLHImagSurface_r1_p": 0.8756091794,
  "WLHImagSurface_r2_p": 0.0060459782,
  "WLHImagSurface_a0_p": 0.8575013665,
  "WLHImagSurface_W0_n": 1.7496904897,
  "WLHImagSurface_W1_n": 0.0440312542,
  "WLHImagSurface_W2_n": 2.8564614153,
  "WLHImagSurface_W3_n": 0.1621546919,
  "WLHImagSurface_r0_n": 1.2827419541,
  "WLHImagSurface_r1_n": 1.5198654599,
  "WLHImagSurface_r2_n": 0.003134663,
  "WLHImagSurface_a0_n": 0.8495256529,
  "WLHRealSpinOrbit_V0_p": 9.3141147827,
  "WLHRealSpinOrbit_V1_p": 0.007972347,
  "WLHRealSpinOrbit_r0_p": 1.2535176955,
  "WLHRealSpinOrbit_r1_p": 0.8315192988,
  "WLHRealSpinOrbit_a0_p": 0.7794383623,
  "WLHRealSpinOrbit_a1_p": 0.0003516579,
  "WLHRealSpinOrbit_V0_n": 9.5771795129,
  "WLHRealSpinOrbit_V1_n": 0.0085284647,
  "WLHRealSpinOrbit_r0_n": 1.2853622321,
  "WLHRealSpinOrbit_r1_n": 0.8772671821,
  "WLHRealSpinOrbit_a0_n": 0.8082588949,
  "WLHRealSpinOrbit_a1_n": 0.0003555175
}