{
  "WLHReal_V0_p": 52.589237785,
  "WLHReal_V1_p": 0.3164932653,
  "WLHReal_V2_p": -0.0006144472,
  "WLHReal_V3_p": 4.0455e-06,
  "WLHReal_V4_p": 10.509916343,
  "WLHReal_V5_p": 0.1447307516,
  "WLHReal_V6_p": 0.0005118479,
  "WLHReal_r0_p": 1.371743625,
  "WLHReal_r1_p": 0.3522181655,
  "WLHReal_r2_p": 0.0009827234,
  "WLHReal_r3_p": 9.6065e-06,
  "WLHReal_a0_p": 0.8123194878,
  "WLHReal_a1_p": 0.0001126511,
  "WLHReal_a2_p": 8.892e-06,
  "WLHReal_a3_p": 0.0215624849,
  "WLHReal_a4_p": 0.5876039621,
  "WLHReal_V0_n": 55.1713028003,
  "WLHReal_V1_n": 0.3155341215,
  "WLHReal_V2_n": 0.0004471042,
  "WLHReal_V3_n": 5.205e-07,
  "WLHReal_V4_n": 21.074667544,
  "WLHReal_V5_n": 0.2437967668,
  "WLHReal_V6_n": 0.000437485,
  "WLHReal_r0_n": 1.2625876697,
  "WLHReal_r1_n": 0.3502918325,
  "WLHReal_r2_n": 0.0004406435,
  "WLHReal_r3_n": -3.794e-07,
  "WLHReal_a0_n": 0.7085429895,
  "WLHReal_a1_n": 0.0002502868,
  "WLHReal_a2_n": -2.294e-07,
  "WLHReal_a3_n": 0.1735602426,
  "WLHReal_a4_n": 0.6151449988,
  "WLHImagVolume_W0_p": 5.7027736347,
  "WLHImagVolume_W1_p": 0.2750289703,
  "WLHImagVolume_W2_p": 0.0005958469,
  "WLHImagVolume_W3_p": 11.5932196145,
  "WLHImagVolume_W4_p": 0.0972778836,
  "WLHImagVolume_r0_p": 0.5806866976,
  "WLHImagVolume_r1_p": 59.5092125342,
  "WLHImagVolume_r2_p": 0.7512075615,
  "WLHImagVolume_r3_p": 69.3451476613,
  "WLHImagVolume_r4_p": 0.509830888,
  "WLHImagVolume_r5_p": 9.206e-07,
  "WLHImagVolume_a0_p": 0.5987165597,
  "WLHImagVolume_a1_p": 0.2888621777,
  "WLHImagVolume_a2_p": 16.5339534505,
  "WLHImagVolume_a3_p": 0.4439358483,
  "WLHImagVolume_a4_p": 0.0029255358,
  "WLHImagVolume_W0_n": 2.0794331014,
  "WLHImagVolume_W1_n": 0.2485804549,
  "WLHImagVolume_W2_n": 0.0005259622,
  "WLHImagVolume_W3_n": 7.5314526735,
  "WLHImagVolume_W4_n": 0.0561254467,
  "WLHImagVolume_r0_n": 0.4650622806,
  "WLHImagVolume_r1_n": 86.4941403634,
  "WLHImagVolume_r2_n": 0.7875401764,
  "WLHImagVolume_r3_n": 79.8267133856,
  "WLHImagVolume_r4_n": 0.804583958,
  "WLHImagVolume_r5_n": 9.873e-07,
  "WLHImagVolume_a0_n": 0.1747100751,
  "WLHImagVolume_a1_n": 0.6419251204,
  "WLHImagVolume_a2_n": 8.9834814918,
  "WLHImagVolume_a3_n": 0.0567639046,
  "WLHImagVolume_a4_n": 0.000645068,
  "WLHImagSurface_W0_p": 0.8139940661,
  "WLHImagSurface_W1_p": 0.03979623,
  "WLHImagSurface_W2_p": 0.6481508532,
  "WLHImagSurface_W3_p": 0.1484752318,
  "WLHImagSurface_r0_p": 0.9003456041,
  "WLHImagSurface_r1_p": 0.2630078124,
  "WLHImagSurface_r2_p": 0.0005134978,
  "WLHImagSurface_a0_p": 0.8005068599,
  "WLHImagSurface_W0_n": 1.9688137922,
  "WLHImagSurface_W1_n": 0.0357870676,
  "WLHImagSurface_W2_n": 3.1358794197,
  "WLHImagSurface_W3_n": 0.1276827639,
  "WLHImagSurface_r0_n": 1.2981040711,
  "WLHImagSurface_r1_n": 1.4130420587,
  "WLHImagSurface_r2_n": 0.004469885,
  "WLHImagSurface_a0_n": 0.8190213253,
  "WLHRealSpinOrbit_V0_p": 8.9719566891,
  "WLHRealSpinOrbit_V1_p": 0.008462428,
  "WLHRealSpinOrbit_r0_p": 1.3339486689,
  "WLHRealSpinOrbit_r1_p": 0.9600242417,
  "WLHRealSpinOrbit_a0_p": 0.8451903395,
  "WLHRealSpinOrbit_a1_p": 0.0003412491,
  "WLHRealSpinOrbit_V0_n": 9.6123110762,
  "WLHRealSpinOrbit_V1_n": 0.0079879497,
  "WLHRealSpinOrbit_r0_n": 1.2282214621,
  "WLHRealSpinOrbit_r1_n": 0.787799062,
  "WLHRealSpinOrbit_a0_n": 0.7601361268,
  "WLHRealSpinOrbit_a1_n": 0.0003623491
}