{
  "WLHReal_V0_p": 55.6756056212,
  "WLHReal_V1_p": 0.3074972928,
  "WLHReal_V2_p": 0.0005429246,
  "WLHReal_V3_p": -1.032e-07,
  "WLHReal_V4_p": 14.6009259402,
  "WLHReal_V5_p": 0.1377958872,
  "WLHReal_V6_p": 0.0001225055,
  "WLHReal_r0_p": 1.2597734519,
  "WLHReal_r1_p": 0.3346138459,
  "WLHReal_r2_p": 0.0004667505,
  "WLHReal_r3_p": 7.231e-07,
  "WLHReal_a0_p": 0.7516939756,
  "WLHReal_a1_p": 0.0001865874,
  "WLHReal_a2_p": -1.759e-07,
  "WLHReal_a3_p": 0.0983456374,
  "WLHReal_a4_p": 0.5325530787,
  "WLHReal_V0_n": 53.3249900113,
  "WLHReal_V1_n": 0.3045437445,
  "WLHReal_V2_n": 7.17423e-05,
  "WLHReal_V3_n": 1.8653e-06,
  "WLHReal_V4_n": 20.8801084944,
  "WLHReal_V5_n": 0.2643446023,
  "WLHReal_V6_n": 0.00077898,
  "WLHReal_r0_n": 1.2848247387,
  "WLHReal_r1_n": 0.3226548147,
  "WLHReal_r2_n": 0.0007062894,
  "WLHReal_r3_n": 5.6096e-06,
  "WLHReal_a0_n": 0.7260468515,
  "WLHReal_a1_n": 0.000623171,
  "WLHReal_a2_n": 5.7882e-06,
  "WLHReal_a3_n": 0.2360270192,
  "WLHReal_a4_n": 0.7708496478,
  "WLHImagVolume_W0_p": 3.0361292983,
  "WLHImagVolume_W1_p": 0.2136426365,
  "WLHImagVolume_W2_p": 0.0003446244,
  "WLHImagVolume_W3_p": 12.3252970031,
  "WLHImagVolume_W4_p": 0.0637699536,
  "WLHImagVolume_r0_p": 0.5119418947,
  "WLHImagVolume_r1_p": 55.9309550108,
  "WLHImagVolume_r2_p": 0.6943664209,
  "WLHImagVolume_r3_p": 61.7693962673,
  "WLHImagVolume_r4_p": 0.5719962097,
  "WLHImagVolume_r5_p": 1.3053e-06,
  "WLHImagVolume_a0_p": 0.5015326856,
  "WLHImagVolume_a1_p": 0.2977177971,
  "WLHImagVolume_a2_p": 15.7595733066,
  "WLHImagVolume_a3_p": 0.3683914729,
  "WLHImagVolume_a4_p": 0.00155441,
  "WLHImagVolume_W0_n": 2.4184801351,
  "WLHImagVolume_W1_n": 0.2400783368,
  "WLHImagVolume_W2_n": 0.0005439573,
  "WLHImagVolume_W3_n": 7.8611219495,
  "WLHImagVolume_W4_n": 0.0367428498,
  "WLHImagVolume_r0_n": 0.4888051583,
  "WLHImagVolume_r1_n": 91.3521020566,
  "WLHImagVolume_r2_n": 0.7878368285,
  "WLHImagVolume_r3_n": 88.0698822719,
  "WLHImagVolume_r4_n": 0.8064465217,
  "WLHImagVolume_r5_n": 2.4627e-06,
  "WLHImagVolume_a0_n": 0.1996599864,
  "WLHImagVolume_a1_n": 0.6176632955,
  "WLHImagVolume_a2_n": 7.856710602,
  "WLHImagVolume_a3_n": 0.0534589597,
  "WLHImagVolume_a4_n": 0.0004714074,
  "WLHImagSurface_W0_p": 1.3414590659,
  "WLHImagSurface_W1_p": 0.0705835035,
  "WLHImagSurface_W2_p": 2.0371114484,
  "WLHImagSurface_W3_p": 0.2535014102,
  "WLHImagSurface_r0_p": 1.123271234,
  "WLHImagSurface_r1_p": 0.8900413683,
  "WLHImagSurface_r2_p": 0.0084224571,
  "WLHImagSurface_a0_p": 0.7919458383,
  "WLHImagSurface_W0_n": 1.8616388917,
  "WLHImagSurface_W1_n": 0.0412679886,
  "WLHImagSurface_W2_n": 2.8841608065,
  "WLHImagSurface_W3_n": 0.146168943,
  "WLHImagSurface_r0_n": 1.3072271911,
  "WLHImagSurface_r1_n": 1.4739620711,
  "WLHImagSurface_r2_n": 0.0037506177,
  "WLHImagSurface_a0_n": 0.8375637379,
  "WLHRealSpinOrbit_V0_p": 9.8396062489,
  "WLHRealSpinOrbit_V1_p": 0.008081421,
  "WLHRealSpinOrbit_r0_p": 1.2177424993,
  "WLHRealSpinOrbit_r1_p": 0.7669817193,
  "WLHRealSpinOrbit_a0_p": 0.7523765097,
  "WLHRealSpinOrbit_a1_p": 0.0003718936,
  "WLHRealSpinOrbit_V0_n": 9.4687225339,
  "WLHRealSpinOrbit_V1_n": 0.0081749321,
  "WLHRealSpinOrbit_r0_n": 1.2594872003,
  "WLHRealSpinOrbit_r1_n": 0.838781517,
  "WLHRealSpinOrbit_a0_n": 0.7861119761,
  "WLHRealSpinOrbit_a1_n": 0.0003580908
}