{
  "WLHReal_V0_p": 51.8944754078,
  "WLHReal_V1_p": 0.2907274659,
  "WLHReal_V2_p": -0.0006910724,
  "WLHReal_V3_p": 3.3807e-06,
  "WLHReal_V4_p": 11.6500677169,
  "WLHReal_V5_p": 0.1250368501,
  "WLHReal_V6_p": 0.0005088372,
  "WLHReal_r0_p": 1.3340998776,
  "WLHReal_r1_p": 0.2358050631,
  "WLHReal_r2_p": 0.0011284677,
  "WLHReal_r3_p": 1.25554e-05,
  "WLHReal_a0_p": 0.8017328484,
  "WLHReal_a1_p": 4.89996e-05,
  "WLHReal_a2_p": 1.10548e-05,
  "WLHReal_a3_p": -0.0040379972,
  "WLHReal_a4_p": 0.5827519612,
  "WLHReal_V0_n": 54.5340260966,
  "WLHReal_V1_n": 0.3128499277,
  "WLHReal_V2_n": 0.0001282181,
  "WLHReal_V3_n": 1.4614e-06,
  "WLHReal_V4_n": 21.1396520063,
  "WLHReal_V5_n": 0.2603436054,
  "WLHReal_V6_n": 0.0007838237,
  "WLHReal_r0_n": 1.2583914042,
  "WLHReal_r1_n": 0.2743044301,
  "WLHReal_r2_n": 0.0007523902,
  "WLHReal_r3_n": 5.8828e-06,
  "WLHReal_a0_n": 0.7258836431,
  "WLHReal_a1_n": 0.0006202979,
  "WLHReal_a2_n": 6.1256e-06,
  "WLHReal_a3_n": 0.264335877,
  "WLHReal_a4_n": 0.8362903522,
  "WLHImagVolume_W0_p": 5.4802999791,
  "WLHImagVolume_W1_p": 0.2324984451,
  "WLHImagVolume_W2_p": 0.0002859165,
  "WLHImagVolume_W3_p": 10.6341566958,
  "WLHImagVolume_W4_p": 0.0867532016,
  "WLHImagVolume_r0_p": 0.8150242944,
  "WLHImagVolume_r1_p": 33.6472266576,
  "WLHImagVolume_r2_p": 0.4935692285,
  "WLHImagVolume_r3_p": 53.0138454776,
  "WLHImagVolume_r4_p": 0.7438728023,
  "WLHImagVolume_r5_p": 1.6028e-06,
  "WLHImagVolume_a0_p": 0.6154204848,
  "WLHImagVolume_a1_p": 0.2398799892,
  "WLHImagVolume_a2_p": 12.5248568752,
  "WLHImagVolume_a3_p": 0.464549585,
  "WLHImagVolume_a4_p": 0.003226601,
  "WLHImagVolume_W0_n": 2.7707836515,
  "WLHImagVolume_W1_n": 0.2484529188,
  "WLHImagVolume_W2_n": 0.0004955655,
  "WLHImagVolume_W3_n": 8.743429816,
  "WLHImagVolume_W4_n": 0.0437585055,
  "WLHImagVolume_r0_n": 0.5421611574,
  "WLHImagVolume_r1_n": 79.9238541284,
  "WLHImagVolume_r2_n": 0.7131172178,
  "WLHImagVolume_r3_n": 81.7764065219,
  "WLHImagVolume_r4_n": 0.8627225412,
  "WLHImagVolume_r5_n": 2.4359e-06,
  "WLHImagVolume_a0_n": 0.2022575231,
  "WLHImagVolume_a1_n": 0.6021993216,
  "WLHImagVolume_a2_n": 7.2742432915,
  "WLHImagVolume_a3_n": 0.0311822674,
  "WLHImagVolume_a4_n": 0.0003272119,
  "WLHImagSurface_W0_p": 0.4514813442,
  "WLHImagSurface_W1_p": -0.0034146271,
  "WLHImagSurface_W2_p": -0.4677786813,
  "WLHImagSurface_W3_p": -0.0249443463,
  "WLHImagSurface_r0_p": 0.7851779821,
  "WLHImagSurface_r1_p": 0.0159547692,
  "WLHImagSurface_r2_p": 5.10257e-05,
  "WLHImagSurface_a0_p": 0.7335887778,
  "WLHImagSurface_W0_n": 1.8935373499,
  "WLHImagSurface_W1_n": 0.0388420139,
  "WLHImagSurface_W2_n": 2.5067929047,
  "WLHImagSurface_W3_n": 0.1253771254,
  "WLHImagSurface_r0_n": 1.2842281004,
  "WLHImagSurface_r1_n": 1.4402093785,
  "WLHImagSurface_r2_n": 0.0038842339,
  "WLHImagSurface_a0_n": 0.8309946961,
  "WLHRealSpinOrbit_V0_p": 9.5427871125,
  "WLHRealSpinOrbit_V1_p": 0.0089749256,
  "WLHRealSpinOrbit_r0_p": 1.3232007345,
  "WLHRealSpinOrbit_r1_p": 0.9536828557,
  "WLHRealSpinOrbit_a0_p": 0.8466120682,
  "WLHRealSpinOrbit_a1_p": 0.000329909,
  "WLHRealSpinOrbit_V0_n": 9.8172947655,
  "WLHRealSpinOrbit_V1_n": 0.0084289568,
  "WLHRealSpinOrbit_r0_n": 1.24148029,
  "WLHRealSpinOrbit_r1_n": 0.8270141344,
  "WLHRealSpinOrbit_a0_n": 0.7804111991,
  "WLHRealSpinOrbit_a1_n": 0.0003348614
}