{
  "WLHReal_V0_p": 49.5857458568,
  "WLHReal_V1_p": 0.2277859753,
  "WLHReal_V2_p": -0.0009063445,
  "WLHReal_V3_p": 3.7113e-06,
  "WLHReal_V4_p": 13.5981747866,
  "WLHReal_V5_p": 0.1279013355,
  "WLHReal_V6_p": 0.000594902,
  "WLHReal_r0_p": 1.3346630743,
  "WLHReal_r1_p": 0.2239278354,
  "WLHReal_r2_p": 0.0009166402,
  "WLHReal_r3_p": 1.29545e-05,
  "WLHReal_a0_p": 0.789049748,
  "WLHReal_a1_p": 3.22666e-05,
  "WLHReal_a2_p": 1.07998e-05,
  "WLHReal_a3_p": -0.0683035465,
  "WLHReal_a4_p": 0.4392068596,
  "WLHReal_V0_n": 51.5951236508,
  "WLHReal_V1_n": 0.252621084,
  "WLHReal_V2_n": -0.000121726,
  "WLHReal_V3_n": 1.6889e-06,
  "WLHReal_V4_n": 22.213767322,
  "WLHReal_V5_n": 0.2630289066,
  "WLHReal_V6_n": 0.0009022661,
  "WLHReal_r0_n": 1.2763935581,
  "WLHReal_r1_n": 0.270091044,
  "WLHReal_r2_n": 0.0007982705,
  "WLHReal_r3_n": 7.3873e-06,
  "WLHReal_a0_n": 0.7294806258,
  "WLHReal_a1_n": 0.0007118763,
  "WLHReal_a2_n": 8.788e-06,
  "WLHReal_a3_n": 0.3036718872,
  "WLHReal_a4_n": 0.8585800113,
  "WLHImagVolume_W0_p": 5.095705888,
  "WLHImagVolume_W1_p": 0.1564403746,
  "WLHImagVolume_W2_p": -0.0001782514,
  "WLHImagVolume_W3_p": 6.7796542347,
  "WLHImagVolume_W4_p": 0.0766283641,
  "WLHImagVolume_r0_p": 1.0577826078,
  "WLHImagVolume_r1_p": -3.9868739603,
  "WLHImagVolume_r2_p": 0.2441680388,
  "WLHImagVolume_r3_p": 19.9647865771,
  "WLHImagVolume_r4_p": 0.9224848769,
  "WLHImagVolume_r5_p": 1.7856e-06,
  "WLHImagVolume_a0_p": 0.6478654673,
  "WLHImagVolume_a1_p": 0.1782218063,
  "WLHImagVolume_a2_p": 7.1482970284,
  "WLHImagVolume_a3_p": 0.4981117023,
  "WLHImagVolume_a4_p": 0.0037650108,
  "WLHImagVolume_W0_n": 2.197198982,
  "WLHImagVolume_W1_n": 0.1779952763,
  "WLHImagVolume_W2_n": 0.0001300634,
  "WLHImagVolume_W3_n": 7.5737989601,
  "WLHImagVolume_W4_n": -0.003837323,
  "WLHImagVolume_r0_n": 0.6199828655,
  "WLHImagVolume_r1_n": 67.4279209532,
  "WLHImagVolume_r2_n": 0.6452844409,
  "WLHImagVolume_r3_n": 73.5674300965,
  "WLHImagVolume_r4_n": 0.9975437091,
  "WLHImagVolume_r5_n": 3.4352e-06,
  "WLHImagVolume_a0_n": 0.224157559,
  "WLHImagVolume_a1_n": 0.5918455623,
  "WLHImagVolume_a2_n": 9.2583383068,
  "WLHImagVolume_a3_n": 0.0855163251,
  "WLHImagVolume_a4_n": 0.0008580164,
  "WLHImagSurface_W0_p": 0.2553830771,
  "WLHImagSurface_W1_p": -0.0218608955,
  "WLHImagSurface_W2_p": -0.2912630823,
  "WLHImagSurface_W3_p": -0.0879089118,
  "WLHImagSurface_r0_p": 0.615040768,
  "WLHImagSurface_r1_p": -0.2856533904,
  "WLHImagSurface_r2_p": -0.0003088406,
  "WLHImagSurface_a0_p": 0.5574123851,
  "WLHImagSurface_W0_n": 1.0389242212,
  "WLHImagSurface_W1_n": 0.0130358447,
  "WLHImagSurface_W2_n": 1.0934481464,
  "WLHImagSurface_W3_n": 0.0661901535,
  "WLHImagSurface_r0_n": 1.2652018266,
  "WLHImagSurface_r1_n": 1.2750427601,
  "WLHImagSurface_r2_n": 0.003050363,
  "WLHImagSurface_a0_n": 0.8477360475,
  "WLHRealSpinOrbit_V0_p": 9.8252407129,
  "WLHRealSpinOrbit_V1_p": 0.0092823904,
  "WLHRealSpinOrbit_r0_p": 1.3386523832,
  "WLHRealSpinOrbit_r1_p": 0.9556671129,
  "WLHRealSpinOrbit_a0_p": 0.8556366674,
  "WLHRealSpinOrbit_a1_p": 0.0003648564,
  "WLHRealSpinOrbit_V0_n": 9.9401524573,
  "WLHRealSpinOrbit_V1_n": 0.0086239847,
  "WLHRealSpinOrbit_r0_n": 1.2622018784,
  "WLHRealSpinOrbit_r1_n": 0.8357260303,
  "WLHRealSpinOrbit_a0_n": 0.7916703814,
  "WLHRealSpinOrbit_a1_n": 0.0003723499
}