{
  "WLHReal_V0_p": 54.0362246813,
  "WLHReal_V1_p": 0.3138985459,
  "WLHReal_V2_p": -0.0003879494,
  "WLHReal_V3_p": 2.9262e-06,
  "WLHReal_V4_p": 11.6724827805,
  "WLHReal_V5_p": 0.1341266968,
  "WLHReal_V6_p": 0.0004290441,
  "WLHReal_r0_p": 1.3217851657,
  "WLHReal_r1_p": 0.282582344,
  "WLHReal_r2_p": 0.0010453783,
  "WLHReal_r3_p": 9.5331e-06,
  "WLHReal_a0_p": 0.7986980038,
  "WLHReal_a1_p": 0.0001357128,
  "WLHReal_a2_p": 7.9003e-06,
  "WLHReal_a3_p": 0.0409305998,
  "WLHReal_a4_p": 0.6197069049,
  "WLHReal_V0_n": 54.6582391423,
  "WLHReal_V1_n": 0.3210799019,
  "WLHReal_V2_n": 1.329e-05,
  "WLHReal_V3_n": 1.7003e-06,
  "WLHReal_V4_n": 20.6554560239,
  "WLHReal_V5_n": 0.2730353232,
  "WLHReal_V6_n": 0.0008893687,
  "WLHReal_r0_n": 1.2753610458,
  "WLHReal_r1_n": 0.3041716391,
  "WLHReal_r2_n": 0.0008033001,
  "WLHReal_r3_n": 6.3126e-06,
  "WLHReal_a0_n": 0.7326509752,
  "WLHReal_a1_n": 0.0006906405,
  "WLHReal_a2_n": 7.3418e-06,
  "WLHReal_a3_n": 0.2513393339,
  "WLHReal_a4_n": 0.8374211158,
  "WLHImagVolume_W0_p": 5.3009225502,
  "WLHImagVolume_W1_p": 0.2708177564,
  "WLHImagVolume_W2_p": 0.0004675784,
  "WLHImagVolume_W3_p": 12.5654733036,
  "WLHImagVolume_W4_p": 0.091380959,
  "WLHImagVolume_r0_p": 0.6776305788,
  "WLHImagVolume_r1_p": 47.1114293867,
  "WLHImagVolume_r2_p": 0.6091989276,
  "WLHImagVolume_r3_p": 61.7062777841,
  "WLHImagVolume_r4_p": 0.6648571642,
  "WLHImagVolume_r5_p": 1.2858e-06,
  "WLHImagVolume_a0_p": 0.5929859767,
  "WLHImagVolume_a1_p": 0.2614819274,
  "WLHImagVolume_a2_p": 13.9247736595,
  "WLHImagVolume_a3_p": 0.4498756425,
  "WLHImagVolume_a4_p": 0.0029362512,
  "WLHImagVolume_W0_n": 3.023373028,
  "WLHImagVolume_W1_n": 0.2772148304,
  "WLHImagVolume_W2_n": 0.0006443845,
  "WLHImagVolume_W3_n": 9.1203975588,
  "WLHImagVolume_W4_n": 0.052559653,
  "WLHImagVolume_r0_n": 0.5169683352,
  "WLHImagVolume_r1_n": 85.6477671897,
  "WLHImagVolume_r2_n": 0.7549365136,
  "WLHImagVolume_r3_n": 88.0399259566,
  "WLHImagVolume_r4_n": 0.8352427886,
  "WLHImagVolume_r5_n": 2.5408e-06,
  "WLHImagVolume_a0_n": 0.2136722007,
  "WLHImagVolume_a1_n": 0.5987139347,
  "WLHImagVolume_a2_n": 6.2680436181,
  "WLHImagVolume_a3_n": 0.0235897174,
  "WLHImagVolume_a4_n": 0.000279588,
  "WLHImagSurface_W0_p": 0.667949263,
  "WLHImagSurface_W1_p": 0.0172142997,
  "WLHImagSurface_W2_p": 0.0567833919,
  "WLHImagSurface_W3_p": 0.0558680517,
  "WLHImagSurface_r0_p": 0.8839273547,
  "WLHImagSurface_r1_p": 0.3218187691,
  "WLHImagSurface_r2_p": 0.0017972803,
  "WLHImagSurface_a0_p": 0.7626030542,
  "WLHImagSurface_W0_n": 2.0998844978,
  "WLHImagSurface_W1_n": 0.0498115364,
  "WLHImagSurface_W2_n": 3.0448231184,
  "WLHImagSurface_W3_n": 0.1603288643,
  "WLHImagSurface_r0_n": 1.2957980826,
  "WLHImagSurface_r1_n": 1.5301729571,
  "WLHImagSurface_r2_n": 0.0037902921,
  "WLHImagSurface_a0_n": 0.835275388,
  "WLHRealSpinOrbit_V0_p": 9.5730573518,
  "WLHRealSpinOrbit_V1_p": 0.0087488776,
  "WLHRealSpinOrbit_r0_p": 1.2960021257,
  "WLHRealSpinOrbit_r1_p": 0.9145029187,
  "WLHRealSpinOrbit_a0_p": 0.824609551,
  "WLHRealSpinOrbit_a1_p": 0.0003247893,
  "WLHRealSpinOrbit_V0_n": 9.6306782293,
  "WLHRealSpinOrbit_V1_n": 0.0083878736,
  "WLHRealSpinOrbit_r0_n": 1.255246274,
  "WLHRealSpinOrbit_r1_n": 0.8492979885,
  "WLHRealSpinOrbit_a0_n": 0.7900961487,
  "WLHRealSpinOrbit_a1_n": 0.0003307875
}