{
  "WLHReal_V0_p": 54.9107381562,
  "WLHReal_V1_p": 0.3087033338,
  "WLHReal_V2_p": -1.38497e-05,
  "WLHReal_V3_p": 1.7019e-06,
  "WLHReal_V4_p": 12.9362121607,
  "WLHReal_V5_p": 0.1434464564,
  "WLHReal_V6_p": 0.0003237349,
  "WLHReal_r0_p": 1.3043607255,
  "WLHReal_r1_p": 0.336754685,
  "WLHReal_r2_p": 0.000739953,
  "WLHReal_r3_p": 5.5923e-06,
  "WLHReal_a0_p": 0.780974374,
  "WLHReal_a1_p": 0.0001944048,
  "WLHReal_a2_p": 4.0923e-06,
  "WLHReal_a3_p": 0.0644375056,
  "WLHReal_a4_p": 0.5680227551,
  "WLHReal_V0_n": 56.2206425443,
  "WLHReal_V1_n": 0.3344869014,
  "WLHReal_V2_n": 0.0004026008,
  "WLHReal_V3_n": 1.1018e-06,
  "WLHReal_V4_n": 20.5969369891,
  "WLHReal_V5_n": 0.2533134372,
  "WLHReal_V6_n": 0.0005150093,
  "WLHReal_r0_n": 1.2649102667,
  "WLHReal_r1_n": 0.360478818,
  "WLHReal_r2_n": 0.0004940443,
  "WLHReal_r3_n": 4.647e-07,
  "WLHReal_a0_n": 0.7139378506,
  "WLHReal_a1_n": 0.0002893252,
  "WLHReal_a2_n": 6.712e-07,
  "WLHReal_a3_n": 0.1658198184,
  "WLHReal_a4_n": 0.6350963658,
  "WLHImagVolume_W0_p": 4.4409616021,
  "WLHImagVolume_W1_p": 0.2549583087,
  "WLHImagVolume_W2_p": 0.0004315989,
  "WLHImagVolume_W3_p": 12.3810802793,
  "WLHImagVolume_W4_p": 0.0835995266,
  "WLHImagVolume_r0_p": 0.5918627828,
  "WLHImagVolume_r1_p": 49.8990861346,
  "WLHImagVolume_r2_p": 0.6631556545,
  "WLHImagVolume_r3_p": 59.2337973313,
  "WLHImagVolume_r4_p": 0.6080576661,
  "WLHImagVolume_r5_p": 1.4126e-06,
  "WLHImagVolume_a0_p": 0.5604808718,
  "WLHImagVolume_a1_p": 0.2741119268,
  "WLHImagVolume_a2_p": 14.3596708185,
  "WLHImagVolume_a3_p": 0.4232031156,
  "WLHImagVolume_a4_p": 0.0024681209,
  "WLHImagVolume_W0_n": 2.5275341276,
  "WLHImagVolume_W1_n": 0.2886473597,
  "WLHImagVolume_W2_n": 0.0006906106,
  "WLHImagVolume_W3_n": 8.3950094481,
  "WLHImagVolume_W4_n": 0.0739703512,
  "WLHImagVolume_r0_n": 0.4532066918,
  "WLHImagVolume_r1_n": 88.4646557873,
  "WLHImagVolume_r2_n": 0.8043876091,
  "WLHImagVolume_r3_n": 83.8692195414,
  "WLHImagVolume_r4_n": 0.7860459284,
  "WLHImagVolume_r5_n": 1.4968e-06,
  "WLHImagVolume_a0_n": 0.1833842392,
  "WLHImagVolume_a1_n": 0.6341511131,
  "WLHImagVolume_a2_n": 7.5726098023,
  "WLHImagVolume_a3_n": 0.0337648216,
  "WLHImagVolume_a4_n": 0.0004830339,
  "WLHImagSurface_W0_p": 0.9850663908,
  "WLHImagSurface_W1_p": 0.0456862364,
  "WLHImagSurface_W2_p": 1.1606920385,
  "WLHImagSurface_W3_p": 0.1670809212,
  "WLHImagSurface_r0_p": 0.9751481368,
  "WLHImagSurface_r1_p": 0.5896968272,
  "WLHImagSurface_r2_p": 0.0046026781,
  "WLHImagSurface_a0_p": 0.7480118143,
  "WLHImagSurface_W0_n": 2.2865341778,
  "WLHImagSurface_W1_n": 0.0482020254,
  "WLHImagSurface_W2_n": 3.6734604815,
  "WLHImagSurface_W3_n": 0.1589928121,
  "WLHImagSurface_r0_n": 1.3014376246,
  "WLHImagSurface_r1_n": 1.5029607533,
  "WLHImagSurface_r2_n": 0.0045605755,
  "WLHImagSurface_a0_n": 0.8177105566,
  "WLHRealSpinOrbit_V0_p": 9.6389843445,
  "WLHRealSpinOrbit_V1_p": 0.0084314855,
  "WLHRealSpinOrbit_r0_p": 1.266419231,
  "WLHRealSpinOrbit_r1_p": 0.8534403125,
  "WLHRealSpinOrbit_a0_p": 0.7949358832,
  "WLHRealSpinOrbit_a1_p": 0.0003494865,
  "WLHRealSpinOrbit_V0_n": 9.5701502274,
  "WLHRealSpinOrbit_V1_n": 0.0080260634,
  "WLHRealSpinOrbit_r0_n": 1.2303168291,
  "WLHRealSpinOrbit_r1_n": 0.8014239857,
  "WLHRealSpinOrbit_a0_n": 0.7647888564,
  "WLHRealSpinOrbit_a1_n": 0.0003452449
}