{
  "WLHReal_V0_p": 55.728141367,
  "WLHReal_V1_p": 0.3232313743,
  "WLHReal_V2_p": 3.98122e-05,
  "WLHReal_V3_p": 2.6455e-06,
  "WLHReal_V4_p": 12.5164282912,
  "WLHReal_V5_p": 0.1471316731,
  "WLHReal_V6_p": 0.0003125063,
  "WLHReal_r0_p": 1.3068260114,
  "WLHReal_r1_p": 0.3561523765,
  "WLHReal_r2_p": 0.0007627803,
  "WLHReal_r3_p": 4.969e-06,
  "WLHReal_a0_p": 0.7849631904,
  "WLHReal_a1_p": 0.0002244454,
  "WLHReal_a2_p": 3.3831e-06,
  "WLHReal_a3_p": 0.081727125,
  "WLHReal_a4_p": 0.5981032214,
  "WLHReal_V0_n": 51.1229581916,
  "WLHReal_V1_n": 0.2832994504,
  "WLHReal_V2_n": -0.001302778,
  "WLHReal_V3_n": 6.4941e-06,
  "WLHReal_V4_n": 19.9138100343,
  "WLHReal_V5_n": 0.3599436584,
  "WLHReal_V6_n": 0.0020572436,
  "WLHReal_r0_n": 1.3621303204,
  "WLHReal_r1_n": 0.310649535,
  "WLHReal_r2_n": 0.0015823232,
  "WLHReal_r3_n": 2.05344e-05,
  "WLHReal_a0_n": 0.7950259597,
  "WLHReal_a1_n": 0.0016738319,
  "WLHReal_a2_n": 2.5677e-05,
  "WLHReal_a3_n": 0.3836878769,
  "WLHReal_a4_n": 1.2220899876,
  "WLHImagVolume_W0_p": 4.5886009373,
  "WLHImagVolume_W1_p": 0.280272122,
  "WLHImagVolume_W2_p": 0.000554494,
  "WLHImagVolume_W3_p": 13.3979888562,
  "WLHImagVolume_W4_p": 0.0885524108,
  "WLHImagVolume_r0_p": 0.52604668,
  "WLHImagVolume_r1_p": 58.1096765507,
  "WLHImagVolume_r2_p": 0.7293514246,
  "WLHImagVolume_r3_p": 65.5938845478,
  "WLHImagVolume_r4_p": 0.5615016977,
  "WLHImagVolume_r5_p": 1.7005e-06,
  "WLHImagVolume_a0_p": 0.5562234896,
  "WLHImagVolume_a1_p": 0.2861774683,
  "WLHImagVolume_a2_p": 15.3311553365,
  "WLHImagVolume_a3_p": 0.420528759,
  "WLHImagVolume_a4_p": 0.0024133989,
  "WLHImagVolume_W0_n": 4.6722469023,
  "WLHImagVolume_W1_n": 0.3293886616,
  "WLHImagVolume_W2_n": 0.0008229911,
  "WLHImagVolume_W3_n": 11.6063228218,
  "WLHImagVolume_W4_n": 0.0192521103,
  "WLHImagVolume_r0_n": 0.6320674964,
  "WLHImagVolume_r1_n": 82.3231048117,
  "WLHImagVolume_r2_n": 0.726936281,
  "WLHImagVolume_r3_n": 107.6019022922,
  "WLHImagVolume_r4_n": 0.9868098372,
  "WLHImagVolume_r5_n": 6.3989e-06,
  "WLHImagVolume_a0_n": 0.3382068594,
  "WLHImagVolume_a1_n": 0.5037697727,
  "WLHImagVolume_a2_n": 1.2105363854,
  "WLHImagVolume_a3_n": 0.0093931589,
  "WLHImagVolume_a4_n": 0.0002063602,
  "WLHImagSurface_W0_p": 1.043883998,
  "WLHImagSurface_W1_p": 0.052553726,
  "WLHImagSurface_W2_p": 1.2413424993,
  "WLHImagSurface_W3_p": 0.1943480139,
  "WLHImagSurface_r0_p": 1.0102980929,
  "WLHImagSurface_r1_p": 0.6880091006,
  "WLHImagSurface_r2_p": 0.0047591476,
  "WLHImagSurface_a0_p": 0.772804178,
  "WLHImagSurface_W0_n": 1.9030201026,
  "WLHImagSurface_W1_n": 0.0728934233,
  "WLHImagSurface_W2_n": 2.7389596866,
  "WLHImagSurface_W3_n": 0.2400033108,
  "WLHImagSurface_r0_n": 1.2963007595,
  "WLHImagSurface_r1_n": 1.7758954757,
  "WLHImagSurface_r2_n": 0.001475086,
  "WLHImagSurface_a0_n": 0.8917688924,
  "WLHRealSpinOrbit_V0_p": 9.5761543828,
  "WLHRealSpinOrbit_V1_p": 0.0083519815,
  "WLHRealSpinOrbit_r0_p": 1.2624128169,
  "WLHRealSpinOrbit_r1_p": 0.8512570318,
  "WLHRealSpinOrbit_a0_p": 0.7920490543,
  "WLHRealSpinOrbit_a1_p": 0.0003425062,
  "WLHRealSpinOrbit_V0_n": 9.3472545804,
  "WLHRealSpinOrbit_V1_n": 0.0091989491,
  "WLHRealSpinOrbit_r0_n": 1.3592167445,
  "WLHRealSpinOrbit_r1_n": 1.0194622507,
  "WLHRealSpinOrbit_a0_n": 0.8780879931,
  "WLHRealSpinOrbit_a1_n": 0.0003095938
}