{
  "WLHReal_V0_p": 52.6233954113,
  "WLHReal_V1_p": 0.3028952556,
  "WLHReal_V2_p": 5.08157e-05,
  "WLHReal_V3_p": 9.958e-07,
  "WLHReal_V4_p": 13.0932734864,
  "WLHReal_V5_p": 0.1197366484,
  "WLHReal_V6_p": 0.0002356566,
  "WLHReal_r0_p": 1.2929737835,
  "WLHReal_r1_p": 0.2633020797,
  "WLHReal_r2_p": 0.0007514113,
  "WLHReal_r3_p": 6.1014e-06,
  "WLHReal_a0_p": 0.7678971367,
  "WLHReal_a1_p": 1.82344e-05,
  "WLHReal_a2_p": 4.9911e-06,
  "WLHReal_a3_p": 0.0476018211,
  "WLHReal_a4_p": 0.5446712795,
  "WLHReal_V0_n": 53.9987668767,
  "WLHReal_V1_n": 0.2825543245,
  "WLHReal_V2_n": -0.0002190312,
  "WLHReal_V3_n": 2.557e-06,
  "WLHReal_V4_n": 21.1976309906,
  "WLHReal_V5_n": 0.2872311365,
  "WLHReal_V6_n": 0.0010137615,
  "WLHReal_r0_n": 1.2979910168,
  "WLHReal_r1_n": 0.3567018978,
  "WLHReal_r2_n": 0.0007983523,
  "WLHReal_r3_n": 6.5726e-06,
  "WLHReal_a0_n": 0.7389056104,
  "WLHReal_a1_n": 0.0006450306,
  "WLHReal_a2_n": 7.3863e-06,
  "WLHReal_a3_n": 0.2378194505,
  "WLHReal_a4_n": 0.788695875,
  "WLHImagVolume_W0_p": 3.6811506245,
  "WLHImagVolume_W1_p": 0.1861727077,
  "WLHImagVolume_W2_p": 0.0003100999,
  "WLHImagVolume_W3_p": 10.7792282951,
  "WLHImagVolume_W4_p": 0.0616604949,
  "WLHImagVolume_r0_p": 0.6044785694,
  "WLHImagVolume_r1_p": 56.4943305093,
  "WLHImagVolume_r2_p": 0.6575042185,
  "WLHImagVolume_r3_p": 67.7511882887,
  "WLHImagVolume_r4_p": 0.5790493088,
  "WLHImagVolume_r5_p": 6.728e-07,
  "WLHImagVolume_a0_p": 0.524228301,
  "WLHImagVolume_a1_p": 0.3015510017,
  "WLHImagVolume_a2_p": 17.0854242489,
  "WLHImagVolume_a3_p": 0.372499195,
  "WLHImagVolume_a4_p": 0.0017475159,
  "WLHImagVolume_W0_n": 2.9638152639,
  "WLHImagVolume_W1_n": 0.27695563,
  "WLHImagVolume_W2_n": 0.0004971166,
  "WLHImagVolume_W3_n": 9.1207020806,
  "WLHImagVolume_W4_n": 0.038286775,
  "WLHImagVolume_r0_n": 0.580003309,
  "WLHImagVolume_r1_n": 69.3416316405,
  "WLHImagVolume_r2_n": 0.706380983,
  "WLHImagVolume_r3_n": 80.4098941477,
  "WLHImagVolume_r4_n": 0.9886045521,
  "WLHImagVolume_r5_n": 3.9725e-06,
  "WLHImagVolume_a0_n": 0.2515296923,
  "WLHImagVolume_a1_n": 0.5838329362,
  "WLHImagVolume_a2_n": 6.68156622,
  "WLHImagVolume_a3_n": 0.0560960594,
  "WLHImagVolume_a4_n": 0.0008640734,
  "WLHImagSurface_W0_p": 1.0803693856,
  "WLHImagSurface_W1_p": 0.0470395003,
  "WLHImagSurface_W2_p": 1.0271937425,
  "WLHImagSurface_W3_p": 0.1556276981,
  "WLHImagSurface_r0_p": 1.0460072491,
  "WLHImagSurface_r1_p": 0.4738768146,
  "WLHImagSurface_r2_p": 0.0050298594,
  "WLHImagSurface_a0_p": 0.8590571447,
  "WLHImagSurface_W0_n": 1.6625543341,
  "WLHImagSurface_W1_n": 0.0378826158,
  "WLHImagSurface_W2_n": 2.5010571254,
  "WLHImagSurface_W3_n": 0.1389312538,
  "WLHImagSurface_r0_n": 1.2716167114,
  "WLHImagSurface_r1_n": 1.4648879245,
  "WLHImagSurface_r2_n": 0.0032451831,
  "WLHImagSurface_a0_n": 0.8450644327,
  "WLHRealSpinOrbit_V0_p": 9.4742034391,
  "WLHRealSpinOrbit_V1_p": 0.0082587177,
  "WLHRealSpinOrbit_r0_p": 1.268304014,
  "WLHRealSpinOrbit_r1_p": 0.8505974426,
  "WLHRealSpinOrbit_a0_p": 0.793310156,
  "WLHRealSpinOrbit_a1_p": 0.0003623422,
  "WLHRealSpinOrbit_V0_n": 9.7586754279,
  "WLHRealSpinOrbit_V1_n": 0.0086009696,
  "WLHRealSpinOrbit_r0_n": 1.2726816523,
  "WLHRealSpinOrbit_r1_n": 0.8613730462,
  "WLHRealSpinOrbit_a0_n": 0.8009787099,
  "WLHRealSpinOrbit_a1_n": 0.0003516816
}