{
  "WLHReal_V0_p": 45.9117186061,
  "WLHReal_V1_p": 0.2499903289,
  "WLHReal_V2_p": -0.0016337194,
  "WLHReal_V3_p": 6.2915e-06,
  "WLHReal_V4_p": 9.9827463251,
  "WLHReal_V5_p": 0.1159001476,
  "WLHReal_V6_p": 0.0007840538,
  "WLHReal_r0_p": 1.4168022875,
  "WLHReal_r1_p": 0.2031756143,
  "WLHReal_r2_p": 0.0013174744,
  "WLHReal_r3_p": 1.95065e-05,
  "WLHReal_a0_p": 0.8275059092,
  "WLHReal_a1_p": -0.0001608496,
  "WLHReal_a2_p": 1.7708e-05,
  "WLHReal_a3_p": -0.1193124346,
  "WLHReal_a4_p": 0.4918447923,
  "WLHReal_V0_n": 55.6112882292,
  "WLHReal_V1_n": 0.3193706614,
  "WLHReal_V2_n": 0.0003139193,
  "WLHReal_V3_n": 9.485e-07,
  "WLHReal_V4_n": 20.9756018597,
  "WLHReal_V5_n": 0.2545803728,
  "WLHReal_V6_n": 0.0005866766,
  "WLHReal_r0_n": 1.2625425062,
  "WLHReal_r1_n": 0.3376978708,
  "WLHReal_r2_n": 0.0005534779,
  "WLHReal_r3_n": 2.1488e-06,
  "WLHReal_a0_n": 0.7166919983,
  "WLHReal_a1_n": 0.0003560308,
  "WLHReal_a2_n": 2.1775e-06,
  "WLHReal_a3_n": 0.1946244162,
  "WLHReal_a4_n": 0.6830629703,
  "WLHImagVolume_W0_p": 6.5152549309,
  "WLHImagVolume_W1_p": 0.1670838046,
  "WLHImagVolume_W2_p": 8.1214e-05,
  "WLHImagVolume_W3_p": 5.8873765124,
  "WLHImagVolume_W4_p": 0.0863532246,
  "WLHImagVolume_r0_p": 1.0038947888,
  "WLHImagVolume_r1_p": 19.93963231,
  "WLHImagVolume_r2_p": 0.4048606227,
  "WLHImagVolume_r3_p": 45.057595717,
  "WLHImagVolume_r4_p": 0.7481907749,
  "WLHImagVolume_r5_p": 9.943e-07,
  "WLHImagVolume_a0_p": 0.6748243287,
  "WLHImagVolume_a1_p": 0.2235195906,
  "WLHImagVolume_a2_p": 12.4763038785,
  "WLHImagVolume_a3_p": 0.4945763156,
  "WLHImagVolume_a4_p": 0.003918633,
  "WLHImagVolume_W0_n": 2.5245672859,
  "WLHImagVolume_W1_n": 0.2700843229,
  "WLHImagVolume_W2_n": 0.0005706702,
  "WLHImagVolume_W3_n": 8.4074172328,
  "WLHImagVolume_W4_n": 0.0607318139,
  "WLHImagVolume_r0_n": 0.496803672,
  "WLHImagVolume_r1_n": 81.4727262165,
  "WLHImagVolume_r2_n": 0.7582611258,
  "WLHImagVolume_r3_n": 80.2000033735,
  "WLHImagVolume_r4_n": 0.8433734109,
  "WLHImagVolume_r5_n": 2.0296e-06,
  "WLHImagVolume_a0_n": 0.1927137095,
  "WLHImagVolume_a1_n": 0.6231718398,
  "WLHImagVolume_a2_n": 7.8150716182,
  "WLHImagVolume_a3_n": 0.040654284,
  "WLHImagVolume_a4_n": 0.0005569457,
  "WLHImagSurface_W0_p": 0.0926293219,
  "WLHImagSurface_W1_p": -0.0278138908,
  "WLHImagSurface_W2_p": -1.1836809318,
  "WLHImagSurface_W3_p": -0.1160287555,
  "WLHImagSurface_r0_p": 0.5836544869,
  "WLHImagSurface_r1_p": -0.7221674,
  "WLHImagSurface_r2_p": -0.0055588025,
  "WLHImagSurface_a0_p": 0.7224054354,
  "WLHImagSurface_W0_n": 2.0439264468,
  "WLHImagSurface_W1_n": 0.0405548508,
  "WLHImagSurface_W2_n": 3.104476315,
  "WLHImagSurface_W3_n": 0.1364393955,
  "WLHImagSurface_r0_n": 1.2889300959,
  "WLHImagSurface_r1_n": 1.4499491657,
  "WLHImagSurface_r2_n": 0.0042973659,
  "WLHImagSurface_a0_n": 0.8220413336,
  "WLHRealSpinOrbit_V0_p": 8.8192909659,
  "WLHRealSpinOrbit_V1_p": 0.0092022352,
  "WLHRealSpinOrbit_r0_p": 1.4256244288,
  "WLHRealSpinOrbit_r1_p": 1.0969207391,
  "WLHRealSpinOrbit_a0_p": 0.9203277768,
  "WLHRealSpinOrbit_a1_p": 0.0003498736,
  "WLHRealSpinOrbit_V0_n": 9.7150945814,
  "WLHRealSpinOrbit_V1_n": 0.0081915539,
  "WLHRealSpinOrbit_r0_n": 1.2328785402,
  "WLHRealSpinOrbit_r1_n": 0.8049423411,
  "WLHRealSpinOrbit_a0_n": 0.768603095,
  "WLHRealSpinOrbit_a1_n": 0.0003462361
}