{
  "WLHReal_V0_p": 49.8499465101,
  "WLHReal_V1_p": 0.2642876642,
  "WLHReal_V2_p": -0.0004468769,
  "WLHReal_V3_p": 3.3606e-06,
  "WLHReal_V4_p": 13.0435319486,
  "WLHReal_V5_p": 0.123441205,
  "WLHReal_V6_p": 0.0004089491,
  "WLHReal_r0_p": 1.3318181177,
  "WLHReal_r1_p": 0.2658377873,
  "WLHReal_r2_p": 0.0007490911,
  "WLHReal_r3_p": 8.6444e-06,
  "WLHReal_a0_p": 0.7778460586,
  "WLHReal_a1_p": -2.90514e-05,
  "WLHReal_a2_p": 7.8023e-06,
  "WLHReal_a3_p": -0.0202886601,
  "WLHReal_a4_p": 0.4597060686,
  "WLHReal_V0_n": 55.7699733304,
  "WLHReal_V1_n": 0.3212017406,
  "WLHReal_V2_n": 0.0002441082,
  "WLHReal_V3_n": 1.2782e-06,
  "WLHReal_V4_n": 20.9438280155,
  "WLHReal_V5_n": 0.2596119574,
  "WLHReal_V6_n": 0.0006667276,
  "WLHReal_r0_n": 1.2613746263,
  "WLHReal_r1_n": 0.3259197771,
  "WLHReal_r2_n": 0.0006196201,
  "WLHReal_r3_n": 3.4859e-06,
  "WLHReal_a0_n": 0.7209436446,
  "WLHReal_a1_n": 0.0004234777,
  "WLHReal_a2_n": 3.0109e-06,
  "WLHReal_a3_n": 0.2098068089,
  "WLHReal_a4_n": 0.7264287071,
  "WLHImagVolume_W0_p": 4.1875642823,
  "WLHImagVolume_W1_p": 0.1493256837,
  "WLHImagVolume_W2_p": 8.83796e-05,
  "WLHImagVolume_W3_p": 7.7846974369,
  "WLHImagVolume_W4_p": 0.063774833,
  "WLHImagVolume_r0_p": 0.7683306942,
  "WLHImagVolume_r1_p": 35.3361506787,
  "WLHImagVolume_r2_p": 0.5322378054,
  "WLHImagVolume_r3_p": 50.1199493717,
  "WLHImagVolume_r4_p": 0.6519703862,
  "WLHImagVolume_r5_p": 1.0189e-06,
  "WLHImagVolume_a0_p": 0.5710112194,
  "WLHImagVolume_a1_p": 0.2650728511,
  "WLHImagVolume_a2_p": 14.3999106979,
  "WLHImagVolume_a3_p": 0.4110218439,
  "WLHImagVolume_a4_p": 0.0024303185,
  "WLHImagVolume_W0_n": 2.7515216379,
  "WLHImagVolume_W1_n": 0.278467368,
  "WLHImagVolume_W2_n": 0.0005862784,
  "WLHImagVolume_W3_n": 8.8472133816,
  "WLHImagVolume_W4_n": 0.061923928,
  "WLHImagVolume_r0_n": 0.5150039516,
  "WLHImagVolume_r1_n": 78.9715351509,
  "WLHImagVolume_r2_n": 0.7405252996,
  "WLHImagVolume_r3_n": 80.393958278,
  "WLHImagVolume_r4_n": 0.8621719748,
  "WLHImagVolume_r5_n": 2.0036e-06,
  "WLHImagVolume_a0_n": 0.2012063658,
  "WLHImagVolume_a1_n": 0.6130141794,
  "WLHImagVolume_a2_n": 7.2327681512,
  "WLHImagVolume_a3_n": 0.0318881484,
  "WLHImagVolume_a4_n": 0.0004928438,
  "WLHImagSurface_W0_p": 0.8333162465,
  "WLHImagSurface_W1_p": 0.0299143954,
  "WLHImagSurface_W2_p": 0.8326663175,
  "WLHImagSurface_W3_p": 0.0984020654,
  "WLHImagSurface_r0_p": 0.8798433852,
  "WLHImagSurface_r1_p": 0.0822957255,
  "WLHImagSurface_r2_p": 0.0023962632,
  "WLHImagSurface_a0_p": 0.7605529598,
  "WLHImagSurface_W0_n": 2.0720604468,
  "WLHImagSurface_W1_n": 0.0426335808,
  "WLHImagSurface_W2_n": 3.0442766879,
  "WLHImagSurface_W3_n": 0.1392964917,
  "WLHImagSurface_r0_n": 1.2841249912,
  "WLHImagSurface_r1_n": 1.4656668596,
  "WLHImagSurface_r2_n": 0.0041985425,
  "WLHImagSurface_a0_n": 0.8237772278,
  "WLHRealSpinOrbit_V0_p": 9.3084802042,
  "WLHRealSpinOrbit_V1_p": 0.0085100518,
  "WLHRealSpinOrbit_r0_p": 1.3171930012,
  "WLHRealSpinOrbit_r1_p": 0.9131784064,
  "WLHRealSpinOrbit_a0_p": 0.8284486414,
  "WLHRealSpinOrbit_a1_p": 0.0003802447,
  "WLHRealSpinOrbit_V0_n": 9.7759312043,
  "WLHRealSpinOrbit_V1_n": 0.0083040063,
  "WLHRealSpinOrbit_r0_n": 1.2349751115,
  "WLHRealSpinOrbit_r1_n": 0.8138079092,
  "WLHRealSpinOrbit_a0_n": 0.7730027694,
  "WLHRealSpinOrbit_a1_n": 0.000338342
}