{
  "WLHReal_V0_p": 58.5946496881,
  "WLHReal_V1_p": 0.3296811,
  "WLHReal_V2_p": 0.0009150496,
  "WLHReal_V3_p": -3.965e-07,
  "WLHReal_V4_p": 14.9399233681,
  "WLHReal_V5_p": 0.154605736,
  "WLHReal_V6_p": 4.09802e-05,
  "WLHReal_r0_p": 1.2447504166,
  "WLHReal_r1_p": 0.4091396532,
  "WLHReal_r2_p": 0.000311061,
  "WLHReal_r3_p": -3.2993e-06,
  "WLHReal_a0_p": 0.747353083,
  "WLHReal_a1_p": 0.000330488,
  "WLHReal_a2_p": -4.0161e-06,
  "WLHReal_a3_p": 0.1521659893,
  "WLHReal_a4_p": 0.5624436377,
  "WLHReal_V0_n": 53.1971768824,
  "WLHReal_V1_n": 0.285726306,
  "WLHReal_V2_n": -0.0005718642,
  "WLHReal_V3_n": 3.4547e-06,
  "WLHReal_V4_n": 20.8587652678,
  "WLHReal_V5_n": 0.3095579072,
  "WLHReal_V6_n": 0.0013786392,
  "WLHReal_r0_n": 1.3095311234,
  "WLHReal_r1_n": 0.3137702381,
  "WLHReal_r2_n": 0.0010993355,
  "WLHReal_r3_n": 1.22807e-05,
  "WLHReal_a0_n": 0.7581404494,
  "WLHReal_a1_n": 0.0010276854,
  "WLHReal_a2_n": 1.41522e-05,
  "WLHReal_a3_n": 0.3063484114,
  "WLHReal_a4_n": 0.9767929116,
  "WLHImagVolume_W0_p": 2.8387937977,
  "WLHImagVolume_W1_p": 0.2642669327,
  "WLHImagVolume_W2_p": 0.0005359116,
  "WLHImagVolume_W3_p": 14.5813188003,
  "WLHImagVolume_W4_p": 0.0718383786,
  "WLHImagVolume_r0_p": 0.3607439702,
  "WLHImagVolume_r1_p": 67.1618327441,
  "WLHImagVolume_r2_p": 0.8133307545,
  "WLHImagVolume_r3_p": 66.8482644815,
  "WLHImagVolume_r4_p": 0.4968837758,
  "WLHImagVolume_r5_p": 1.2006e-06,
  "WLHImagVolume_a0_p": 0.481578,
  "WLHImagVolume_a1_p": 0.3129654168,
  "WLHImagVolume_a2_p": 16.3671200952,
  "WLHImagVolume_a3_p": 0.361570446,
  "WLHImagVolume_a4_p": 0.001354924,
  "WLHImagVolume_W0_n": 3.6442681389,
  "WLHImagVolume_W1_n": 0.2909408028,
  "WLHImagVolume_W2_n": 0.0005806268,
  "WLHImagVolume_W3_n": 10.1909672874,
  "WLHImagVolume_W4_n": 0.0312381904,
  "WLHImagVolume_r0_n": 0.615320826,
  "WLHImagVolume_r1_n": 71.2899178133,
  "WLHImagVolume_r2_n": 0.6879289291,
  "WLHImagVolume_r3_n": 88.2378521077,
  "WLHImagVolume_r4_n": 0.9967330216,
  "WLHImagVolume_r5_n": 4.5979e-06,
  "WLHImagVolume_a0_n": 0.2792603149,
  "WLHImagVolume_a1_n": 0.5512466865,
  "WLHImagVolume_a2_n": 4.6750081856,
  "WLHImagVolume_a3_n": 0.0319853966,
  "WLHImagVolume_a4_n": 0.0005379648,
  "WLHImagSurface_W0_p": 1.594271841,
  "WLHImagSurface_W1_p": 0.0959443891,
  "WLHImagSurface_W2_p": 2.8197195179,
  "WLHImagSurface_W3_p": 0.3570546663,
  "WLHImagSurface_r0_p": 1.2201781687,
  "WLHImagSurface_r1_p": 1.2801533536,
  "WLHImagSurface_r2_p": 0.0107141623,
  "WLHImagSurface_a0_p": 0.784872202,
  "WLHImagSurface_W0_n": 1.7402321688,
  "WLHImagSurface_W1_n": 0.0486750258,
  "WLHImagSurface_W2_n": 2.3892902816,
  "WLHImagSurface_W3_n": 0.1646463019,
  "WLHImagSurface_r0_n": 1.2742318401,
  "WLHImagSurface_r1_n": 1.5565239633,
  "WLHImagSurface_r2_n": 0.002664723,
  "WLHImagSurface_a0_n": 0.8595064886,
  "WLHRealSpinOrbit_V0_p": 9.9529764787,
  "WLHRealSpinOrbit_V1_p": 0.0078449629,
  "WLHRealSpinOrbit_r0_p": 1.1825303854,
  "WLHRealSpinOrbit_r1_p": 0.713554132,
  "WLHRealSpinOrbit_a0_p": 0.7237251443,
  "WLHRealSpinOrbit_a1_p": 0.0003686254,
  "WLHRealSpinOrbit_V0_n": 9.7280980198,
  "WLHRealSpinOrbit_V1_n": 0.0088889803,
  "WLHRealSpinOrbit_r0_n": 1.2963611383,
  "WLHRealSpinOrbit_r1_n": 0.9123168132,
  "WLHRealSpinOrbit_a0_n": 0.8257607871,
  "WLHRealSpinOrbit_a1_n": 0.0003291293
}