{
  "WLHReal_V0_p": 53.6354084429,
  "WLHReal_V1_p": 0.341612275,
  "WLHReal_V2_p": -0.0003192164,
  "WLHReal_V3_p": 3.5694e-06,
  "WLHReal_V4_p": 10.2426504964,
  "WLHReal_V5_p": 0.1458590252,
  "WLHReal_V6_p": 0.00040873,
  "WLHReal_r0_p": 1.3646033176,
  "WLHReal_r1_p": 0.3826154033,
  "WLHReal_r2_p": 0.0009062587,
  "WLHReal_r3_p": 7.3752e-06,
  "WLHReal_a0_p": 0.8074433403,
  "WLHReal_a1_p": 0.0001228516,
  "WLHReal_a2_p": 6.0751e-06,
  "WLHReal_a3_p": 0.059491263,
  "WLHReal_a4_p": 0.6176618552,
  "WLHReal_V0_n": 57.0418786744,
  "WLHReal_V1_n": 0.314304382,
  "WLHReal_V2_n": 0.0006395636,
  "WLHReal_V3_n": -6.595e-07,
  "WLHReal_V4_n": 21.8741986313,
  "WLHReal_V5_n": 0.2291371103,
  "WLHReal_V6_n": 0.0003084511,
  "WLHReal_r0_n": 1.2195551181,
  "WLHReal_r1_n": 0.2982583029,
  "WLHReal_r2_n": 0.0003805753,
  "WLHReal_r3_n": -1.0427e-06,
  "WLHReal_a0_n": 0.7006068279,
  "WLHReal_a1_n": 7.28034e-05,
  "WLHReal_a2_n": -3.4502e-06,
  "WLHReal_a3_n": 0.1909462384,
  "WLHReal_a4_n": 0.6299539576,
  "WLHImagVolume_W0_p": 5.317572215,
  "WLHImagVolume_W1_p": 0.290457666,
  "WLHImagVolume_W2_p": 0.0007804287,
  "WLHImagVolume_W3_p": 12.9062558833,
  "WLHImagVolume_W4_p": 0.0946629697,
  "WLHImagVolume_r0_p": 0.4154610415,
  "WLHImagVolume_r1_p": 80.3817680241,
  "WLHImagVolume_r2_p": 0.9070075979,
  "WLHImagVolume_r3_p": 85.0685592667,
  "WLHImagVolume_r4_p": 0.378068348,
  "WLHImagVolume_r5_p": 5.143e-07,
  "WLHImagVolume_a0_p": 0.5606979011,
  "WLHImagVolume_a1_p": 0.3308012895,
  "WLHImagVolume_a2_p": 19.89322924,
  "WLHImagVolume_a3_p": 0.4053093401,
  "WLHImagVolume_a4_p": 0.0023060173,
  "WLHImagVolume_W0_n": 2.2518481985,
  "WLHImagVolume_W1_n": 0.2463872675,
  "WLHImagVolume_W2_n": 0.000339091,
  "WLHImagVolume_W3_n": 8.3162986922,
  "WLHImagVolume_W4_n": 0.0626271378,
  "WLHImagVolume_r0_n": 0.5546505728,
  "WLHImagVolume_r1_n": 63.0048444253,
  "WLHImagVolume_r2_n": 0.6585068652,
  "WLHImagVolume_r3_n": 63.7390262683,
  "WLHImagVolume_r4_n": 0.9317876186,
  "WLHImagVolume_r5_n": 2.0357e-06,
  "WLHImagVolume_a0_n": 0.1741190669,
  "WLHImagVolume_a1_n": 0.6285118106,
  "WLHImagVolume_a2_n": 9.2918631225,
  "WLHImagVolume_a3_n": 0.0433825742,
  "WLHImagVolume_a4_n": 0.000714491,
  "WLHImagSurface_W0_p": 1.1080297554,
  "WLHImagSurface_W1_p": 0.066318809,
  "WLHImagSurface_W2_p": 1.214822288,
  "WLHImagSurface_W3_p": 0.2457052899,
  "WLHImagSurface_r0_p": 1.0412159653,
  "WLHImagSurface_r1_p": 0.5257805133,
  "WLHImagSurface_r2_p": 0.0021862484,
  "WLHImagSurface_a0_p": 0.8935862268,
  "WLHImagSurface_W0_n": 1.8109800179,
  "WLHImagSurface_W1_n": 0.0217074246,
  "WLHImagSurface_W2_n": 2.3103327966,
  "WLHImagSurface_W3_n": 0.0709135409,
  "WLHImagSurface_r0_n": 1.2534565007,
  "WLHImagSurface_r1_n": 1.2841476809,
  "WLHImagSurface_r2_n": 0.0047751352,
  "WLHImagSurface_a0_n": 0.8050966161,
  "WLHRealSpinOrbit_V0_p": 8.798807912,
  "WLHRealSpinOrbit_V1_p": 0.0080922715,
  "WLHRealSpinOrbit_r0_p": 1.3142437484,
  "WLHRealSpinOrbit_r1_p": 0.9289095414,
  "WLHRealSpinOrbit_a0_p": 0.8262168444,
  "WLHRealSpinOrbit_a1_p": 0.0003424034,
  "WLHRealSpinOrbit_V0_n": 10.2297038705,
  "WLHRealSpinOrbit_V1_n": 0.0083232286,
  "WLHRealSpinOrbit_r0_n": 1.1928893266,
  "WLHRealSpinOrbit_r1_n": 0.7475460583,
  "WLHRealSpinOrbit_a0_n": 0.7422152166,
  "WLHRealSpinOrbit_a1_n": 0.0003431683
}