{
  "WLHReal_V0_p": 50.6035870387,
  "WLHReal_V1_p": 0.261887497,
  "WLHReal_V2_p": -0.000471361,
  "WLHReal_V3_p": 2.7246e-06,
  "WLHReal_V4_p": 13.3060664031,
  "WLHReal_V5_p": 0.1220494977,
  "WLHReal_V6_p": 0.0004235964,
  "WLHReal_r0_p": 1.3176130412,
  "WLHReal_r1_p": 0.2384990415,
  "WLHReal_r2_p": 0.0008349426,
  "WLHReal_r3_p": 9.8385e-06,
  "WLHReal_a0_p": 0.77858076,
  "WLHReal_a1_p": 3.5413e-06,
  "WLHReal_a2_p": 7.8273e-06,
  "WLHReal_a3_p": -0.0181949117,
  "WLHReal_a4_p": 0.4823178926,
  "WLHReal_V0_n": 53.7850851497,
  "WLHReal_V1_n": 0.3075252139,
  "WLHReal_V2_n": 4.4395e-05,
  "WLHReal_V3_n": 1.7415e-06,
  "WLHReal_V4_n": 21.1412388799,
  "WLHReal_V5_n": 0.2635244233,
  "WLHReal_V6_n": 0.0008540453,
  "WLHReal_r0_n": 1.2642909396,
  "WLHReal_r1_n": 0.264681934,
  "WLHReal_r2_n": 0.0008126166,
  "WLHReal_r3_n": 6.3315e-06,
  "WLHReal_a0_n": 0.729259463,
  "WLHReal_a1_n": 0.0007172835,
  "WLHReal_a2_n": 8.3566e-06,
  "WLHReal_a3_n": 0.2820844361,
  "WLHReal_a4_n": 0.8736410476,
  "WLHImagVolume_W0_p": 4.3740629201,
  "WLHImagVolume_W1_p": 0.1618992563,
  "WLHImagVolume_W2_p": 4.15138e-05,
  "WLHImagVolume_W3_p": 8.35471632,
  "WLHImagVolume_W4_p": 0.0674080392,
  "WLHImagVolume_r0_p": 0.8425281613,
  "WLHImagVolume_r1_p": 25.6634705148,
  "WLHImagVolume_r2_p": 0.4449828103,
  "WLHImagVolume_r3_p": 43.6127239132,
  "WLHImagVolume_r4_p": 0.7486712046,
  "WLHImagVolume_r5_p": 1.3882e-06,
  "WLHImagVolume_a0_p": 0.5865858381,
  "WLHImagVolume_a1_p": 0.2406029926,
  "WLHImagVolume_a2_p": 12.2644133439,
  "WLHImagVolume_a3_p": 0.433311447,
  "WLHImagVolume_a4_p": 0.002742139,
  "WLHImagVolume_W0_n": 2.7564029209,
  "WLHImagVolume_W1_n": 0.237584936,
  "WLHImagVolume_W2_n": 0.0004774453,
  "WLHImagVolume_W3_n": 8.6103128557,
  "WLHImagVolume_W4_n": 0.0352021394,
  "WLHImagVolume_r0_n": 0.5448940549,
  "WLHImagVolume_r1_n": 82.3104971081,
  "WLHImagVolume_r2_n": 0.7163735249,
  "WLHImagVolume_r3_n": 83.9437818562,
  "WLHImagVolume_r4_n": 0.856071148,
  "WLHImagVolume_r5_n": 2.6453e-06,
  "WLHImagVolume_a0_n": 0.2052414381,
  "WLHImagVolume_a1_n": 0.5987566665,
  "WLHImagVolume_a2_n": 7.2628794256,
  "WLHImagVolume_a3_n": 0.0344978131,
  "WLHImagVolume_a4_n": 0.0002912765,
  "WLHImagSurface_W0_p": 0.6604026607,
  "WLHImagSurface_W1_p": 0.0119296244,
  "WLHImagSurface_W2_p": 0.3506996412,
  "WLHImagSurface_W3_p": 0.0305316232,
  "WLHImagSurface_r0_p": 0.8243623341,
  "WLHImagSurface_r1_p": 0.047726689,
  "WLHImagSurface_r2_p": 0.0021281572,
  "WLHImagSurface_a0_p": 0.7129906027,
  "WLHImagSurface_W0_n": 1.82058165,
  "WLHImagSurface_W1_n": 0.0385694099,
  "WLHImagSurface_W2_n": 2.3778523677,
  "WLHImagSurface_W3_n": 0.1263250844,
  "WLHImagSurface_r0_n": 1.2885406062,
  "WLHImagSurface_r1_n": 1.4438395704,
  "WLHImagSurface_r2_n": 0.0036901709,
  "WLHImagSurface_a0_n": 0.836182777,
  "WLHRealSpinOrbit_V0_p": 9.5989553095,
  "WLHRealSpinOrbit_V1_p": 0.0087652884,
  "WLHRealSpinOrbit_r0_p": 1.3090564222,
  "WLHRealSpinOrbit_r1_p": 0.9098456042,
  "WLHRealSpinOrbit_a0_p": 0.8280259975,
  "WLHRealSpinOrbit_a1_p": 0.0003666426,
  "WLHRealSpinOrbit_V0_n": 9.7609456852,
  "WLHRealSpinOrbit_V1_n": 0.0084465904,
  "WLHRealSpinOrbit_r0_n": 1.2496912526,
  "WLHRealSpinOrbit_r1_n": 0.8382062265,
  "WLHRealSpinOrbit_a0_n": 0.7863184726,
  "WLHRealSpinOrbit_a1_n": 0.0003373954
}