{
  "WLHReal_V0_p": 51.2818266641,
  "WLHReal_V1_p": 0.2845763354,
  "WLHReal_V2_p": -0.0004050983,
  "WLHReal_V3_p": 3.2574e-06,
  "WLHReal_V4_p": 12.4085302974,
  "WLHReal_V5_p": 0.1317580001,
  "WLHReal_V6_p": 0.0004138579,
  "WLHReal_r0_p": 1.3374949334,
  "WLHReal_r1_p": 0.3003202212,
  "WLHReal_r2_p": 0.0007947778,
  "WLHReal_r3_p": 7.7248e-06,
  "WLHReal_a0_p": 0.7861713703,
  "WLHReal_a1_p": 3.78488e-05,
  "WLHReal_a2_p": 6.8705e-06,
  "WLHReal_a3_p": 0.0041619632,
  "WLHReal_a4_p": 0.5062683796,
  "WLHReal_V0_n": 53.1315573029,
  "WLHReal_V1_n": 0.2780996909,
  "WLHReal_V2_n": -0.0002025323,
  "WLHReal_V3_n": 1.7905e-06,
  "WLHReal_V4_n": 21.740403814,
  "WLHReal_V5_n": 0.2751947794,
  "WLHReal_V6_n": 0.0010498651,
  "WLHReal_r0_n": 1.2688789627,
  "WLHReal_r1_n": 0.2512592932,
  "WLHReal_r2_n": 0.0009297086,
  "WLHReal_r3_n": 9.8619e-06,
  "WLHReal_a0_n": 0.7384935837,
  "WLHReal_a1_n": 0.0008229053,
  "WLHReal_a2_n": 1.08172e-05,
  "WLHReal_a3_n": 0.3200601959,
  "WLHReal_a4_n": 0.9429469012,
  "WLHImagVolume_W0_p": 4.55555217,
  "WLHImagVolume_W1_p": 0.1951991661,
  "WLHImagVolume_W2_p": 0.00027112,
  "WLHImagVolume_W3_p": 9.4127051307,
  "WLHImagVolume_W4_p": 0.0744249703,
  "WLHImagVolume_r0_p": 0.6855709311,
  "WLHImagVolume_r1_p": 44.6775052593,
  "WLHImagVolume_r2_p": 0.6156027585,
  "WLHImagVolume_r3_p": 57.0384238954,
  "WLHImagVolume_r4_p": 0.6005962651,
  "WLHImagVolume_r5_p": 1.3098e-06,
  "WLHImagVolume_a0_p": 0.5734302436,
  "WLHImagVolume_a1_p": 0.2751769863,
  "WLHImagVolume_a2_p": 15.1521581185,
  "WLHImagVolume_a3_p": 0.417806085,
  "WLHImagVolume_a4_p": 0.002509326,
  "WLHImagVolume_W0_n": 2.956852099,
  "WLHImagVolume_W1_n": 0.2274293687,
  "WLHImagVolume_W2_n": 0.0003052816,
  "WLHImagVolume_W3_n": 9.0820844215,
  "WLHImagVolume_W4_n": 0.017576368,
  "WLHImagVolume_r0_n": 0.6354689986,
  "WLHImagVolume_r1_n": 65.2290841087,
  "WLHImagVolume_r2_n": 0.6284953831,
  "WLHImagVolume_r3_n": 76.7133423302,
  "WLHImagVolume_r4_n": 1.0004288195,
  "WLHImagVolume_r5_n": 3.7394e-06,
  "WLHImagVolume_a0_n": 0.2387651801,
  "WLHImagVolume_a1_n": 0.5712391717,
  "WLHImagVolume_a2_n": 7.1166577085,
  "WLHImagVolume_a3_n": 0.0459809231,
  "WLHImagVolume_a4_n": 0.0005510386,
  "WLHImagSurface_W0_p": 0.8751245021,
  "WLHImagSurface_W1_p": 0.0369017764,
  "WLHImagSurface_W2_p": 0.8953789521,
  "WLHImagSurface_W3_p": 0.1291290306,
  "WLHImagSurface_r0_p": 0.9084717169,
  "WLHImagSurface_r1_p": 0.216971524,
  "WLHImagSurface_r2_p": 0.0023852983,
  "WLHImagSurface_a0_p": 0.774253038,
  "WLHImagSurface_W0_n": 1.4189755991,
  "WLHImagSurface_W1_n": 0.027535413,
  "WLHImagSurface_W2_n": 1.5005470015,
  "WLHImagSurface_W3_n": 0.0958805436,
  "WLHImagSurface_r0_n": 1.2596853828,
  "WLHImagSurface_r1_n": 1.3748980578,
  "WLHImagSurface_r2_n": 0.0031156702,
  "WLHImagSurface_a0_n": 0.845779905,
  "WLHRealSpinOrbit_V0_p": 9.2567893606,
  "WLHRealSpinOrbit_V1_p": 0.0084557394,
  "WLHRealSpinOrbit_r0_p": 1.3128802452,
  "WLHRealSpinOrbit_r1_p": 0.9137209028,
  "WLHRealSpinOrbit_a0_p": 0.826377088,
  "WLHRealSpinOrbit_a1_p": 0.0003672833,
  "WLHRealSpinOrbit_V0_n": 10.0393449381,
  "WLHRealSpinOrbit_V1_n": 0.0088225154,
  "WLHRealSpinOrbit_r0_n": 1.2603795332,
  "WLHRealSpinOrbit_r1_n": 0.8540089479,
  "WLHRealSpinOrbit_a0_n": 0.7983378777,
  "WLHRealSpinOrbit_a1_n": 0.0003388255
}