{
  "WLHReal_V0_p": 55.0846750946,
  "WLHReal_V1_p": 0.316798128,
  "WLHReal_V2_p": 0.0010518029,
  "WLHReal_V3_p": -1.6564e-06,
  "WLHReal_V4_p": 15.5690661467,
  "WLHReal_V5_p": 0.1097971489,
  "WLHReal_V6_p": -0.0001204065,
  "WLHReal_r0_p": 1.2091073663,
  "WLHReal_r1_p": 0.2524869618,
  "WLHReal_r2_p": 0.000381469,
  "WLHReal_r3_p": -1.2084e-06,
  "WLHReal_a0_p": 0.7219263342,
  "WLHReal_a1_p": 3.65763e-05,
  "WLHReal_a2_p": -2.3604e-06,
  "WLHReal_a3_p": 0.1253765908,
  "WLHReal_a4_p": 0.5352728867,
  "WLHReal_V0_n": 50.358287873,
  "WLHReal_V1_n": 0.2562688579,
  "WLHReal_V2_n": -0.0005129738,
  "WLHReal_V3_n": 3.5849e-06,
  "WLHReal_V4_n": 21.1373834568,
  "WLHReal_V5_n": 0.2964876945,
  "WLHReal_V6_n": 0.0012178078,
  "WLHReal_r0_n": 1.3326997778,
  "WLHReal_r1_n": 0.3469104639,
  "WLHReal_r2_n": 0.0009552389,
  "WLHReal_r3_n": 1.00957e-05,
  "WLHReal_a0_n": 0.7483778729,
  "WLHReal_a1_n": 0.0009692046,
  "WLHReal_a2_n": 1.23316e-05,
  "WLHReal_a3_n": 0.2843260149,
  "WLHReal_a4_n": 0.8730843227,
  "WLHImagVolume_W0_p": 1.5019824119,
  "WLHImagVolume_W1_p": 0.145772584,
  "WLHImagVolume_W2_p": 0.0002675331,
  "WLHImagVolume_W3_p": 12.1070235978,
  "WLHImagVolume_W4_p": 0.0333054402,
  "WLHImagVolume_r0_p": 0.4396647747,
  "WLHImagVolume_r1_p": 71.5728552636,
  "WLHImagVolume_r2_p": 0.7328762069,
  "WLHImagVolume_r3_p": 77.1248355254,
  "WLHImagVolume_r4_p": 0.5212172636,
  "WLHImagVolume_r5_p": 1.2092e-06,
  "WLHImagVolume_a0_p": 0.4240328307,
  "WLHImagVolume_a1_p": 0.3444760671,
  "WLHImagVolume_a2_p": 19.6736854869,
  "WLHImagVolume_a3_p": 0.2834596612,
  "WLHImagVolume_a4_p": 0.0002310673,
  "WLHImagVolume_W0_n": 2.5486652718,
  "WLHImagVolume_W1_n": 0.2213457737,
  "WLHImagVolume_W2_n": 0.0004256266,
  "WLHImagVolume_W3_n": 7.814852461,
  "WLHImagVolume_W4_n": -0.0001449474,
  "WLHImagVolume_r0_n": 0.5528651503,
  "WLHImagVolume_r1_n": 85.8357296748,
  "WLHImagVolume_r2_n": 0.7651356935,
  "WLHImagVolume_r3_n": 91.3728457564,
  "WLHImagVolume_r4_n": 0.9211652252,
  "WLHImagVolume_r5_n": 4.7402e-06,
  "WLHImagVolume_a0_n": 0.2539523999,
  "WLHImagVolume_a1_n": 0.5858164742,
  "WLHImagVolume_a2_n": 7.4311109494,
  "WLHImagVolume_a3_n": 0.0863495718,
  "WLHImagVolume_a4_n": 0.0008296286,
  "WLHImagSurface_W0_p": 1.6515748899,
  "WLHImagSurface_W1_p": 0.0854098897,
  "WLHImagSurface_W2_p": 2.2451528438,
  "WLHImagSurface_W3_p": 0.2865600596,
  "WLHImagSurface_r0_p": 1.3141302226,
  "WLHImagSurface_r1_p": 1.0610782478,
  "WLHImagSurface_r2_p": 0.0115480153,
  "WLHImagSurface_a0_p": 0.9511021065,
  "WLHImagSurface_W0_n": 1.3289543813,
  "WLHImagSurface_W1_n": 0.0356523212,
  "WLHImagSurface_W2_n": 2.1797944213,
  "WLHImagSurface_W3_n": 0.147684104,
  "WLHImagSurface_r0_n": 1.3025376982,
  "WLHImagSurface_r1_n": 1.4766520876,
  "WLHImagSurface_r2_n": 0.0025088998,
  "WLHImagSurface_a0_n": 0.8667475608,
  "WLHRealSpinOrbit_V0_p": 9.9057847102,
  "WLHRealSpinOrbit_V1_p": 0.007715607,
  "WLHRealSpinOrbit_r0_p": 1.1758404147,
  "WLHRealSpinOrbit_r1_p": 0.6993905191,
  "WLHRealSpinOrbit_a0_p": 0.7173665599,
  "WLHRealSpinOrbit_a1_p": 0.0003836577,
  "WLHRealSpinOrbit_V0_n": 9.3400098465,
  "WLHRealSpinOrbit_V1_n": 0.0084694719,
  "WLHRealSpinOrbit_r0_n": 1.3104349756,
  "WLHRealSpinOrbit_r1_n": 0.902177353,
  "WLHRealSpinOrbit_a0_n": 0.8225857603,
  "WLHRealSpinOrbit_a1_n": 0.0003795769
}