{
  "WLHReal_V0_p": 55.1682026842,
  "WLHReal_V1_p": 0.3361389643,
  "WLHReal_V2_p": -0.0001073146,
  "WLHReal_V3_p": 2.1153e-06,
  "WLHReal_V4_p": 11.7021316216,
  "WLHReal_V5_p": 0.1211565856,
  "WLHReal_V6_p": 0.0003065103,
  "WLHReal_r0_p": 1.2890692101,
  "WLHReal_r1_p": 0.2349042634,
  "WLHReal_r2_p": 0.0011286974,
  "WLHReal_r3_p": 1.00038e-05,
  "WLHReal_a0_p": 0.7902294268,
  "WLHReal_a1_p": 0.0001069203,
  "WLHReal_a2_p": 7.0721e-06,
  "WLHReal_a3_p": 0.0758499062,
  "WLHReal_a4_p": 0.6820697586,
  "WLHReal_V0_n": 55.9439151215,
  "WLHReal_V1_n": 0.307558461,
  "WLHReal_V2_n": 8.26588e-05,
  "WLHReal_V3_n": 1.295e-06,
  "WLHReal_V4_n": 21.5335740198,
  "WLHReal_V5_n": 0.2655874854,
  "WLHReal_V6_n": 0.0008447497,
  "WLHReal_r0_n": 1.2442884,
  "WLHReal_r1_n": 0.2660272113,
  "WLHReal_r2_n": 0.0007793689,
  "WLHReal_r3_n": 6.3283e-06,
  "WLHReal_a0_n": 0.7290562248,
  "WLHReal_a1_n": 0.0005593158,
  "WLHReal_a2_n": 7.1141e-06,
  "WLHReal_a3_n": 0.2722217814,
  "WLHReal_a4_n": 0.8576679547,
  "WLHImagVolume_W0_p": 4.8927209448,
  "WLHImagVolume_W1_p": 0.2765156377,
  "WLHImagVolume_W2_p": 0.0005497536,
  "WLHImagVolume_W3_p": 14.1574940537,
  "WLHImagVolume_W4_p": 0.0845370022,
  "WLHImagVolume_r0_p": 0.62062373,
  "WLHImagVolume_r1_p": 58.592435636,
  "WLHImagVolume_r2_p": 0.6428652447,
  "WLHImagVolume_r3_p": 73.6985840691,
  "WLHImagVolume_r4_p": 0.656293025,
  "WLHImagVolume_r5_p": 1.4941e-06,
  "WLHImagVolume_a0_p": 0.5607161285,
  "WLHImagVolume_a1_p": 0.2828297992,
  "WLHImagVolume_a2_p": 15.681988559,
  "WLHImagVolume_a3_p": 0.4196214182,
  "WLHImagVolume_a4_p": 0.002429625,
  "WLHImagVolume_W0_n": 3.1968077991,
  "WLHImagVolume_W1_n": 0.27269146,
  "WLHImagVolume_W2_n": 0.0004283065,
  "WLHImagVolume_W3_n": 9.8636432998,
  "WLHImagVolume_W4_n": 0.0516659673,
  "WLHImagVolume_r0_n": 0.6205224029,
  "WLHImagVolume_r1_n": 60.0326827963,
  "WLHImagVolume_r2_n": 0.6216019489,
  "WLHImagVolume_r3_n": 71.9951587301,
  "WLHImagVolume_r4_n": 0.9953217873,
  "WLHImagVolume_r5_n": 3.226e-06,
  "WLHImagVolume_a0_n": 0.226231325,
  "WLHImagVolume_a1_n": 0.5793751724,
  "WLHImagVolume_a2_n": 6.5652119148,
  "WLHImagVolume_a3_n": 0.0202095535,
  "WLHImagVolume_a4_n": 0.0004842878,
  "WLHImagSurface_W0_p": 0.7446431037,
  "WLHImagSurface_W1_p": 0.0171636424,
  "WLHImagSurface_W2_p": -0.2226005743,
  "WLHImagSurface_W3_p": 0.0443261137,
  "WLHImagSurface_r0_p": 0.980407286,
  "WLHImagSurface_r1_p": 0.4785498112,
  "WLHImagSurface_r2_p": 0.0031449183,
  "WLHImagSurface_a0_p": 0.8483527992,
  "WLHImagSurface_W0_n": 1.8117239446,
  "WLHImagSurface_W1_n": 0.0338446727,
  "WLHImagSurface_W2_n": 2.0822083281,
  "WLHImagSurface_W3_n": 0.1032579066,
  "WLHImagSurface_r0_n": 1.2489346503,
  "WLHImagSurface_r1_n": 1.3979559406,
  "WLHImagSurface_r2_n": 0.0038310838,
  "WLHImagSurface_a0_n": 0.8274242874,
  "WLHRealSpinOrbit_V0_p": 9.732717272,
  "WLHRealSpinOrbit_V1_p": 0.0086764645,
  "WLHRealSpinOrbit_r0_p": 1.2659832284,
  "WLHRealSpinOrbit_r1_p": 0.8802957944,
  "WLHRealSpinOrbit_a0_p": 0.805380543,
  "WLHRealSpinOrbit_a1_p": 0.0003087463,
  "WLHRealSpinOrbit_V0_n": 10.2209511057,
  "WLHRealSpinOrbit_V1_n": 0.0087787906,
  "WLHRealSpinOrbit_r0_n": 1.2311101809,
  "WLHRealSpinOrbit_r1_n": 0.8213373029,
  "WLHRealSpinOrbit_a0_n": 0.7795971698,
  "WLHRealSpinOrbit_a1_n": 0.0003182092
}