{
  "WLHReal_V0_p": 57.653791723,
  "WLHReal_V1_p": 0.3205071295,
  "WLHReal_V2_p": 0.0010346736,
  "WLHReal_V3_p": -1.4203e-06,
  "WLHReal_V4_p": 15.7468194249,
  "WLHReal_V5_p": 0.1295878736,
  "WLHReal_V6_p": -5.32904e-05,
  "WLHReal_r0_p": 1.2064386819,
  "WLHReal_r1_p": 0.3016458289,
  "WLHReal_r2_p": 0.0003961261,
  "WLHReal_r3_p": -2.1119e-06,
  "WLHReal_a0_p": 0.7311733652,
  "WLHReal_a1_p": 0.000211891,
  "WLHReal_a2_p": -3.1125e-06,
  "WLHReal_a3_p": 0.1450702488,
  "WLHReal_a4_p": 0.5662342182,
  "WLHReal_V0_n": 52.1572121244,
  "WLHReal_V1_n": 0.2757392049,
  "WLHReal_V2_n": -8.11664e-05,
  "WLHReal_V3_n": 1.9182e-06,
  "WLHReal_V4_n": 21.415909781,
  "WLHReal_V5_n": 0.2685099805,
  "WLHReal_V6_n": 0.0008724644,
  "WLHReal_r0_n": 1.2922283809,
  "WLHReal_r1_n": 0.3180867542,
  "WLHReal_r2_n": 0.0007526481,
  "WLHReal_r3_n": 6.3611e-06,
  "WLHReal_a0_n": 0.7297886394,
  "WLHReal_a1_n": 0.0006814796,
  "WLHReal_a2_n": 6.7799e-06,
  "WLHReal_a3_n": 0.259422042,
  "WLHReal_a4_n": 0.7963915428,
  "WLHImagVolume_W0_p": 2.1535653458,
  "WLHImagVolume_W1_p": 0.2107019728,
  "WLHImagVolume_W2_p": 0.0003399392,
  "WLHImagVolume_W3_p": 13.8754284046,
  "WLHImagVolume_W4_p": 0.0531204702,
  "WLHImagVolume_r0_p": 0.4643776939,
  "WLHImagVolume_r1_p": 60.5649169224,
  "WLHImagVolume_r2_p": 0.6893857899,
  "WLHImagVolume_r3_p": 65.9326270524,
  "WLHImagVolume_r4_p": 0.6008818914,
  "WLHImagVolume_r5_p": 1.5695e-06,
  "WLHImagVolume_a0_p": 0.4598332614,
  "WLHImagVolume_a1_p": 0.3078077067,
  "WLHImagVolume_a2_p": 16.1128330744,
  "WLHImagVolume_a3_p": 0.3365669316,
  "WLHImagVolume_a4_p": 0.0009691759,
  "WLHImagVolume_W0_n": 2.2786359588,
  "WLHImagVolume_W1_n": 0.2135304536,
  "WLHImagVolume_W2_n": 0.0003714956,
  "WLHImagVolume_W3_n": 7.5969272776,
  "WLHImagVolume_W4_n": 0.0157600333,
  "WLHImagVolume_r0_n": 0.540802444,
  "WLHImagVolume_r1_n": 82.185097073,
  "WLHImagVolume_r2_n": 0.7399333971,
  "WLHImagVolume_r3_n": 83.1600270137,
  "WLHImagVolume_r4_n": 0.8936264614,
  "WLHImagVolume_r5_n": 3.0917e-06,
  "WLHImagVolume_a0_n": 0.216596852,
  "WLHImagVolume_a1_n": 0.606490858,
  "WLHImagVolume_a2_n": 8.4952322179,
  "WLHImagVolume_a3_n": 0.0752879785,
  "WLHImagVolume_a4_n": 0.0007286136,
  "WLHImagSurface_W0_p": 1.4989598775,
  "WLHImagSurface_W1_p": 0.0759812084,
  "WLHImagSurface_W2_p": 2.1640045892,
  "WLHImagSurface_W3_p": 0.2650180692,
  "WLHImagSurface_r0_p": 1.2326234585,
  "WLHImagSurface_r1_p": 1.1738969075,
  "WLHImagSurface_r2_p": 0.0113839143,
  "WLHImagSurface_a0_p": 0.8281471318,
  "WLHImagSurface_W0_n": 1.4579911242,
  "WLHImagSurface_W1_n": 0.0293417629,
  "WLHImagSurface_W2_n": 2.158860542,
  "WLHImagSurface_W3_n": 0.1173864913,
  "WLHImagSurface_r0_n": 1.2924656897,
  "WLHImagSurface_r1_n": 1.3980266603,
  "WLHImagSurface_r2_n": 0.0033080031,
  "WLHImagSurface_a0_n": 0.8458617015,
  "WLHRealSpinOrbit_V0_p": 10.2451534609,
  "WLHRealSpinOrbit_V1_p": 0.0079875084,
  "WLHRealSpinOrbit_r0_p": 1.1645061102,
  "WLHRealSpinOrbit_r1_p": 0.6914272127,
  "WLHRealSpinOrbit_a0_p": 0.7143649766,
  "WLHRealSpinOrbit_a1_p": 0.0003651105,
  "WLHRealSpinOrbit_V0_n": 9.5901405109,
  "WLHRealSpinOrbit_V1_n": 0.0083467281,
  "WLHRealSpinOrbit_r0_n": 1.2694160485,
  "WLHRealSpinOrbit_r1_n": 0.8459253443,
  "WLHRealSpinOrbit_a0_n": 0.7932026369,
  "WLHRealSpinOrbit_a1_n": 0.0003713532
}