{
  "WLHReal_V0_p": 48.5881123452,
  "WLHReal_V1_p": 0.2675180764,
  "WLHReal_V2_p": -0.0006203464,
  "WLHReal_V3_p": 2.8816e-06,
  "WLHReal_V4_p": 12.5367363652,
  "WLHReal_V5_p": 0.0915577323,
  "WLHReal_V6_p": 0.0003974114,
  "WLHReal_r0_p": 1.3087425929,
  "WLHReal_r1_p": 0.1181018113,
  "WLHReal_r2_p": 0.0011181494,
  "WLHReal_r3_p": 1.35034e-05,
  "WLHReal_a0_p": 0.7789524777,
  "WLHReal_a1_p": -0.0001850289,
  "WLHReal_a2_p": 1.24279e-05,
  "WLHReal_a3_p": -0.0384133026,
  "WLHReal_a4_p": 0.5261855621,
  "WLHReal_V0_n": 54.534127512,
  "WLHReal_V1_n": 0.2820751828,
  "WLHReal_V2_n": 1.58397e-05,
  "WLHReal_V3_n": 9.58e-07,
  "WLHReal_V4_n": 21.7601348329,
  "WLHReal_V5_n": 0.2668851719,
  "WLHReal_V6_n": 0.0008243564,
  "WLHReal_r0_n": 1.2663723779,
  "WLHReal_r1_n": 0.3103052411,
  "WLHReal_r2_n": 0.0007078835,
  "WLHReal_r3_n": 5.9133e-06,
  "WLHReal_a0_n": 0.7275669059,
  "WLHReal_a1_n": 0.0005099605,
  "WLHReal_a2_n": 5.3869e-06,
  "WLHReal_a3_n": 0.2499488789,
  "WLHReal_a4_n": 0.7823265404,
  "WLHImagVolume_W0_p": 4.3208759363,
  "WLHImagVolume_W1_p": 0.1224917537,
  "WLHImagVolume_W2_p": -1.39419e-05,
  "WLHImagVolume_W3_p": 7.801118473,
  "WLHImagVolume_W4_p": 0.0541543511,
  "WLHImagVolume_r0_p": 0.9144475084,
  "WLHImagVolume_r1_p": 30.5509024507,
  "WLHImagVolume_r2_p": 0.393033446,
  "WLHImagVolume_r3_p": 54.8070728592,
  "WLHImagVolume_r4_p": 0.7843307838,
  "WLHImagVolume_r5_p": 1.4645e-06,
  "WLHImagVolume_a0_p": 0.5749436116,
  "WLHImagVolume_a1_p": 0.2550651686,
  "WLHImagVolume_a2_p": 14.2666316051,
  "WLHImagVolume_a3_p": 0.4074993909,
  "WLHImagVolume_a4_p": 0.0024180631,
  "WLHImagVolume_W0_n": 2.7134335158,
  "WLHImagVolume_W1_n": 0.2483035839,
  "WLHImagVolume_W2_n": 0.0003361,
  "WLHImagVolume_W3_n": 8.8471730713,
  "WLHImagVolume_W4_n": 0.035193962,
  "WLHImagVolume_r0_n": 0.6082245646,
  "WLHImagVolume_r1_n": 61.608325239,
  "WLHImagVolume_r2_n": 0.6488230019,
  "WLHImagVolume_r3_n": 71.5706000523,
  "WLHImagVolume_r4_n": 1.0121964973,
  "WLHImagVolume_r5_n": 3.3665e-06,
  "WLHImagVolume_a0_n": 0.2303482403,
  "WLHImagVolume_a1_n": 0.5901768076,
  "WLHImagVolume_a2_n": 7.8067425587,
  "WLHImagVolume_a3_n": 0.0558505082,
  "WLHImagVolume_a4_n": 0.0008389226,
  "WLHImagSurface_W0_p": 0.4875589041,
  "WLHImagSurface_W1_p": -0.0120309694,
  "WLHImagSurface_W2_p": -0.7724102258,
  "WLHImagSurface_W3_p": -0.0796265724,
  "WLHImagSurface_r0_p": 0.8316113226,
  "WLHImagSurface_r1_p": -0.2069860654,
  "WLHImagSurface_r2_p": 0.0007130681,
  "WLHImagSurface_a0_p": 0.8310349568,
  "WLHImagSurface_W0_n": 1.5140237099,
  "WLHImagSurface_W1_n": 0.0257045069,
  "WLHImagSurface_W2_n": 1.9272667171,
  "WLHImagSurface_W3_n": 0.0948357239,
  "WLHImagSurface_r0_n": 1.2550049282,
  "WLHImagSurface_r1_n": 1.3549695576,
  "WLHImagSurface_r2_n": 0.0035724243,
  "WLHImagSurface_a0_n": 0.8344014624,
  "WLHRealSpinOrbit_V0_p": 9.5214816828,
  "WLHRealSpinOrbit_V1_p": 0.0088943853,
  "WLHRealSpinOrbit_r0_p": 1.3221283888,
  "WLHRealSpinOrbit_r1_p": 0.9425580554,
  "WLHRealSpinOrbit_a0_p": 0.8431539108,
  "WLHRealSpinOrbit_a1_p": 0.0003505315,
  "WLHRealSpinOrbit_V0_n": 10.0543959437,
  "WLHRealSpinOrbit_V1_n": 0.008646305,
  "WLHRealSpinOrbit_r0_n": 1.2457015312,
  "WLHRealSpinOrbit_r1_n": 0.8236839378,
  "WLHRealSpinOrbit_a0_n": 0.7830966039,
  "WLHRealSpinOrbit_a1_n": 0.0003489617
}