{
  "WLHReal_V0_p": 49.6491199787,
  "WLHReal_V1_p": 0.2681436753,
  "WLHReal_V2_p": -0.0004693813,
  "WLHReal_V3_p": 3.6442e-06,
  "WLHReal_V4_p": 12.6542806021,
  "WLHReal_V5_p": 0.1314932815,
  "WLHReal_V6_p": 0.0004265877,
  "WLHReal_r0_p": 1.3516072905,
  "WLHReal_r1_p": 0.3132843311,
  "WLHReal_r2_p": 0.0006723682,
  "WLHReal_r3_p": 7.2678e-06,
  "WLHReal_a0_p": 0.7820826673,
  "WLHReal_a1_p": -1.53141e-05,
  "WLHReal_a2_p": 7.209e-06,
  "WLHReal_a3_p": -0.0198875852,
  "WLHReal_a4_p": 0.4444021619,
  "WLHReal_V0_n": 52.3873299416,
  "WLHReal_V1_n": 0.2749933374,
  "WLHReal_V2_n": -0.0003202526,
  "WLHReal_V3_n": 2.6609e-06,
  "WLHReal_V4_n": 21.0215313936,
  "WLHReal_V5_n": 0.2906438748,
  "WLHReal_V6_n": 0.0010758149,
  "WLHReal_r0_n": 1.3166876206,
  "WLHReal_r1_n": 0.3631036465,
  "WLHReal_r2_n": 0.0008428274,
  "WLHReal_r3_n": 7.0932e-06,
  "WLHReal_a0_n": 0.7419111406,
  "WLHReal_a1_n": 0.0007697684,
  "WLHReal_a2_n": 9.3278e-06,
  "WLHReal_a3_n": 0.2470804065,
  "WLHReal_a4_n": 0.8046359017,
  "WLHImagVolume_W0_p": 4.2734621097,
  "WLHImagVolume_W1_p": 0.1568640378,
  "WLHImagVolume_W2_p": 0.0001717888,
  "WLHImagVolume_W3_p": 7.6250958846,
  "WLHImagVolume_W4_p": 0.0669528343,
  "WLHImagVolume_r0_p": 0.6945893704,
  "WLHImagVolume_r1_p": 42.9580565211,
  "WLHImagVolume_r2_p": 0.6198916075,
  "WLHImagVolume_r3_p": 54.2126732607,
  "WLHImagVolume_r4_p": 0.564022544,
  "WLHImagVolume_r5_p": 9.141e-07,
  "WLHImagVolume_a0_p": 0.5680712597,
  "WLHImagVolume_a1_p": 0.2811497902,
  "WLHImagVolume_a2_p": 15.7489893616,
  "WLHImagVolume_a3_p": 0.4049140674,
  "WLHImagVolume_a4_p": 0.0023562517,
  "WLHImagVolume_W0_n": 2.7202688889,
  "WLHImagVolume_W1_n": 0.2551946,
  "WLHImagVolume_W2_n": 0.0005069591,
  "WLHImagVolume_W3_n": 8.3898946833,
  "WLHImagVolume_W4_n": 0.0240735064,
  "WLHImagVolume_r0_n": 0.5461306609,
  "WLHImagVolume_r1_n": 80.7833677854,
  "WLHImagVolume_r2_n": 0.7571668851,
  "WLHImagVolume_r3_n": 87.3409789978,
  "WLHImagVolume_r4_n": 0.9292349794,
  "WLHImagVolume_r5_n": 4.0187e-06,
  "WLHImagVolume_a0_n": 0.2478062863,
  "WLHImagVolume_a1_n": 0.5908083632,
  "WLHImagVolume_a2_n": 7.0538855281,
  "WLHImagVolume_a3_n": 0.0700477666,
  "WLHImagVolume_a4_n": 0.0008296909,
  "WLHImagSurface_W0_p": 0.9641134663,
  "WLHImagSurface_W1_p": 0.0464477511,
  "WLHImagSurface_W2_p": 1.3122483225,
  "WLHImagSurface_W3_p": 0.1656318003,
  "WLHImagSurface_r0_p": 0.908952154,
  "WLHImagSurface_r1_p": 0.1316998293,
  "WLHImagSurface_r2_p": 0.0023545803,
  "WLHImagSurface_a0_p": 0.7763091748,
  "WLHImagSurface_W0_n": 1.5866283385,
  "WLHImagSurface_W1_n": 0.0394749494,
  "WLHImagSurface_W2_n": 2.5769207805,
  "WLHImagSurface_W3_n": 0.1519145669,
  "WLHImagSurface_r0_n": 1.2928711617,
  "WLHImagSurface_r1_n": 1.4894882366,
  "WLHImagSurface_r2_n": 0.0029947354,
  "WLHImagSurface_a0_n": 0.8539824842,
  "WLHRealSpinOrbit_V0_p": 9.0481216709,
  "WLHRealSpinOrbit_V1_p": 0.0083146614,
  "WLHRealSpinOrbit_r0_p": 1.3275365115,
  "WLHRealSpinOrbit_r1_p": 0.9218419606,
  "WLHRealSpinOrbit_a0_p": 0.831561723,
  "WLHRealSpinOrbit_a1_p": 0.0003893725,
  "WLHRealSpinOrbit_V0_n": 9.480519117,
  "WLHRealSpinOrbit_V1_n": 0.0084505365,
  "WLHRealSpinOrbit_r0_n": 1.2903737491,
  "WLHRealSpinOrbit_r1_n": 0.8791196094,
  "WLHRealSpinOrbit_a0_n": 0.8096533658,
  "WLHRealSpinOrbit_a1_n": 0.000366377
}