{
  "WLHReal_V0_p": 51.0469156588,
  "WLHReal_V1_p": 0.3300613045,
  "WLHReal_V2_p": -0.0015219504,
  "WLHReal_V3_p": 7.645e-06,
  "WLHReal_V4_p": 7.0720017483,
  "WLHReal_V5_p": 0.1610313322,
  "WLHReal_V6_p": 0.000843823,
  "WLHReal_r0_p": 1.468925015,
  "WLHReal_r1_p": 0.4092598307,
  "WLHReal_r2_p": 0.0013576122,
  "WLHReal_r3_p": 1.6065e-05,
  "WLHReal_a0_p": 0.8655343717,
  "WLHReal_a1_p": 0.0001227691,
  "WLHReal_a2_p": 1.45548e-05,
  "WLHReal_a3_p": -0.0281265599,
  "WLHReal_a4_p": 0.6394364715,
  "WLHReal_V0_n": 55.5531330727,
  "WLHReal_V1_n": 0.3259019805,
  "WLHReal_V2_n": 8.3392e-06,
  "WLHReal_V3_n": 2.2143e-06,
  "WLHReal_V4_n": 20.2764719315,
  "WLHReal_V5_n": 0.281938087,
  "WLHReal_V6_n": 0.0008639694,
  "WLHReal_r0_n": 1.2936694141,
  "WLHReal_r1_n": 0.3785977082,
  "WLHReal_r2_n": 0.0007099951,
  "WLHReal_r3_n": 4.2084e-06,
  "WLHReal_a0_n": 0.733042173,
  "WLHReal_a1_n": 0.0005499984,
  "WLHReal_a2_n": 4.6247e-06,
  "WLHReal_a3_n": 0.1918514521,
  "WLHReal_a4_n": 0.7281540401,
  "WLHImagVolume_W0_p": 8.059934969,
  "WLHImagVolume_W1_p": 0.3523657903,
  "WLHImagVolume_W2_p": 0.0008851182,
  "WLHImagVolume_W3_p": 11.7172893028,
  "WLHImagVolume_W4_p": 0.1321932063,
  "WLHImagVolume_r0_p": 0.5889362307,
  "WLHImagVolume_r1_p": 64.795275109,
  "WLHImagVolume_r2_p": 0.8424711929,
  "WLHImagVolume_r3_p": 75.4793166131,
  "WLHImagVolume_r4_p": 0.4298564476,
  "WLHImagVolume_r5_p": 5.647e-07,
  "WLHImagVolume_a0_p": 0.6828813424,
  "WLHImagVolume_a1_p": 0.2818939584,
  "WLHImagVolume_a2_p": 16.9790659882,
  "WLHImagVolume_a3_p": 0.5151953039,
  "WLHImagVolume_a4_p": 0.0041674764,
  "WLHImagVolume_W0_n": 3.0943789249,
  "WLHImagVolume_W1_n": 0.3177683678,
  "WLHImagVolume_W2_n": 0.0007849958,
  "WLHImagVolume_W3_n": 9.3135242943,
  "WLHImagVolume_W4_n": 0.0700374489,
  "WLHImagVolume_r0_n": 0.4833528004,
  "WLHImagVolume_r1_n": 86.7495363777,
  "WLHImagVolume_r2_n": 0.8024811665,
  "WLHImagVolume_r3_n": 89.8034928901,
  "WLHImagVolume_r4_n": 0.8368789728,
  "WLHImagVolume_r5_n": 2.8825e-06,
  "WLHImagVolume_a0_n": 0.2244736768,
  "WLHImagVolume_a1_n": 0.6056575812,
  "WLHImagVolume_a2_n": 5.8157481412,
  "WLHImagVolume_a3_n": 0.0276191778,
  "WLHImagVolume_a4_n": 0.0005025,
  "WLHImagSurface_W0_p": 0.4360310419,
  "WLHImagSurface_W1_p": 0.0228763329,
  "WLHImagSurface_W2_p": -0.2005372361,
  "WLHImagSurface_W3_p": 0.1003171006,
  "WLHImagSurface_r0_p": 0.7248034406,
  "WLHImagSurface_r1_p": -0.1443119327,
  "WLHImagSurface_r2_p": -0.0056959586,
  "WLHImagSurface_a0_p": 0.7840836524,
  "WLHImagSurface_W0_n": 2.2954963835,
  "WLHImagSurface_W1_n": 0.057497183,
  "WLHImagSurface_W2_n": 3.7614590459,
  "WLHImagSurface_W3_n": 0.1904559806,
  "WLHImagSurface_r0_n": 1.3009319286,
  "WLHImagSurface_r1_n": 1.5949232789,
  "WLHImagSurface_r2_n": 0.003911957,
  "WLHImagSurface_a0_n": 0.8336247076,
  "WLHRealSpinOrbit_V0_p": 8.2504647598,
  "WLHRealSpinOrbit_V1_p": 0.0087248264,
  "WLHRealSpinOrbit_r0_p": 1.4255293908,
  "WLHRealSpinOrbit_r1_p": 1.1122197884,
  "WLHRealSpinOrbit_a0_p": 0.917643621,
  "WLHRealSpinOrbit_a1_p": 0.0003150123,
  "WLHRealSpinOrbit_V0_n": 9.4730860185,
  "WLHRealSpinOrbit_V1_n": 0.0082613246,
  "WLHRealSpinOrbit_r0_n": 1.2618523147,
  "WLHRealSpinOrbit_r1_n": 0.853205883,
  "WLHRealSpinOrbit_a0_n": 0.7912857252,
  "WLHRealSpinOrbit_a1_n": 0.0003373297
}