{
  "WLHReal_V0_p": 58.6898540712,
  "WLHReal_V1_p": 0.3542852146,
  "WLHReal_V2_p": 0.0009009532,
  "WLHReal_V3_p": -2.842e-07,
  "WLHReal_V4_p": 14.0044784583,
  "WLHReal_V5_p": 0.1316297641,
  "WLHReal_V6_p": -6.4942e-06,
  "WLHReal_r0_p": 1.2253171034,
  "WLHReal_r1_p": 0.310893406,
  "WLHReal_r2_p": 0.0006313671,
  "WLHReal_r3_p": -1.471e-07,
  "WLHReal_a0_p": 0.7512771745,
  "WLHReal_a1_p": 0.0002342314,
  "WLHReal_a2_p": -7.449e-07,
  "WLHReal_a3_p": 0.1650491502,
  "WLHReal_a4_p": 0.6595932289,
  "WLHReal_V0_n": 53.755943945,
  "WLHReal_V1_n": 0.2812346585,
  "WLHReal_V2_n": -0.0009645202,
  "WLHReal_V3_n": 5.1851e-06,
  "WLHReal_V4_n": 20.1715628224,
  "WLHReal_V5_n": 0.3482720505,
  "WLHReal_V6_n": 0.0016893681,
  "WLHReal_r0_n": 1.3577346631,
  "WLHReal_r1_n": 0.4202579661,
  "WLHReal_r2_n": 0.0011934775,
  "WLHReal_r3_n": 1.35244e-05,
  "WLHReal_a0_n": 0.7772383848,
  "WLHReal_a1_n": 0.0010976917,
  "WLHReal_a2_n": 1.63666e-05,
  "WLHReal_a3_n": 0.2607513516,
  "WLHReal_a4_n": 0.9355706901,
  "WLHImagVolume_W0_p": 3.0154156033,
  "WLHImagVolume_W1_p": 0.2727824386,
  "WLHImagVolume_W2_p": 0.0006253044,
  "WLHImagVolume_W3_p": 16.0377321715,
  "WLHImagVolume_W4_p": 0.0683634275,
  "WLHImagVolume_r0_p": 0.3750712002,
  "WLHImagVolume_r1_p": 76.8611477199,
  "WLHImagVolume_r2_p": 0.802317717,
  "WLHImagVolume_r3_p": 81.4239196999,
  "WLHImagVolume_r4_p": 0.529527994,
  "WLHImagVolume_r5_p": 2.2468e-06,
  "WLHImagVolume_a0_p": 0.4710981034,
  "WLHImagVolume_a1_p": 0.3272274542,
  "WLHImagVolume_a2_p": 18.0764790232,
  "WLHImagVolume_a3_p": 0.3465318095,
  "WLHImagVolume_a4_p": 0.0011374194,
  "WLHImagVolume_W0_n": 4.3079797169,
  "WLHImagVolume_W1_n": 0.3691475783,
  "WLHImagVolume_W2_n": 0.000824429,
  "WLHImagVolume_W3_n": 11.4098944074,
  "WLHImagVolume_W4_n": 0.0485421829,
  "WLHImagVolume_r0_n": 0.6150185971,
  "WLHImagVolume_r1_n": 68.1529246458,
  "WLHImagVolume_r2_n": 0.7305362343,
  "WLHImagVolume_r3_n": 94.5584271384,
  "WLHImagVolume_r4_n": 1.0672559815,
  "WLHImagVolume_r5_n": 5.6591e-06,
  "WLHImagVolume_a0_n": 0.3349833237,
  "WLHImagVolume_a1_n": 0.5294828749,
  "WLHImagVolume_a2_n": 2.4187051882,
  "WLHImagVolume_a3_n": 0.0310393182,
  "WLHImagVolume_a4_n": 0.0008606185,
  "WLHImagSurface_W0_p": 1.4324689163,
  "WLHImagSurface_W1_p": 0.0737602381,
  "WLHImagSurface_W2_p": 1.6689331517,
  "WLHImagSurface_W3_p": 0.2572380037,
  "WLHImagSurface_r0_p": 1.2509912079,
  "WLHImagSurface_r1_p": 1.2054787327,
  "WLHImagSurface_r2_p": 0.0098743373,
  "WLHImagSurface_a0_p": 0.8935298321,
  "WLHImagSurface_W0_n": 1.9542974071,
  "WLHImagSurface_W1_n": 0.0655427031,
  "WLHImagSurface_W2_n": 3.2537633654,
  "WLHImagSurface_W3_n": 0.2267935975,
  "WLHImagSurface_r0_n": 1.2750178466,
  "WLHImagSurface_r1_n": 1.7128951638,
  "WLHImagSurface_r2_n": 0.0021686072,
  "WLHImagSurface_a0_n": 0.8725737684,
  "WLHRealSpinOrbit_V0_p": 10.0337245404,
  "WLHRealSpinOrbit_V1_p": 0.0080002509,
  "WLHRealSpinOrbit_r0_p": 1.1770246264,
  "WLHRealSpinOrbit_r1_p": 0.7279820663,
  "WLHRealSpinOrbit_a0_p": 0.7282068716,
  "WLHRealSpinOrbit_a1_p": 0.00033568,
  "WLHRealSpinOrbit_V0_n": 9.4989420672,
  "WLHRealSpinOrbit_V1_n": 0.0090085467,
  "WLHRealSpinOrbit_r0_n": 1.333520423,
  "WLHRealSpinOrbit_r1_n": 0.9656990538,
  "WLHRealSpinOrbit_a0_n": 0.8525297592,
  "WLHRealSpinOrbit_a1_n": 0.000328971
}