{
  "WLHReal_V0_p": 54.4653725447,
  "WLHReal_V1_p": 0.3379042703,
  "WLHReal_V2_p": -0.0009462725,
  "WLHReal_V3_p": 5.4216e-06,
  "WLHReal_V4_p": 8.9340002412,
  "WLHReal_V5_p": 0.1607609419,
  "WLHReal_V6_p": 0.0006711271,
  "WLHReal_r0_p": 1.3996953629,
  "WLHReal_r1_p": 0.3882468956,
  "WLHReal_r2_p": 0.0012460897,
  "WLHReal_r3_p": 1.29492e-05,
  "WLHReal_a0_p": 0.8421972182,
  "WLHReal_a1_p": 0.0002403568,
  "WLHReal_a2_p": 1.07493e-05,
  "WLHReal_a3_p": 0.0300521474,
  "WLHReal_a4_p": 0.6750438737,
  "WLHReal_V0_n": 53.7109937828,
  "WLHReal_V1_n": 0.3007031503,
  "WLHReal_V2_n": 0.0001608494,
  "WLHReal_V3_n": 1.243e-06,
  "WLHReal_V4_n": 20.9729686075,
  "WLHReal_V5_n": 0.2603296997,
  "WLHReal_V6_n": 0.0006695318,
  "WLHReal_r0_n": 1.2866184807,
  "WLHReal_r1_n": 0.3556653208,
  "WLHReal_r2_n": 0.0005914323,
  "WLHReal_r3_n": 2.5675e-06,
  "WLHReal_a0_n": 0.7205964865,
  "WLHReal_a1_n": 0.0004685937,
  "WLHReal_a2_n": 2.7733e-06,
  "WLHReal_a3_n": 0.2014088491,
  "WLHReal_a4_n": 0.6851234939,
  "WLHImagVolume_W0_p": 7.215774825,
  "WLHImagVolume_W1_p": 0.368830517,
  "WLHImagVolume_W2_p": 0.0008355873,
  "WLHImagVolume_W3_p": 13.9430174967,
  "WLHImagVolume_W4_p": 0.1270482264,
  "WLHImagVolume_r0_p": 0.5849158301,
  "WLHImagVolume_r1_p": 58.5642173511,
  "WLHImagVolume_r2_p": 0.7692734594,
  "WLHImagVolume_r3_p": 69.4966553237,
  "WLHImagVolume_r4_p": 0.5399321312,
  "WLHImagVolume_r5_p": 8.965e-07,
  "WLHImagVolume_a0_p": 0.6540665166,
  "WLHImagVolume_a1_p": 0.2652040148,
  "WLHImagVolume_a2_p": 14.6825316577,
  "WLHImagVolume_a3_p": 0.5078651616,
  "WLHImagVolume_a4_p": 0.0038969682,
  "WLHImagVolume_W0_n": 2.2141902307,
  "WLHImagVolume_W1_n": 0.243720026,
  "WLHImagVolume_W2_n": 0.0005301,
  "WLHImagVolume_W3_n": 7.5707014352,
  "WLHImagVolume_W4_n": 0.0411170149,
  "WLHImagVolume_r0_n": 0.4781090694,
  "WLHImagVolume_r1_n": 89.1069405092,
  "WLHImagVolume_r2_n": 0.7970117254,
  "WLHImagVolume_r3_n": 85.0355951404,
  "WLHImagVolume_r4_n": 0.8206387597,
  "WLHImagVolume_r5_n": 2.4001e-06,
  "WLHImagVolume_a0_n": 0.1967972654,
  "WLHImagVolume_a1_n": 0.6277131025,
  "WLHImagVolume_a2_n": 8.442621578,
  "WLHImagVolume_a3_n": 0.0649199419,
  "WLHImagVolume_a4_n": 0.0006766319,
  "WLHImagSurface_W0_p": 0.5176684622,
  "WLHImagSurface_W1_p": 0.0210020936,
  "WLHImagSurface_W2_p": -0.0802665742,
  "WLHImagSurface_W3_p": 0.0900478685,
  "WLHImagSurface_r0_p": 0.7917514021,
  "WLHImagSurface_r1_p": 0.2174074632,
  "WLHImagSurface_r2_p": -0.0021197147,
  "WLHImagSurface_a0_p": 0.7381033708,
  "WLHImagSurface_W0_n": 1.8315250732,
  "WLHImagSurface_W1_n": 0.0380805383,
  "WLHImagSurface_W2_n": 3.0002834292,
  "WLHImagSurface_W3_n": 0.1413793267,
  "WLHImagSurface_r0_n": 1.3045799312,
  "WLHImagSurface_r1_n": 1.4502374396,
  "WLHImagSurface_r2_n": 0.0039067402,
  "WLHImagSurface_a0_n": 0.8335003938,
  "WLHRealSpinOrbit_V0_p": 8.9903414913,
  "WLHRealSpinOrbit_V1_p": 0.0088050649,
  "WLHRealSpinOrbit_r0_p": 1.3549593192,
  "WLHRealSpinOrbit_r1_p": 1.0132865926,
  "WLHRealSpinOrbit_a0_p": 0.8697395585,
  "WLHRealSpinOrbit_a1_p": 0.0003039472,
  "WLHRealSpinOrbit_V0_n": 9.4659709141,
  "WLHRealSpinOrbit_V1_n": 0.0080838585,
  "WLHRealSpinOrbit_r0_n": 1.2546888656,
  "WLHRealSpinOrbit_r1_n": 0.8242740493,
  "WLHRealSpinOrbit_a0_n": 0.7794226225,
  "WLHRealSpinOrbit_a1_n": 0.0003682656
}