{
  "WLHReal_V0_p": 56.5374197317,
  "WLHReal_V1_p": 0.3256733398,
  "WLHReal_V2_p": 0.0004039013,
  "WLHReal_V3_p": 6.076e-07,
  "WLHReal_V4_p": 13.528257528,
  "WLHReal_V5_p": 0.143035628,
  "WLHReal_V6_p": 0.0001828914,
  "WLHReal_r0_p": 1.2748740256,
  "WLHReal_r1_p": 0.3491139866,
  "WLHReal_r2_p": 0.0006208345,
  "WLHReal_r3_p": 2.085e-06,
  "WLHReal_a0_p": 0.7671468764,
  "WLHReal_a1_p": 0.000228443,
  "WLHReal_a2_p": 1.191e-06,
  "WLHReal_a3_p": 0.1078265234,
  "WLHReal_a4_p": 0.5893536884,
  "WLHReal_V0_n": 46.0398335239,
  "WLHReal_V1_n": 0.2488869863,
  "WLHReal_V2_n": -0.0012547864,
  "WLHReal_V3_n": 6.3981e-06,
  "WLHReal_V4_n": 20.2245068715,
  "WLHReal_V5_n": 0.3377282872,
  "WLHReal_V6_n": 0.0019054232,
  "WLHReal_r0_n": 1.3861963512,
  "WLHReal_r1_n": 0.2904484956,
  "WLHReal_r2_n": 0.0015168107,
  "WLHReal_r3_n": 1.94309e-05,
  "WLHReal_a0_n": 0.7841864268,
  "WLHReal_a1_n": 0.0018145509,
  "WLHReal_a2_n": 2.53424e-05,
  "WLHReal_a3_n": 0.4096274404,
  "WLHReal_a4_n": 1.2006228513,
  "WLHImagVolume_W0_p": 3.7562752863,
  "WLHImagVolume_W1_p": 0.2614044072,
  "WLHImagVolume_W2_p": 0.0005157604,
  "WLHImagVolume_W3_p": 13.7299454126,
  "WLHImagVolume_W4_p": 0.0773341931,
  "WLHImagVolume_r0_p": 0.4777815936,
  "WLHImagVolume_r1_p": 61.9405047706,
  "WLHImagVolume_r2_p": 0.7437061199,
  "WLHImagVolume_r3_p": 67.6548063516,
  "WLHImagVolume_r4_p": 0.5505560223,
  "WLHImagVolume_r5_p": 1.7772e-06,
  "WLHImagVolume_a0_p": 0.5202191295,
  "WLHImagVolume_a1_p": 0.2991934489,
  "WLHImagVolume_a2_p": 16.0433034672,
  "WLHImagVolume_a3_p": 0.3887114821,
  "WLHImagVolume_a4_p": 0.0018705691,
  "WLHImagVolume_W0_n": 3.1566460905,
  "WLHImagVolume_W1_n": 0.202359241,
  "WLHImagVolume_W2_n": 0.0005894171,
  "WLHImagVolume_W3_n": 8.0965821273,
  "WLHImagVolume_W4_n": -0.0375175268,
  "WLHImagVolume_r0_n": 0.5389545505,
  "WLHImagVolume_r1_n": 111.9113085838,
  "WLHImagVolume_r2_n": 0.8378371487,
  "WLHImagVolume_r3_n": 117.5575345253,
  "WLHImagVolume_r4_n": 0.8110622271,
  "WLHImagVolume_r5_n": 5.595e-06,
  "WLHImagVolume_a0_n": 0.2887001846,
  "WLHImagVolume_a1_n": 0.5488575661,
  "WLHImagVolume_a2_n": 4.9518727214,
  "WLHImagVolume_a3_n": 0.0735812283,
  "WLHImagVolume_a4_n": 0.0002220692,
  "WLHImagSurface_W0_p": 1.2430865563,
  "WLHImagSurface_W1_p": 0.0653655705,
  "WLHImagSurface_W2_p": 1.6786852052,
  "WLHImagSurface_W3_p": 0.2374850101,
  "WLHImagSurface_r0_p": 1.1022446831,
  "WLHImagSurface_r1_p": 0.8905437191,
  "WLHImagSurface_r2_p": 0.0071646692,
  "WLHImagSurface_a0_p": 0.8001691339,
  "WLHImagSurface_W0_n": 1.333286714,
  "WLHImagSurface_W1_n": 0.0565794307,
  "WLHImagSurface_W2_n": 2.1964114148,
  "WLHImagSurface_W3_n": 0.2151830157,
  "WLHImagSurface_r0_n": 1.3491318523,
  "WLHImagSurface_r1_n": 1.6737553808,
  "WLHImagSurface_r2_n": 0.001141309,
  "WLHImagSurface_a0_n": 0.9061730617,
  "WLHRealSpinOrbit_V0_p": 9.756593193,
  "WLHRealSpinOrbit_V1_p": 0.0081702375,
  "WLHRealSpinOrbit_r0_p": 1.228366261,
  "WLHRealSpinOrbit_r1_p": 0.794945202,
  "WLHRealSpinOrbit_a0_p": 0.764134938,
  "WLHRealSpinOrbit_a1_p": 0.000351018,
  "WLHRealSpinOrbit_V0_n": 8.7441009374,
  "WLHRealSpinOrbit_V1_n": 0.0086187698,
  "WLHRealSpinOrbit_r0_n": 1.38114514,
  "WLHRealSpinOrbit_r1_n": 1.0162266771,
  "WLHRealSpinOrbit_a0_n": 0.8778565814,
  "WLHRealSpinOrbit_a1_n": 0.0003713122
}