{
  "WLHReal_V0_p": 54.9693307139,
  "WLHReal_V1_p": 0.3265866494,
  "WLHReal_V2_p": -0.000441253,
  "WLHReal_V3_p": 4.0128e-06,
  "WLHReal_V4_p": 10.8530515602,
  "WLHReal_V5_p": 0.1592292586,
  "WLHReal_V6_p": 0.0004976162,
  "WLHReal_r0_p": 1.3601913393,
  "WLHReal_r1_p": 0.3992763613,
  "WLHReal_r2_p": 0.0009203333,
  "WLHReal_r3_p": 7.4667e-06,
  "WLHReal_a0_p": 0.8127348422,
  "WLHReal_a1_p": 0.0002479291,
  "WLHReal_a2_p": 6.36e-06,
  "WLHReal_a3_p": 0.053703552,
  "WLHReal_a4_p": 0.6130379528,
  "WLHReal_V0_n": 46.6571347651,
  "WLHReal_V1_n": 0.2541581652,
  "WLHReal_V2_n": -0.0010667733,
  "WLHReal_V3_n": 5.8608e-06,
  "WLHReal_V4_n": 20.3366496471,
  "WLHReal_V5_n": 0.3258086446,
  "WLHReal_V6_n": 0.0017379805,
  "WLHReal_r0_n": 1.3738407518,
  "WLHReal_r1_n": 0.2926828646,
  "WLHReal_r2_n": 0.0013998661,
  "WLHReal_r3_n": 1.76132e-05,
  "WLHReal_a0_n": 0.7753177911,
  "WLHReal_a1_n": 0.0016621992,
  "WLHReal_a2_n": 2.31322e-05,
  "WLHReal_a3_n": 0.3880477648,
  "WLHReal_a4_n": 1.1406201678,
  "WLHImagVolume_W0_p": 5.8318516264,
  "WLHImagVolume_W1_p": 0.321416802,
  "WLHImagVolume_W2_p": 0.0006912149,
  "WLHImagVolume_W3_p": 13.3010139829,
  "WLHImagVolume_W4_p": 0.1080074938,
  "WLHImagVolume_r0_p": 0.5342392431,
  "WLHImagVolume_r1_p": 58.6423896914,
  "WLHImagVolume_r2_p": 0.7723547561,
  "WLHImagVolume_r3_p": 66.0941209779,
  "WLHImagVolume_r4_p": 0.5222075646,
  "WLHImagVolume_r5_p": 1.154e-06,
  "WLHImagVolume_a0_p": 0.6038986986,
  "WLHImagVolume_a1_p": 0.2782140091,
  "WLHImagVolume_a2_p": 15.1235314461,
  "WLHImagVolume_a3_p": 0.4626626727,
  "WLHImagVolume_a4_p": 0.00313424,
  "WLHImagVolume_W0_n": 2.9400192764,
  "WLHImagVolume_W1_n": 0.1977290779,
  "WLHImagVolume_W2_n": 0.0005653601,
  "WLHImagVolume_W3_n": 7.7968673377,
  "WLHImagVolume_W4_n": -0.0315917405,
  "WLHImagVolume_r0_n": 0.5247366682,
  "WLHImagVolume_r1_n": 111.4244539842,
  "WLHImagVolume_r2_n": 0.8394636314,
  "WLHImagVolume_r3_n": 114.2934461489,
  "WLHImagVolume_r4_n": 0.7961124813,
  "WLHImagVolume_r5_n": 4.3105e-06,
  "WLHImagVolume_a0_n": 0.2723953543,
  "WLHImagVolume_a1_n": 0.5618155479,
  "WLHImagVolume_a2_n": 5.6352556134,
  "WLHImagVolume_a3_n": 0.0754603714,
  "WLHImagVolume_a4_n": 0.0002531601,
  "WLHImagSurface_W0_p": 0.8530177571,
  "WLHImagSurface_W1_p": 0.0454271123,
  "WLHImagSurface_W2_p": 0.9247725675,
  "WLHImagSurface_W3_p": 0.1782747936,
  "WLHImagSurface_r0_p": 0.9076821008,
  "WLHImagSurface_r1_p": 0.4809218143,
  "WLHImagSurface_r2_p": 0.0015670067,
  "WLHImagSurface_a0_p": 0.7433828282,
  "WLHImagSurface_W0_n": 1.3646570461,
  "WLHImagSurface_W1_n": 0.0532735762,
  "WLHImagSurface_W2_n": 2.2501132056,
  "WLHImagSurface_W3_n": 0.2037952416,
  "WLHImagSurface_r0_n": 1.3475017631,
  "WLHImagSurface_r1_n": 1.6386136293,
  "WLHImagSurface_r2_n": 0.0014784566,
  "WLHImagSurface_a0_n": 0.897766024,
  "WLHRealSpinOrbit_V0_p": 9.2058339244,
  "WLHRealSpinOrbit_V1_p": 0.0084901076,
  "WLHRealSpinOrbit_r0_p": 1.3111463071,
  "WLHRealSpinOrbit_r1_p": 0.9295796613,
  "WLHRealSpinOrbit_a0_p": 0.8297874996,
  "WLHRealSpinOrbit_a1_p": 0.0003327238,
  "WLHRealSpinOrbit_V0_n": 8.7979876187,
  "WLHRealSpinOrbit_V1_n": 0.0085126918,
  "WLHRealSpinOrbit_r0_n": 1.3659193312,
  "WLHRealSpinOrbit_r1_n": 0.9914571264,
  "WLHRealSpinOrbit_a0_n": 0.8651335808,
  "WLHRealSpinOrbit_a1_n": 0.0003734827
}