{
  "WLHReal_V0_p": 52.95402795,
  "WLHReal_V1_p": 0.2942285709,
  "WLHReal_V2_p": -0.0002040309,
  "WLHReal_V3_p": 2.9513e-06,
  "WLHReal_V4_p": 12.7234911357,
  "WLHReal_V5_p": 0.1413792633,
  "WLHReal_V6_p": 0.0003732334,
  "WLHReal_r0_p": 1.3270772361,
  "WLHReal_r1_p": 0.3391846187,
  "WLHReal_r2_p": 0.000706197,
  "WLHReal_r3_p": 5.9349e-06,
  "WLHReal_a0_p": 0.783206765,
  "WLHReal_a1_p": 0.0001246893,
  "WLHReal_a2_p": 5.8214e-06,
  "WLHReal_a3_p": 0.0325210889,
  "WLHReal_a4_p": 0.5199517335,
  "WLHReal_V0_n": 52.9726938056,
  "WLHReal_V1_n": 0.2672771502,
  "WLHReal_V2_n": -0.0001074942,
  "WLHReal_V3_n": 1.3841e-06,
  "WLHReal_V4_n": 21.9586795784,
  "WLHReal_V5_n": 0.2683560491,
  "WLHReal_V6_n": 0.0009185407,
  "WLHReal_r0_n": 1.2725871266,
  "WLHReal_r1_n": 0.283163224,
  "WLHReal_r2_n": 0.0007987499,
  "WLHReal_r3_n": 6.7663e-06,
  "WLHReal_a0_n": 0.7314594556,
  "WLHReal_a1_n": 0.0006666301,
  "WLHReal_a2_n": 8.0932e-06,
  "WLHReal_a3_n": 0.2876747285,
  "WLHReal_a4_n": 0.8494647225,
  "WLHImagVolume_W0_p": 4.4488703856,
  "WLHImagVolume_W1_p": 0.2225415233,
  "WLHImagVolume_W2_p": 0.0003542517,
  "WLHImagVolume_W3_p": 10.6113719316,
  "WLHImagVolume_W4_p": 0.0790814354,
  "WLHImagVolume_r0_p": 0.6188651005,
  "WLHImagVolume_r1_p": 48.2291780357,
  "WLHImagVolume_r2_p": 0.6618154689,
  "WLHImagVolume_r3_p": 57.6588138935,
  "WLHImagVolume_r4_p": 0.5776605299,
  "WLHImagVolume_r5_p": 1.6004e-06,
  "WLHImagVolume_a0_p": 0.5653888343,
  "WLHImagVolume_a1_p": 0.2780821393,
  "WLHImagVolume_a2_p": 14.9900183725,
  "WLHImagVolume_a3_p": 0.418224019,
  "WLHImagVolume_a4_p": 0.0024579059,
  "WLHImagVolume_W0_n": 2.5654071579,
  "WLHImagVolume_W1_n": 0.2153659772,
  "WLHImagVolume_W2_n": 0.0002404224,
  "WLHImagVolume_W3_n": 8.3966379794,
  "WLHImagVolume_W4_n": 0.0145427227,
  "WLHImagVolume_r0_n": 0.6225036275,
  "WLHImagVolume_r1_n": 64.0672589519,
  "WLHImagVolume_r2_n": 0.6406512157,
  "WLHImagVolume_r3_n": 73.3331283701,
  "WLHImagVolume_r4_n": 1.0111892417,
  "WLHImagVolume_r5_n": 4.2315e-06,
  "WLHImagVolume_a0_n": 0.232156969,
  "WLHImagVolume_a1_n": 0.5853880013,
  "WLHImagVolume_a2_n": 8.2291720948,
  "WLHImagVolume_a3_n": 0.0670649265,
  "WLHImagVolume_a4_n": 0.0008074986,
  "WLHImagSurface_W0_p": 0.9897530905,
  "WLHImagSurface_W1_p": 0.04837535,
  "WLHImagSurface_W2_p": 1.2919613768,
  "WLHImagSurface_W3_p": 0.1772414497,
  "WLHImagSurface_r0_p": 0.9495516763,
  "WLHImagSurface_r1_p": 0.4235053326,
  "WLHImagSurface_r2_p": 0.003653499,
  "WLHImagSurface_a0_p": 0.7562720955,
  "WLHImagSurface_W0_n": 1.2792467045,
  "WLHImagSurface_W1_n": 0.0205938687,
  "WLHImagSurface_W2_n": 1.4677798413,
  "WLHImagSurface_W3_n": 0.0830300701,
  "WLHImagSurface_r0_n": 1.2591776269,
  "WLHImagSurface_r1_n": 1.325702499,
  "WLHImagSurface_r2_n": 0.0032193219,
  "WLHImagSurface_a0_n": 0.8431634863,
  "WLHRealSpinOrbit_V0_p": 9.3715366322,
  "WLHRealSpinOrbit_V1_p": 0.0083665509,
  "WLHRealSpinOrbit_r0_p": 1.2922841221,
  "WLHRealSpinOrbit_r1_p": 0.8826635349,
  "WLHRealSpinOrbit_a0_p": 0.8102499985,
  "WLHRealSpinOrbit_a1_p": 0.0003657146,
  "WLHRealSpinOrbit_V0_n": 10.0078546226,
  "WLHRealSpinOrbit_V1_n": 0.0086902376,
  "WLHRealSpinOrbit_r0_n": 1.2571420193,
  "WLHRealSpinOrbit_r1_n": 0.8369898768,
  "WLHRealSpinOrbit_a0_n": 0.7910345452,
  "WLHRealSpinOrbit_a1_n": 0.0003567607
}