{
  "WLHReal_V0_p": 50.1889537299,
  "WLHReal_V1_p": 0.2452284622,
  "WLHReal_V2_p": -5.63598e-05,
  "WLHReal_V3_p": 1.9132e-06,
  "WLHReal_V4_p": 15.0313939973,
  "WLHReal_V5_p": 0.1212048761,
  "WLHReal_V6_p": 0.0002760786,
  "WLHReal_r0_p": 1.2925864459,
  "WLHReal_r1_p": 0.2604425885,
  "WLHReal_r2_p": 0.0004801579,
  "WLHReal_r3_p": 4.5727e-06,
  "WLHReal_a0_p": 0.7511357053,
  "WLHReal_a1_p": -1.78873e-05,
  "WLHReal_a2_p": 4.9922e-06,
  "WLHReal_a3_p": -0.0085906482,
  "WLHReal_a4_p": 0.3963511951,
  "WLHReal_V0_n": 52.1452743469,
  "WLHReal_V1_n": 0.2744041928,
  "WLHReal_V2_n": -0.0006144763,
  "WLHReal_V3_n": 4.6108e-06,
  "WLHReal_V4_n": 20.6608752506,
  "WLHReal_V5_n": 0.3133576712,
  "WLHReal_V6_n": 0.0013480682,
  "WLHReal_r0_n": 1.3372609472,
  "WLHReal_r1_n": 0.3752660123,
  "WLHReal_r2_n": 0.0010176567,
  "WLHReal_r3_n": 1.07972e-05,
  "WLHReal_a0_n": 0.7570904716,
  "WLHReal_a1_n": 0.000976304,
  "WLHReal_a2_n": 1.26451e-05,
  "WLHReal_a3_n": 0.2664051554,
  "WLHReal_a4_n": 0.8825637861,
  "WLHImagVolume_W0_p": 3.0158052737,
  "WLHImagVolume_W1_p": 0.1018402855,
  "WLHImagVolume_W2_p": -0.0001178045,
  "WLHImagVolume_W3_p": 6.9008667232,
  "WLHImagVolume_W4_p": 0.0470517352,
  "WLHImagVolume_r0_p": 0.7873171294,
  "WLHImagVolume_r1_p": 26.8221037482,
  "WLHImagVolume_r2_p": 0.4672802851,
  "WLHImagVolume_r3_p": 40.5802375795,
  "WLHImagVolume_r4_p": 0.6977137556,
  "WLHImagVolume_r5_p": 1.3498e-06,
  "WLHImagVolume_a0_p": 0.5378721667,
  "WLHImagVolume_a1_p": 0.2591682871,
  "WLHImagVolume_a2_p": 13.3096621301,
  "WLHImagVolume_a3_p": 0.3843839094,
  "WLHImagVolume_a4_p": 0.0019564187,
  "WLHImagVolume_W0_n": 3.246480439,
  "WLHImagVolume_W1_n": 0.2852925971,
  "WLHImagVolume_W2_n": 0.0006175407,
  "WLHImagVolume_W3_n": 9.2699937059,
  "WLHImagVolume_W4_n": 0.0254952304,
  "WLHImagVolume_r0_n": 0.5641874081,
  "WLHImagVolume_r1_n": 80.533233702,
  "WLHImagVolume_r2_n": 0.7603284034,
  "WLHImagVolume_r3_n": 92.9178155357,
  "WLHImagVolume_r4_n": 0.9569526157,
  "WLHImagVolume_r5_n": 4.3805e-06,
  "WLHImagVolume_a0_n": 0.2786544877,
  "WLHImagVolume_a1_n": 0.5682458071,
  "WLHImagVolume_a2_n": 5.4152737102,
  "WLHImagVolume_a3_n": 0.0587804781,
  "WLHImagVolume_a4_n": 0.0007794733,
  "WLHImagSurface_W0_p": 1.025791505,
  "WLHImagSurface_W1_p": 0.0410821345,
  "WLHImagSurface_W2_p": 1.5115774254,
  "WLHImagSurface_W3_p": 0.1375525831,
  "WLHImagSurface_r0_p": 0.9357035342,
  "WLHImagSurface_r1_p": 0.2473842486,
  "WLHImagSurface_r2_p": 0.0053709154,
  "WLHImagSurface_a0_p": 0.7265845069,
  "WLHImagSurface_W0_n": 1.679612582,
  "WLHImagSurface_W1_n": 0.0495390247,
  "WLHImagSurface_W2_n": 2.7718120145,
  "WLHImagSurface_W3_n": 0.1826584391,
  "WLHImagSurface_r0_n": 1.2940199281,
  "WLHImagSurface_r1_n": 1.5796305676,
  "WLHImagSurface_r2_n": 0.0025530606,
  "WLHImagSurface_a0_n": 0.86513177,
  "WLHRealSpinOrbit_V0_p": 9.6365138265,
  "WLHRealSpinOrbit_V1_p": 0.0083799455,
  "WLHRealSpinOrbit_r0_p": 1.2791167575,
  "WLHRealSpinOrbit_r1_p": 0.8413472409,
  "WLHRealSpinOrbit_a0_p": 0.7956887873,
  "WLHRealSpinOrbit_a1_p": 0.0004042273,
  "WLHRealSpinOrbit_V0_n": 9.3980227107,
  "WLHRealSpinOrbit_V1_n": 0.0086297887,
  "WLHRealSpinOrbit_r0_n": 1.3134138414,
  "WLHRealSpinOrbit_r1_n": 0.9201289622,
  "WLHRealSpinOrbit_a0_n": 0.8299397949,
  "WLHRealSpinOrbit_a1_n": 0.000356389
}