{
  "WLHReal_V0_p": 51.0383186436,
  "WLHReal_V1_p": 0.2643241943,
  "WLHReal_V2_p": -0.0004561724,
  "WLHReal_V3_p": 2.5748e-06,
  "WLHReal_V4_p": 13.1978972805,
  "WLHReal_V5_p": 0.1330631379,
  "WLHReal_V6_p": 0.0004422785,
  "WLHReal_r0_p": 1.3301501869,
  "WLHReal_r1_p": 0.2892716452,
  "WLHReal_r2_p": 0.0007479762,
  "WLHReal_r3_p": 8.5889e-06,
  "WLHReal_a0_p": 0.7817339303,
  "WLHReal_a1_p": 5.50179e-05,
  "WLHReal_a2_p": 7.0069e-06,
  "WLHReal_a3_p": -0.0122457904,
  "WLHReal_a4_p": 0.4704675177,
  "WLHReal_V0_n": 51.9242850123,
  "WLHReal_V1_n": 0.2944516825,
  "WLHReal_V2_n": -0.0005849316,
  "WLHReal_V3_n": 3.7393e-06,
  "WLHReal_V4_n": 20.5064205389,
  "WLHReal_V5_n": 0.3070257915,
  "WLHReal_V6_n": 0.0014040562,
  "WLHReal_r0_n": 1.3153465964,
  "WLHReal_r1_n": 0.2879858057,
  "WLHReal_r2_n": 0.0011668933,
  "WLHReal_r3_n": 1.3206e-05,
  "WLHReal_a0_n": 0.7592002665,
  "WLHReal_a1_n": 0.0011899853,
  "WLHReal_a2_n": 1.62907e-05,
  "WLHReal_a3_n": 0.3297463442,
  "WLHReal_a4_n": 1.0318509317,
  "WLHImagVolume_W0_p": 4.4813192555,
  "WLHImagVolume_W1_p": 0.178356795,
  "WLHImagVolume_W2_p": 0.0001097586,
  "WLHImagVolume_W3_p": 8.5350834104,
  "WLHImagVolume_W4_p": 0.0729374775,
  "WLHImagVolume_r0_p": 0.7864963555,
  "WLHImagVolume_r1_p": 28.9923392848,
  "WLHImagVolume_r2_p": 0.5043658421,
  "WLHImagVolume_r3_p": 43.7900270242,
  "WLHImagVolume_r4_p": 0.6953815251,
  "WLHImagVolume_r5_p": 1.226e-06,
  "WLHImagVolume_a0_p": 0.5887967654,
  "WLHImagVolume_a1_p": 0.2457503646,
  "WLHImagVolume_a2_p": 12.5334287654,
  "WLHImagVolume_a3_p": 0.4372702874,
  "WLHImagVolume_a4_p": 0.002795949,
  "WLHImagVolume_W0_n": 3.4848561137,
  "WLHImagVolume_W1_n": 0.2685930059,
  "WLHImagVolume_W2_n": 0.0006392197,
  "WLHImagVolume_W3_n": 9.590368697,
  "WLHImagVolume_W4_n": 0.0224488193,
  "WLHImagVolume_r0_n": 0.565553743,
  "WLHImagVolume_r1_n": 87.8792969132,
  "WLHImagVolume_r2_n": 0.7460056369,
  "WLHImagVolume_r3_n": 97.6130694403,
  "WLHImagVolume_r4_n": 0.8829267345,
  "WLHImagVolume_r5_n": 4.0948e-06,
  "WLHImagVolume_a0_n": 0.2609839815,
  "WLHImagVolume_a1_n": 0.5609201699,
  "WLHImagVolume_a2_n": 4.7721669617,
  "WLHImagVolume_a3_n": 0.0292444531,
  "WLHImagVolume_a4_n": 0.0002305981,
  "WLHImagSurface_W0_p": 0.7565984359,
  "WLHImagSurface_W1_p": 0.0250115752,
  "WLHImagSurface_W2_p": 0.8047505416,
  "WLHImagSurface_W3_p": 0.0868266837,
  "WLHImagSurface_r0_p": 0.8367635993,
  "WLHImagSurface_r1_p": 0.1310261263,
  "WLHImagSurface_r2_p": 0.0023382652,
  "WLHImagSurface_a0_p": 0.6963710121,
  "WLHImagSurface_W0_n": 1.8354529732,
  "WLHImagSurface_W1_n": 0.054683108,
  "WLHImagSurface_W2_n": 2.5957993113,
  "WLHImagSurface_W3_n": 0.1828896586,
  "WLHImagSurface_r0_n": 1.3021915811,
  "WLHImagSurface_r1_n": 1.6026214029,
  "WLHImagSurface_r2_n": 0.0026239796,
  "WLHImagSurface_a0_n": 0.8642446947,
  "WLHRealSpinOrbit_V0_p": 9.4828766951,
  "WLHRealSpinOrbit_V1_p": 0.0086474625,
  "WLHRealSpinOrbit_r0_p": 1.3117147736,
  "WLHRealSpinOrbit_r1_p": 0.9086547442,
  "WLHRealSpinOrbit_a0_p": 0.8268920253,
  "WLHRealSpinOrbit_a1_p": 0.0003727184,
  "WLHRealSpinOrbit_V0_n": 9.4483492774,
  "WLHRealSpinOrbit_V1_n": 0.0086994519,
  "WLHRealSpinOrbit_r0_n": 1.3052732045,
  "WLHRealSpinOrbit_r1_n": 0.9251843857,
  "WLHRealSpinOrbit_a0_n": 0.8300955761,
  "WLHRealSpinOrbit_a1_n": 0.0003320348
}