{
  "WLHReal_V0_p": 49.7868600142,
  "WLHReal_V1_p": 0.249021501,
  "WLHReal_V2_p": -0.0008419125,
  "WLHReal_V3_p": 3.4891e-06,
  "WLHReal_V4_p": 12.8549865536,
  "WLHReal_V5_p": 0.1206089282,
  "WLHReal_V6_p": 0.0005507103,
  "WLHReal_r0_p": 1.3331525554,
  "WLHReal_r1_p": 0.2071092115,
  "WLHReal_r2_p": 0.0010159543,
  "WLHReal_r3_p": 1.30717e-05,
  "WLHReal_a0_p": 0.7916733989,
  "WLHReal_a1_p": -7.144e-06,
  "WLHReal_a2_p": 1.14457e-05,
  "WLHReal_a3_p": -0.0513117023,
  "WLHReal_a4_p": 0.4877654026,
  "WLHReal_V0_n": 52.1251728138,
  "WLHReal_V1_n": 0.2822926679,
  "WLHReal_V2_n": -0.0002887322,
  "WLHReal_V3_n": 2.1953e-06,
  "WLHReal_V4_n": 21.2275485919,
  "WLHReal_V5_n": 0.2822453251,
  "WLHReal_V6_n": 0.0011087148,
  "WLHReal_r0_n": 1.291882894,
  "WLHReal_r1_n": 0.2781197299,
  "WLHReal_r2_n": 0.0009596515,
  "WLHReal_r3_n": 9.682e-06,
  "WLHReal_a0_n": 0.742298694,
  "WLHReal_a1_n": 0.0009238914,
  "WLHReal_a2_n": 1.17614e-05,
  "WLHReal_a3_n": 0.3096467744,
  "WLHReal_a4_n": 0.9351209173,
  "WLHImagVolume_W0_p": 5.1101077036,
  "WLHImagVolume_W1_p": 0.1679382372,
  "WLHImagVolume_W2_p": -4.05201e-05,
  "WLHImagVolume_W3_p": 7.7666871562,
  "WLHImagVolume_W4_p": 0.0755035478,
  "WLHImagVolume_r0_p": 0.9803794389,
  "WLHImagVolume_r1_p": 10.7726120145,
  "WLHImagVolume_r2_p": 0.3279775755,
  "WLHImagVolume_r3_p": 33.9023027743,
  "WLHImagVolume_r4_p": 0.8555290218,
  "WLHImagVolume_r5_p": 2.2464e-06,
  "WLHImagVolume_a0_p": 0.6299409757,
  "WLHImagVolume_a1_p": 0.2058756443,
  "WLHImagVolume_a2_p": 9.6862651497,
  "WLHImagVolume_a3_p": 0.4758720933,
  "WLHImagVolume_a4_p": 0.0034334571,
  "WLHImagVolume_W0_n": 2.8542790262,
  "WLHImagVolume_W1_n": 0.2290026675,
  "WLHImagVolume_W2_n": 0.0004281225,
  "WLHImagVolume_W3_n": 8.6150224946,
  "WLHImagVolume_W4_n": 0.0153713739,
  "WLHImagVolume_r0_n": 0.5769667503,
  "WLHImagVolume_r1_n": 80.3193427777,
  "WLHImagVolume_r2_n": 0.7085367596,
  "WLHImagVolume_r3_n": 86.6592476658,
  "WLHImagVolume_r4_n": 0.91270638,
  "WLHImagVolume_r5_n": 3.1406e-06,
  "WLHImagVolume_a0_n": 0.2354729297,
  "WLHImagVolume_a1_n": 0.5808556366,
  "WLHImagVolume_a2_n": 6.9208375726,
  "WLHImagVolume_a3_n": 0.0511756105,
  "WLHImagVolume_a4_n": 0.0004643422,
  "WLHImagSurface_W0_p": 0.3265667732,
  "WLHImagSurface_W1_p": -0.0168580671,
  "WLHImagSurface_W2_p": -0.4586172863,
  "WLHImagSurface_W3_p": -0.07557892,
  "WLHImagSurface_r0_p": 0.6860507132,
  "WLHImagSurface_r1_p": -0.2253869302,
  "WLHImagSurface_r2_p": -0.0002773743,
  "WLHImagSurface_a0_p": 0.6475471691,
  "WLHImagSurface_W0_n": 1.5511440208,
  "WLHImagSurface_W1_n": 0.0367320232,
  "WLHImagSurface_W2_n": 2.0381499075,
  "WLHImagSurface_W3_n": 0.1307714879,
  "WLHImagSurface_r0_n": 1.2878033787,
  "WLHImagSurface_r1_n": 1.45515818,
  "WLHImagSurface_r2_n": 0.0029965006,
  "WLHImagSurface_a0_n": 0.852780854,
  "WLHRealSpinOrbit_V0_p": 9.678526849,
  "WLHRealSpinOrbit_V1_p": 0.0091530623,
  "WLHRealSpinOrbit_r0_p": 1.3358389588,
  "WLHRealSpinOrbit_r1_p": 0.9586729152,
  "WLHRealSpinOrbit_a0_p": 0.8541806539,
  "WLHRealSpinOrbit_a1_p": 0.0003536107,
  "WLHRealSpinOrbit_V0_n": 9.6680460165,
  "WLHRealSpinOrbit_V1_n": 0.0086036632,
  "WLHRealSpinOrbit_r0_n": 1.279096045,
  "WLHRealSpinOrbit_r1_n": 0.8756876905,
  "WLHRealSpinOrbit_a0_n": 0.8074607248,
  "WLHRealSpinOrbit_a1_n": 0.0003483086
}