{
  "WLHReal_V0_p": 52.3720413385,
  "WLHReal_V1_p": 0.2761149864,
  "WLHReal_V2_p": 0.0003645605,
  "WLHReal_V3_p": 4.241e-07,
  "WLHReal_V4_p": 15.120241146,
  "WLHReal_V5_p": 0.1181379,
  "WLHReal_V6_p": 0.0001295645,
  "WLHReal_r0_p": 1.26089731,
  "WLHReal_r1_p": 0.2605125106,
  "WLHReal_r2_p": 0.0004633989,
  "WLHReal_r3_p": 2.3783e-06,
  "WLHReal_a0_p": 0.741932595,
  "WLHReal_a1_p": 1.71325e-05,
  "WLHReal_a2_p": 1.9935e-06,
  "WLHReal_a3_p": 0.0467448668,
  "WLHReal_a4_p": 0.4607706759,
  "WLHReal_V0_n": 53.9312461947,
  "WLHReal_V1_n": 0.2800714044,
  "WLHReal_V2_n": -0.0002757444,
  "WLHReal_V3_n": 1.7252e-06,
  "WLHReal_V4_n": 21.6910158955,
  "WLHReal_V5_n": 0.2837769288,
  "WLHReal_V6_n": 0.0011277371,
  "WLHReal_r0_n": 1.2699289528,
  "WLHReal_r1_n": 0.2624055035,
  "WLHReal_r2_n": 0.0009638093,
  "WLHReal_r3_n": 1.08174e-05,
  "WLHReal_a0_n": 0.7431522581,
  "WLHReal_a1_n": 0.0008205546,
  "WLHReal_a2_n": 1.23829e-05,
  "WLHReal_a3_n": 0.3164030878,
  "WLHReal_a4_n": 0.9517509631,
  "WLHImagVolume_W0_p": 2.5393320888,
  "WLHImagVolume_W1_p": 0.1285035765,
  "WLHImagVolume_W2_p": 5.94467e-05,
  "WLHImagVolume_W3_p": 9.239592198,
  "WLHImagVolume_W4_p": 0.044262815,
  "WLHImagVolume_r0_p": 0.6476542781,
  "WLHImagVolume_r1_p": 44.6795895259,
  "WLHImagVolume_r2_p": 0.5751878216,
  "WLHImagVolume_r3_p": 55.2332194628,
  "WLHImagVolume_r4_p": 0.6305693896,
  "WLHImagVolume_r5_p": 1.6612e-06,
  "WLHImagVolume_a0_p": 0.4969394041,
  "WLHImagVolume_a1_p": 0.2911115384,
  "WLHImagVolume_a2_p": 15.6729337922,
  "WLHImagVolume_a3_p": 0.3496851999,
  "WLHImagVolume_a4_p": 0.0013503477,
  "WLHImagVolume_W0_n": 3.2908761783,
  "WLHImagVolume_W1_n": 0.254178694,
  "WLHImagVolume_W2_n": 0.0003472757,
  "WLHImagVolume_W3_n": 9.8237820644,
  "WLHImagVolume_W4_n": 0.0263872903,
  "WLHImagVolume_r0_n": 0.6608420153,
  "WLHImagVolume_r1_n": 58.2616558815,
  "WLHImagVolume_r2_n": 0.604490378,
  "WLHImagVolume_r3_n": 74.9285545131,
  "WLHImagVolume_r4_n": 1.0513998193,
  "WLHImagVolume_r5_n": 3.7175e-06,
  "WLHImagVolume_a0_n": 0.2557804982,
  "WLHImagVolume_a1_n": 0.5586501142,
  "WLHImagVolume_a2_n": 6.2720213794,
  "WLHImagVolume_a3_n": 0.0365357795,
  "WLHImagVolume_a4_n": 0.0006040086,
  "WLHImagSurface_W0_p": 1.2509934966,
  "WLHImagSurface_W1_p": 0.0571732949,
  "WLHImagSurface_W2_p": 1.7410961352,
  "WLHImagSurface_W3_p": 0.1920753558,
  "WLHImagSurface_r0_p": 1.0785600544,
  "WLHImagSurface_r1_p": 0.5746148507,
  "WLHImagSurface_r2_p": 0.007649552,
  "WLHImagSurface_a0_p": 0.8105425721,
  "WLHImagSurface_W0_n": 1.4874031425,
  "WLHImagSurface_W1_n": 0.0305849731,
  "WLHImagSurface_W2_n": 1.5696953035,
  "WLHImagSurface_W3_n": 0.1023941917,
  "WLHImagSurface_r0_n": 1.2479989539,
  "WLHImagSurface_r1_n": 1.3987911985,
  "WLHImagSurface_r2_n": 0.0030578366,
  "WLHImagSurface_a0_n": 0.8457887051,
  "WLHRealSpinOrbit_V0_p": 9.7542589852,
  "WLHRealSpinOrbit_V1_p": 0.008144907,
  "WLHRealSpinOrbit_r0_p": 1.2387743336,
  "WLHRealSpinOrbit_r1_p": 0.7881410487,
  "WLHRealSpinOrbit_a0_p": 0.7659518821,
  "WLHRealSpinOrbit_a1_p": 0.0003915394,
  "WLHRealSpinOrbit_V0_n": 10.1471542804,
  "WLHRealSpinOrbit_V1_n": 0.0089711132,
  "WLHRealSpinOrbit_r0_n": 1.2615400521,
  "WLHRealSpinOrbit_r1_n": 0.861502767,
  "WLHRealSpinOrbit_a0_n": 0.8023150797,
  "WLHRealSpinOrbit_a1_n": 0.0003290931
}