{
  "WLHReal_V0_p": 57.1303594656,
  "WLHReal_V1_p": 0.297490011,
  "WLHReal_V2_p": 0.0002709446,
  "WLHReal_V3_p": 1.13e-08,
  "WLHReal_V4_p": 14.8018108217,
  "WLHReal_V5_p": 0.1372234509,
  "WLHReal_V6_p": 0.0002394297,
  "WLHReal_r0_p": 1.2410893175,
  "WLHReal_r1_p": 0.2698669321,
  "WLHReal_r2_p": 0.0007556616,
  "WLHReal_r3_p": 5.2576e-06,
  "WLHReal_a0_p": 0.7630883886,
  "WLHReal_a1_p": 0.0002717668,
  "WLHReal_a2_p": 3.0425e-06,
  "WLHReal_a3_p": 0.0872286626,
  "WLHReal_a4_p": 0.5897848289,
  "WLHReal_V0_n": 52.551002718,
  "WLHReal_V1_n": 0.2741269423,
  "WLHReal_V2_n": -0.0004728807,
  "WLHReal_V3_n": 2.9043e-06,
  "WLHReal_V4_n": 20.9548476223,
  "WLHReal_V5_n": 0.3021418072,
  "WLHReal_V6_n": 0.001227042,
  "WLHReal_r0_n": 1.3212233354,
  "WLHReal_r1_n": 0.3587943871,
  "WLHReal_r2_n": 0.0009472167,
  "WLHReal_r3_n": 9.39e-06,
  "WLHReal_a0_n": 0.7501199071,
  "WLHReal_a1_n": 0.0008731698,
  "WLHReal_a2_n": 1.09662e-05,
  "WLHReal_a3_n": 0.2646135998,
  "WLHReal_a4_n": 0.8606645932,
  "WLHImagVolume_W0_p": 3.9713091796,
  "WLHImagVolume_W1_p": 0.2547621785,
  "WLHImagVolume_W2_p": 0.0002285387,
  "WLHImagVolume_W3_p": 13.4847810583,
  "WLHImagVolume_W4_p": 0.0793518537,
  "WLHImagVolume_r0_p": 0.7383630744,
  "WLHImagVolume_r1_p": 27.2747203079,
  "WLHImagVolume_r2_p": 0.4524669089,
  "WLHImagVolume_r3_p": 42.3319511494,
  "WLHImagVolume_r4_p": 0.8341762182,
  "WLHImagVolume_r5_p": 2.3672e-06,
  "WLHImagVolume_a0_p": 0.5634074705,
  "WLHImagVolume_a1_p": 0.224551234,
  "WLHImagVolume_a2_p": 9.5961011595,
  "WLHImagVolume_a3_p": 0.4456390325,
  "WLHImagVolume_a4_p": 0.0026913996,
  "WLHImagVolume_W0_n": 3.0858809564,
  "WLHImagVolume_W1_n": 0.27264382,
  "WLHImagVolume_W2_n": 0.0005376493,
  "WLHImagVolume_W3_n": 9.0919957134,
  "WLHImagVolume_W4_n": 0.0255765626,
  "WLHImagVolume_r0_n": 0.575692729,
  "WLHImagVolume_r1_n": 76.1526976119,
  "WLHImagVolume_r2_n": 0.7333477526,
  "WLHImagVolume_r3_n": 87.8142895642,
  "WLHImagVolume_r4_n": 0.9710563969,
  "WLHImagVolume_r5_n": 4.6443e-06,
  "WLHImagVolume_a0_n": 0.2671260792,
  "WLHImagVolume_a1_n": 0.57362766,
  "WLHImagVolume_a2_n": 6.0817179433,
  "WLHImagVolume_a3_n": 0.0603045685,
  "WLHImagVolume_a4_n": 0.0008054664,
  "WLHImagSurface_W0_p": 0.7789622074,
  "WLHImagSurface_W1_p": 0.0166964977,
  "WLHImagSurface_W2_p": 0.575055684,
  "WLHImagSurface_W3_p": 0.0537137568,
  "WLHImagSurface_r0_p": 0.9218716729,
  "WLHImagSurface_r1_p": 0.681520889,
  "WLHImagSurface_r2_p": 0.0063981253,
  "WLHImagSurface_a0_p": 0.6446397703,
  "WLHImagSurface_W0_n": 1.6088118075,
  "WLHImagSurface_W1_n": 0.0429801936,
  "WLHImagSurface_W2_n": 2.5216664224,
  "WLHImagSurface_W3_n": 0.1598653361,
  "WLHImagSurface_r0_n": 1.2850224282,
  "WLHImagSurface_r1_n": 1.5206012578,
  "WLHImagSurface_r2_n": 0.0027641637,
  "WLHImagSurface_a0_n": 0.8585770074,
  "WLHRealSpinOrbit_V0_p": 10.5023434623,
  "WLHRealSpinOrbit_V1_p": 0.0088538018,
  "WLHRealSpinOrbit_r0_p": 1.2160259197,
  "WLHRealSpinOrbit_r1_p": 0.7892461201,
  "WLHRealSpinOrbit_a0_p": 0.7669153264,
  "WLHRealSpinOrbit_a1_p": 0.0003327685,
  "WLHRealSpinOrbit_V0_n": 9.5488795746,
  "WLHRealSpinOrbit_V1_n": 0.008632306,
  "WLHRealSpinOrbit_r0_n": 1.2983004839,
  "WLHRealSpinOrbit_r1_n": 0.8976729328,
  "WLHRealSpinOrbit_a0_n": 0.8192409992,
  "WLHRealSpinOrbit_a1_n": 0.0003555686
}