{
  "WLHReal_V0_p": 53.1768500562,
  "WLHReal_V1_p": 0.3069856847,
  "WLHReal_V2_p": -0.0001127405,
  "WLHReal_V3_p": 2.4587e-06,
  "WLHReal_V4_p": 12.6094535551,
  "WLHReal_V5_p": 0.1220240962,
  "WLHReal_V6_p": 0.0003019101,
  "WLHReal_r0_p": 1.2983175439,
  "WLHReal_r1_p": 0.2541519229,
  "WLHReal_r2_p": 0.0008962196,
  "WLHReal_r3_p": 7.5148e-06,
  "WLHReal_a0_p": 0.7786272183,
  "WLHReal_a1_p": 5.28688e-05,
  "WLHReal_a2_p": 6.1721e-06,
  "WLHReal_a3_p": 0.0450846922,
  "WLHReal_a4_p": 0.5804404385,
  "WLHReal_V0_n": 54.8718086729,
  "WLHReal_V1_n": 0.2946444847,
  "WLHReal_V2_n": 0.0002743425,
  "WLHReal_V3_n": 6.834e-07,
  "WLHReal_V4_n": 21.7333723561,
  "WLHReal_V5_n": 0.2492401425,
  "WLHReal_V6_n": 0.0006030453,
  "WLHReal_r0_n": 1.2514112178,
  "WLHReal_r1_n": 0.301140178,
  "WLHReal_r2_n": 0.0005785845,
  "WLHReal_r3_n": 3.463e-06,
  "WLHReal_a0_n": 0.7157841265,
  "WLHReal_a1_n": 0.0003739157,
  "WLHReal_a2_n": 2.305e-06,
  "WLHReal_a3_n": 0.2304971287,
  "WLHReal_a4_n": 0.7252993605,
  "WLHImagVolume_W0_p": 4.276415411,
  "WLHImagVolume_W1_p": 0.2159560746,
  "WLHImagVolume_W2_p": 0.0003515717,
  "WLHImagVolume_W3_p": 11.5294645141,
  "WLHImagVolume_W4_p": 0.0717929818,
  "WLHImagVolume_r0_p": 0.6514348076,
  "WLHImagVolume_r1_p": 51.4989755231,
  "WLHImagVolume_r2_p": 0.6169807713,
  "WLHImagVolume_r3_p": 65.118998266,
  "WLHImagVolume_r4_p": 0.6342300564,
  "WLHImagVolume_r5_p": 1.5123e-06,
  "WLHImagVolume_a0_p": 0.550369289,
  "WLHImagVolume_a1_p": 0.2832297286,
  "WLHImagVolume_a2_p": 15.6526162572,
  "WLHImagVolume_a3_p": 0.4022927365,
  "WLHImagVolume_a4_p": 0.00220191,
  "WLHImagVolume_W0_n": 2.3578951102,
  "WLHImagVolume_W1_n": 0.2332196184,
  "WLHImagVolume_W2_n": 0.0003379193,
  "WLHImagVolume_W3_n": 8.1927615947,
  "WLHImagVolume_W4_n": 0.0403591596,
  "WLHImagVolume_r0_n": 0.5648075572,
  "WLHImagVolume_r1_n": 68.6853526368,
  "WLHImagVolume_r2_n": 0.6783136837,
  "WLHImagVolume_r3_n": 71.4859630544,
  "WLHImagVolume_r4_n": 0.9372665856,
  "WLHImagVolume_r5_n": 2.7205e-06,
  "WLHImagVolume_a0_n": 0.1991281909,
  "WLHImagVolume_a1_n": 0.6124823724,
  "WLHImagVolume_a2_n": 8.7441462263,
  "WLHImagVolume_a3_n": 0.055833334,
  "WLHImagVolume_a4_n": 0.0007275386,
  "WLHImagSurface_W0_p": 0.8853888288,
  "WLHImagSurface_W1_p": 0.0307232125,
  "WLHImagSurface_W2_p": 0.4914342337,
  "WLHImagSurface_W3_p": 0.0968954745,
  "WLHImagSurface_r0_p": 0.9789183923,
  "WLHImagSurface_r1_p": 0.3982779056,
  "WLHImagSurface_r2_p": 0.0037718671,
  "WLHImagSurface_a0_p": 0.8241366184,
  "WLHImagSurface_W0_n": 1.6186768703,
  "WLHImagSurface_W1_n": 0.0244182702,
  "WLHImagSurface_W2_n": 2.120900695,
  "WLHImagSurface_W3_n": 0.088546032,
  "WLHImagSurface_r0_n": 1.2657398052,
  "WLHImagSurface_r1_n": 1.3308339946,
  "WLHImagSurface_r2_n": 0.0040357538,
  "WLHImagSurface_a0_n": 0.8246046256,
  "WLHRealSpinOrbit_V0_p": 9.5756761827,
  "WLHRealSpinOrbit_V1_p": 0.0084974227,
  "WLHRealSpinOrbit_r0_p": 1.2762874154,
  "WLHRealSpinOrbit_r1_p": 0.873584985,
  "WLHRealSpinOrbit_a0_p": 0.8047456049,
  "WLHRealSpinOrbit_a1_p": 0.0003451033,
  "WLHRealSpinOrbit_V0_n": 10.0012612194,
  "WLHRealSpinOrbit_V1_n": 0.008412042,
  "WLHRealSpinOrbit_r0_n": 1.2282458021,
  "WLHRealSpinOrbit_r1_n": 0.7952298957,
  "WLHRealSpinOrbit_a0_n": 0.7673027568,
  "WLHRealSpinOrbit_a1_n": 0.0003521032
}