{
  "WLHReal_V0_p": 47.807057741,
  "WLHReal_V1_p": 0.2526255469,
  "WLHReal_V2_p": -0.0006083792,
  "WLHReal_V3_p": 3.5311e-06,
  "WLHReal_V4_p": 12.8301036924,
  "WLHReal_V5_p": 0.1139080577,
  "WLHReal_V6_p": 0.0004319621,
  "WLHReal_r0_p": 1.3447027718,
  "WLHReal_r1_p": 0.2366081445,
  "WLHReal_r2_p": 0.0007747341,
  "WLHReal_r3_p": 9.4133e-06,
  "WLHReal_a0_p": 0.777769925,
  "WLHReal_a1_p": -0.0001322478,
  "WLHReal_a2_p": 9.0432e-06,
  "WLHReal_a3_p": -0.0501321321,
  "WLHReal_a4_p": 0.4278118408,
  "WLHReal_V0_n": 51.1865240186,
  "WLHReal_V1_n": 0.2431305918,
  "WLHReal_V2_n": -0.000114471,
  "WLHReal_V3_n": 1.5524e-06,
  "WLHReal_V4_n": 22.6122393569,
  "WLHReal_V5_n": 0.2573586972,
  "WLHReal_V6_n": 0.0008978099,
  "WLHReal_r0_n": 1.2652392845,
  "WLHReal_r1_n": 0.2351412358,
  "WLHReal_r2_n": 0.0008240582,
  "WLHReal_r3_n": 8.6527e-06,
  "WLHReal_a0_n": 0.7281659538,
  "WLHReal_a1_n": 0.0007400851,
  "WLHReal_a2_n": 9.2285e-06,
  "WLHReal_a3_n": 0.3317158081,
  "WLHReal_a4_n": 0.8999531656,
  "WLHImagVolume_W0_p": 4.0968736745,
  "WLHImagVolume_W1_p": 0.1100369105,
  "WLHImagVolume_W2_p": -3.5662e-06,
  "WLHImagVolume_W3_p": 6.1669696022,
  "WLHImagVolume_W4_p": 0.0556259513,
  "WLHImagVolume_r0_p": 0.8107706844,
  "WLHImagVolume_r1_p": 34.4375372438,
  "WLHImagVolume_r2_p": 0.5118365479,
  "WLHImagVolume_r3_p": 50.8627307513,
  "WLHImagVolume_r4_p": 0.6414932231,
  "WLHImagVolume_r5_p": 1.0286e-06,
  "WLHImagVolume_a0_p": 0.5698245459,
  "WLHImagVolume_a1_p": 0.2710706267,
  "WLHImagVolume_a2_p": 15.2953839076,
  "WLHImagVolume_a3_p": 0.398910368,
  "WLHImagVolume_a4_p": 0.0023108355,
  "WLHImagVolume_W0_n": 2.1082959284,
  "WLHImagVolume_W1_n": 0.153426514,
  "WLHImagVolume_W2_n": 3.3107e-06,
  "WLHImagVolume_W3_n": 7.4446526758,
  "WLHImagVolume_W4_n": -0.015157591,
  "WLHImagVolume_r0_n": 0.6542940494,
  "WLHImagVolume_r1_n": 62.0318283189,
  "WLHImagVolume_r2_n": 0.6008650418,
  "WLHImagVolume_r3_n": 69.3788512825,
  "WLHImagVolume_r4_n": 1.0317362953,
  "WLHImagVolume_r5_n": 3.4787e-06,
  "WLHImagVolume_a0_n": 0.2220448732,
  "WLHImagVolume_a1_n": 0.5868112052,
  "WLHImagVolume_a2_n": 9.7658491718,
  "WLHImagVolume_a3_n": 0.0893503174,
  "WLHImagVolume_a4_n": 0.0008582073,
  "WLHImagSurface_W0_p": 0.8049420258,
  "WLHImagSurface_W1_p": 0.0265693962,
  "WLHImagSurface_W2_p": 0.6975033806,
  "WLHImagSurface_W3_p": 0.080596913,
  "WLHImagSurface_r0_p": 0.8643258816,
  "WLHImagSurface_r1_p": -0.1037916659,
  "WLHImagSurface_r2_p": 0.001493189,
  "WLHImagSurface_a0_p": 0.7936451655,
  "WLHImagSurface_W0_n": 0.8354301522,
  "WLHImagSurface_W1_n": 0.0046733964,
  "WLHImagSurface_W2_n": 0.5334961215,
  "WLHImagSurface_W3_n": 0.0387545753,
  "WLHImagSurface_r0_n": 1.254412259,
  "WLHImagSurface_r1_n": 1.2095228089,
  "WLHImagSurface_r2_n": 0.0029597263,
  "WLHImagSurface_a0_n": 0.8480588172,
  "WLHRealSpinOrbit_V0_p": 9.1030558808,
  "WLHRealSpinOrbit_V1_p": 0.008484593,
  "WLHRealSpinOrbit_r0_p": 1.33832226,
  "WLHRealSpinOrbit_r1_p": 0.9395372531,
  "WLHRealSpinOrbit_a0_p": 0.8421360149,
  "WLHRealSpinOrbit_a1_p": 0.0003901547,
  "WLHRealSpinOrbit_V0_n": 10.1044474298,
  "WLHRealSpinOrbit_V1_n": 0.0087370806,
  "WLHRealSpinOrbit_r0_n": 1.256596709,
  "WLHRealSpinOrbit_r1_n": 0.8282823487,
  "WLHRealSpinOrbit_a0_n": 0.7894222065,
  "WLHRealSpinOrbit_a1_n": 0.000371769
}