{
  "WLHReal_V0_p": 57.3208910632,
  "WLHReal_V1_p": 0.312554809,
  "WLHReal_V2_p": 0.0006872385,
  "WLHReal_V3_p": -8.429e-07,
  "WLHReal_V4_p": 15.2837332612,
  "WLHReal_V5_p": 0.1236507476,
  "WLHReal_V6_p": 6.10321e-05,
  "WLHReal_r0_p": 1.2103138263,
  "WLHReal_r1_p": 0.2432032708,
  "WLHReal_r2_p": 0.0006577206,
  "WLHReal_r3_p": 3.0986e-06,
  "WLHReal_a0_p": 0.7442299121,
  "WLHReal_a1_p": 0.0002016388,
  "WLHReal_a2_p": 2.376e-07,
  "WLHReal_a3_p": 0.1189311734,
  "WLHReal_a4_p": 0.6003588273,
  "WLHReal_V0_n": 54.9723055024,
  "WLHReal_V1_n": 0.3154155755,
  "WLHReal_V2_n": -9.70867e-05,
  "WLHReal_V3_n": 3.2428e-06,
  "WLHReal_V4_n": 20.3962819706,
  "WLHReal_V5_n": 0.2868985335,
  "WLHReal_V6_n": 0.0009429654,
  "WLHReal_r0_n": 1.3003545754,
  "WLHReal_r1_n": 0.3775205558,
  "WLHReal_r2_n": 0.0007586308,
  "WLHReal_r3_n": 5.0922e-06,
  "WLHReal_a0_n": 0.7368821612,
  "WLHReal_a1_n": 0.000614567,
  "WLHReal_a2_n": 6.4443e-06,
  "WLHReal_a3_n": 0.204988554,
  "WLHReal_a4_n": 0.7529309167,
  "WLHImagVolume_W0_p": 2.9470940873,
  "WLHImagVolume_W1_p": 0.2246043123,
  "WLHImagVolume_W2_p": 0.0002633181,
  "WLHImagVolume_W3_p": 13.9102791063,
  "WLHImagVolume_W4_p": 0.0617597248,
  "WLHImagVolume_r0_p": 0.6254088776,
  "WLHImagVolume_r1_p": 44.4092312582,
  "WLHImagVolume_r2_p": 0.5415667754,
  "WLHImagVolume_r3_p": 56.8026908563,
  "WLHImagVolume_r4_p": 0.7485622968,
  "WLHImagVolume_r5_p": 2.4519e-06,
  "WLHImagVolume_a0_p": 0.5046315125,
  "WLHImagVolume_a1_p": 0.2674846355,
  "WLHImagVolume_a2_p": 13.0838845952,
  "WLHImagVolume_a3_p": 0.3831222581,
  "WLHImagVolume_a4_p": 0.0017056737,
  "WLHImagVolume_W0_n": 3.1078867659,
  "WLHImagVolume_W1_n": 0.3107412947,
  "WLHImagVolume_W2_n": 0.0007415753,
  "WLHImagVolume_W3_n": 9.2983258516,
  "WLHImagVolume_W4_n": 0.0616307635,
  "WLHImagVolume_r0_n": 0.5017967337,
  "WLHImagVolume_r1_n": 84.5129785635,
  "WLHImagVolume_r2_n": 0.7896832602,
  "WLHImagVolume_r3_n": 89.5247595765,
  "WLHImagVolume_r4_n": 0.8656895655,
  "WLHImagVolume_r5_n": 3.3069e-06,
  "WLHImagVolume_a0_n": 0.2343686233,
  "WLHImagVolume_a1_n": 0.5987784915,
  "WLHImagVolume_a2_n": 5.8172217959,
  "WLHImagVolume_a3_n": 0.0342016772,
  "WLHImagVolume_a4_n": 0.0005730685,
  "WLHImagSurface_W0_p": 1.0862403262,
  "WLHImagSurface_W1_p": 0.0375066766,
  "WLHImagSurface_W2_p": 0.9962170137,
  "WLHImagSurface_W3_p": 0.1193015249,
  "WLHImagSurface_r0_p": 1.0871790752,
  "WLHImagSurface_r1_p": 0.8996890396,
  "WLHImagSurface_r2_p": 0.0089300451,
  "WLHImagSurface_a0_p": 0.7660730981,
  "WLHImagSurface_W0_n": 2.1632917793,
  "WLHImagSurface_W1_n": 0.0549810084,
  "WLHImagSurface_W2_n": 3.5355609142,
  "WLHImagSurface_W3_n": 0.185809803,
  "WLHImagSurface_r0_n": 1.29770856,
  "WLHImagSurface_r1_n": 1.5836827039,
  "WLHImagSurface_r2_n": 0.0036711762,
  "WLHImagSurface_a0_n": 0.8388911912,
  "WLHRealSpinOrbit_V0_p": 10.4694231141,
  "WLHRealSpinOrbit_V1_p": 0.0084864081,
  "WLHRealSpinOrbit_r0_p": 1.1837536137,
  "WLHRealSpinOrbit_r1_p": 0.7365810531,
  "WLHRealSpinOrbit_a0_p": 0.7385725383,
  "WLHRealSpinOrbit_a1_p": 0.000341375,
  "WLHRealSpinOrbit_V0_n": 9.4830711394,
  "WLHRealSpinOrbit_V1_n": 0.0083383024,
  "WLHRealSpinOrbit_r0_n": 1.2699923286,
  "WLHRealSpinOrbit_r1_n": 0.8632727715,
  "WLHRealSpinOrbit_a0_n": 0.7974712396,
  "WLHRealSpinOrbit_a1_n": 0.0003413665
}