{
  "WLHReal_V0_p": 54.3865498957,
  "WLHReal_V1_p": 0.3268997382,
  "WLHReal_V2_p": -0.0002360346,
  "WLHReal_V3_p": 3.1498e-06,
  "WLHReal_V4_p": 11.4167478928,
  "WLHReal_V5_p": 0.1403524991,
  "WLHReal_V6_p": 0.000383428,
  "WLHReal_r0_p": 1.3300576313,
  "WLHReal_r1_p": 0.3313028227,
  "WLHReal_r2_p": 0.0009311515,
  "WLHReal_r3_p": 7.6274e-06,
  "WLHReal_a0_p": 0.7973960739,
  "WLHReal_a1_p": 0.0001511176,
  "WLHReal_a2_p": 6.3256e-06,
  "WLHReal_a3_p": 0.0596939736,
  "WLHReal_a4_p": 0.6170685274,
  "WLHReal_V0_n": 52.1302795091,
  "WLHReal_V1_n": 0.257507478,
  "WLHReal_V2_n": -0.0002655686,
  "WLHReal_V3_n": 2.0504e-06,
  "WLHReal_V4_n": 21.5616919089,
  "WLHReal_V5_n": 0.2829290884,
  "WLHReal_V6_n": 0.0009959128,
  "WLHReal_r0_n": 1.3098754865,
  "WLHReal_r1_n": 0.3602058245,
  "WLHReal_r2_n": 0.0007736517,
  "WLHReal_r3_n": 6.9945e-06,
  "WLHReal_a0_n": 0.7367096888,
  "WLHReal_a1_n": 0.0006707975,
  "WLHReal_a2_n": 7.3992e-06,
  "WLHReal_a3_n": 0.2462003973,
  "WLHReal_a4_n": 0.7711688286,
  "WLHImagVolume_W0_p": 5.0884788654,
  "WLHImagVolume_W1_p": 0.2794495589,
  "WLHImagVolume_W2_p": 0.0005984265,
  "WLHImagVolume_W3_p": 12.9770781433,
  "WLHImagVolume_W4_p": 0.091084496,
  "WLHImagVolume_r0_p": 0.5473542683,
  "WLHImagVolume_r1_p": 61.8630419973,
  "WLHImagVolume_r2_p": 0.7418645958,
  "WLHImagVolume_r3_p": 71.3582183145,
  "WLHImagVolume_r4_p": 0.5414186317,
  "WLHImagVolume_r5_p": 1.0039e-06,
  "WLHImagVolume_a0_p": 0.5702789898,
  "WLHImagVolume_a1_p": 0.2926638128,
  "WLHImagVolume_a2_p": 16.4219968132,
  "WLHImagVolume_a3_p": 0.4249567843,
  "WLHImagVolume_a4_p": 0.0025511025,
  "WLHImagVolume_W0_n": 2.434244964,
  "WLHImagVolume_W1_n": 0.2313350613,
  "WLHImagVolume_W2_n": 0.0003474549,
  "WLHImagVolume_W3_n": 7.9672632552,
  "WLHImagVolume_W4_n": 0.0137075325,
  "WLHImagVolume_r0_n": 0.5773735892,
  "WLHImagVolume_r1_n": 72.2389524945,
  "WLHImagVolume_r2_n": 0.7164706879,
  "WLHImagVolume_r3_n": 80.0088615101,
  "WLHImagVolume_r4_n": 0.9891248316,
  "WLHImagVolume_r5_n": 4.4643e-06,
  "WLHImagVolume_a0_n": 0.2467684087,
  "WLHImagVolume_a1_n": 0.5929648165,
  "WLHImagVolume_a2_n": 8.1443619069,
  "WLHImagVolume_a3_n": 0.0878380166,
  "WLHImagVolume_a4_n": 0.0010604631,
  "WLHImagSurface_W0_p": 0.9181482359,
  "WLHImagSurface_W1_p": 0.0427847534,
  "WLHImagSurface_W2_p": 0.7316342779,
  "WLHImagSurface_W3_p": 0.1543196403,
  "WLHImagSurface_r0_p": 0.9759801935,
  "WLHImagSurface_r1_p": 0.4933299369,
  "WLHImagSurface_r2_p": 0.002782963,
  "WLHImagSurface_a0_p": 0.8155447938,
  "WLHImagSurface_W0_n": 1.2999621298,
  "WLHImagSurface_W1_n": 0.0269130144,
  "WLHImagSurface_W2_n": 2.0393727131,
  "WLHImagSurface_W3_n": 0.1177353168,
  "WLHImagSurface_r0_n": 1.2781051944,
  "WLHImagSurface_r1_n": 1.3956520764,
  "WLHImagSurface_r2_n": 0.0029644581,
  "WLHImagSurface_a0_n": 0.8523603462,
  "WLHRealSpinOrbit_V0_p": 9.3233337131,
  "WLHRealSpinOrbit_V1_p": 0.0084205005,
  "WLHRealSpinOrbit_r0_p": 1.291548553,
  "WLHRealSpinOrbit_r1_p": 0.900776953,
  "WLHRealSpinOrbit_a0_p": 0.8154994144,
  "WLHRealSpinOrbit_a1_p": 0.0003344008,
  "WLHRealSpinOrbit_V0_n": 9.6472134701,
  "WLHRealSpinOrbit_V1_n": 0.0085045076,
  "WLHRealSpinOrbit_r0_n": 1.2831929826,
  "WLHRealSpinOrbit_r1_n": 0.8612439957,
  "WLHRealSpinOrbit_a0_n": 0.803212591,
  "WLHRealSpinOrbit_a1_n": 0.0003777827
}