{
  "WLHReal_V0_p": 51.2002195092,
  "WLHReal_V1_p": 0.3513811548,
  "WLHReal_V2_p": -0.0010291807,
  "WLHReal_V3_p": 6.586e-06,
  "WLHReal_V4_p": 7.3767841202,
  "WLHReal_V5_p": 0.1513098256,
  "WLHReal_V6_p": 0.0006416336,
  "WLHReal_r0_p": 1.4464353945,
  "WLHReal_r1_p": 0.4150525296,
  "WLHReal_r2_p": 0.0011779197,
  "WLHReal_r3_p": 1.19527e-05,
  "WLHReal_a0_p": 0.8459151275,
  "WLHReal_a1_p": 5.38963e-05,
  "WLHReal_a2_p": 1.21965e-05,
  "WLHReal_a3_p": 0.0114779638,
  "WLHReal_a4_p": 0.6408437094,
  "WLHReal_V0_n": 51.30061399,
  "WLHReal_V1_n": 0.2908184849,
  "WLHReal_V2_n": -0.0006330141,
  "WLHReal_V3_n": 4.2093e-06,
  "WLHReal_V4_n": 20.296025391,
  "WLHReal_V5_n": 0.311209317,
  "WLHReal_V6_n": 0.0014155576,
  "WLHReal_r0_n": 1.332637625,
  "WLHReal_r1_n": 0.3206689187,
  "WLHReal_r2_n": 0.0011456193,
  "WLHReal_r3_n": 1.24208e-05,
  "WLHReal_a0_n": 0.7602288749,
  "WLHReal_a1_n": 0.0011953856,
  "WLHReal_a2_n": 1.669e-05,
  "WLHReal_a3_n": 0.3108954623,
  "WLHReal_a4_n": 0.9929522677,
  "WLHImagVolume_W0_p": 6.8887478092,
  "WLHImagVolume_W1_p": 0.3230063223,
  "WLHImagVolume_W2_p": 0.0009918623,
  "WLHImagVolume_W3_p": 12.1564294318,
  "WLHImagVolume_W4_p": 0.1136775615,
  "WLHImagVolume_r0_p": 0.394817499,
  "WLHImagVolume_r1_p": 91.2168361174,
  "WLHImagVolume_r2_p": 1.0174475521,
  "WLHImagVolume_r3_p": 95.8975347991,
  "WLHImagVolume_r4_p": 0.2598067477,
  "WLHImagVolume_r5_p": -1.613e-07,
  "WLHImagVolume_a0_p": 0.6097652929,
  "WLHImagVolume_a1_p": 0.3456009366,
  "WLHImagVolume_a2_p": 22.1663495021,
  "WLHImagVolume_a3_p": 0.4356091385,
  "WLHImagVolume_a4_p": 0.0029265769,
  "WLHImagVolume_W0_n": 3.3270648526,
  "WLHImagVolume_W1_n": 0.2688676978,
  "WLHImagVolume_W2_n": 0.000686976,
  "WLHImagVolume_W3_n": 9.1636243424,
  "WLHImagVolume_W4_n": 0.0201314248,
  "WLHImagVolume_r0_n": 0.532778024,
  "WLHImagVolume_r1_n": 94.7529608066,
  "WLHImagVolume_r2_n": 0.7930799137,
  "WLHImagVolume_r3_n": 101.8444592079,
  "WLHImagVolume_r4_n": 0.8499416698,
  "WLHImagVolume_r5_n": 4.049e-06,
  "WLHImagVolume_a0_n": 0.2616445179,
  "WLHImagVolume_a1_n": 0.568969988,
  "WLHImagVolume_a2_n": 4.9499904997,
  "WLHImagVolume_a3_n": 0.0407702151,
  "WLHImagVolume_a4_n": 0.0003128381,
  "WLHImagSurface_W0_p": 0.9091920722,
  "WLHImagSurface_W1_p": 0.0609014133,
  "WLHImagSurface_W2_p": 0.6883669558,
  "WLHImagSurface_W3_p": 0.2321863946,
  "WLHImagSurface_r0_p": 0.9469266541,
  "WLHImagSurface_r1_p": 0.1644852857,
  "WLHImagSurface_r2_p": -0.0026263328,
  "WLHImagSurface_a0_p": 0.9404748401,
  "WLHImagSurface_W0_n": 1.8467374127,
  "WLHImagSurface_W1_n": 0.057544896,
  "WLHImagSurface_W2_n": 2.8866297537,
  "WLHImagSurface_W3_n": 0.1994133898,
  "WLHImagSurface_r0_n": 1.3161786454,
  "WLHImagSurface_r1_n": 1.633950029,
  "WLHImagSurface_r2_n": 0.0025375004,
  "WLHImagSurface_a0_n": 0.8684139932,
  "WLHRealSpinOrbit_V0_p": 8.0202497675,
  "WLHRealSpinOrbit_V1_p": 0.008132302,
  "WLHRealSpinOrbit_r0_p": 1.3936286764,
  "WLHRealSpinOrbit_r1_p": 1.0540061995,
  "WLHRealSpinOrbit_a0_p": 0.8851922876,
  "WLHRealSpinOrbit_a1_p": 0.0003320722,
  "WLHRealSpinOrbit_V0_n": 9.2308236514,
  "WLHRealSpinOrbit_V1_n": 0.008554777,
  "WLHRealSpinOrbit_r0_n": 1.3171938688,
  "WLHRealSpinOrbit_r1_n": 0.9346926205,
  "WLHRealSpinOrbit_a0_n": 0.8345791833,
  "WLHRealSpinOrbit_a1_n": 0.000344029
}