{
  "WLHReal_V0_p": 54.8985935374,
  "WLHReal_V1_p": 0.3350316208,
  "WLHReal_V2_p": -3.27511e-05,
  "WLHReal_V3_p": 3.1513e-06,
  "WLHReal_V4_p": 11.5158756485,
  "WLHReal_V5_p": 0.1504923211,
  "WLHReal_V6_p": 0.0003307297,
  "WLHReal_r0_p": 1.336457153,
  "WLHReal_r1_p": 0.3962159161,
  "WLHReal_r2_p": 0.0007396493,
  "WLHReal_r3_p": 4.8512e-06,
  "WLHReal_a0_p": 0.7928774459,
  "WLHReal_a1_p": 0.0001889701,
  "WLHReal_a2_p": 3.9113e-06,
  "WLHReal_a3_p": 0.0796562002,
  "WLHReal_a4_p": 0.595687738,
  "WLHReal_V0_n": 51.0724350069,
  "WLHReal_V1_n": 0.2788973375,
  "WLHReal_V2_n": 0.0002227887,
  "WLHReal_V3_n": 6.99e-07,
  "WLHReal_V4_n": 21.9785406401,
  "WLHReal_V5_n": 0.2350321651,
  "WLHReal_V6_n": 0.0006387555,
  "WLHReal_r0_n": 1.2520879015,
  "WLHReal_r1_n": 0.2101510561,
  "WLHReal_r2_n": 0.0007159772,
  "WLHReal_r3_n": 6.0179e-06,
  "WLHReal_a0_n": 0.7148152385,
  "WLHReal_a1_n": 0.0007008357,
  "WLHReal_a2_n": 6.9787e-06,
  "WLHReal_a3_n": 0.315959335,
  "WLHReal_a4_n": 0.8679591967,
  "WLHImagVolume_W0_p": 4.7413633289,
  "WLHImagVolume_W1_p": 0.2848407053,
  "WLHImagVolume_W2_p": 0.0007016391,
  "WLHImagVolume_W3_p": 13.1923404153,
  "WLHImagVolume_W4_p": 0.0902475929,
  "WLHImagVolume_r0_p": 0.4145344506,
  "WLHImagVolume_r1_p": 74.2764636858,
  "WLHImagVolume_r2_p": 0.8704614298,
  "WLHImagVolume_r3_p": 77.7431718736,
  "WLHImagVolume_r4_p": 0.4190002134,
  "WLHImagVolume_r5_p": 6.597e-07,
  "WLHImagVolume_a0_p": 0.5461171621,
  "WLHImagVolume_a1_p": 0.3204847889,
  "WLHImagVolume_a2_p": 18.4734685719,
  "WLHImagVolume_a3_p": 0.400706554,
  "WLHImagVolume_a4_p": 0.0021635554,
  "WLHImagVolume_W0_n": 1.6685354636,
  "WLHImagVolume_W1_n": 0.1339982912,
  "WLHImagVolume_W2_n": 0.0001525906,
  "WLHImagVolume_W3_n": 6.3727782121,
  "WLHImagVolume_W4_n": -0.0056824873,
  "WLHImagVolume_r0_n": 0.5362781818,
  "WLHImagVolume_r1_n": 88.7741466192,
  "WLHImagVolume_r2_n": 0.7103859444,
  "WLHImagVolume_r3_n": 80.1265725008,
  "WLHImagVolume_r4_n": 0.8088473506,
  "WLHImagVolume_r5_n": 1.6521e-06,
  "WLHImagVolume_a0_n": 0.1652542021,
  "WLHImagVolume_a1_n": 0.6249357957,
  "WLHImagVolume_a2_n": 10.4872552122,
  "WLHImagVolume_a3_n": 0.0761959419,
  "WLHImagVolume_a4_n": 0.0003545205,
  "WLHImagSurface_W0_p": 1.2124523944,
  "WLHImagSurface_W1_p": 0.0729156294,
  "WLHImagSurface_W2_p": 1.6539945404,
  "WLHImagSurface_W3_p": 0.2724875748,
  "WLHImagSurface_r0_p": 1.0694071156,
  "WLHImagSurface_r1_p": 0.7046480498,
  "WLHImagSurface_r2_p": 0.0042474929,
  "WLHImagSurface_a0_p": 0.8459538245,
  "WLHImagSurface_W0_n": 1.246152134,
  "WLHImagSurface_W1_n": 0.0151304214,
  "WLHImagSurface_W2_n": 1.3332867024,
  "WLHImagSurface_W3_n": 0.0647075412,
  "WLHImagSurface_r0_n": 1.2981003208,
  "WLHImagSurface_r1_n": 1.2672597124,
  "WLHImagSurface_r2_n": 0.0036423547,
  "WLHImagSurface_a0_n": 0.8376017963,
  "WLHRealSpinOrbit_V0_p": 9.1097133464,
  "WLHRealSpinOrbit_V1_p": 0.0080594492,
  "WLHRealSpinOrbit_r0_p": 1.2827075833,
  "WLHRealSpinOrbit_r1_p": 0.8759891581,
  "WLHRealSpinOrbit_a0_p": 0.8015618475,
  "WLHRealSpinOrbit_a1_p": 0.0003504126,
  "WLHRealSpinOrbit_V0_n": 9.7305828573,
  "WLHRealSpinOrbit_V1_n": 0.0082295962,
  "WLHRealSpinOrbit_r0_n": 1.2414717943,
  "WLHRealSpinOrbit_r1_n": 0.8062593367,
  "WLHRealSpinOrbit_a0_n": 0.7730893971,
  "WLHRealSpinOrbit_a1_n": 0.0003722441
}