{
  "WLHReal_V0_p": 51.6535865116,
  "WLHReal_V1_p": 0.3001924963,
  "WLHReal_V2_p": -0.0007854468,
  "WLHReal_V3_p": 4.1216e-06,
  "WLHReal_V4_p": 10.7630497255,
  "WLHReal_V5_p": 0.1361554365,
  "WLHReal_V6_p": 0.0005552186,
  "WLHReal_r0_p": 1.366686368,
  "WLHReal_r1_p": 0.2992710647,
  "WLHReal_r2_p": 0.0010812695,
  "WLHReal_r3_p": 1.22483e-05,
  "WLHReal_a0_p": 0.8123415851,
  "WLHReal_a1_p": 6.88103e-05,
  "WLHReal_a2_p": 1.04561e-05,
  "WLHReal_a3_p": -0.0042435622,
  "WLHReal_a4_p": 0.5770229494,
  "WLHReal_V0_n": 53.9713294065,
  "WLHReal_V1_n": 0.3073460079,
  "WLHReal_V2_n": -0.0002869669,
  "WLHReal_V3_n": 3.1126e-06,
  "WLHReal_V4_n": 20.4862719391,
  "WLHReal_V5_n": 0.2948643186,
  "WLHReal_V6_n": 0.001126954,
  "WLHReal_r0_n": 1.3034557839,
  "WLHReal_r1_n": 0.3391391163,
  "WLHReal_r2_n": 0.0009221824,
  "WLHReal_r3_n": 8.5726e-06,
  "WLHReal_a0_n": 0.7457770024,
  "WLHReal_a1_n": 0.0008330123,
  "WLHReal_a2_n": 1.02182e-05,
  "WLHReal_a3_n": 0.2557853374,
  "WLHReal_a4_n": 0.8668720823,
  "WLHImagVolume_W0_p": 5.8174583353,
  "WLHImagVolume_W1_p": 0.2530319808,
  "WLHImagVolume_W2_p": 0.0004394851,
  "WLHImagVolume_W3_p": 10.6760505926,
  "WLHImagVolume_W4_p": 0.0943444194,
  "WLHImagVolume_r0_p": 0.7125832276,
  "WLHImagVolume_r1_p": 45.4632787875,
  "WLHImagVolume_r2_p": 0.6220274355,
  "WLHImagVolume_r3_p": 60.3618493461,
  "WLHImagVolume_r4_p": 0.6201947699,
  "WLHImagVolume_r5_p": 1.2496e-06,
  "WLHImagVolume_a0_p": 0.6175904899,
  "WLHImagVolume_a1_p": 0.2621485599,
  "WLHImagVolume_a2_p": 14.4945768048,
  "WLHImagVolume_a3_p": 0.4617275352,
  "WLHImagVolume_a4_p": 0.0032188006,
  "WLHImagVolume_W0_n": 3.3084273235,
  "WLHImagVolume_W1_n": 0.2967246978,
  "WLHImagVolume_W2_n": 0.0006933858,
  "WLHImagVolume_W3_n": 9.5518878877,
  "WLHImagVolume_W4_n": 0.0474394683,
  "WLHImagVolume_r0_n": 0.5359415922,
  "WLHImagVolume_r1_n": 83.5674133707,
  "WLHImagVolume_r2_n": 0.7609959517,
  "WLHImagVolume_r3_n": 91.512248866,
  "WLHImagVolume_r4_n": 0.8861890233,
  "WLHImagVolume_r5_n": 3.6544e-06,
  "WLHImagVolume_a0_n": 0.2467193154,
  "WLHImagVolume_a1_n": 0.5813643201,
  "WLHImagVolume_a2_n": 5.3224135582,
  "WLHImagVolume_a3_n": 0.0300889841,
  "WLHImagVolume_a4_n": 0.0004431441,
  "WLHImagSurface_W0_p": 0.5873133724,
  "WLHImagSurface_W1_p": 0.0161631444,
  "WLHImagSurface_W2_p": 0.028653991,
  "WLHImagSurface_W3_p": 0.0558679557,
  "WLHImagSurface_r0_p": 0.8143213675,
  "WLHImagSurface_r1_p": 0.0572848462,
  "WLHImagSurface_r2_p": -0.0005302318,
  "WLHImagSurface_a0_p": 0.7608391946,
  "WLHImagSurface_W0_n": 2.0311503793,
  "WLHImagSurface_W1_n": 0.0543105278,
  "WLHImagSurface_W2_n": 3.1137709783,
  "WLHImagSurface_W3_n": 0.1816377623,
  "WLHImagSurface_r0_n": 1.2952859531,
  "WLHImagSurface_r1_n": 1.5855568439,
  "WLHImagSurface_r2_n": 0.0032686392,
  "WLHImagSurface_a0_n": 0.8480572998,
  "WLHRealSpinOrbit_V0_p": 9.1480032716,
  "WLHRealSpinOrbit_V1_p": 0.0087458439,
  "WLHRealSpinOrbit_r0_p": 1.3429564336,
  "WLHRealSpinOrbit_r1_p": 0.9775473823,
  "WLHRealSpinOrbit_a0_p": 0.8562899754,
  "WLHRealSpinOrbit_a1_p": 0.0003365243,
  "WLHRealSpinOrbit_V0_n": 9.522442031,
  "WLHRealSpinOrbit_V1_n": 0.0085211121,
  "WLHRealSpinOrbit_r0_n": 1.281778373,
  "WLHRealSpinOrbit_r1_n": 0.8861313519,
  "WLHRealSpinOrbit_a0_n": 0.8097199085,
  "WLHRealSpinOrbit_a1_n": 0.0003347056
}