{
  "WLHReal_V0_p": 56.6391009598,
  "WLHReal_V1_p": 0.3079971116,
  "WLHReal_V2_p": 0.0004352937,
  "WLHReal_V3_p": 3.035e-07,
  "WLHReal_V4_p": 14.7275246977,
  "WLHReal_V5_p": 0.1235890337,
  "WLHReal_V6_p": 0.0001463899,
  "WLHReal_r0_p": 1.2274204401,
  "WLHReal_r1_p": 0.2330909494,
  "WLHReal_r2_p": 0.0007710153,
  "WLHReal_r3_p": 4.7968e-06,
  "WLHReal_a0_p": 0.7547597215,
  "WLHReal_a1_p": 0.0001868371,
  "WLHReal_a2_p": 2.4854e-06,
  "WLHReal_a3_p": 0.0981127028,
  "WLHReal_a4_p": 0.6053384749,
  "WLHReal_V0_n": 52.6301558834,
  "WLHReal_V1_n": 0.2923223034,
  "WLHReal_V2_n": -8.01869e-05,
  "WLHReal_V3_n": 2.4343e-06,
  "WLHReal_V4_n": 20.9000532051,
  "WLHReal_V5_n": 0.2736614659,
  "WLHReal_V6_n": 0.0008876431,
  "WLHReal_r0_n": 1.2998953872,
  "WLHReal_r1_n": 0.3387523481,
  "WLHReal_r2_n": 0.0007572149,
  "WLHReal_r3_n": 6.1818e-06,
  "WLHReal_a0_n": 0.7317835132,
  "WLHReal_a1_n": 0.0006953252,
  "WLHReal_a2_n": 7.2437e-06,
  "WLHReal_a3_n": 0.2407947916,
  "WLHReal_a4_n": 0.7824215841,
  "WLHImagVolume_W0_p": 3.4648313716,
  "WLHImagVolume_W1_p": 0.2309023177,
  "WLHImagVolume_W2_p": 0.0002527833,
  "WLHImagVolume_W3_p": 13.5427757271,
  "WLHImagVolume_W4_p": 0.0675952052,
  "WLHImagVolume_r0_p": 0.683924374,
  "WLHImagVolume_r1_p": 39.1959883537,
  "WLHImagVolume_r2_p": 0.503579003,
  "WLHImagVolume_r3_p": 53.88572154,
  "WLHImagVolume_r4_p": 0.7808122418,
  "WLHImagVolume_r5_p": 2.4532e-06,
  "WLHImagVolume_a0_p": 0.52977291,
  "WLHImagVolume_a1_p": 0.2541078884,
  "WLHImagVolume_a2_p": 12.2411378152,
  "WLHImagVolume_a3_p": 0.4054744775,
  "WLHImagVolume_a4_p": 0.0020865507,
  "WLHImagVolume_W0_n": 2.4476832294,
  "WLHImagVolume_W1_n": 0.2394835584,
  "WLHImagVolume_W2_n": 0.0005305189,
  "WLHImagVolume_W3_n": 7.8430077664,
  "WLHImagVolume_W4_n": 0.0289945144,
  "WLHImagVolume_r0_n": 0.500164119,
  "WLHImagVolume_r1_n": 90.3089660634,
  "WLHImagVolume_r2_n": 0.7892096905,
  "WLHImagVolume_r3_n": 89.2328145476,
  "WLHImagVolume_r4_n": 0.8350197686,
  "WLHImagVolume_r5_n": 2.9979e-06,
  "WLHImagVolume_a0_n": 0.214752003,
  "WLHImagVolume_a1_n": 0.6107389852,
  "WLHImagVolume_a2_n": 7.7213609643,
  "WLHImagVolume_a3_n": 0.0631425149,
  "WLHImagVolume_a4_n": 0.0005949424,
  "WLHImagSurface_W0_p": 0.9143920299,
  "WLHImagSurface_W1_p": 0.0241310771,
  "WLHImagSurface_W2_p": 0.5731897255,
  "WLHImagSurface_W3_p": 0.0707354969,
  "WLHImagSurface_r0_p": 1.0144971933,
  "WLHImagSurface_r1_p": 0.7328476501,
  "WLHImagSurface_r2_p": 0.0072656429,
  "WLHImagSurface_a0_p": 0.7434652011,
  "WLHImagSurface_W0_n": 1.7439915629,
  "WLHImagSurface_W1_n": 0.0406681741,
  "WLHImagSurface_W2_n": 2.7915495344,
  "WLHImagSurface_W3_n": 0.1503016162,
  "WLHImagSurface_r0_n": 1.3071293192,
  "WLHImagSurface_r1_n": 1.4822165882,
  "WLHImagSurface_r2_n": 0.0034417815,
  "WLHImagSurface_a0_n": 0.8450350126,
  "WLHRealSpinOrbit_V0_p": 10.4058513476,
  "WLHRealSpinOrbit_V1_p": 0.0086606224,
  "WLHRealSpinOrbit_r0_p": 1.2055898249,
  "WLHRealSpinOrbit_r1_p": 0.7738417537,
  "WLHRealSpinOrbit_a0_p": 0.7575295027,
  "WLHRealSpinOrbit_a1_p": 0.0003341194,
  "WLHRealSpinOrbit_V0_n": 9.4092741321,
  "WLHRealSpinOrbit_V1_n": 0.0082299728,
  "WLHRealSpinOrbit_r0_n": 1.273763218,
  "WLHRealSpinOrbit_r1_n": 0.8556751962,
  "WLHRealSpinOrbit_a0_n": 0.7957132888,
  "WLHRealSpinOrbit_a1_n": 0.0003649929
}