{
  "WLHReal_V0_p": 52.6983693265,
  "WLHReal_V1_p": 0.2971391308,
  "WLHReal_V2_p": 0.0002058879,
  "WLHReal_V3_p": 9.825e-07,
  "WLHReal_V4_p": 13.556853641,
  "WLHReal_V5_p": 0.1373437333,
  "WLHReal_V6_p": 0.0002162616,
  "WLHReal_r0_p": 1.3094715467,
  "WLHReal_r1_p": 0.3591461279,
  "WLHReal_r2_p": 0.0004468062,
  "WLHReal_r3_p": 1.5777e-06,
  "WLHReal_a0_p": 0.7623095422,
  "WLHReal_a1_p": 7.79762e-05,
  "WLHReal_a2_p": 1.7344e-06,
  "WLHReal_a3_p": 0.0543566513,
  "WLHReal_a4_p": 0.4776803103,
  "WLHReal_V0_n": 54.1363541235,
  "WLHReal_V1_n": 0.3009982954,
  "WLHReal_V2_n": 0.0001350301,
  "WLHReal_V3_n": 1.3305e-06,
  "WLHReal_V4_n": 20.9859810574,
  "WLHReal_V5_n": 0.2637152528,
  "WLHReal_V6_n": 0.0006971977,
  "WLHReal_r0_n": 1.285989761,
  "WLHReal_r1_n": 0.3606431372,
  "WLHReal_r2_n": 0.000600777,
  "WLHReal_r3_n": 2.4258e-06,
  "WLHReal_a0_n": 0.7223094097,
  "WLHReal_a1_n": 0.0004567999,
  "WLHReal_a2_n": 2.9345e-06,
  "WLHReal_a3_n": 0.1990241122,
  "WLHReal_a4_n": 0.6861324441,
  "WLHImagVolume_W0_p": 3.2907261162,
  "WLHImagVolume_W1_p": 0.1809678913,
  "WLHImagVolume_W2_p": 0.0003450486,
  "WLHImagVolume_W3_p": 10.0584326303,
  "WLHImagVolume_W4_p": 0.061262888,
  "WLHImagVolume_r0_p": 0.4893428129,
  "WLHImagVolume_r1_p": 62.8191114789,
  "WLHImagVolume_r2_p": 0.7711888424,
  "WLHImagVolume_r3_p": 66.9162437796,
  "WLHImagVolume_r4_p": 0.4561810322,
  "WLHImagVolume_r5_p": 6.404e-07,
  "WLHImagVolume_a0_p": 0.5078876268,
  "WLHImagVolume_a1_p": 0.3203033518,
  "WLHImagVolume_a2_p": 18.2480766805,
  "WLHImagVolume_a3_p": 0.3563580085,
  "WLHImagVolume_a4_p": 0.0014911618,
  "WLHImagVolume_W0_n": 2.3619799402,
  "WLHImagVolume_W1_n": 0.2557562118,
  "WLHImagVolume_W2_n": 0.0005400557,
  "WLHImagVolume_W3_n": 7.918947317,
  "WLHImagVolume_W4_n": 0.0452712273,
  "WLHImagVolume_r0_n": 0.4927315717,
  "WLHImagVolume_r1_n": 84.9641083919,
  "WLHImagVolume_r2_n": 0.7818194545,
  "WLHImagVolume_r3_n": 83.524848193,
  "WLHImagVolume_r4_n": 0.8497822691,
  "WLHImagVolume_r5_n": 3.1303e-06,
  "WLHImagVolume_a0_n": 0.2047176902,
  "WLHImagVolume_a1_n": 0.621810547,
  "WLHImagVolume_a2_n": 8.0984258886,
  "WLHImagVolume_a3_n": 0.0609889946,
  "WLHImagVolume_a4_n": 0.0007159433,
  "WLHImagSurface_W0_p": 1.4033451147,
  "WLHImagSurface_W1_p": 0.0825919756,
  "WLHImagSurface_W2_p": 2.3205583249,
  "WLHImagSurface_W3_p": 0.3000811319,
  "WLHImagSurface_r0_p": 1.1106438805,
  "WLHImagSurface_r1_p": 0.660620102,
  "WLHImagSurface_r2_p": 0.0065226258,
  "WLHImagSurface_a0_p": 0.842137931,
  "WLHImagSurface_W0_n": 1.8512670212,
  "WLHImagSurface_W1_n": 0.0387499587,
  "WLHImagSurface_W2_n": 3.0023084699,
  "WLHImagSurface_W3_n": 0.1420488033,
  "WLHImagSurface_r0_n": 1.2975316727,
  "WLHImagSurface_r1_n": 1.4552242442,
  "WLHImagSurface_r2_n": 0.0038902918,
  "WLHImagSurface_a0_n": 0.8330189476,
  "WLHRealSpinOrbit_V0_p": 9.218252752,
  "WLHRealSpinOrbit_V1_p": 0.0078713845,
  "WLHRealSpinOrbit_r0_p": 1.2666211903,
  "WLHRealSpinOrbit_r1_p": 0.8270879187,
  "WLHRealSpinOrbit_a0_p": 0.7815088652,
  "WLHRealSpinOrbit_a1_p": 0.000392528,
  "WLHRealSpinOrbit_V0_n": 9.5357574241,
  "WLHRealSpinOrbit_V1_n": 0.008159718,
  "WLHRealSpinOrbit_r0_n": 1.2540817052,
  "WLHRealSpinOrbit_r1_n": 0.8259596601,
  "WLHRealSpinOrbit_a0_n": 0.7805121258,
  "WLHRealSpinOrbit_a1_n": 0.0003631423
}