{
  "WLHReal_V0_p": 50.5972913402,
  "WLHReal_V1_p": 0.2603477949,
  "WLHReal_V2_p": -0.000710208,
  "WLHReal_V3_p": 4.2584e-06,
  "WLHReal_V4_p": 12.674838178,
  "WLHReal_V5_p": 0.1326041162,
  "WLHReal_V6_p": 0.000528998,
  "WLHReal_r0_p": 1.3435346904,
  "WLHReal_r1_p": 0.2724398139,
  "WLHReal_r2_p": 0.0008870588,
  "WLHReal_r3_p": 1.09227e-05,
  "WLHReal_a0_p": 0.7926546049,
  "WLHReal_a1_p": 4.91668e-05,
  "WLHReal_a2_p": 9.2666e-06,
  "WLHReal_a3_p": -0.0312324352,
  "WLHReal_a4_p": 0.4839324624,
  "WLHReal_V0_n": 53.5208151465,
  "WLHReal_V1_n": 0.3007619178,
  "WLHReal_V2_n": 0.0001089377,
  "WLHReal_V3_n": 1.5352e-06,
  "WLHReal_V4_n": 21.549670783,
  "WLHReal_V5_n": 0.2540224766,
  "WLHReal_V6_n": 0.0008030584,
  "WLHReal_r0_n": 1.2490582149,
  "WLHReal_r1_n": 0.2273295953,
  "WLHReal_r2_n": 0.0008082042,
  "WLHReal_r3_n": 6.9471e-06,
  "WLHReal_a0_n": 0.7253639311,
  "WLHReal_a1_n": 0.000711002,
  "WLHReal_a2_n": 8.0229e-06,
  "WLHReal_a3_n": 0.3058927826,
  "WLHReal_a4_n": 0.9026728262,
  "WLHImagVolume_W0_p": 5.0525077018,
  "WLHImagVolume_W1_p": 0.1893208058,
  "WLHImagVolume_W2_p": 9.53972e-05,
  "WLHImagVolume_W3_p": 8.388440152,
  "WLHImagVolume_W4_p": 0.0798854229,
  "WLHImagVolume_r0_p": 0.8592908704,
  "WLHImagVolume_r1_p": 22.0152494616,
  "WLHImagVolume_r2_p": 0.4487818045,
  "WLHImagVolume_r3_p": 39.8263694256,
  "WLHImagVolume_r4_p": 0.7490193772,
  "WLHImagVolume_r5_p": 1.7659e-06,
  "WLHImagVolume_a0_p": 0.6172518811,
  "WLHImagVolume_a1_p": 0.2272784623,
  "WLHImagVolume_a2_p": 11.2445016296,
  "WLHImagVolume_a3_p": 0.4646594644,
  "WLHImagVolume_a4_p": 0.0032452393,
  "WLHImagVolume_W0_n": 2.605027916,
  "WLHImagVolume_W1_n": 0.2107219692,
  "WLHImagVolume_W2_n": 0.0003484083,
  "WLHImagVolume_W3_n": 8.3813041977,
  "WLHImagVolume_W4_n": 0.025487578,
  "WLHImagVolume_r0_n": 0.5725664876,
  "WLHImagVolume_r1_n": 77.675055286,
  "WLHImagVolume_r2_n": 0.6747995396,
  "WLHImagVolume_r3_n": 79.3098988508,
  "WLHImagVolume_r4_n": 0.8787503954,
  "WLHImagVolume_r5_n": 2.4249e-06,
  "WLHImagVolume_a0_n": 0.196982595,
  "WLHImagVolume_a1_n": 0.5978702437,
  "WLHImagVolume_a2_n": 7.9528197726,
  "WLHImagVolume_a3_n": 0.0377918014,
  "WLHImagVolume_a4_n": 0.0002711224,
  "WLHImagSurface_W0_p": 0.5446333785,
  "WLHImagSurface_W1_p": 0.0074126198,
  "WLHImagSurface_W2_p": 0.2563805018,
  "WLHImagSurface_W3_p": 0.0222035288,
  "WLHImagSurface_r0_p": 0.7532622149,
  "WLHImagSurface_r1_p": -0.0383247548,
  "WLHImagSurface_r2_p": 0.0006183159,
  "WLHImagSurface_a0_p": 0.6648682188,
  "WLHImagSurface_W0_n": 1.6385952613,
  "WLHImagSurface_W1_n": 0.0297192982,
  "WLHImagSurface_W2_n": 1.8457486554,
  "WLHImagSurface_W3_n": 0.0965408074,
  "WLHImagSurface_r0_n": 1.2786801848,
  "WLHImagSurface_r1_n": 1.3710916459,
  "WLHImagSurface_r2_n": 0.0037054389,
  "WLHImagSurface_a0_n": 0.8340679235,
  "WLHRealSpinOrbit_V0_p": 9.4889863441,
  "WLHRealSpinOrbit_V1_p": 0.0088817399,
  "WLHRealSpinOrbit_r0_p": 1.3310836207,
  "WLHRealSpinOrbit_r1_p": 0.9448748147,
  "WLHRealSpinOrbit_a0_p": 0.8454973544,
  "WLHRealSpinOrbit_a1_p": 0.0003619761,
  "WLHRealSpinOrbit_V0_n": 9.9306649651,
  "WLHRealSpinOrbit_V1_n": 0.0085212713,
  "WLHRealSpinOrbit_r0_n": 1.2395844407,
  "WLHRealSpinOrbit_r1_n": 0.8239396101,
  "WLHRealSpinOrbit_a0_n": 0.7803807682,
  "WLHRealSpinOrbit_a1_n": 0.0003376238
}