{
  "WLHReal_V0_p": 51.8372198533,
  "WLHReal_V1_p": 0.2702073731,
  "WLHReal_V2_p": -0.0006772539,
  "WLHReal_V3_p": 3.9616e-06,
  "WLHReal_V4_p": 12.5780787701,
  "WLHReal_V5_p": 0.1330376905,
  "WLHReal_V6_p": 0.000527023,
  "WLHReal_r0_p": 1.3318370212,
  "WLHReal_r1_p": 0.2601866536,
  "WLHReal_r2_p": 0.0009805837,
  "WLHReal_r3_p": 1.08396e-05,
  "WLHReal_a0_p": 0.795633935,
  "WLHReal_a1_p": 9.44718e-05,
  "WLHReal_a2_p": 9.9355e-06,
  "WLHReal_a3_p": -0.0153098634,
  "WLHReal_a4_p": 0.5279474876,
  "WLHReal_V0_n": 54.6482301309,
  "WLHReal_V1_n": 0.3425237366,
  "WLHReal_V2_n": -0.0001111142,
  "WLHReal_V3_n": 2.8464e-06,
  "WLHReal_V4_n": 19.5866289683,
  "WLHReal_V5_n": 0.2906230005,
  "WLHReal_V6_n": 0.0010003972,
  "WLHReal_r0_n": 1.3082690364,
  "WLHReal_r1_n": 0.3656244822,
  "WLHReal_r2_n": 0.0008451458,
  "WLHReal_r3_n": 6.4281e-06,
  "WLHReal_a0_n": 0.7408633506,
  "WLHReal_a1_n": 0.000785348,
  "WLHReal_a2_n": 7.6944e-06,
  "WLHReal_a3_n": 0.2140345953,
  "WLHReal_a4_n": 0.8075455936,
  "WLHImagVolume_W0_p": 5.2852850905,
  "WLHImagVolume_W1_p": 0.2175812578,
  "WLHImagVolume_W2_p": 0.0001502117,
  "WLHImagVolume_W3_p": 9.6665199409,
  "WLHImagVolume_W4_p": 0.0858404858,
  "WLHImagVolume_r0_p": 0.8694282674,
  "WLHImagVolume_r1_p": 20.8225392949,
  "WLHImagVolume_r2_p": 0.4272413624,
  "WLHImagVolume_r3_p": 39.9613763711,
  "WLHImagVolume_r4_p": 0.7935910714,
  "WLHImagVolume_r5_p": 1.9634e-06,
  "WLHImagVolume_a0_p": 0.6247811511,
  "WLHImagVolume_a1_p": 0.2175772549,
  "WLHImagVolume_a2_p": 10.3414406571,
  "WLHImagVolume_a3_p": 0.4787142353,
  "WLHImagVolume_a4_p": 0.0034247936,
  "WLHImagVolume_W0_n": 3.2697134306,
  "WLHImagVolume_W1_n": 0.3227175151,
  "WLHImagVolume_W2_n": 0.000955033,
  "WLHImagVolume_W3_n": 9.3126372717,
  "WLHImagVolume_W4_n": 0.069774184,
  "WLHImagVolume_r0_n": 0.4301078631,
  "WLHImagVolume_r1_n": 104.6550588767,
  "WLHImagVolume_r2_n": 0.8737868481,
  "WLHImagVolume_r3_n": 102.8871141504,
  "WLHImagVolume_r4_n": 0.7206797675,
  "WLHImagVolume_r5_n": 2.9013e-06,
  "WLHImagVolume_a0_n": 0.2191918476,
  "WLHImagVolume_a1_n": 0.6063424618,
  "WLHImagVolume_a2_n": 4.8330364667,
  "WLHImagVolume_a3_n": 0.0127210751,
  "WLHImagVolume_a4_n": 0.0001243013,
  "WLHImagSurface_W0_p": 0.4496747437,
  "WLHImagSurface_W1_p": -0.0024560177,
  "WLHImagSurface_W2_p": -0.103934901,
  "WLHImagSurface_W3_p": -0.0149432584,
  "WLHImagSurface_r0_p": 0.7393623743,
  "WLHImagSurface_r1_p": 0.0106528968,
  "WLHImagSurface_r2_p": 0.0005753792,
  "WLHImagSurface_a0_p": 0.6505446835,
  "WLHImagSurface_W0_n": 2.5617755892,
  "WLHImagSurface_W1_n": 0.0722089155,
  "WLHImagSurface_W2_n": 4.3012187519,
  "WLHImagSurface_W3_n": 0.2332353307,
  "WLHImagSurface_r0_n": 1.3318521938,
  "WLHImagSurface_r1_n": 1.7100930621,
  "WLHImagSurface_r2_n": 0.0037813087,
  "WLHImagSurface_a0_n": 0.8412402094,
  "WLHRealSpinOrbit_V0_p": 9.686915864,
  "WLHRealSpinOrbit_V1_p": 0.0090286765,
  "WLHRealSpinOrbit_r0_p": 1.320037823,
  "WLHRealSpinOrbit_r1_p": 0.9390012665,
  "WLHRealSpinOrbit_a0_p": 0.8421381357,
  "WLHRealSpinOrbit_a1_p": 0.0003447024,
  "WLHRealSpinOrbit_V0_n": 9.130266919,
  "WLHRealSpinOrbit_V1_n": 0.0081242868,
  "WLHRealSpinOrbit_r0_n": 1.279364762,
  "WLHRealSpinOrbit_r1_n": 0.8845200911,
  "WLHRealSpinOrbit_a0_n": 0.8038057876,
  "WLHRealSpinOrbit_a1_n": 0.0003306194
}