{
  "WLHReal_V0_p": 50.5690491189,
  "WLHReal_V1_p": 0.2434861255,
  "WLHReal_V2_p": -0.0008126597,
  "WLHReal_V3_p": 3.7119e-06,
  "WLHReal_V4_p": 13.3947440719,
  "WLHReal_V5_p": 0.1201871061,
  "WLHReal_V6_p": 0.0005509939,
  "WLHReal_r0_p": 1.3155192072,
  "WLHReal_r1_p": 0.1854524553,
  "WLHReal_r2_p": 0.0010489949,
  "WLHReal_r3_p": 1.32929e-05,
  "WLHReal_a0_p": 0.7888731412,
  "WLHReal_a1_p": 3.05731e-05,
  "WLHReal_a2_p": 1.09349e-05,
  "WLHReal_a3_p": -0.0479674293,
  "WLHReal_a4_p": 0.497448321,
  "WLHReal_V0_n": 53.0529525402,
  "WLHReal_V1_n": 0.2948584931,
  "WLHReal_V2_n": -0.000164149,
  "WLHReal_V3_n": 2.1035e-06,
  "WLHReal_V4_n": 21.0779253818,
  "WLHReal_V5_n": 0.277554424,
  "WLHReal_V6_n": 0.0010122226,
  "WLHReal_r0_n": 1.2847418081,
  "WLHReal_r1_n": 0.2880489476,
  "WLHReal_r2_n": 0.0008894873,
  "WLHReal_r3_n": 8.1651e-06,
  "WLHReal_a0_n": 0.7377988413,
  "WLHReal_a1_n": 0.0008193019,
  "WLHReal_a2_n": 9.4998e-06,
  "WLHReal_a3_n": 0.286765445,
  "WLHReal_a4_n": 0.8921164962,
  "WLHImagVolume_W0_p": 5.1340553614,
  "WLHImagVolume_W1_p": 0.1741578266,
  "WLHImagVolume_W2_p": -0.0001126451,
  "WLHImagVolume_W3_p": 8.1564894774,
  "WLHImagVolume_W4_p": 0.0771390142,
  "WLHImagVolume_r0_p": 1.0514432708,
  "WLHImagVolume_r1_p": 0.1713491903,
  "WLHImagVolume_r2_p": 0.2383714885,
  "WLHImagVolume_r3_p": 25.9187306727,
  "WLHImagVolume_r4_p": 0.9512032136,
  "WLHImagVolume_r5_p": 2.4344e-06,
  "WLHImagVolume_a0_p": 0.6409996458,
  "WLHImagVolume_a1_p": 0.1813208338,
  "WLHImagVolume_a2_p": 7.4453451571,
  "WLHImagVolume_a3_p": 0.494455525,
  "WLHImagVolume_a4_p": 0.0036809086,
  "WLHImagVolume_W0_n": 2.8742330884,
  "WLHImagVolume_W1_n": 0.2440539011,
  "WLHImagVolume_W2_n": 0.0004893991,
  "WLHImagVolume_W3_n": 8.7377851127,
  "WLHImagVolume_W4_n": 0.0282126316,
  "WLHImagVolume_r0_n": 0.5572561296,
  "WLHImagVolume_r1_n": 81.3932655007,
  "WLHImagVolume_r2_n": 0.7218388911,
  "WLHImagVolume_r3_n": 86.2668455465,
  "WLHImagVolume_r4_n": 0.8897889183,
  "WLHImagVolume_r5_n": 3.3058e-06,
  "WLHImagVolume_a0_n": 0.2266589105,
  "WLHImagVolume_a1_n": 0.5883367399,
  "WLHImagVolume_a2_n": 6.8306967776,
  "WLHImagVolume_a3_n": 0.0431871428,
  "WLHImagVolume_a4_n": 0.0004244587,
  "WLHImagSurface_W0_p": 0.1949302801,
  "WLHImagSurface_W1_p": -0.0314072124,
  "WLHImagSurface_W2_p": -0.7759840699,
  "WLHImagSurface_W3_p": -0.1300613454,
  "WLHImagSurface_r0_p": 0.6395265458,
  "WLHImagSurface_r1_p": -0.2311715864,
  "WLHImagSurface_r2_p": -0.0001084381,
  "WLHImagSurface_a0_p": 0.5931002935,
  "WLHImagSurface_W0_n": 1.7237423899,
  "WLHImagSurface_W1_n": 0.0400740342,
  "WLHImagSurface_W2_n": 2.3571650809,
  "WLHImagSurface_W3_n": 0.1376579598,
  "WLHImagSurface_r0_n": 1.2892086421,
  "WLHImagSurface_r1_n": 1.4714380593,
  "WLHImagSurface_r2_n": 0.0032998375,
  "WLHImagSurface_a0_n": 0.8458266677,
  "WLHRealSpinOrbit_V0_p": 9.9931976338,
  "WLHRealSpinOrbit_V1_p": 0.0093716239,
  "WLHRealSpinOrbit_r0_p": 1.3233280559,
  "WLHRealSpinOrbit_r1_p": 0.9455304684,
  "WLHRealSpinOrbit_a0_p": 0.8492892239,
  "WLHRealSpinOrbit_a1_p": 0.0003450533,
  "WLHRealSpinOrbit_V0_n": 9.6722894975,
  "WLHRealSpinOrbit_V1_n": 0.008523556,
  "WLHRealSpinOrbit_r0_n": 1.2690003218,
  "WLHRealSpinOrbit_r1_n": 0.8630301197,
  "WLHRealSpinOrbit_a0_n": 0.7998518497,
  "WLHRealSpinOrbit_a1_n": 0.0003433212
}