{
  "WLHReal_V0_p": 50.3672617232,
  "WLHReal_V1_p": 0.256445791,
  "WLHReal_V2_p": -0.0006499518,
  "WLHReal_V3_p": 2.6459e-06,
  "WLHReal_V4_p": 13.078531357,
  "WLHReal_V5_p": 0.1221928273,
  "WLHReal_V6_p": 0.0004882696,
  "WLHReal_r0_p": 1.3247271433,
  "WLHReal_r1_p": 0.2249691849,
  "WLHReal_r2_p": 0.0009282729,
  "WLHReal_r3_p": 1.12061e-05,
  "WLHReal_a0_p": 0.7855446079,
  "WLHReal_a1_p": 6.2341e-06,
  "WLHReal_a2_p": 9.668e-06,
  "WLHReal_a3_p": -0.0326481064,
  "WLHReal_a4_p": 0.4885387575,
  "WLHReal_V0_n": 52.6685055482,
  "WLHReal_V1_n": 0.2944386452,
  "WLHReal_V2_n": -0.0002104922,
  "WLHReal_V3_n": 2.7605e-06,
  "WLHReal_V4_n": 21.1033985688,
  "WLHReal_V5_n": 0.2783104448,
  "WLHReal_V6_n": 0.0010663169,
  "WLHReal_r0_n": 1.2825454875,
  "WLHReal_r1_n": 0.2645254528,
  "WLHReal_r2_n": 0.0009525297,
  "WLHReal_r3_n": 9.9504e-06,
  "WLHReal_a0_n": 0.7402546101,
  "WLHReal_a1_n": 0.0009094033,
  "WLHReal_a2_n": 1.10928e-05,
  "WLHReal_a3_n": 0.3102582291,
  "WLHReal_a4_n": 0.9437344174,
  "WLHImagVolume_W0_p": 4.7712321052,
  "WLHImagVolume_W1_p": 0.1689746765,
  "WLHImagVolume_W2_p": 9.0142e-06,
  "WLHImagVolume_W3_p": 8.2062384141,
  "WLHImagVolume_W4_p": 0.0724605762,
  "WLHImagVolume_r0_p": 0.9097885915,
  "WLHImagVolume_r1_p": 18.1053517571,
  "WLHImagVolume_r2_p": 0.3867885893,
  "WLHImagVolume_r3_p": 38.5910995931,
  "WLHImagVolume_r4_p": 0.8046033883,
  "WLHImagVolume_r5_p": 1.6982e-06,
  "WLHImagVolume_a0_p": 0.6093455767,
  "WLHImagVolume_a1_p": 0.2221313617,
  "WLHImagVolume_a2_p": 10.8562588852,
  "WLHImagVolume_a3_p": 0.4566209804,
  "WLHImagVolume_a4_p": 0.0031141998,
  "WLHImagVolume_W0_n": 2.9346899931,
  "WLHImagVolume_W1_n": 0.2353065963,
  "WLHImagVolume_W2_n": 0.0004708053,
  "WLHImagVolume_W3_n": 8.7942494985,
  "WLHImagVolume_W4_n": 0.0227419634,
  "WLHImagVolume_r0_n": 0.5668128476,
  "WLHImagVolume_r1_n": 82.2709667931,
  "WLHImagVolume_r2_n": 0.7118494498,
  "WLHImagVolume_r3_n": 87.3683731433,
  "WLHImagVolume_r4_n": 0.8846769782,
  "WLHImagVolume_r5_n": 3.5629e-06,
  "WLHImagVolume_a0_n": 0.2268883754,
  "WLHImagVolume_a1_n": 0.5831041126,
  "WLHImagVolume_a2_n": 6.686895635,
  "WLHImagVolume_a3_n": 0.039256477,
  "WLHImagVolume_a4_n": 0.0003182963,
  "WLHImagSurface_W0_p": 0.4889811128,
  "WLHImagSurface_W1_p": -0.00273517,
  "WLHImagSurface_W2_p": -0.0604180735,
  "WLHImagSurface_W3_p": -0.0230068444,
  "WLHImagSurface_r0_p": 0.7538786436,
  "WLHImagSurface_r1_p": -0.0775277227,
  "WLHImagSurface_r2_p": 0.0009468735,
  "WLHImagSurface_a0_p": 0.6763519664,
  "WLHImagSurface_W0_n": 1.6921033943,
  "WLHImagSurface_W1_n": 0.0399818552,
  "WLHImagSurface_W2_n": 2.189242297,
  "WLHImagSurface_W3_n": 0.1350370635,
  "WLHImagSurface_r0_n": 1.2898808436,
  "WLHImagSurface_r1_n": 1.4707073106,
  "WLHImagSurface_r2_n": 0.0031924304,
  "WLHImagSurface_a0_n": 0.8483784426,
  "WLHRealSpinOrbit_V0_p": 9.656828884,
  "WLHRealSpinOrbit_V1_p": 0.008969275,
  "WLHRealSpinOrbit_r0_p": 1.3212209406,
  "WLHRealSpinOrbit_r1_p": 0.9331674581,
  "WLHRealSpinOrbit_a0_p": 0.8405182457,
  "WLHRealSpinOrbit_a1_p": 0.000359085,
  "WLHRealSpinOrbit_V0_n": 9.688364205,
  "WLHRealSpinOrbit_V1_n": 0.0085786479,
  "WLHRealSpinOrbit_r0_n": 1.2711493251,
  "WLHRealSpinOrbit_r1_n": 0.8694525708,
  "WLHRealSpinOrbit_a0_n": 0.8030549371,
  "WLHRealSpinOrbit_a1_n": 0.0003393038
}