{
  "WLHReal_V0_p": 48.6130997964,
  "WLHReal_V1_p": 0.2689241461,
  "WLHReal_V2_p": -0.000930358,
  "WLHReal_V3_p": 4.5449e-06,
  "WLHReal_V4_p": 11.4110899304,
  "WLHReal_V5_p": 0.1175014304,
  "WLHReal_V6_p": 0.0005546857,
  "WLHReal_r0_p": 1.364219058,
  "WLHReal_r1_p": 0.2274938335,
  "WLHReal_r2_p": 0.0010653738,
  "WLHReal_r3_p": 1.32449e-05,
  "WLHReal_a0_p": 0.801405459,
  "WLHReal_a1_p": -8.72246e-05,
  "WLHReal_a2_p": 1.21079e-05,
  "WLHReal_a3_p": -0.052166779,
  "WLHReal_a4_p": 0.5061181904,
  "WLHReal_V0_n": 57.0886598858,
  "WLHReal_V1_n": 0.302589625,
  "WLHReal_V2_n": 0.0010864751,
  "WLHReal_V3_n": -1.6862e-06,
  "WLHReal_V4_n": 22.4360506297,
  "WLHReal_V5_n": 0.1965221603,
  "WLHReal_V6_n": -0.0001678582,
  "WLHReal_r0_n": 1.2065581251,
  "WLHReal_r1_n": 0.3391007832,
  "WLHReal_r2_n": 5.2892e-06,
  "WLHReal_r3_n": -7.5723e-06,
  "WLHReal_a0_n": 0.6747757787,
  "WLHReal_a1_n": -0.0003682058,
  "WLHReal_a2_n": -1.05764e-05,
  "WLHReal_a3_n": 0.1176917087,
  "WLHReal_a4_n": 0.4049805021,
  "WLHImagVolume_W0_p": 5.2850775189,
  "WLHImagVolume_W1_p": 0.1704219169,
  "WLHImagVolume_W2_p": 0.0001519363,
  "WLHImagVolume_W3_p": 7.7368896335,
  "WLHImagVolume_W4_p": 0.0751363757,
  "WLHImagVolume_r0_p": 0.8477940133,
  "WLHImagVolume_r1_p": 33.4406992977,
  "WLHImagVolume_r2_p": 0.4983867911,
  "WLHImagVolume_r3_p": 52.9403308212,
  "WLHImagVolume_r4_p": 0.6859017681,
  "WLHImagVolume_r5_p": 1.1463e-06,
  "WLHImagVolume_a0_p": 0.6123998852,
  "WLHImagVolume_a1_p": 0.2534819125,
  "WLHImagVolume_a2_p": 14.1601572957,
  "WLHImagVolume_a3_p": 0.4441904539,
  "WLHImagVolume_a4_p": 0.0030211422,
  "WLHImagVolume_W0_n": 1.1410041515,
  "WLHImagVolume_W1_n": 0.2021461342,
  "WLHImagVolume_W2_n": 0.0001668453,
  "WLHImagVolume_W3_n": 6.383951972,
  "WLHImagVolume_W4_n": 0.0592181702,
  "WLHImagVolume_r0_n": 0.5036095439,
  "WLHImagVolume_r1_n": 64.3120147351,
  "WLHImagVolume_r2_n": 0.6892434346,
  "WLHImagVolume_r3_n": 54.7892077574,
  "WLHImagVolume_r4_n": 0.9000004952,
  "WLHImagVolume_r5_n": 1.3679e-06,
  "WLHImagVolume_a0_n": 0.1310486959,
  "WLHImagVolume_a1_n": 0.674995283,
  "WLHImagVolume_a2_n": 12.5042594851,
  "WLHImagVolume_a3_n": 0.0845005611,
  "WLHImagVolume_a4_n": 0.0011159997,
  "WLHImagSurface_W0_p": 0.5019635065,
  "WLHImagSurface_W1_p": 0.0029687008,
  "WLHImagSurface_W2_p": -0.2360904836,
  "WLHImagSurface_W3_p": -0.0042170135,
  "WLHImagSurface_r0_p": 0.7711052625,
  "WLHImagSurface_r1_p": -0.2321450854,
  "WLHImagSurface_r2_p": -0.0010815978,
  "WLHImagSurface_a0_p": 0.7716188978,
  "WLHImagSurface_W0_n": 1.5739172497,
  "WLHImagSurface_W1_n": 0.0037577891,
  "WLHImagSurface_W2_n": 2.2259644127,
  "WLHImagSurface_W3_n": 0.0286453589,
  "WLHImagSurface_r0_n": 1.2565526629,
  "WLHImagSurface_r1_n": 1.138934445,
  "WLHImagSurface_r2_n": 0.0054151234,
  "WLHImagSurface_a0_n": 0.7897399333,
  "WLHRealSpinOrbit_V0_p": 9.1110538523,
  "WLHRealSpinOrbit_V1_p": 0.0088171487,
  "WLHRealSpinOrbit_r0_p": 1.3597458207,
  "WLHRealSpinOrbit_r1_p": 0.9924865969,
  "WLHRealSpinOrbit_a0_p": 0.8669140783,
  "WLHRealSpinOrbit_a1_p": 0.0003570418,
  "WLHRealSpinOrbit_V0_n": 10.2058639848,
  "WLHRealSpinOrbit_V1_n": 0.007898409,
  "WLHRealSpinOrbit_r0_n": 1.1659501949,
  "WLHRealSpinOrbit_r1_n": 0.6824391499,
  "WLHRealSpinOrbit_a0_n": 0.7110718789,
  "WLHRealSpinOrbit_a1_n": 0.0003808502
}