{
  "WLHReal_V0_p": 51.3247136392,
  "WLHReal_V1_p": 0.2449785627,
  "WLHReal_V2_p": -0.0005577327,
  "WLHReal_V3_p": 3.0104e-06,
  "WLHReal_V4_p": 14.041343651,
  "WLHReal_V5_p": 0.127261812,
  "WLHReal_V6_p": 0.0004792624,
  "WLHReal_r0_p": 1.306214259,
  "WLHReal_r1_p": 0.2273845421,
  "WLHReal_r2_p": 0.0008583587,
  "WLHReal_r3_p": 1.01676e-05,
  "WLHReal_a0_p": 0.7788762237,
  "WLHReal_a1_p": 7.35226e-05,
  "WLHReal_a2_p": 8.7401e-06,
  "WLHReal_a3_p": -0.02781889,
  "WLHReal_a4_p": 0.4728720478,
  "WLHReal_V0_n": 53.1526440457,
  "WLHReal_V1_n": 0.2407497269,
  "WLHReal_V2_n": -0.0002247297,
  "WLHReal_V3_n": 1.9875e-06,
  "WLHReal_V4_n": 22.4808939631,
  "WLHReal_V5_n": 0.276290536,
  "WLHReal_V6_n": 0.0009716075,
  "WLHReal_r0_n": 1.2804656271,
  "WLHReal_r1_n": 0.3189237934,
  "WLHReal_r2_n": 0.0007665416,
  "WLHReal_r3_n": 7.2979e-06,
  "WLHReal_a0_n": 0.7340533831,
  "WLHReal_a1_n": 0.0005679163,
  "WLHReal_a2_n": 7.3497e-06,
  "WLHReal_a3_n": 0.2731068504,
  "WLHReal_a4_n": 0.8021101142,
  "WLHImagVolume_W0_p": 4.6241056926,
  "WLHImagVolume_W1_p": 0.171186521,
  "WLHImagVolume_W2_p": -9.32552e-05,
  "WLHImagVolume_W3_p": 8.3218862229,
  "WLHImagVolume_W4_p": 0.0735042005,
  "WLHImagVolume_r0_p": 0.971527364,
  "WLHImagVolume_r1_p": 5.2017141228,
  "WLHImagVolume_r2_p": 0.2992221902,
  "WLHImagVolume_r3_p": 26.8389070479,
  "WLHImagVolume_r4_p": 0.8940931892,
  "WLHImagVolume_r5_p": 2.4643e-06,
  "WLHImagVolume_a0_p": 0.6180080526,
  "WLHImagVolume_a1_p": 0.1948237744,
  "WLHImagVolume_a2_p": 8.1778074535,
  "WLHImagVolume_a3_p": 0.4751609428,
  "WLHImagVolume_a4_p": 0.0033450741,
  "WLHImagVolume_W0_n": 2.5898376659,
  "WLHImagVolume_W1_n": 0.2219166959,
  "WLHImagVolume_W2_n": 0.0001131154,
  "WLHImagVolume_W3_n": 8.6515761203,
  "WLHImagVolume_W4_n": 0.0092251822,
  "WLHImagVolume_r0_n": 0.6850587028,
  "WLHImagVolume_r1_n": 46.5958028251,
  "WLHImagVolume_r2_n": 0.5804855483,
  "WLHImagVolume_r3_n": 64.1102493927,
  "WLHImagVolume_r4_n": 1.153114968,
  "WLHImagVolume_r5_n": 4.6839e-06,
  "WLHImagVolume_a0_n": 0.2608571989,
  "WLHImagVolume_a1_n": 0.5722061254,
  "WLHImagVolume_a2_n": 8.497982723,
  "WLHImagVolume_a3_n": 0.086800513,
  "WLHImagVolume_a4_n": 0.001272912,
  "WLHImagSurface_W0_p": 0.4253648796,
  "WLHImagSurface_W1_p": -0.010072128,
  "WLHImagSurface_W2_p": -0.0226347063,
  "WLHImagSurface_W3_p": -0.0467904095,
  "WLHImagSurface_r0_p": 0.7121283702,
  "WLHImagSurface_r1_p": -0.0289447634,
  "WLHImagSurface_r2_p": 0.0017290377,
  "WLHImagSurface_a0_p": 0.5952546534,
  "WLHImagSurface_W0_n": 0.9653103537,
  "WLHImagSurface_W1_n": 0.0099595301,
  "WLHImagSurface_W2_n": 0.9916899761,
  "WLHImagSurface_W3_n": 0.0585615556,
  "WLHImagSurface_r0_n": 1.2312826338,
  "WLHImagSurface_r1_n": 1.258155991,
  "WLHImagSurface_r2_n": 0.0029316249,
  "WLHImagSurface_a0_n": 0.84624056,
  "WLHRealSpinOrbit_V0_p": 9.9951621738,
  "WLHRealSpinOrbit_V1_p": 0.0091294944,
  "WLHRealSpinOrbit_r0_p": 1.3039319268,
  "WLHRealSpinOrbit_r1_p": 0.9065283898,
  "WLHRealSpinOrbit_a0_p": 0.829674768,
  "WLHRealSpinOrbit_a1_p": 0.0003592922,
  "WLHRealSpinOrbit_V0_n": 10.2332708598,
  "WLHRealSpinOrbit_V1_n": 0.0089106578,
  "WLHRealSpinOrbit_r0_n": 1.2614910301,
  "WLHRealSpinOrbit_r1_n": 0.836114843,
  "WLHRealSpinOrbit_a0_n": 0.7944450813,
  "WLHRealSpinOrbit_a1_n": 0.0003670351
}