{
  "WLHReal_V0_p": 50.550676658,
  "WLHReal_V1_p": 0.3290143277,
  "WLHReal_V2_p": -0.000865795,
  "WLHReal_V3_p": 5.4616e-06,
  "WLHReal_V4_p": 9.1117770369,
  "WLHReal_V5_p": 0.117534295,
  "WLHReal_V6_p": 0.0005247842,
  "WLHReal_r0_p": 1.3779552742,
  "WLHReal_r1_p": 0.2475522855,
  "WLHReal_r2_p": 0.0013170286,
  "WLHReal_r3_p": 1.49284e-05,
  "WLHReal_a0_p": 0.8210468927,
  "WLHReal_a1_p": -6.92702e-05,
  "WLHReal_a2_p": 1.28103e-05,
  "WLHReal_a3_p": 7.22785e-05,
  "WLHReal_a4_p": 0.6465090919,
  "WLHReal_V0_n": 53.4586798512,
  "WLHReal_V1_n": 0.2817166556,
  "WLHReal_V2_n": -0.0003206499,
  "WLHReal_V3_n": 3.9015e-06,
  "WLHReal_V4_n": 20.5913711429,
  "WLHReal_V5_n": 0.3003067568,
  "WLHReal_V6_n": 0.0010464354,
  "WLHReal_r0_n": 1.3356753564,
  "WLHReal_r1_n": 0.4432445696,
  "WLHReal_r2_n": 0.0007405372,
  "WLHReal_r3_n": 5.5376e-06,
  "WLHReal_a0_n": 0.7423252093,
  "WLHReal_a1_n": 0.0006164289,
  "WLHReal_a2_n": 6.4321e-06,
  "WLHReal_a3_n": 0.182126383,
  "WLHReal_a4_n": 0.6868982779,
  "WLHImagVolume_W0_p": 5.9948589601,
  "WLHImagVolume_W1_p": 0.2528141471,
  "WLHImagVolume_W2_p": 0.0006237422,
  "WLHImagVolume_W3_p": 11.3337058904,
  "WLHImagVolume_W4_p": 0.0898737555,
  "WLHImagVolume_r0_p": 0.6253870581,
  "WLHImagVolume_r1_p": 68.7807278534,
  "WLHImagVolume_r2_p": 0.7412896472,
  "WLHImagVolume_r3_p": 84.1699070716,
  "WLHImagVolume_r4_p": 0.5104327109,
  "WLHImagVolume_r5_p": 4.074e-07,
  "WLHImagVolume_a0_p": 0.595323298,
  "WLHImagVolume_a1_p": 0.3088359686,
  "WLHImagVolume_a2_p": 19.1365266238,
  "WLHImagVolume_a3_p": 0.424422197,
  "WLHImagVolume_a4_p": 0.0027170599,
  "WLHImagVolume_W0_n": 2.8217602355,
  "WLHImagVolume_W1_n": 0.3013258244,
  "WLHImagVolume_W2_n": 0.000668217,
  "WLHImagVolume_W3_n": 8.6535827057,
  "WLHImagVolume_W4_n": 0.0443510161,
  "WLHImagVolume_r0_n": 0.5094062551,
  "WLHImagVolume_r1_n": 81.9118693702,
  "WLHImagVolume_r2_n": 0.8084008947,
  "WLHImagVolume_r3_n": 89.278280055,
  "WLHImagVolume_r4_n": 0.9300359843,
  "WLHImagVolume_r5_n": 4.1591e-06,
  "WLHImagVolume_a0_n": 0.2593820682,
  "WLHImagVolume_a1_n": 0.5980716799,
  "WLHImagVolume_a2_n": 6.4957659479,
  "WLHImagVolume_a3_n": 0.072675037,
  "WLHImagVolume_a4_n": 0.0010584313,
  "WLHImagSurface_W0_p": 0.6253739491,
  "WLHImagSurface_W1_p": 0.0173870398,
  "WLHImagSurface_W2_p": -0.5240204599,
  "WLHImagSurface_W3_p": 0.0465617481,
  "WLHImagSurface_r0_p": 0.9011480396,
  "WLHImagSurface_r1_p": -0.0122059657,
  "WLHImagSurface_r2_p": -0.0016626917,
  "WLHImagSurface_a0_p": 0.9300092099,
  "WLHImagSurface_W0_n": 1.8190519519,
  "WLHImagSurface_W1_n": 0.0483723878,
  "WLHImagSurface_W2_n": 3.3790820595,
  "WLHImagSurface_W3_n": 0.1855865766,
  "WLHImagSurface_r0_n": 1.2982158512,
  "WLHImagSurface_r1_n": 1.56303637,
  "WLHImagSurface_r2_n": 0.0031459665,
  "WLHImagSurface_a0_n": 0.8517000076,
  "WLHRealSpinOrbit_V0_p": 8.7489858195,
  "WLHRealSpinOrbit_V1_p": 0.0085755689,
  "WLHRealSpinOrbit_r0_p": 1.3588007699,
  "WLHRealSpinOrbit_r1_p": 1.0129033567,
  "WLHRealSpinOrbit_a0_p": 0.8691920502,
  "WLHRealSpinOrbit_a1_p": 0.0003208714,
  "WLHRealSpinOrbit_V0_n": 9.3153344252,
  "WLHRealSpinOrbit_V1_n": 0.008316833,
  "WLHRealSpinOrbit_r0_n": 1.2967627582,
  "WLHRealSpinOrbit_r1_n": 0.8830549205,
  "WLHRealSpinOrbit_a0_n": 0.8106497174,
  "WLHRealSpinOrbit_a1_n": 0.0003714116
}