{
  "WLHReal_V0_p": 56.0122858166,
  "WLHReal_V1_p": 0.2991919214,
  "WLHReal_V2_p": 0.0001607157,
  "WLHReal_V3_p": 1.2697e-06,
  "WLHReal_V4_p": 13.8937599492,
  "WLHReal_V5_p": 0.1603736955,
  "WLHReal_V6_p": 0.0003079299,
  "WLHReal_r0_p": 1.3009105818,
  "WLHReal_r1_p": 0.4053339147,
  "WLHReal_r2_p": 0.0005024638,
  "WLHReal_r3_p": 2.462e-06,
  "WLHReal_a0_p": 0.7738458038,
  "WLHReal_a1_p": 0.0003003407,
  "WLHReal_a2_p": 5.245e-07,
  "WLHReal_a3_p": 0.076684527,
  "WLHReal_a4_p": 0.5218668996,
  "WLHReal_V0_n": 56.0841484165,
  "WLHReal_V1_n": 0.3177304553,
  "WLHReal_V2_n": 5.45829e-05,
  "WLHReal_V3_n": 1.3225e-06,
  "WLHReal_V4_n": 20.9302386215,
  "WLHReal_V5_n": 0.274160879,
  "WLHReal_V6_n": 0.0008502786,
  "WLHReal_r0_n": 1.26659957,
  "WLHReal_r1_n": 0.3242574212,
  "WLHReal_r2_n": 0.000736921,
  "WLHReal_r3_n": 5.7794e-06,
  "WLHReal_a0_n": 0.7309598495,
  "WLHReal_a1_n": 0.0005305376,
  "WLHReal_a2_n": 5.2483e-06,
  "WLHReal_a3_n": 0.2288122384,
  "WLHReal_a4_n": 0.7879367764,
  "WLHImagVolume_W0_p": 4.1614736547,
  "WLHImagVolume_W1_p": 0.2625927888,
  "WLHImagVolume_W2_p": 0.000402352,
  "WLHImagVolume_W3_p": 12.324509092,
  "WLHImagVolume_W4_p": 0.0864860721,
  "WLHImagVolume_r0_p": 0.5574847033,
  "WLHImagVolume_r1_p": 44.651260883,
  "WLHImagVolume_r2_p": 0.6758015183,
  "WLHImagVolume_r3_p": 50.0666475531,
  "WLHImagVolume_r4_p": 0.5971945194,
  "WLHImagVolume_r5_p": 1.5977e-06,
  "WLHImagVolume_a0_p": 0.5588551078,
  "WLHImagVolume_a1_p": 0.264437737,
  "WLHImagVolume_a2_p": 12.9563493215,
  "WLHImagVolume_a3_p": 0.430731527,
  "WLHImagVolume_a4_p": 0.0025303786,
  "WLHImagVolume_W0_n": 3.2103599535,
  "WLHImagVolume_W1_n": 0.3015816882,
  "WLHImagVolume_W2_n": 0.0006088939,
  "WLHImagVolume_W3_n": 9.7666883222,
  "WLHImagVolume_W4_n": 0.0640246118,
  "WLHImagVolume_r0_n": 0.5595002259,
  "WLHImagVolume_r1_n": 70.7994838659,
  "WLHImagVolume_r2_n": 0.7022226348,
  "WLHImagVolume_r3_n": 79.5514817441,
  "WLHImagVolume_r4_n": 0.9316332346,
  "WLHImagVolume_r5_n": 3.2842e-06,
  "WLHImagVolume_a0_n": 0.2278821799,
  "WLHImagVolume_a1_n": 0.5904213255,
  "WLHImagVolume_a2_n": 6.0652208777,
  "WLHImagVolume_a3_n": 0.0214286946,
  "WLHImagVolume_a4_n": 0.0005147403,
  "WLHImagSurface_W0_p": 1.136601873,
  "WLHImagSurface_W1_p": 0.0627468481,
  "WLHImagSurface_W2_p": 2.002626711,
  "WLHImagSurface_W3_p": 0.2421190928,
  "WLHImagSurface_r0_p": 0.9836171643,
  "WLHImagSurface_r1_p": 0.7677787378,
  "WLHImagSurface_r2_p": 0.0061361729,
  "WLHImagSurface_a0_p": 0.671096495,
  "WLHImagSurface_W0_n": 2.0694597755,
  "WLHImagSurface_W1_n": 0.045621457,
  "WLHImagSurface_W2_n": 2.9218094281,
  "WLHImagSurface_W3_n": 0.1454866506,
  "WLHImagSurface_r0_n": 1.270351868,
  "WLHImagSurface_r1_n": 1.4944852545,
  "WLHImagSurface_r2_n": 0.0039045966,
  "WLHImagSurface_a0_n": 0.8291253197,
  "WLHRealSpinOrbit_V0_p": 9.7497749548,
  "WLHRealSpinOrbit_V1_p": 0.0083176258,
  "WLHRealSpinOrbit_r0_p": 1.2508106339,
  "WLHRealSpinOrbit_r1_p": 0.81774855,
  "WLHRealSpinOrbit_a0_p": 0.7787009713,
  "WLHRealSpinOrbit_a1_p": 0.000365857,
  "WLHRealSpinOrbit_V0_n": 9.8994891489,
  "WLHRealSpinOrbit_V1_n": 0.0085558062,
  "WLHRealSpinOrbit_r0_n": 1.2439661472,
  "WLHRealSpinOrbit_r1_n": 0.8350621134,
  "WLHRealSpinOrbit_a0_n": 0.7844339366,
  "WLHRealSpinOrbit_a1_n": 0.0003246771
}