{
  "WLHReal_V0_p": 51.7750320667,
  "WLHReal_V1_p": 0.2764091307,
  "WLHReal_V2_p": -0.0006458553,
  "WLHReal_V3_p": 3.438e-06,
  "WLHReal_V4_p": 12.4177609144,
  "WLHReal_V5_p": 0.1259583914,
  "WLHReal_V6_p": 0.000499468,
  "WLHReal_r0_p": 1.3247362018,
  "WLHReal_r1_p": 0.2333136307,
  "WLHReal_r2_p": 0.0010443874,
  "WLHReal_r3_p": 1.21131e-05,
  "WLHReal_a0_p": 0.7945321583,
  "WLHReal_a1_p": 6.04374e-05,
  "WLHReal_a2_p": 1.04681e-05,
  "WLHReal_a3_p": -0.0109135004,
  "WLHReal_a4_p": 0.5490547217,
  "WLHReal_V0_n": 54.1894424134,
  "WLHReal_V1_n": 0.3039503332,
  "WLHReal_V2_n": 0.0008354359,
  "WLHReal_V3_n": -7.537e-07,
  "WLHReal_V4_n": 22.0975204634,
  "WLHReal_V5_n": 0.2029041332,
  "WLHReal_V6_n": 9.38223e-05,
  "WLHReal_r0_n": 1.217428407,
  "WLHReal_r1_n": 0.2563953712,
  "WLHReal_r2_n": 0.0002966716,
  "WLHReal_r3_n": -1.7768e-06,
  "WLHReal_a0_n": 0.6871570146,
  "WLHReal_a1_n": 0.0001155399,
  "WLHReal_a2_n": -3.0324e-06,
  "WLHReal_a3_n": 0.2122366314,
  "WLHReal_a4_n": 0.6200148569,
  "WLHImagVolume_W0_p": 5.2163132932,
  "WLHImagVolume_W1_p": 0.2142523158,
  "WLHImagVolume_W2_p": 0.0001671686,
  "WLHImagVolume_W3_p": 9.9482143034,
  "WLHImagVolume_W4_p": 0.0828407149,
  "WLHImagVolume_r0_p": 0.8653586991,
  "WLHImagVolume_r1_p": 24.4237017315,
  "WLHImagVolume_r2_p": 0.4305123336,
  "WLHImagVolume_r3_p": 44.5400347782,
  "WLHImagVolume_r4_p": 0.793819077,
  "WLHImagVolume_r5_p": 1.2845e-06,
  "WLHImagVolume_a0_p": 0.6166807626,
  "WLHImagVolume_a1_p": 0.22489217,
  "WLHImagVolume_a2_p": 11.0771544396,
  "WLHImagVolume_a3_p": 0.4687452687,
  "WLHImagVolume_a4_p": 0.0032747871,
  "WLHImagVolume_W0_n": 1.1836991529,
  "WLHImagVolume_W1_n": 0.1551243777,
  "WLHImagVolume_W2_n": 0.0001802102,
  "WLHImagVolume_W3_n": 5.9208570672,
  "WLHImagVolume_W4_n": 0.0299914177,
  "WLHImagVolume_r0_n": 0.4821388149,
  "WLHImagVolume_r1_n": 84.6082279333,
  "WLHImagVolume_r2_n": 0.7278626695,
  "WLHImagVolume_r3_n": 69.3629821897,
  "WLHImagVolume_r4_n": 0.7777606232,
  "WLHImagVolume_r5_n": 5.886e-07,
  "WLHImagVolume_a0_n": 0.1223975513,
  "WLHImagVolume_a1_n": 0.6657772634,
  "WLHImagVolume_a2_n": 12.0206559591,
  "WLHImagVolume_a3_n": 0.0755830542,
  "WLHImagVolume_a4_n": 0.0005496612,
  "WLHImagSurface_W0_p": 0.4398903729,
  "WLHImagSurface_W1_p": -0.0058409652,
  "WLHImagSurface_W2_p": -0.3337271641,
  "WLHImagSurface_W3_p": -0.0329196029,
  "WLHImagSurface_r0_p": 0.7609722478,
  "WLHImagSurface_r1_p": 0.0049013111,
  "WLHImagSurface_r2_p": 0.0005943191,
  "WLHImagSurface_a0_p": 0.6877965838,
  "WLHImagSurface_W0_n": 1.5313170822,
  "WLHImagSurface_W1_n": 0.0105968476,
  "WLHImagSurface_W2_n": 1.9574831231,
  "WLHImagSurface_W3_n": 0.0465372188,
  "WLHImagSurface_r0_n": 1.2896468088,
  "WLHImagSurface_r1_n": 1.1998662215,
  "WLHImagSurface_r2_n": 0.0048627419,
  "WLHImagSurface_a0_n": 0.8072178147,
  "WLHRealSpinOrbit_V0_p": 9.6967600486,
  "WLHRealSpinOrbit_V1_p": 0.0090300908,
  "WLHRealSpinOrbit_r0_p": 1.3165029112,
  "WLHRealSpinOrbit_r1_p": 0.9381511201,
  "WLHRealSpinOrbit_a0_p": 0.8409685207,
  "WLHRealSpinOrbit_a1_p": 0.0003385698,
  "WLHRealSpinOrbit_V0_n": 9.8962639743,
  "WLHRealSpinOrbit_V1_n": 0.007883148,
  "WLHRealSpinOrbit_r0_n": 1.1918659887,
  "WLHRealSpinOrbit_r1_n": 0.7273022202,
  "WLHRealSpinOrbit_a0_n": 0.7318024577,
  "WLHRealSpinOrbit_a1_n": 0.0003766399
}