{
  "WLHReal_V0_p": 48.5707085044,
  "WLHReal_V1_p": 0.2513998809,
  "WLHReal_V2_p": -0.0009968342,
  "WLHReal_V3_p": 4.7534e-06,
  "WLHReal_V4_p": 11.8641668762,
  "WLHReal_V5_p": 0.1368789507,
  "WLHReal_V6_p": 0.0006209266,
  "WLHReal_r0_p": 1.3857012354,
  "WLHReal_r1_p": 0.3063930838,
  "WLHReal_r2_p": 0.0008607156,
  "WLHReal_r3_p": 1.10876e-05,
  "WLHReal_a0_p": 0.803189269,
  "WLHReal_a1_p": -4.1688e-06,
  "WLHReal_a2_p": 1.10352e-05,
  "WLHReal_a3_p": -0.0650285982,
  "WLHReal_a4_p": 0.4397310793,
  "WLHReal_V0_n": 51.1745808111,
  "WLHReal_V1_n": 0.2463588622,
  "WLHReal_V2_n": -7.08492e-05,
  "WLHReal_V3_n": 1.4519e-06,
  "WLHReal_V4_n": 22.3112973207,
  "WLHReal_V5_n": 0.2581703458,
  "WLHReal_V6_n": 0.0008295383,
  "WLHReal_r0_n": 1.2796314517,
  "WLHReal_r1_n": 0.2826507094,
  "WLHReal_r2_n": 0.0007341477,
  "WLHReal_r3_n": 5.8271e-06,
  "WLHReal_a0_n": 0.7254323173,
  "WLHReal_a1_n": 0.0006538793,
  "WLHReal_a2_n": 7.5326e-06,
  "WLHReal_a3_n": 0.2906418091,
  "WLHReal_a4_n": 0.8151545183,
  "WLHImagVolume_W0_p": 5.3825420512,
  "WLHImagVolume_W1_p": 0.173739878,
  "WLHImagVolume_W2_p": 0.0001069683,
  "WLHImagVolume_W3_p": 6.7563850379,
  "WLHImagVolume_W4_p": 0.0816483313,
  "WLHImagVolume_r0_p": 0.8439271012,
  "WLHImagVolume_r1_p": 25.4109918427,
  "WLHImagVolume_r2_p": 0.5061764615,
  "WLHImagVolume_r3_p": 41.512732,
  "WLHImagVolume_r4_p": 0.6647796032,
  "WLHImagVolume_r5_p": 1.0165e-06,
  "WLHImagVolume_a0_p": 0.6297039145,
  "WLHImagVolume_a1_p": 0.2389333998,
  "WLHImagVolume_a2_p": 12.6107090413,
  "WLHImagVolume_a3_p": 0.4650531012,
  "WLHImagVolume_a4_p": 0.0033380599,
  "WLHImagVolume_W0_n": 1.9140338636,
  "WLHImagVolume_W1_n": 0.163900014,
  "WLHImagVolume_W2_n": 9.09835e-05,
  "WLHImagVolume_W3_n": 7.0116979386,
  "WLHImagVolume_W4_n": -0.008758582,
  "WLHImagVolume_r0_n": 0.6049655308,
  "WLHImagVolume_r1_n": 69.6046840566,
  "WLHImagVolume_r2_n": 0.6612079117,
  "WLHImagVolume_r3_n": 73.0762721558,
  "WLHImagVolume_r4_n": 0.9850228675,
  "WLHImagVolume_r5_n": 3.5976e-06,
  "WLHImagVolume_a0_n": 0.2167619356,
  "WLHImagVolume_a1_n": 0.6019699261,
  "WLHImagVolume_a2_n": 10.0088774885,
  "WLHImagVolume_a3_n": 0.0988543156,
  "WLHImagVolume_a4_n": 0.0009614447,
  "WLHImagSurface_W0_p": 0.5751020647,
  "WLHImagSurface_W1_p": 0.0167018869,
  "WLHImagSurface_W2_p": 0.5270753373,
  "WLHImagSurface_W3_p": 0.061611093,
  "WLHImagSurface_r0_p": 0.7263243699,
  "WLHImagSurface_r1_p": -0.2068985137,
  "WLHImagSurface_r2_p": -0.0009783203,
  "WLHImagSurface_a0_p": 0.6798792509,
  "WLHImagSurface_W0_n": 0.949697,
  "WLHImagSurface_W1_n": 0.0092236353,
  "WLHImagSurface_W2_n": 1.0661889726,
  "WLHImagSurface_W3_n": 0.0598402619,
  "WLHImagSurface_r0_n": 1.269710604,
  "WLHImagSurface_r1_n": 1.2487565196,
  "WLHImagSurface_r2_n": 0.0030859504,
  "WLHImagSurface_a0_n": 0.8474041405,
  "WLHRealSpinOrbit_V0_p": 9.0254387631,
  "WLHRealSpinOrbit_V1_p": 0.0087494735,
  "WLHRealSpinOrbit_r0_p": 1.3703380243,
  "WLHRealSpinOrbit_r1_p": 0.993419477,
  "WLHRealSpinOrbit_a0_p": 0.8692773572,
  "WLHRealSpinOrbit_a1_p": 0.0003783283,
  "WLHRealSpinOrbit_V0_n": 9.8741749486,
  "WLHRealSpinOrbit_V1_n": 0.0085143681,
  "WLHRealSpinOrbit_r0_n": 1.2621386068,
  "WLHRealSpinOrbit_r1_n": 0.827813966,
  "WLHRealSpinOrbit_a0_n": 0.7882074119,
  "WLHRealSpinOrbit_a1_n": 0.0003843104
}