{
  "WLHReal_V0_p": 51.4606641354,
  "WLHReal_V1_p": 0.2952598839,
  "WLHReal_V2_p": -0.0001535529,
  "WLHReal_V3_p": 2.4052e-06,
  "WLHReal_V4_p": 12.6788578106,
  "WLHReal_V5_p": 0.1201271169,
  "WLHReal_V6_p": 0.0003009752,
  "WLHReal_r0_p": 1.3136226073,
  "WLHReal_r1_p": 0.2666894604,
  "WLHReal_r2_p": 0.0007811363,
  "WLHReal_r3_p": 7.4556e-06,
  "WLHReal_a0_p": 0.7745814013,
  "WLHReal_a1_p": -1.48483e-05,
  "WLHReal_a2_p": 6.2213e-06,
  "WLHReal_a3_p": 0.0244074182,
  "WLHReal_a4_p": 0.5249297913,
  "WLHReal_V0_n": 56.7561259925,
  "WLHReal_V1_n": 0.3079817453,
  "WLHReal_V2_n": -0.0001122968,
  "WLHReal_V3_n": 2.4802e-06,
  "WLHReal_V4_n": 20.6314022762,
  "WLHReal_V5_n": 0.2950604337,
  "WLHReal_V6_n": 0.0009366188,
  "WLHReal_r0_n": 1.3007602067,
  "WLHReal_r1_n": 0.4302055541,
  "WLHReal_r2_n": 0.0006729754,
  "WLHReal_r3_n": 4.4565e-06,
  "WLHReal_a0_n": 0.7375084801,
  "WLHReal_a1_n": 0.0004085628,
  "WLHReal_a2_n": 3.5101e-06,
  "WLHReal_a3_n": 0.1622591408,
  "WLHReal_a4_n": 0.6667064342,
  "WLHImagVolume_W0_p": 3.9500285209,
  "WLHImagVolume_W1_p": 0.1771181979,
  "WLHImagVolume_W2_p": 0.0002859015,
  "WLHImagVolume_W3_p": 9.848993245,
  "WLHImagVolume_W4_p": 0.0631537711,
  "WLHImagVolume_r0_p": 0.6331090791,
  "WLHImagVolume_r1_p": 54.3702276359,
  "WLHImagVolume_r2_p": 0.6514594159,
  "WLHImagVolume_r3_p": 66.2500395066,
  "WLHImagVolume_r4_p": 0.5692235886,
  "WLHImagVolume_r5_p": 7.282e-07,
  "WLHImagVolume_a0_p": 0.5381256015,
  "WLHImagVolume_a1_p": 0.2989820649,
  "WLHImagVolume_a2_p": 17.126677569,
  "WLHImagVolume_a3_p": 0.3805364841,
  "WLHImagVolume_a4_p": 0.0019191881,
  "WLHImagVolume_W0_n": 3.3924625399,
  "WLHImagVolume_W1_n": 0.3536910882,
  "WLHImagVolume_W2_n": 0.0007355543,
  "WLHImagVolume_W3_n": 10.1910484305,
  "WLHImagVolume_W4_n": 0.0781770439,
  "WLHImagVolume_r0_n": 0.5508223407,
  "WLHImagVolume_r1_n": 65.696888747,
  "WLHImagVolume_r2_n": 0.7371901732,
  "WLHImagVolume_r3_n": 79.9357037755,
  "WLHImagVolume_r4_n": 0.9993065663,
  "WLHImagVolume_r5_n": 3.7696e-06,
  "WLHImagVolume_a0_n": 0.2619955004,
  "WLHImagVolume_a1_n": 0.5869306655,
  "WLHImagVolume_a2_n": 5.3281097703,
  "WLHImagVolume_a3_n": 0.0358295647,
  "WLHImagVolume_a4_n": 0.0009761721,
  "WLHImagSurface_W0_p": 1.018132958,
  "WLHImagSurface_W1_p": 0.0441173931,
  "WLHImagSurface_W2_p": 0.9484547653,
  "WLHImagSurface_W3_p": 0.1463069486,
  "WLHImagSurface_r0_p": 1.00424191,
  "WLHImagSurface_r1_p": 0.3319507492,
  "WLHImagSurface_r2_p": 0.0038238694,
  "WLHImagSurface_a0_p": 0.8534124446,
  "WLHImagSurface_W0_n": 2.1393615678,
  "WLHImagSurface_W1_n": 0.0519770571,
  "WLHImagSurface_W2_n": 3.5542586287,
  "WLHImagSurface_W3_n": 0.1781474655,
  "WLHImagSurface_r0_n": 1.2670584424,
  "WLHImagSurface_r1_n": 1.5630209536,
  "WLHImagSurface_r2_n": 0.003720436,
  "WLHImagSurface_a0_n": 0.8338268515,
  "WLHRealSpinOrbit_V0_p": 9.294879014,
  "WLHRealSpinOrbit_V1_p": 0.0082886901,
  "WLHRealSpinOrbit_r0_p": 1.2911061703,
  "WLHRealSpinOrbit_r1_p": 0.8820124721,
  "WLHRealSpinOrbit_a0_p": 0.8092901143,
  "WLHRealSpinOrbit_a1_p": 0.0003668704,
  "WLHRealSpinOrbit_V0_n": 9.7528780967,
  "WLHRealSpinOrbit_V1_n": 0.0085408392,
  "WLHRealSpinOrbit_r0_n": 1.2637163874,
  "WLHRealSpinOrbit_r1_n": 0.8540935666,
  "WLHRealSpinOrbit_a0_n": 0.7949235451,
  "WLHRealSpinOrbit_a1_n": 0.0003378606
}