{
  "WLHReal_V0_p": 58.1295549893,
  "WLHReal_V1_p": 0.343317717,
  "WLHReal_V2_p": 0.0003503798,
  "WLHReal_V3_p": 5.765e-07,
  "WLHReal_V4_p": 13.0394885466,
  "WLHReal_V5_p": 0.1341713646,
  "WLHReal_V6_p": 0.0001955202,
  "WLHReal_r0_p": 1.2524356384,
  "WLHReal_r1_p": 0.281924313,
  "WLHReal_r2_p": 0.0009209241,
  "WLHReal_r3_p": 5.4812e-06,
  "WLHReal_a0_p": 0.7753660915,
  "WLHReal_a1_p": 0.000253306,
  "WLHReal_a2_p": 3.4377e-06,
  "WLHReal_a3_p": 0.1253195816,
  "WLHReal_a4_p": 0.6875073732,
  "WLHReal_V0_n": 54.5047927305,
  "WLHReal_V1_n": 0.3098688462,
  "WLHReal_V2_n": -0.0004836319,
  "WLHReal_V3_n": 4.1629e-06,
  "WLHReal_V4_n": 19.9638841818,
  "WLHReal_V5_n": 0.3168230823,
  "WLHReal_V6_n": 0.0012833819,
  "WLHReal_r0_n": 1.3319281912,
  "WLHReal_r1_n": 0.4078365373,
  "WLHReal_r2_n": 0.0009580287,
  "WLHReal_r3_n": 8.5098e-06,
  "WLHReal_a0_n": 0.7559268444,
  "WLHReal_a1_n": 0.0008532317,
  "WLHReal_a2_n": 1.08769e-05,
  "WLHReal_a3_n": 0.2201606221,
  "WLHReal_a4_n": 0.8278807903,
  "WLHImagVolume_W0_p": 4.3256701527,
  "WLHImagVolume_W1_p": 0.3041262789,
  "WLHImagVolume_W2_p": 0.0005831868,
  "WLHImagVolume_W3_p": 15.8748518692,
  "WLHImagVolume_W4_p": 0.0861677267,
  "WLHImagVolume_r0_p": 0.5487876631,
  "WLHImagVolume_r1_p": 57.8745013987,
  "WLHImagVolume_r2_p": 0.6607056303,
  "WLHImagVolume_r3_p": 69.1549528714,
  "WLHImagVolume_r4_p": 0.6703180386,
  "WLHImagVolume_r5_p": 2.1876e-06,
  "WLHImagVolume_a0_p": 0.5398023321,
  "WLHImagVolume_a1_p": 0.2775754891,
  "WLHImagVolume_a2_p": 14.3632498017,
  "WLHImagVolume_a3_p": 0.4163889161,
  "WLHImagVolume_a4_p": 0.0022558279,
  "WLHImagVolume_W0_n": 3.6967521954,
  "WLHImagVolume_W1_n": 0.3481968756,
  "WLHImagVolume_W2_n": 0.000873989,
  "WLHImagVolume_W3_n": 10.260407095,
  "WLHImagVolume_W4_n": 0.0618967191,
  "WLHImagVolume_r0_n": 0.5216498879,
  "WLHImagVolume_r1_n": 84.0143406287,
  "WLHImagVolume_r2_n": 0.8004534194,
  "WLHImagVolume_r3_n": 96.3609573587,
  "WLHImagVolume_r4_n": 0.908187601,
  "WLHImagVolume_r5_n": 4.3402e-06,
  "WLHImagVolume_a0_n": 0.2758678334,
  "WLHImagVolume_a1_n": 0.5722829229,
  "WLHImagVolume_a2_n": 3.9296529506,
  "WLHImagVolume_a3_n": 0.0270319408,
  "WLHImagVolume_a4_n": 0.0006034159,
  "WLHImagSurface_W0_p": 0.939877191,
  "WLHImagSurface_W1_p": 0.0331364467,
  "WLHImagSurface_W2_p": 0.480934288,
  "WLHImagSurface_W3_p": 0.1104828174,
  "WLHImagSurface_r0_p": 1.0492970193,
  "WLHImagSurface_r1_p": 0.8508352759,
  "WLHImagSurface_r2_p": 0.0061815126,
  "WLHImagSurface_a0_p": 0.7945647523,
  "WLHImagSurface_W0_n": 2.2362877687,
  "WLHImagSurface_W1_n": 0.066615212,
  "WLHImagSurface_W2_n": 3.8004089858,
  "WLHImagSurface_W3_n": 0.2249816937,
  "WLHImagSurface_r0_n": 1.2997616223,
  "WLHImagSurface_r1_n": 1.6935547677,
  "WLHImagSurface_r2_n": 0.0030701988,
  "WLHImagSurface_a0_n": 0.8541403252,
  "WLHRealSpinOrbit_V0_p": 10.1341427647,
  "WLHRealSpinOrbit_V1_p": 0.0085716661,
  "WLHRealSpinOrbit_r0_p": 1.2163134244,
  "WLHRealSpinOrbit_r1_p": 0.8030308098,
  "WLHRealSpinOrbit_a0_p": 0.7674048252,
  "WLHRealSpinOrbit_a1_p": 0.0003109657,
  "WLHRealSpinOrbit_V0_n": 9.3440474485,
  "WLHRealSpinOrbit_V1_n": 0.0085370933,
  "WLHRealSpinOrbit_r0_n": 1.3023091814,
  "WLHRealSpinOrbit_r1_n": 0.9158136525,
  "WLHRealSpinOrbit_a0_n": 0.8239199723,
  "WLHRealSpinOrbit_a1_n": 0.0003338833
}