{
  "WLHReal_V0_p": 47.9062586183,
  "WLHReal_V1_p": 0.2597507982,
  "WLHReal_V2_p": -0.0008163091,
  "WLHReal_V3_p": 4.8861e-06,
  "WLHReal_V4_p": 12.058883706,
  "WLHReal_V5_p": 0.1095353879,
  "WLHReal_V6_p": 0.0004958902,
  "WLHReal_r0_p": 1.3501500614,
  "WLHReal_r1_p": 0.2022337924,
  "WLHReal_r2_p": 0.0009911461,
  "WLHReal_r3_p": 1.23412e-05,
  "WLHReal_a0_p": 0.7897827505,
  "WLHReal_a1_p": -0.0001399537,
  "WLHReal_a2_p": 1.19169e-05,
  "WLHReal_a3_p": -0.0566920827,
  "WLHReal_a4_p": 0.4770521058,
  "WLHReal_V0_n": 57.2035625779,
  "WLHReal_V1_n": 0.2780355234,
  "WLHReal_V2_n": 0.0002056614,
  "WLHReal_V3_n": 2.04e-07,
  "WLHReal_V4_n": 22.3029620893,
  "WLHReal_V5_n": 0.2609217702,
  "WLHReal_V6_n": 0.0006433297,
  "WLHReal_r0_n": 1.2457028718,
  "WLHReal_r1_n": 0.3500087329,
  "WLHReal_r2_n": 0.0005116342,
  "WLHReal_r3_n": 2.6029e-06,
  "WLHReal_a0_n": 0.718641071,
  "WLHReal_a1_n": 0.000137863,
  "WLHReal_a2_n": 7.96e-07,
  "WLHReal_a3_n": 0.1952156465,
  "WLHReal_a4_n": 0.6516682983,
  "WLHImagVolume_W0_p": 4.7243724399,
  "WLHImagVolume_W1_p": 0.1335909758,
  "WLHImagVolume_W2_p": 4.21806e-05,
  "WLHImagVolume_W3_p": 6.864954016,
  "WLHImagVolume_W4_p": 0.0634824205,
  "WLHImagVolume_r0_p": 0.8663520433,
  "WLHImagVolume_r1_p": 31.8035108303,
  "WLHImagVolume_r2_p": 0.4695082004,
  "WLHImagVolume_r3_p": 51.8362390046,
  "WLHImagVolume_r4_p": 0.6963187427,
  "WLHImagVolume_r5_p": 7.542e-07,
  "WLHImagVolume_a0_p": 0.5935725044,
  "WLHImagVolume_a1_p": 0.2580732249,
  "WLHImagVolume_a2_p": 14.5134296693,
  "WLHImagVolume_a3_p": 0.4226384981,
  "WLHImagVolume_a4_p": 0.0026917157,
  "WLHImagVolume_W0_n": 2.8356135221,
  "WLHImagVolume_W1_n": 0.2840267806,
  "WLHImagVolume_W2_n": 0.0002572027,
  "WLHImagVolume_W3_n": 9.6285618312,
  "WLHImagVolume_W4_n": 0.0570460782,
  "WLHImagVolume_r0_n": 0.6672355986,
  "WLHImagVolume_r1_n": 36.9019745651,
  "WLHImagVolume_r2_n": 0.5659549811,
  "WLHImagVolume_r3_n": 55.3286126591,
  "WLHImagVolume_r4_n": 1.1627504537,
  "WLHImagVolume_r5_n": 3.8095e-06,
  "WLHImagVolume_a0_n": 0.243298544,
  "WLHImagVolume_a1_n": 0.5862964879,
  "WLHImagVolume_a2_n": 8.0328270914,
  "WLHImagVolume_a3_n": 0.0566475493,
  "WLHImagVolume_a4_n": 0.0012829908,
  "WLHImagSurface_W0_p": 0.5739115004,
  "WLHImagSurface_W1_p": 0.005491204,
  "WLHImagSurface_W2_p": -0.0973422825,
  "WLHImagSurface_W3_p": -0.0004619467,
  "WLHImagSurface_r0_p": 0.8014198939,
  "WLHImagSurface_r1_p": -0.2363250332,
  "WLHImagSurface_r2_p": -0.0001777838,
  "WLHImagSurface_a0_p": 0.7907275289,
  "WLHImagSurface_W0_n": 1.4630508237,
  "WLHImagSurface_W1_n": 0.0159797261,
  "WLHImagSurface_W2_n": 1.7593461579,
  "WLHImagSurface_W3_n": 0.0623874747,
  "WLHImagSurface_r0_n": 1.2124659226,
  "WLHImagSurface_r1_n": 1.2696270911,
  "WLHImagSurface_r2_n": 0.0039701038,
  "WLHImagSurface_a0_n": 0.8191067935,
  "WLHRealSpinOrbit_V0_p": 9.1590074547,
  "WLHRealSpinOrbit_V1_p": 0.0087420659,
  "WLHRealSpinOrbit_r0_p": 1.3507639234,
  "WLHRealSpinOrbit_r1_p": 0.972661698,
  "WLHRealSpinOrbit_a0_p": 0.8580748965,
  "WLHRealSpinOrbit_a1_p": 0.0003682159,
  "WLHRealSpinOrbit_V0_n": 10.5182102017,
  "WLHRealSpinOrbit_V1_n": 0.0088387304,
  "WLHRealSpinOrbit_r0_n": 1.2180932362,
  "WLHRealSpinOrbit_r1_n": 0.7836377261,
  "WLHRealSpinOrbit_a0_n": 0.765432253,
  "WLHRealSpinOrbit_a1_n": 0.0003440597
}