{
  "WLHReal_V0_p": 58.5303467051,
  "WLHReal_V1_p": 0.3486531944,
  "WLHReal_V2_p": 0.001545506,
  "WLHReal_V3_p": -2.6277e-06,
  "WLHReal_V4_p": 15.8242655382,
  "WLHReal_V5_p": 0.1295648404,
  "WLHReal_V6_p": -0.0002389759,
  "WLHReal_r0_p": 1.1932485168,
  "WLHReal_r1_p": 0.3496611432,
  "WLHReal_r2_p": 0.0001738309,
  "WLHReal_r3_p": -6.3767e-06,
  "WLHReal_a0_p": 0.7160350493,
  "WLHReal_a1_p": 0.0001983603,
  "WLHReal_a2_p": -6.8084e-06,
  "WLHReal_a3_p": 0.1952216764,
  "WLHReal_a4_p": 0.5732506034,
  "WLHReal_V0_n": 50.4912591548,
  "WLHReal_V1_n": 0.2460039591,
  "WLHReal_V2_n": -0.0010986835,
  "WLHReal_V3_n": 4.8372e-06,
  "WLHReal_V4_n": 20.947909962,
  "WLHReal_V5_n": 0.3393852369,
  "WLHReal_V6_n": 0.0017758314,
  "WLHReal_r0_n": 1.3557191064,
  "WLHReal_r1_n": 0.3406661553,
  "WLHReal_r2_n": 0.001324926,
  "WLHReal_r3_n": 1.73832e-05,
  "WLHReal_a0_n": 0.7785782268,
  "WLHReal_a1_n": 0.0013494242,
  "WLHReal_a2_n": 1.99718e-05,
  "WLHReal_a3_n": 0.3456827442,
  "WLHReal_a4_n": 1.065216872,
  "WLHImagVolume_W0_p": 1.1689883953,
  "WLHImagVolume_W1_p": 0.2056549378,
  "WLHImagVolume_W2_p": 0.0005387664,
  "WLHImagVolume_W3_p": 14.9032301459,
  "WLHImagVolume_W4_p": 0.0415047736,
  "WLHImagVolume_r0_p": 0.2151791757,
  "WLHImagVolume_r1_p": 91.0553636491,
  "WLHImagVolume_r2_p": 0.9211619056,
  "WLHImagVolume_r3_p": 87.8341081149,
  "WLHImagVolume_r4_p": 0.3872521658,
  "WLHImagVolume_r5_p": 1.1183e-06,
  "WLHImagVolume_a0_p": 0.3900871301,
  "WLHImagVolume_a1_p": 0.3759907155,
  "WLHImagVolume_a2_p": 21.5342047342,
  "WLHImagVolume_a3_p": 0.2631417533,
  "WLHImagVolume_a4_p": -0.0001891589,
  "WLHImagVolume_W0_n": 3.7646359142,
  "WLHImagVolume_W1_n": 0.2775137109,
  "WLHImagVolume_W2_n": 0.0005136606,
  "WLHImagVolume_W3_n": 10.1111227321,
  "WLHImagVolume_W4_n": -2.88581e-05,
  "WLHImagVolume_r0_n": 0.6582300289,
  "WLHImagVolume_r1_n": 69.6955489167,
  "WLHImagVolume_r2_n": 0.6854534659,
  "WLHImagVolume_r3_n": 93.3640395982,
  "WLHImagVolume_r4_n": 1.0770451445,
  "WLHImagVolume_r5_n": 5.9495e-06,
  "WLHImagVolume_a0_n": 0.3261013478,
  "WLHImagVolume_a1_n": 0.5251218902,
  "WLHImagVolume_a2_n": 4.1779501765,
  "WLHImagVolume_a3_n": 0.0600156768,
  "WLHImagVolume_a4_n": 0.0008198104,
  "WLHImagSurface_W0_p": 2.0368093185,
  "WLHImagSurface_W1_p": 0.123580795,
  "WLHImagSurface_W2_p": 3.3478405431,
  "WLHImagSurface_W3_p": 0.4389639689,
  "WLHImagSurface_r0_p": 1.4666382791,
  "WLHImagSurface_r1_p": 1.5722547537,
  "WLHImagSurface_r2_p": 0.0145675094,
  "WLHImagSurface_a0_p": 0.9733073427,
  "WLHImagSurface_W0_n": 1.325909772,
  "WLHImagSurface_W1_n": 0.0464531779,
  "WLHImagSurface_W2_n": 1.9212915935,
  "WLHImagSurface_W3_n": 0.1749514153,
  "WLHImagSurface_r0_n": 1.2760684513,
  "WLHImagSurface_r1_n": 1.5806962399,
  "WLHImagSurface_r2_n": 0.0015717328,
  "WLHImagSurface_a0_n": 0.8860967124,
  "WLHRealSpinOrbit_V0_p": 9.9403932966,
  "WLHRealSpinOrbit_V1_p": 0.0073172769,
  "WLHRealSpinOrbit_r0_p": 1.1328942807,
  "WLHRealSpinOrbit_r1_p": 0.6325400247,
  "WLHRealSpinOrbit_a0_p": 0.6806752497,
  "WLHRealSpinOrbit_a1_p": 0.000382234,
  "WLHRealSpinOrbit_V0_n": 9.539232666,
  "WLHRealSpinOrbit_V1_n": 0.0091022386,
  "WLHRealSpinOrbit_r0_n": 1.344353619,
  "WLHRealSpinOrbit_r1_n": 0.9724249349,
  "WLHRealSpinOrbit_a0_n": 0.8594628654,
  "WLHRealSpinOrbit_a1_n": 0.0003483516
}