{
  "WLHReal_V0_p": 57.6424846891,
  "WLHReal_V1_p": 0.301574127,
  "WLHReal_V2_p": -0.0001020833,
  "WLHReal_V3_p": 2.0451e-06,
  "WLHReal_V4_p": 13.3900972127,
  "WLHReal_V5_p": 0.1734928601,
  "WLHReal_V6_p": 0.0004415956,
  "WLHReal_r0_p": 1.3106272926,
  "WLHReal_r1_p": 0.4194481567,
  "WLHReal_r2_p": 0.0006821463,
  "WLHReal_r3_p": 3.6045e-06,
  "WLHReal_a0_p": 0.7925833263,
  "WLHReal_a1_p": 0.0004248135,
  "WLHReal_a2_p": 1.6384e-06,
  "WLHReal_a3_p": 0.0756828941,
  "WLHReal_a4_p": 0.5706243951,
  "WLHReal_V0_n": 50.1043397975,
  "WLHReal_V1_n": 0.2517012235,
  "WLHReal_V2_n": -0.0005681474,
  "WLHReal_V3_n": 2.7568e-06,
  "WLHReal_V4_n": 21.8426804828,
  "WLHReal_V5_n": 0.2894658621,
  "WLHReal_V6_n": 0.0013471028,
  "WLHReal_r0_n": 1.294093129,
  "WLHReal_r1_n": 0.2175438427,
  "WLHReal_r2_n": 0.0011667657,
  "WLHReal_r3_n": 1.37244e-05,
  "WLHReal_a0_n": 0.7527133375,
  "WLHReal_a1_n": 0.0011989797,
  "WLHReal_a2_n": 1.6637e-05,
  "WLHReal_a3_n": 0.3904477423,
  "WLHReal_a4_n": 1.0880078901,
  "WLHImagVolume_W0_p": 5.2638198292,
  "WLHImagVolume_W1_p": 0.3267628829,
  "WLHImagVolume_W2_p": 0.0004634315,
  "WLHImagVolume_W3_p": 13.767509882,
  "WLHImagVolume_W4_p": 0.1088690146,
  "WLHImagVolume_r0_p": 0.6447838025,
  "WLHImagVolume_r1_p": 30.7531103431,
  "WLHImagVolume_r2_p": 0.5914251354,
  "WLHImagVolume_r3_p": 39.3087184214,
  "WLHImagVolume_r4_p": 0.7113009733,
  "WLHImagVolume_r5_p": 2.248e-06,
  "WLHImagVolume_a0_p": 0.6136213471,
  "WLHImagVolume_a1_p": 0.2199521712,
  "WLHImagVolume_a2_p": 9.1512041384,
  "WLHImagVolume_a3_p": 0.4975727339,
  "WLHImagVolume_a4_p": 0.0035240901,
  "WLHImagVolume_W0_n": 2.9025373395,
  "WLHImagVolume_W1_n": 0.1839208592,
  "WLHImagVolume_W2_n": 0.0002075754,
  "WLHImagVolume_W3_n": 8.5841755435,
  "WLHImagVolume_W4_n": -0.0183858612,
  "WLHImagVolume_r0_n": 0.6580186744,
  "WLHImagVolume_r1_n": 71.8540193995,
  "WLHImagVolume_r2_n": 0.6306102556,
  "WLHImagVolume_r3_n": 83.898369423,
  "WLHImagVolume_r4_n": 0.9983590918,
  "WLHImagVolume_r5_n": 4.5017e-06,
  "WLHImagVolume_a0_n": 0.255881127,
  "WLHImagVolume_a1_n": 0.5547972209,
  "WLHImagVolume_a2_n": 7.1206700413,
  "WLHImagVolume_a3_n": 0.0628876961,
  "WLHImagVolume_a4_n": 0.0004810757,
  "WLHImagSurface_W0_p": 0.7976737297,
  "WLHImagSurface_W1_p": 0.0364982653,
  "WLHImagSurface_W2_p": 1.2965725221,
  "WLHImagSurface_W3_p": 0.1543882538,
  "WLHImagSurface_r0_p": 0.8430982276,
  "WLHImagSurface_r1_p": 0.6882252251,
  "WLHImagSurface_r2_p": 0.0042338173,
  "WLHImagSurface_a0_p": 0.5563912211,
  "WLHImagSurface_W0_n": 1.0646471127,
  "WLHImagSurface_W1_n": 0.0244798144,
  "WLHImagSurface_W2_n": 0.8839130715,
  "WLHImagSurface_W3_n": 0.0951286246,
  "WLHImagSurface_r0_n": 1.2722668786,
  "WLHImagSurface_r1_n": 1.3771592303,
  "WLHImagSurface_r2_n": 0.0022726962,
  "WLHImagSurface_a0_n": 0.8674736537,
  "WLHRealSpinOrbit_V0_p": 10.0207398164,
  "WLHRealSpinOrbit_V1_p": 0.0087685061,
  "WLHRealSpinOrbit_r0_p": 1.2604752451,
  "WLHRealSpinOrbit_r1_p": 0.8487653144,
  "WLHRealSpinOrbit_a0_p": 0.7950611053,
  "WLHRealSpinOrbit_a1_p": 0.0003382824,
  "WLHRealSpinOrbit_V0_n": 9.8513985906,
  "WLHRealSpinOrbit_V1_n": 0.0089382565,
  "WLHRealSpinOrbit_r0_n": 1.2945201279,
  "WLHRealSpinOrbit_r1_n": 0.8994186736,
  "WLHRealSpinOrbit_a0_n": 0.8229972954,
  "WLHRealSpinOrbit_a1_n": 0.0003506152
}