{
  "WLHReal_V0_p": 50.3238222856,
  "WLHReal_V1_p": 0.2968172193,
  "WLHReal_V2_p": -0.0013415885,
  "WLHReal_V3_p": 6.3184e-06,
  "WLHReal_V4_p": 9.0667730484,
  "WLHReal_V5_p": 0.1516581571,
  "WLHReal_V6_p": 0.0007694774,
  "WLHReal_r0_p": 1.4320417801,
  "WLHReal_r1_p": 0.3598854119,
  "WLHReal_r2_p": 0.0011939091,
  "WLHReal_r3_p": 1.46066e-05,
  "WLHReal_a0_p": 0.8417887389,
  "WLHReal_a1_p": 8.79241e-05,
  "WLHReal_a2_p": 1.33059e-05,
  "WLHReal_a3_p": -0.043780568,
  "WLHReal_a4_p": 0.5668244123,
  "WLHReal_V0_n": 53.681074568,
  "WLHReal_V1_n": 0.2776294128,
  "WLHReal_V2_n": 0.0002203347,
  "WLHReal_V3_n": 7.24e-07,
  "WLHReal_V4_n": 22.2868241884,
  "WLHReal_V5_n": 0.2434354584,
  "WLHReal_V6_n": 0.0006527607,
  "WLHReal_r0_n": 1.2400378794,
  "WLHReal_r1_n": 0.2426529651,
  "WLHReal_r2_n": 0.0006622644,
  "WLHReal_r3_n": 4.8984e-06,
  "WLHReal_a0_n": 0.7165095388,
  "WLHReal_a1_n": 0.0004936902,
  "WLHReal_a2_n": 4.8945e-06,
  "WLHReal_a3_n": 0.2850098778,
  "WLHReal_a4_n": 0.8152889208,
  "WLHImagVolume_W0_p": 7.1079980987,
  "WLHImagVolume_W1_p": 0.2870025319,
  "WLHImagVolume_W2_p": 0.000553688,
  "WLHImagVolume_W3_p": 9.9134396022,
  "WLHImagVolume_W4_p": 0.1142117345,
  "WLHImagVolume_r0_p": 0.7239021262,
  "WLHImagVolume_r1_p": 44.5609967614,
  "WLHImagVolume_r2_p": 0.6713463455,
  "WLHImagVolume_r3_p": 58.6873652063,
  "WLHImagVolume_r4_p": 0.5636146663,
  "WLHImagVolume_r5_p": 5.862e-07,
  "WLHImagVolume_a0_p": 0.670354212,
  "WLHImagVolume_a1_p": 0.2534552277,
  "WLHImagVolume_a2_p": 14.2600540138,
  "WLHImagVolume_a3_p": 0.5065690592,
  "WLHImagVolume_a4_p": 0.0040006878,
  "WLHImagVolume_W0_n": 2.2169501837,
  "WLHImagVolume_W1_n": 0.189217551,
  "WLHImagVolume_W2_n": 0.0001454308,
  "WLHImagVolume_W3_n": 7.8902459707,
  "WLHImagVolume_W4_n": 0.0175065356,
  "WLHImagVolume_r0_n": 0.6138341363,
  "WLHImagVolume_r1_n": 63.4646060411,
  "WLHImagVolume_r2_n": 0.6196258942,
  "WLHImagVolume_r3_n": 67.5370576541,
  "WLHImagVolume_r4_n": 0.9761912756,
  "WLHImagVolume_r5_n": 2.6298e-06,
  "WLHImagVolume_a0_n": 0.1975784185,
  "WLHImagVolume_a1_n": 0.6030314718,
  "WLHImagVolume_a2_n": 9.4550182236,
  "WLHImagVolume_a3_n": 0.0634437185,
  "WLHImagVolume_a4_n": 0.0006851027,
  "WLHImagSurface_W0_p": 0.4133588309,
  "WLHImagSurface_W1_p": 0.012848795,
  "WLHImagSurface_W2_p": -0.1021426239,
  "WLHImagSurface_W3_p": 0.0570484425,
  "WLHImagSurface_r0_p": 0.6964955697,
  "WLHImagSurface_r1_p": -0.1926653294,
  "WLHImagSurface_r2_p": -0.004029904,
  "WLHImagSurface_a0_p": 0.7181896606,
  "WLHImagSurface_W0_n": 1.2793716721,
  "WLHImagSurface_W1_n": 0.0125875492,
  "WLHImagSurface_W2_n": 1.2345175627,
  "WLHImagSurface_W3_n": 0.0509385756,
  "WLHImagSurface_r0_n": 1.2547174979,
  "WLHImagSurface_r1_n": 1.2423155024,
  "WLHImagSurface_r2_n": 0.0037599132,
  "WLHImagSurface_a0_n": 0.8291252397,
  "WLHRealSpinOrbit_V0_p": 8.6687989054,
  "WLHRealSpinOrbit_V1_p": 0.0088472211,
  "WLHRealSpinOrbit_r0_p": 1.4021005218,
  "WLHRealSpinOrbit_r1_p": 1.0660312458,
  "WLHRealSpinOrbit_a0_p": 0.8995378087,
  "WLHRealSpinOrbit_a1_p": 0.0003349403,
  "WLHRealSpinOrbit_V0_n": 10.1826835192,
  "WLHRealSpinOrbit_V1_n": 0.008580403,
  "WLHRealSpinOrbit_r0_n": 1.2267107032,
  "WLHRealSpinOrbit_r1_n": 0.7935694336,
  "WLHRealSpinOrbit_a0_n": 0.7687068895,
  "WLHRealSpinOrbit_a1_n": 0.0003542651
}