{
  "WLHReal_V0_p": 57.8439459895,
  "WLHReal_V1_p": 0.2997844936,
  "WLHReal_V2_p": 0.0004361164,
  "WLHReal_V3_p": -7.991e-07,
  "WLHReal_V4_p": 15.4564407604,
  "WLHReal_V5_p": 0.1214997219,
  "WLHReal_V6_p": 0.0001580639,
  "WLHReal_r0_p": 1.1999717942,
  "WLHReal_r1_p": 0.189198649,
  "WLHReal_r2_p": 0.0008692903,
  "WLHReal_r3_p": 6.2496e-06,
  "WLHReal_a0_p": 0.752397313,
  "WLHReal_a1_p": 0.000242363,
  "WLHReal_a2_p": 2.981e-06,
  "WLHReal_a3_p": 0.1010141522,
  "WLHReal_a4_p": 0.6293258834,
  "WLHReal_V0_n": 49.6809782934,
  "WLHReal_V1_n": 0.2738903308,
  "WLHReal_V2_n": -0.0012502492,
  "WLHReal_V3_n": 5.7527e-06,
  "WLHReal_V4_n": 20.1609217559,
  "WLHReal_V5_n": 0.3487240175,
  "WLHReal_V6_n": 0.0019935391,
  "WLHReal_r0_n": 1.3586808656,
  "WLHReal_r1_n": 0.2790692776,
  "WLHReal_r2_n": 0.0015750675,
  "WLHReal_r3_n": 2.02909e-05,
  "WLHReal_a0_n": 0.7903400663,
  "WLHReal_a1_n": 0.001726281,
  "WLHReal_a2_n": 2.62006e-05,
  "WLHReal_a3_n": 0.4072275446,
  "WLHReal_a4_n": 1.2437298659,
  "WLHImagVolume_W0_p": 3.6167283038,
  "WLHImagVolume_W1_p": 0.2436132674,
  "WLHImagVolume_W2_p": 0.0001376851,
  "WLHImagVolume_W3_p": 14.2415704472,
  "WLHImagVolume_W4_p": 0.0713194833,
  "WLHImagVolume_r0_p": 0.8131101121,
  "WLHImagVolume_r1_p": 21.2980908625,
  "WLHImagVolume_r2_p": 0.3474649792,
  "WLHImagVolume_r3_p": 41.0621872449,
  "WLHImagVolume_r4_p": 0.947823419,
  "WLHImagVolume_r5_p": 3.1812e-06,
  "WLHImagVolume_a0_p": 0.5522202157,
  "WLHImagVolume_a1_p": 0.2117259787,
  "WLHImagVolume_a2_p": 8.4671246677,
  "WLHImagVolume_a3_p": 0.4397272232,
  "WLHImagVolume_a4_p": 0.0025545228,
  "WLHImagVolume_W0_n": 4.2278697227,
  "WLHImagVolume_W1_n": 0.2823114582,
  "WLHImagVolume_W2_n": 0.0007067714,
  "WLHImagVolume_W3_n": 10.6126981626,
  "WLHImagVolume_W4_n": 7.91827e-05,
  "WLHImagVolume_r0_n": 0.619379289,
  "WLHImagVolume_r1_n": 88.8497757043,
  "WLHImagVolume_r2_n": 0.7361387377,
  "WLHImagVolume_r3_n": 108.5714903001,
  "WLHImagVolume_r4_n": 0.941630029,
  "WLHImagVolume_r5_n": 5.5237e-06,
  "WLHImagVolume_a0_n": 0.3189009349,
  "WLHImagVolume_a1_n": 0.5148918528,
  "WLHImagVolume_a2_n": 2.4462031905,
  "WLHImagVolume_a3_n": 0.024288158,
  "WLHImagVolume_a4_n": 0.0001403367,
  "WLHImagSurface_W0_p": 0.653127915,
  "WLHImagSurface_W1_p": -0.0039560563,
  "WLHImagSurface_W2_p": -0.1080264603,
  "WLHImagSurface_W3_p": -0.0351782197,
  "WLHImagSurface_r0_p": 0.9258341804,
  "WLHImagSurface_r1_p": 0.6893925522,
  "WLHImagSurface_r2_p": 0.0071846943,
  "WLHImagSurface_a0_p": 0.6556554378,
  "WLHImagSurface_W0_n": 1.693839744,
  "WLHImagSurface_W1_n": 0.0652031739,
  "WLHImagSurface_W2_n": 2.3464069772,
  "WLHImagSurface_W3_n": 0.2200046652,
  "WLHImagSurface_r0_n": 1.3066577825,
  "WLHImagSurface_r1_n": 1.7184615917,
  "WLHImagSurface_r2_n": 0.0014175632,
  "WLHImagSurface_a0_n": 0.8941328052,
  "WLHRealSpinOrbit_V0_p": 10.923706805,
  "WLHRealSpinOrbit_V1_p": 0.0090681965,
  "WLHRealSpinOrbit_r0_p": 1.1883283377,
  "WLHRealSpinOrbit_r1_p": 0.7597287292,
  "WLHRealSpinOrbit_a0_p": 0.7531281765,
  "WLHRealSpinOrbit_a1_p": 0.000316568,
  "WLHRealSpinOrbit_V0_n": 9.2721215983,
  "WLHRealSpinOrbit_V1_n": 0.0090831595,
  "WLHRealSpinOrbit_r0_n": 1.3589124682,
  "WLHRealSpinOrbit_r1_n": 1.011860857,
  "WLHRealSpinOrbit_a0_n": 0.8748840289,
  "WLHRealSpinOrbit_a1_n": 0.0003235885
}