{
  "WLHReal_V0_p": 48.865706152,
  "WLHReal_V1_p": 0.2589946897,
  "WLHReal_V2_p": -0.0014740113,
  "WLHReal_V3_p": 6.1903e-06,
  "WLHReal_V4_p": 10.4544041601,
  "WLHReal_V5_p": 0.1333262326,
  "WLHReal_V6_p": 0.0007861167,
  "WLHReal_r0_p": 1.4011999616,
  "WLHReal_r1_p": 0.2510093442,
  "WLHReal_r2_p": 0.0012760938,
  "WLHReal_r3_p": 1.67434e-05,
  "WLHReal_a0_p": 0.8294314681,
  "WLHReal_a1_p": 9.6856e-06,
  "WLHReal_a2_p": 1.51987e-05,
  "WLHReal_a3_p": -0.0845431089,
  "WLHReal_a4_p": 0.5257488839,
  "WLHReal_V0_n": 52.766074642,
  "WLHReal_V1_n": 0.2939113066,
  "WLHReal_V2_n": -6.5811e-05,
  "WLHReal_V3_n": 2.3107e-06,
  "WLHReal_V4_n": 21.3222494969,
  "WLHReal_V5_n": 0.2666965934,
  "WLHReal_V6_n": 0.0009348816,
  "WLHReal_r0_n": 1.271030136,
  "WLHReal_r1_n": 0.2543468666,
  "WLHReal_r2_n": 0.000872239,
  "WLHReal_r3_n": 7.8477e-06,
  "WLHReal_a0_n": 0.7327804086,
  "WLHReal_a1_n": 0.0008115199,
  "WLHReal_a2_n": 9.7866e-06,
  "WLHReal_a3_n": 0.3041865705,
  "WLHReal_a4_n": 0.9112739422,
  "WLHImagVolume_W0_p": 6.793581035,
  "WLHImagVolume_W1_p": 0.2260590121,
  "WLHImagVolume_W2_p": 0.000169338,
  "WLHImagVolume_W3_p": 7.9652593319,
  "WLHImagVolume_W4_p": 0.1011011816,
  "WLHImagVolume_r0_p": 0.9848460267,
  "WLHImagVolume_r1_p": 14.1310519341,
  "WLHImagVolume_r2_p": 0.3921050356,
  "WLHImagVolume_r3_p": 37.7328902716,
  "WLHImagVolume_r4_p": 0.8016108101,
  "WLHImagVolume_r5_p": 1.6473e-06,
  "WLHImagVolume_a0_p": 0.6904794776,
  "WLHImagVolume_a1_p": 0.1994942381,
  "WLHImagVolume_a2_p": 9.8402378684,
  "WLHImagVolume_a3_p": 0.5283503842,
  "WLHImagVolume_a4_p": 0.0043389351,
  "WLHImagVolume_W0_n": 2.6774960278,
  "WLHImagVolume_W1_n": 0.2184553091,
  "WLHImagVolume_W2_n": 0.0004035912,
  "WLHImagVolume_W3_n": 8.3712448373,
  "WLHImagVolume_W4_n": 0.0210474023,
  "WLHImagVolume_r0_n": 0.5624541547,
  "WLHImagVolume_r1_n": 81.6470913536,
  "WLHImagVolume_r2_n": 0.7045702769,
  "WLHImagVolume_r3_n": 84.1401914774,
  "WLHImagVolume_r4_n": 0.8757268568,
  "WLHImagVolume_r5_n": 2.5006e-06,
  "WLHImagVolume_a0_n": 0.2118192819,
  "WLHImagVolume_a1_n": 0.5932391018,
  "WLHImagVolume_a2_n": 7.5198727605,
  "WLHImagVolume_a3_n": 0.0447100597,
  "WLHImagVolume_a4_n": 0.0003401836,
  "WLHImagSurface_W0_p": 0.0584431373,
  "WLHImagSurface_W1_p": -0.0287009505,
  "WLHImagSurface_W2_p": -1.0424394333,
  "WLHImagSurface_W3_p": -0.1084111938,
  "WLHImagSurface_r0_p": 0.5603242589,
  "WLHImagSurface_r1_p": -0.500172733,
  "WLHImagSurface_r2_p": -0.0046114134,
  "WLHImagSurface_a0_p": 0.6298786578,
  "WLHImagSurface_W0_n": 1.6272823854,
  "WLHImagSurface_W1_n": 0.034235014,
  "WLHImagSurface_W2_n": 2.0324766969,
  "WLHImagSurface_W3_n": 0.1170645077,
  "WLHImagSurface_r0_n": 1.2878374087,
  "WLHImagSurface_r1_n": 1.4199715866,
  "WLHImagSurface_r2_n": 0.0033991851,
  "WLHImagSurface_a0_n": 0.8429053376,
  "WLHRealSpinOrbit_V0_p": 9.1881774109,
  "WLHRealSpinOrbit_V1_p": 0.0093457951,
  "WLHRealSpinOrbit_r0_p": 1.3991800685,
  "WLHRealSpinOrbit_r1_p": 1.0644274499,
  "WLHRealSpinOrbit_a0_p": 0.9045188142,
  "WLHRealSpinOrbit_a1_p": 0.000334652,
  "WLHRealSpinOrbit_V0_n": 9.7507884421,
  "WLHRealSpinOrbit_V1_n": 0.0085081881,
  "WLHRealSpinOrbit_r0_n": 1.2591373833,
  "WLHRealSpinOrbit_r1_n": 0.8486734969,
  "WLHRealSpinOrbit_a0_n": 0.792923302,
  "WLHRealSpinOrbit_a1_n": 0.0003447476
}