{
  "WLHReal_V0_p": 52.2617279152,
  "WLHReal_V1_p": 0.3292216381,
  "WLHReal_V2_p": -0.0001632498,
  "WLHReal_V3_p": 3.8313e-06,
  "WLHReal_V4_p": 11.0209926589,
  "WLHReal_V5_p": 0.1344417488,
  "WLHReal_V6_p": 0.0003226779,
  "WLHReal_r0_p": 1.3507572649,
  "WLHReal_r1_p": 0.3540012465,
  "WLHReal_r2_p": 0.000779045,
  "WLHReal_r3_p": 6.1774e-06,
  "WLHReal_a0_p": 0.7912163024,
  "WLHReal_a1_p": 3.15647e-05,
  "WLHReal_a2_p": 6.4183e-06,
  "WLHReal_a3_p": 0.0505644389,
  "WLHReal_a4_p": 0.568693033,
  "WLHReal_V0_n": 50.6631383505,
  "WLHReal_V1_n": 0.2684223839,
  "WLHReal_V2_n": -0.0003884716,
  "WLHReal_V3_n": 3.3571e-06,
  "WLHReal_V4_n": 21.2754186197,
  "WLHReal_V5_n": 0.2846561563,
  "WLHReal_V6_n": 0.001161598,
  "WLHReal_r0_n": 1.3066351936,
  "WLHReal_r1_n": 0.2826814827,
  "WLHReal_r2_n": 0.0009918012,
  "WLHReal_r3_n": 1.03728e-05,
  "WLHReal_a0_n": 0.7445540999,
  "WLHReal_a1_n": 0.0010127946,
  "WLHReal_a2_n": 1.24987e-05,
  "WLHReal_a3_n": 0.3202469939,
  "WLHReal_a4_n": 0.9457214394,
  "WLHImagVolume_W0_p": 4.4771676688,
  "WLHImagVolume_W1_p": 0.232748937,
  "WLHImagVolume_W2_p": 0.0006389262,
  "WLHImagVolume_W3_p": 11.4119020471,
  "WLHImagVolume_W4_p": 0.0767587198,
  "WLHImagVolume_r0_p": 0.4189838858,
  "WLHImagVolume_r1_p": 81.4497670695,
  "WLHImagVolume_r2_p": 0.8952992647,
  "WLHImagVolume_r3_p": 85.9631446208,
  "WLHImagVolume_r4_p": 0.3591709803,
  "WLHImagVolume_r5_p": 2.113e-07,
  "WLHImagVolume_a0_p": 0.5292755854,
  "WLHImagVolume_a1_p": 0.3460139006,
  "WLHImagVolume_a2_p": 21.1867247963,
  "WLHImagVolume_a3_p": 0.3670297229,
  "WLHImagVolume_a4_p": 0.0017351472,
  "WLHImagVolume_W0_n": 2.604220143,
  "WLHImagVolume_W1_n": 0.2045923144,
  "WLHImagVolume_W2_n": 0.0003799051,
  "WLHImagVolume_W3_n": 7.9581247574,
  "WLHImagVolume_W4_n": -0.0006889287,
  "WLHImagVolume_r0_n": 0.5660786995,
  "WLHImagVolume_r1_n": 85.8181804333,
  "WLHImagVolume_r2_n": 0.731734542,
  "WLHImagVolume_r3_n": 89.826190293,
  "WLHImagVolume_r4_n": 0.8944686352,
  "WLHImagVolume_r5_n": 3.9772e-06,
  "WLHImagVolume_a0_n": 0.2361035271,
  "WLHImagVolume_a1_n": 0.5842375488,
  "WLHImagVolume_a2_n": 7.4770318661,
  "WLHImagVolume_a3_n": 0.0685971726,
  "WLHImagVolume_a4_n": 0.00052673,
  "WLHImagSurface_W0_p": 1.2621814935,
  "WLHImagSurface_W1_p": 0.0754328794,
  "WLHImagSurface_W2_p": 1.5480645807,
  "WLHImagSurface_W3_p": 0.2716256516,
  "WLHImagSurface_r0_p": 1.1010483994,
  "WLHImagSurface_r1_p": 0.51778653,
  "WLHImagSurface_r2_p": 0.0034501524,
  "WLHImagSurface_a0_p": 0.93955197,
  "WLHImagSurface_W0_n": 1.3751458402,
  "WLHImagSurface_W1_n": 0.0338393476,
  "WLHImagSurface_W2_n": 1.8827615194,
  "WLHImagSurface_W3_n": 0.130238447,
  "WLHImagSurface_r0_n": 1.2986781787,
  "WLHImagSurface_r1_n": 1.4457900775,
  "WLHImagSurface_r2_n": 0.0027173322,
  "WLHImagSurface_a0_n": 0.8608530828,
  "WLHRealSpinOrbit_V0_p": 8.7524776388,
  "WLHRealSpinOrbit_V1_p": 0.0079018861,
  "WLHRealSpinOrbit_r0_p": 1.306073245,
  "WLHRealSpinOrbit_r1_p": 0.9047500169,
  "WLHRealSpinOrbit_a0_p": 0.8152006276,
  "WLHRealSpinOrbit_a1_p": 0.0003628003,
  "WLHRealSpinOrbit_V0_n": 9.5061599232,
  "WLHRealSpinOrbit_V1_n": 0.0085316365,
  "WLHRealSpinOrbit_r0_n": 1.2933753419,
  "WLHRealSpinOrbit_r1_n": 0.8878726231,
  "WLHRealSpinOrbit_a0_n": 0.814458597,
  "WLHRealSpinOrbit_a1_n": 0.0003638345
}