{
  "WLHReal_V0_p": 54.008287632,
  "WLHReal_V1_p": 0.2832841259,
  "WLHReal_V2_p": 0.000245758,
  "WLHReal_V3_p": 6.369e-07,
  "WLHReal_V4_p": 14.8460418042,
  "WLHReal_V5_p": 0.1216372485,
  "WLHReal_V6_p": 0.0001930329,
  "WLHReal_r0_p": 1.2526342158,
  "WLHReal_r1_p": 0.2409033986,
  "WLHReal_r2_p": 0.0006575264,
  "WLHReal_r3_p": 5.0561e-06,
  "WLHReal_a0_p": 0.7528107621,
  "WLHReal_a1_p": 9.83512e-05,
  "WLHReal_a2_p": 3.2658e-06,
  "WLHReal_a3_p": 0.0556332221,
  "WLHReal_a4_p": 0.5224954796,
  "WLHReal_V0_n": 52.7204916569,
  "WLHReal_V1_n": 0.292829974,
  "WLHReal_V2_n": -4.40789e-05,
  "WLHReal_V3_n": 2.1473e-06,
  "WLHReal_V4_n": 20.7366363685,
  "WLHReal_V5_n": 0.2741759011,
  "WLHReal_V6_n": 0.0008299707,
  "WLHReal_r0_n": 1.3099844252,
  "WLHReal_r1_n": 0.3770855529,
  "WLHReal_r2_n": 0.0006813317,
  "WLHReal_r3_n": 4.0801e-06,
  "WLHReal_a0_n": 0.7293836336,
  "WLHReal_a1_n": 0.0006089851,
  "WLHReal_a2_n": 4.6452e-06,
  "WLHReal_a3_n": 0.207547829,
  "WLHReal_a4_n": 0.7113873908,
  "WLHImagVolume_W0_p": 3.2559057152,
  "WLHImagVolume_W1_p": 0.1773861844,
  "WLHImagVolume_W2_p": 0.000103887,
  "WLHImagVolume_W3_p": 10.8718190109,
  "WLHImagVolume_W4_p": 0.058591105,
  "WLHImagVolume_r0_p": 0.7239082616,
  "WLHImagVolume_r1_p": 34.7889162594,
  "WLHImagVolume_r2_p": 0.4903683927,
  "WLHImagVolume_r3_p": 49.1613820862,
  "WLHImagVolume_r4_p": 0.7457682016,
  "WLHImagVolume_r5_p": 1.6113e-06,
  "WLHImagVolume_a0_p": 0.5312117608,
  "WLHImagVolume_a1_p": 0.2576090405,
  "WLHImagVolume_a2_p": 12.8073178157,
  "WLHImagVolume_a3_p": 0.3947767926,
  "WLHImagVolume_a4_p": 0.0020006073,
  "WLHImagVolume_W0_n": 2.3003376612,
  "WLHImagVolume_W1_n": 0.248171686,
  "WLHImagVolume_W2_n": 0.0005815471,
  "WLHImagVolume_W3_n": 7.5490923851,
  "WLHImagVolume_W4_n": 0.0340035175,
  "WLHImagVolume_r0_n": 0.4694906795,
  "WLHImagVolume_r1_n": 93.9659160951,
  "WLHImagVolume_r2_n": 0.8270126033,
  "WLHImagVolume_r3_n": 90.7370432189,
  "WLHImagVolume_r4_n": 0.8141754746,
  "WLHImagVolume_r5_n": 3.1234e-06,
  "WLHImagVolume_a0_n": 0.2125895614,
  "WLHImagVolume_a1_n": 0.6213224154,
  "WLHImagVolume_a2_n": 7.9554581399,
  "WLHImagVolume_a3_n": 0.0716758323,
  "WLHImagVolume_a4_n": 0.0007157703,
  "WLHImagSurface_W0_p": 0.9639067274,
  "WLHImagSurface_W1_p": 0.0310175884,
  "WLHImagSurface_W2_p": 0.9387094886,
  "WLHImagSurface_W3_p": 0.0971152365,
  "WLHImagSurface_r0_p": 0.9874145541,
  "WLHImagSurface_r1_p": 0.5381957295,
  "WLHImagSurface_r2_p": 0.0065421501,
  "WLHImagSurface_a0_p": 0.7424125633,
  "WLHImagSurface_W0_n": 1.8040195557,
  "WLHImagSurface_W1_n": 0.0428248433,
  "WLHImagSurface_W2_n": 3.1432678176,
  "WLHImagSurface_W3_n": 0.1626245495,
  "WLHImagSurface_r0_n": 1.3152038291,
  "WLHImagSurface_r1_n": 1.5023023063,
  "WLHImagSurface_r2_n": 0.003536025,
  "WLHImagSurface_a0_n": 0.8440753598,
  "WLHRealSpinOrbit_V0_p": 10.0937410478,
  "WLHRealSpinOrbit_V1_p": 0.0085405827,
  "WLHRealSpinOrbit_r0_p": 1.2345757963,
  "WLHRealSpinOrbit_r1_p": 0.8002721979,
  "WLHRealSpinOrbit_a0_p": 0.7724356787,
  "WLHRealSpinOrbit_a1_p": 0.0003615915,
  "WLHRealSpinOrbit_V0_n": 9.2706211874,
  "WLHRealSpinOrbit_V1_n": 0.0080818854,
  "WLHRealSpinOrbit_r0_n": 1.2768462622,
  "WLHRealSpinOrbit_r1_n": 0.8532688606,
  "WLHRealSpinOrbit_a0_n": 0.7941202805,
  "WLHRealSpinOrbit_a1_n": 0.0003747184
}