{
  "WLHReal_V0_p": 50.1829940803,
  "WLHReal_V1_p": 0.3069460323,
  "WLHReal_V2_p": -0.0004378954,
  "WLHReal_V3_p": 3.5493e-06,
  "WLHReal_V4_p": 11.1519333175,
  "WLHReal_V5_p": 0.1160612963,
  "WLHReal_V6_p": 0.0003751096,
  "WLHReal_r0_p": 1.3466228373,
  "WLHReal_r1_p": 0.2612661051,
  "WLHReal_r2_p": 0.0009495978,
  "WLHReal_r3_p": 8.9396e-06,
  "WLHReal_a0_p": 0.79093675,
  "WLHReal_a1_p": -8.52454e-05,
  "WLHReal_a2_p": 9.1242e-06,
  "WLHReal_a3_p": 0.0073895884,
  "WLHReal_a4_p": 0.5530511664,
  "WLHReal_V0_n": 53.5831409721,
  "WLHReal_V1_n": 0.2922137641,
  "WLHReal_V2_n": -0.000496067,
  "WLHReal_V3_n": 4.0264e-06,
  "WLHReal_V4_n": 20.5031406302,
  "WLHReal_V5_n": 0.310137405,
  "WLHReal_V6_n": 0.0012809998,
  "WLHReal_r0_n": 1.3234120598,
  "WLHReal_r1_n": 0.3721309144,
  "WLHReal_r2_n": 0.0009800861,
  "WLHReal_r3_n": 9.5064e-06,
  "WLHReal_a0_n": 0.7542318442,
  "WLHReal_a1_n": 0.0008900565,
  "WLHReal_a2_n": 1.20501e-05,
  "WLHReal_a3_n": 0.2525680756,
  "WLHReal_a4_n": 0.8678167584,
  "WLHImagVolume_W0_p": 4.5620195013,
  "WLHImagVolume_W1_p": 0.1871861637,
  "WLHImagVolume_W2_p": 0.0004130224,
  "WLHImagVolume_W3_p": 9.7191556242,
  "WLHImagVolume_W4_p": 0.0682919359,
  "WLHImagVolume_r0_p": 0.601773992,
  "WLHImagVolume_r1_p": 65.1510825946,
  "WLHImagVolume_r2_p": 0.7252856118,
  "WLHImagVolume_r3_p": 77.2688355137,
  "WLHImagVolume_r4_p": 0.4943025286,
  "WLHImagVolume_r5_p": 3.359e-07,
  "WLHImagVolume_a0_p": 0.5489998359,
  "WLHImagVolume_a1_p": 0.3183809867,
  "WLHImagVolume_a2_p": 19.3559325203,
  "WLHImagVolume_a3_p": 0.3797946601,
  "WLHImagVolume_a4_p": 0.001987296,
  "WLHImagVolume_W0_n": 3.4721120347,
  "WLHImagVolume_W1_n": 0.310407262,
  "WLHImagVolume_W2_n": 0.0006943719,
  "WLHImagVolume_W3_n": 9.8443327448,
  "WLHImagVolume_W4_n": 0.043115081,
  "WLHImagVolume_r0_n": 0.560621268,
  "WLHImagVolume_r1_n": 78.3018372293,
  "WLHImagVolume_r2_n": 0.7527893223,
  "WLHImagVolume_r3_n": 91.4718883318,
  "WLHImagVolume_r4_n": 0.9506544561,
  "WLHImagVolume_r5_n": 4.3343e-06,
  "WLHImagVolume_a0_n": 0.2737436465,
  "WLHImagVolume_a1_n": 0.5684026906,
  "WLHImagVolume_a2_n": 4.8436127602,
  "WLHImagVolume_a3_n": 0.0398683133,
  "WLHImagVolume_a4_n": 0.0006683778,
  "WLHImagSurface_W0_p": 0.9560948635,
  "WLHImagSurface_W1_p": 0.0422708364,
  "WLHImagSurface_W2_p": 0.5845606815,
  "WLHImagSurface_W3_p": 0.1374017387,
  "WLHImagSurface_r0_p": 0.9956946259,
  "WLHImagSurface_r1_p": 0.1742917026,
  "WLHImagSurface_r2_p": 0.0017259076,
  "WLHImagSurface_a0_p": 0.9220938609,
  "WLHImagSurface_W0_n": 1.9126207674,
  "WLHImagSurface_W1_n": 0.0544869977,
  "WLHImagSurface_W2_n": 3.0598324233,
  "WLHImagSurface_W3_n": 0.1893175701,
  "WLHImagSurface_r0_n": 1.288778841,
  "WLHImagSurface_r1_n": 1.6035218363,
  "WLHImagSurface_r2_n": 0.0028831671,
  "WLHImagSurface_a0_n": 0.8566241591,
  "WLHRealSpinOrbit_V0_p": 8.8908658243,
  "WLHRealSpinOrbit_V1_p": 0.0082527183,
  "WLHRealSpinOrbit_r0_p": 1.3249952252,
  "WLHRealSpinOrbit_r1_p": 0.938345315,
  "WLHRealSpinOrbit_a0_p": 0.8347721773,
  "WLHRealSpinOrbit_a1_p": 0.0003584119,
  "WLHRealSpinOrbit_V0_n": 9.5004056955,
  "WLHRealSpinOrbit_V1_n": 0.0086452896,
  "WLHRealSpinOrbit_r0_n": 1.2993850111,
  "WLHRealSpinOrbit_r1_n": 0.9082292588,
  "WLHRealSpinOrbit_a0_n": 0.8224473917,
  "WLHRealSpinOrbit_a1_n": 0.0003409859
}