{
  "WLHReal_V0_p": 55.9930924287,
  "WLHReal_V1_p": 0.3066869467,
  "WLHReal_V2_p": 0.0009197597,
  "WLHReal_V3_p": -6.362e-07,
  "WLHReal_V4_p": 15.7794114611,
  "WLHReal_V5_p": 0.1256093569,
  "WLHReal_V6_p": -3.06749e-05,
  "WLHReal_r0_p": 1.219059162,
  "WLHReal_r1_p": 0.2945051397,
  "WLHReal_r2_p": 0.000354554,
  "WLHReal_r3_p": -1.3653e-06,
  "WLHReal_a0_p": 0.7296655853,
  "WLHReal_a1_p": 0.0001443716,
  "WLHReal_a2_p": -2.1541e-06,
  "WLHReal_a3_p": 0.119373256,
  "WLHReal_a4_p": 0.5226072266,
  "WLHReal_V0_n": 48.4253867627,
  "WLHReal_V1_n": 0.2535004188,
  "WLHReal_V2_n": -0.0008412894,
  "WLHReal_V3_n": 4.2312e-06,
  "WLHReal_V4_n": 21.2445529148,
  "WLHReal_V5_n": 0.3068751812,
  "WLHReal_V6_n": 0.0015913862,
  "WLHReal_r0_n": 1.3231145954,
  "WLHReal_r1_n": 0.2187410511,
  "WLHReal_r2_n": 0.0013518377,
  "WLHReal_r3_n": 1.69847e-05,
  "WLHReal_a0_n": 0.7660189065,
  "WLHReal_a1_n": 0.001503277,
  "WLHReal_a2_n": 2.11254e-05,
  "WLHReal_a3_n": 0.4194739576,
  "WLHReal_a4_n": 1.1796626664,
  "WLHImagVolume_W0_p": 2.0130486636,
  "WLHImagVolume_W1_p": 0.17612116,
  "WLHImagVolume_W2_p": 0.0002466511,
  "WLHImagVolume_W3_p": 12.3043488401,
  "WLHImagVolume_W4_p": 0.0465627373,
  "WLHImagVolume_r0_p": 0.4949111233,
  "WLHImagVolume_r1_p": 58.2578584097,
  "WLHImagVolume_r2_p": 0.6749236716,
  "WLHImagVolume_r3_p": 64.0513881678,
  "WLHImagVolume_r4_p": 0.5863142849,
  "WLHImagVolume_r5_p": 1.7828e-06,
  "WLHImagVolume_a0_p": 0.459210709,
  "WLHImagVolume_a1_p": 0.310722369,
  "WLHImagVolume_a2_p": 16.5734922686,
  "WLHImagVolume_a3_p": 0.3279558145,
  "WLHImagVolume_a4_p": 0.0008869505,
  "WLHImagVolume_W0_n": 3.0794542393,
  "WLHImagVolume_W1_n": 0.184651612,
  "WLHImagVolume_W2_n": 0.0003410305,
  "WLHImagVolume_W3_n": 8.5219483472,
  "WLHImagVolume_W4_n": -0.0283493561,
  "WLHImagVolume_r0_n": 0.6215308798,
  "WLHImagVolume_r1_n": 87.6069663728,
  "WLHImagVolume_r2_n": 0.6969966776,
  "WLHImagVolume_r3_n": 97.3171625852,
  "WLHImagVolume_r4_n": 0.9192032401,
  "WLHImagVolume_r5_n": 4.7362e-06,
  "WLHImagVolume_a0_n": 0.2661412628,
  "WLHImagVolume_a1_n": 0.5480687921,
  "WLHImagVolume_a2_n": 6.1187499962,
  "WLHImagVolume_a3_n": 0.0597897786,
  "WLHImagVolume_a4_n": 0.0002503771,
  "WLHImagSurface_W0_p": 1.5120787807,
  "WLHImagSurface_W1_p": 0.0776270382,
  "WLHImagSurface_W2_p": 2.2724772969,
  "WLHImagSurface_W3_p": 0.2695777307,
  "WLHImagSurface_r0_p": 1.2182031607,
  "WLHImagSurface_r1_p": 1.042479775,
  "WLHImagSurface_r2_p": 0.0108898063,
  "WLHImagSurface_a0_p": 0.8372991605,
  "WLHImagSurface_W0_n": 1.1710204861,
  "WLHImagSurface_W1_n": 0.0369795195,
  "WLHImagSurface_W2_n": 1.2451284117,
  "WLHImagSurface_W3_n": 0.1375870645,
  "WLHImagSurface_r0_n": 1.3011479449,
  "WLHImagSurface_r1_n": 1.4888997918,
  "WLHImagSurface_r2_n": 0.001811199,
  "WLHImagSurface_a0_n": 0.8827825001,
  "WLHRealSpinOrbit_V0_p": 10.0704174958,
  "WLHRealSpinOrbit_V1_p": 0.0079315462,
  "WLHRealSpinOrbit_r0_p": 1.1813854113,
  "WLHRealSpinOrbit_r1_p": 0.7081687221,
  "WLHRealSpinOrbit_a0_p": 0.7236489199,
  "WLHRealSpinOrbit_a1_p": 0.0003796366,
  "WLHRealSpinOrbit_V0_n": 9.4712996924,
  "WLHRealSpinOrbit_V1_n": 0.0088701201,
  "WLHRealSpinOrbit_r0_n": 1.3259793114,
  "WLHRealSpinOrbit_r1_n": 0.9464301436,
  "WLHRealSpinOrbit_a0_n": 0.8448747683,
  "WLHRealSpinOrbit_a1_n": 0.0003516957
}