{
  "WLHReal_V0_p": 59.0443642714,
  "WLHReal_V1_p": 0.3387263248,
  "WLHReal_V2_p": 0.0005664457,
  "WLHReal_V3_p": -6.587e-07,
  "WLHReal_V4_p": 13.9122918315,
  "WLHReal_V5_p": 0.1424669169,
  "WLHReal_V6_p": 0.0001450458,
  "WLHReal_r0_p": 1.2398294836,
  "WLHReal_r1_p": 0.3179301202,
  "WLHReal_r2_p": 0.0007426047,
  "WLHReal_r3_p": 2.745e-06,
  "WLHReal_a0_p": 0.7656736491,
  "WLHReal_a1_p": 0.0003164095,
  "WLHReal_a2_p": 6.096e-07,
  "WLHReal_a3_p": 0.1408196201,
  "WLHReal_a4_p": 0.659422868,
  "WLHReal_V0_n": 45.7862855533,
  "WLHReal_V1_n": 0.2141338793,
  "WLHReal_V2_n": -0.0015196387,
  "WLHReal_V3_n": 6.2102e-06,
  "WLHReal_V4_n": 20.8645616368,
  "WLHReal_V5_n": 0.3534142929,
  "WLHReal_V6_n": 0.0020956309,
  "WLHReal_r0_n": 1.3972377568,
  "WLHReal_r1_n": 0.3094222316,
  "WLHReal_r2_n": 0.0015873798,
  "WLHReal_r3_n": 2.15832e-05,
  "WLHReal_a0_n": 0.7935966757,
  "WLHReal_a1_n": 0.0018372395,
  "WLHReal_a2_n": 2.74444e-05,
  "WLHReal_a3_n": 0.4239220446,
  "WLHReal_a4_n": 1.2194327114,
  "WLHImagVolume_W0_p": 3.9078130083,
  "WLHImagVolume_W1_p": 0.3030245468,
  "WLHImagVolume_W2_p": 0.0005532798,
  "WLHImagVolume_W3_p": 15.9745597468,
  "WLHImagVolume_W4_p": 0.0843750822,
  "WLHImagVolume_r0_p": 0.5156801955,
  "WLHImagVolume_r1_p": 55.8713578396,
  "WLHImagVolume_r2_p": 0.6702107761,
  "WLHImagVolume_r3_p": 64.4450503282,
  "WLHImagVolume_r4_p": 0.663363624,
  "WLHImagVolume_r5_p": 2.0142e-06,
  "WLHImagVolume_a0_p": 0.5278314264,
  "WLHImagVolume_a1_p": 0.2755521,
  "WLHImagVolume_a2_p": 13.7328661159,
  "WLHImagVolume_a3_p": 0.4111855047,
  "WLHImagVolume_a4_p": 0.002127003,
  "WLHImagVolume_W0_n": 3.3768670849,
  "WLHImagVolume_W1_n": 0.2065073123,
  "WLHImagVolume_W2_n": 0.0004230827,
  "WLHImagVolume_W3_n": 8.6948688303,
  "WLHImagVolume_W4_n": -0.0505852508,
  "WLHImagVolume_r0_n": 0.6364763374,
  "WLHImagVolume_r1_n": 90.0384010507,
  "WLHImagVolume_r2_n": 0.7466549913,
  "WLHImagVolume_r3_n": 107.9358171595,
  "WLHImagVolume_r4_n": 0.9954971117,
  "WLHImagVolume_r5_n": 6.8379e-06,
  "WLHImagVolume_a0_n": 0.332423947,
  "WLHImagVolume_a1_n": 0.5204944857,
  "WLHImagVolume_a2_n": 4.7790256323,
  "WLHImagVolume_a3_n": 0.0915180157,
  "WLHImagVolume_a4_n": 0.0006808816,
  "WLHImagSurface_W0_p": 1.0846311817,
  "WLHImagSurface_W1_p": 0.0464085854,
  "WLHImagSurface_W2_p": 1.0845486809,
  "WLHImagSurface_W3_p": 0.164971328,
  "WLHImagSurface_r0_p": 1.0820035791,
  "WLHImagSurface_r1_p": 1.0164294969,
  "WLHImagSurface_r2_p": 0.0078146282,
  "WLHImagSurface_a0_p": 0.7582752555,
  "WLHImagSurface_W0_n": 0.9082167227,
  "WLHImagSurface_W1_n": 0.0446835047,
  "WLHImagSurface_W2_n": 1.4065408672,
  "WLHImagSurface_W3_n": 0.1860499785,
  "WLHImagSurface_r0_n": 1.313520723,
  "WLHImagSurface_r1_n": 1.6028826575,
  "WLHImagSurface_r2_n": 0.000553151,
  "WLHImagSurface_a0_n": 0.9153505403,
  "WLHRealSpinOrbit_V0_p": 10.2635290822,
  "WLHRealSpinOrbit_V1_p": 0.0084557641,
  "WLHRealSpinOrbit_r0_p": 1.1962708549,
  "WLHRealSpinOrbit_r1_p": 0.7646239516,
  "WLHRealSpinOrbit_a0_p": 0.7492194797,
  "WLHRealSpinOrbit_a1_p": 0.0003223332,
  "WLHRealSpinOrbit_V0_n": 9.04716879,
  "WLHRealSpinOrbit_V1_n": 0.0090130371,
  "WLHRealSpinOrbit_r0_n": 1.393605007,
  "WLHRealSpinOrbit_r1_n": 1.0309114334,
  "WLHRealSpinOrbit_a0_n": 0.8901279134,
  "WLHRealSpinOrbit_a1_n": 0.0003765815
}