{
  "WLHReal_V0_p": 54.5142798692,
  "WLHReal_V1_p": 0.3310432799,
  "WLHReal_V2_p": 0.0003627477,
  "WLHReal_V3_p": 9.651e-07,
  "WLHReal_V4_p": 12.9267595468,
  "WLHReal_V5_p": 0.1209761251,
  "WLHReal_V6_p": 0.0001333971,
  "WLHReal_r0_p": 1.275068596,
  "WLHReal_r1_p": 0.2804440308,
  "WLHReal_r2_p": 0.0007362437,
  "WLHReal_r3_p": 3.8559e-06,
  "WLHReal_a0_p": 0.7640371808,
  "WLHReal_a1_p": 6.24837e-05,
  "WLHReal_a2_p": 2.8525e-06,
  "WLHReal_a3_p": 0.0938014353,
  "WLHReal_a4_p": 0.6000367302,
  "WLHReal_V0_n": 56.8036424227,
  "WLHReal_V1_n": 0.3227230277,
  "WLHReal_V2_n": 0.0006253572,
  "WLHReal_V3_n": -4.396e-07,
  "WLHReal_V4_n": 21.5702745217,
  "WLHReal_V5_n": 0.2310426423,
  "WLHReal_V6_n": 0.0003315691,
  "WLHReal_r0_n": 1.2249602192,
  "WLHReal_r1_n": 0.2984488329,
  "WLHReal_r2_n": 0.0004086441,
  "WLHReal_r3_n": 5.5e-08,
  "WLHReal_a0_n": 0.7021909024,
  "WLHReal_a1_n": 0.0001349751,
  "WLHReal_a2_n": -2.1527e-06,
  "WLHReal_a3_n": 0.1920395986,
  "WLHReal_a4_n": 0.644241532,
  "WLHImagVolume_W0_p": 3.4402550909,
  "WLHImagVolume_W1_p": 0.2180288298,
  "WLHImagVolume_W2_p": 0.0004991917,
  "WLHImagVolume_W3_p": 12.8433413706,
  "WLHImagVolume_W4_p": 0.0627859418,
  "WLHImagVolume_r0_p": 0.4688973188,
  "WLHImagVolume_r1_p": 73.2260051503,
  "WLHImagVolume_r2_p": 0.772862537,
  "WLHImagVolume_r3_p": 80.9072100522,
  "WLHImagVolume_r4_p": 0.501002806,
  "WLHImagVolume_r5_p": 8.598e-07,
  "WLHImagVolume_a0_p": 0.4944458395,
  "WLHImagVolume_a1_p": 0.3303623899,
  "WLHImagVolume_a2_p": 19.2515324162,
  "WLHImagVolume_a3_p": 0.3476613211,
  "WLHImagVolume_a4_p": 0.0013110219,
  "WLHImagVolume_W0_n": 2.2798342509,
  "WLHImagVolume_W1_n": 0.2497685421,
  "WLHImagVolume_W2_n": 0.0004175176,
  "WLHImagVolume_W3_n": 8.2465182931,
  "WLHImagVolume_W4_n": 0.0646138034,
  "WLHImagVolume_r0_n": 0.5254958493,
  "WLHImagVolume_r1_n": 70.9845837805,
  "WLHImagVolume_r2_n": 0.6941569818,
  "WLHImagVolume_r3_n": 68.9798018928,
  "WLHImagVolume_r4_n": 0.8771383096,
  "WLHImagVolume_r5_n": 1.3626e-06,
  "WLHImagVolume_a0_n": 0.1690221676,
  "WLHImagVolume_a1_n": 0.6322255906,
  "WLHImagVolume_a2_n": 8.9925662497,
  "WLHImagVolume_a3_n": 0.0380060937,
  "WLHImagVolume_a4_n": 0.0005731139,
  "WLHImagSurface_W0_p": 1.278838102,
  "WLHImagSurface_W1_p": 0.0635332022,
  "WLHImagSurface_W2_p": 1.2977549343,
  "WLHImagSurface_W3_p": 0.215282654,
  "WLHImagSurface_r0_p": 1.1624597588,
  "WLHImagSurface_r1_p": 0.7532653725,
  "WLHImagSurface_r2_p": 0.0066711899,
  "WLHImagSurface_a0_p": 0.9268301274,
  "WLHImagSurface_W0_n": 1.943868471,
  "WLHImagSurface_W1_n": 0.0279108354,
  "WLHImagSurface_W2_n": 2.6056378869,
  "WLHImagSurface_W3_n": 0.0893278174,
  "WLHImagSurface_r0_n": 1.2673298689,
  "WLHImagSurface_r1_n": 1.3313698316,
  "WLHImagSurface_r2_n": 0.0047924098,
  "WLHImagSurface_a0_n": 0.8067028663,
  "WLHRealSpinOrbit_V0_p": 9.4971839644,
  "WLHRealSpinOrbit_V1_p": 0.0080384583,
  "WLHRealSpinOrbit_r0_p": 1.2399359624,
  "WLHRealSpinOrbit_r1_p": 0.8137907176,
  "WLHRealSpinOrbit_a0_p": 0.7718216653,
  "WLHRealSpinOrbit_a1_p": 0.0003517694,
  "WLHRealSpinOrbit_V0_n": 10.0754632549,
  "WLHRealSpinOrbit_V1_n": 0.0082289452,
  "WLHRealSpinOrbit_r0_n": 1.1981037921,
  "WLHRealSpinOrbit_r1_n": 0.7564863059,
  "WLHRealSpinOrbit_a0_n": 0.7452046594,
  "WLHRealSpinOrbit_a1_n": 0.0003415752
}