{
  "WLHReal_V0_p": 51.0502955802,
  "WLHReal_V1_p": 0.2867760656,
  "WLHReal_V2_p": -0.0008735653,
  "WLHReal_V3_p": 4.7744e-06,
  "WLHReal_V4_p": 11.0602646027,
  "WLHReal_V5_p": 0.135912006,
  "WLHReal_V6_p": 0.0005860995,
  "WLHReal_r0_p": 1.3688144385,
  "WLHReal_r1_p": 0.291412787,
  "WLHReal_r2_p": 0.0010657928,
  "WLHReal_r3_p": 1.25411e-05,
  "WLHReal_a0_p": 0.8114383839,
  "WLHReal_a1_p": 5.93723e-05,
  "WLHReal_a2_p": 1.03419e-05,
  "WLHReal_a3_p": -0.0209803202,
  "WLHReal_a4_p": 0.5504509094,
  "WLHReal_V0_n": 56.3720146841,
  "WLHReal_V1_n": 0.3335131671,
  "WLHReal_V2_n": 0.0002554517,
  "WLHReal_V3_n": 1.0188e-06,
  "WLHReal_V4_n": 20.868234422,
  "WLHReal_V5_n": 0.2594324237,
  "WLHReal_V6_n": 0.0007051606,
  "WLHReal_r0_n": 1.248190521,
  "WLHReal_r1_n": 0.2914422829,
  "WLHReal_r2_n": 0.0006859596,
  "WLHReal_r3_n": 4.4024e-06,
  "WLHReal_a0_n": 0.7229535242,
  "WLHReal_a1_n": 0.0004880424,
  "WLHReal_a2_n": 3.7527e-06,
  "WLHReal_a3_n": 0.2328995096,
  "WLHReal_a4_n": 0.790365521,
  "WLHImagVolume_W0_p": 5.8242669651,
  "WLHImagVolume_W1_p": 0.2379520279,
  "WLHImagVolume_W2_p": 0.0003407264,
  "WLHImagVolume_W3_p": 9.8394622304,
  "WLHImagVolume_W4_p": 0.0929712522,
  "WLHImagVolume_r0_p": 0.7750248924,
  "WLHImagVolume_r1_p": 36.8454645394,
  "WLHImagVolume_r2_p": 0.5615490073,
  "WLHImagVolume_r3_p": 53.2872426648,
  "WLHImagVolume_r4_p": 0.6652803152,
  "WLHImagVolume_r5_p": 9.922e-07,
  "WLHImagVolume_a0_p": 0.628265181,
  "WLHImagVolume_a1_p": 0.2471810113,
  "WLHImagVolume_a2_p": 13.2585718062,
  "WLHImagVolume_a3_p": 0.472036664,
  "WLHImagVolume_a4_p": 0.0033884075,
  "WLHImagVolume_W0_n": 3.0442703521,
  "WLHImagVolume_W1_n": 0.2875326479,
  "WLHImagVolume_W2_n": 0.0006176342,
  "WLHImagVolume_W3_n": 9.4427669371,
  "WLHImagVolume_W4_n": 0.0679462094,
  "WLHImagVolume_r0_n": 0.5302434228,
  "WLHImagVolume_r1_n": 77.4750677113,
  "WLHImagVolume_r2_n": 0.7166252714,
  "WLHImagVolume_r3_n": 80.5418703797,
  "WLHImagVolume_r4_n": 0.8585115665,
  "WLHImagVolume_r5_n": 1.9515e-06,
  "WLHImagVolume_a0_n": 0.2003492366,
  "WLHImagVolume_a1_n": 0.603887013,
  "WLHImagVolume_a2_n": 6.5111438376,
  "WLHImagVolume_a3_n": 0.0114904392,
  "WLHImagVolume_a4_n": 0.0002708595,
  "WLHImagSurface_W0_p": 0.5111731951,
  "WLHImagSurface_W1_p": 0.0091884867,
  "WLHImagSurface_W2_p": -0.0443274337,
  "WLHImagSurface_W3_p": 0.0306937207,
  "WLHImagSurface_r0_p": 0.7669842901,
  "WLHImagSurface_r1_p": -0.0374153544,
  "WLHImagSurface_r2_p": -0.000906506,
  "WLHImagSurface_a0_p": 0.7231202926,
  "WLHImagSurface_W0_n": 2.2006472077,
  "WLHImagSurface_W1_n": 0.0463067761,
  "WLHImagSurface_W2_n": 3.0131654085,
  "WLHImagSurface_W3_n": 0.1406970262,
  "WLHImagSurface_r0_n": 1.2793718467,
  "WLHImagSurface_r1_n": 1.4837063815,
  "WLHImagSurface_r2_n": 0.004276962,
  "WLHImagSurface_a0_n": 0.8212248967,
  "WLHRealSpinOrbit_V0_p": 9.2021952157,
  "WLHRealSpinOrbit_V1_p": 0.0088468543,
  "WLHRealSpinOrbit_r0_p": 1.3495801582,
  "WLHRealSpinOrbit_r1_p": 0.9844817423,
  "WLHRealSpinOrbit_a0_p": 0.8614449259,
  "WLHRealSpinOrbit_a1_p": 0.0003416938,
  "WLHRealSpinOrbit_V0_n": 9.8915105391,
  "WLHRealSpinOrbit_V1_n": 0.0084166447,
  "WLHRealSpinOrbit_r0_n": 1.2278992857,
  "WLHRealSpinOrbit_r1_n": 0.8151123526,
  "WLHRealSpinOrbit_a0_n": 0.7725990211,
  "WLHRealSpinOrbit_a1_n": 0.0003199068
}