{
  "WLHReal_V0_p": 53.1480014499,
  "WLHReal_V1_p": 0.3089951247,
  "WLHReal_V2_p": 0.0003995493,
  "WLHReal_V3_p": 3.155e-07,
  "WLHReal_V4_p": 13.8993571012,
  "WLHReal_V5_p": 0.1090414224,
  "WLHReal_V6_p": 9.48917e-05,
  "WLHReal_r0_p": 1.2579585208,
  "WLHReal_r1_p": 0.2306476858,
  "WLHReal_r2_p": 0.0006765727,
  "WLHReal_r3_p": 4.2191e-06,
  "WLHReal_a0_p": 0.7502731361,
  "WLHReal_a1_p": -1.53858e-05,
  "WLHReal_a2_p": 3.37e-06,
  "WLHReal_a3_p": 0.072725857,
  "WLHReal_a4_p": 0.551281053,
  "WLHReal_V0_n": 50.4758829852,
  "WLHReal_V1_n": 0.2636291999,
  "WLHReal_V2_n": -0.0005202125,
  "WLHReal_V3_n": 3.2357e-06,
  "WLHReal_V4_n": 21.5119275691,
  "WLHReal_V5_n": 0.2898053622,
  "WLHReal_V6_n": 0.0013118755,
  "WLHReal_r0_n": 1.2975508622,
  "WLHReal_r1_n": 0.2341082237,
  "WLHReal_r2_n": 0.001136806,
  "WLHReal_r3_n": 1.33019e-05,
  "WLHReal_a0_n": 0.7516522334,
  "WLHReal_a1_n": 0.0011706792,
  "WLHReal_a2_n": 1.55724e-05,
  "WLHReal_a3_n": 0.3711920511,
  "WLHReal_a4_n": 1.0597826315,
  "WLHImagVolume_W0_p": 2.8396438225,
  "WLHImagVolume_W1_p": 0.1620937881,
  "WLHImagVolume_W2_p": 0.0002758435,
  "WLHImagVolume_W3_p": 11.1753065376,
  "WLHImagVolume_W4_p": 0.0479421619,
  "WLHImagVolume_r0_p": 0.5627569161,
  "WLHImagVolume_r1_p": 62.6213814638,
  "WLHImagVolume_r2_p": 0.6685315508,
  "WLHImagVolume_r3_p": 73.2979297229,
  "WLHImagVolume_r4_p": 0.5712395375,
  "WLHImagVolume_r5_p": 1.3787e-06,
  "WLHImagVolume_a0_p": 0.4841678632,
  "WLHImagVolume_a1_p": 0.3195542944,
  "WLHImagVolume_a2_p": 18.3768039058,
  "WLHImagVolume_a3_p": 0.3339442549,
  "WLHImagVolume_a4_p": 0.001112946,
  "WLHImagVolume_W0_n": 2.9287537473,
  "WLHImagVolume_W1_n": 0.1985984306,
  "WLHImagVolume_W2_n": 0.0003088472,
  "WLHImagVolume_W3_n": 8.5951797376,
  "WLHImagVolume_W4_n": -0.0087758219,
  "WLHImagVolume_r0_n": 0.6231775375,
  "WLHImagVolume_r1_n": 78.1146089278,
  "WLHImagVolume_r2_n": 0.6692155897,
  "WLHImagVolume_r3_n": 87.5861633278,
  "WLHImagVolume_r4_n": 0.9499790355,
  "WLHImagVolume_r5_n": 3.7183e-06,
  "WLHImagVolume_a0_n": 0.249701054,
  "WLHImagVolume_a1_n": 0.5622600082,
  "WLHImagVolume_a2_n": 6.8386078179,
  "WLHImagVolume_a3_n": 0.0568003662,
  "WLHImagVolume_a4_n": 0.0004036698,
  "WLHImagSurface_W0_p": 1.2505358185,
  "WLHImagSurface_W1_p": 0.0553244912,
  "WLHImagSurface_W2_p": 1.2186126545,
  "WLHImagSurface_W3_p": 0.1771891328,
  "WLHImagSurface_r0_p": 1.1466066993,
  "WLHImagSurface_r1_p": 0.6390238482,
  "WLHImagSurface_r2_p": 0.0072026875,
  "WLHImagSurface_a0_p": 0.9171221767,
  "WLHImagSurface_W0_n": 1.2600408892,
  "WLHImagSurface_W1_n": 0.0312692441,
  "WLHImagSurface_W2_n": 1.3399504267,
  "WLHImagSurface_W3_n": 0.115260489,
  "WLHImagSurface_r0_n": 1.2834701557,
  "WLHImagSurface_r1_n": 1.425795286,
  "WLHImagSurface_r2_n": 0.0024415943,
  "WLHImagSurface_a0_n": 0.8651792312,
  "WLHRealSpinOrbit_V0_p": 9.640727409,
  "WLHRealSpinOrbit_V1_p": 0.0080952282,
  "WLHRealSpinOrbit_r0_p": 1.235310669,
  "WLHRealSpinOrbit_r1_p": 0.7995982904,
  "WLHRealSpinOrbit_a0_p": 0.7675216454,
  "WLHRealSpinOrbit_a1_p": 0.0003663737,
  "WLHRealSpinOrbit_V0_n": 9.7197276473,
  "WLHRealSpinOrbit_V1_n": 0.0088133008,
  "WLHRealSpinOrbit_r0_n": 1.2945738526,
  "WLHRealSpinOrbit_r1_n": 0.9001181151,
  "WLHRealSpinOrbit_a0_n": 0.8216537939,
  "WLHRealSpinOrbit_a1_n": 0.0003486624
}