{
  "WLHReal_V0_p": 58.7319386278,
  "WLHReal_V1_p": 0.3076199337,
  "WLHReal_V2_p": 0.0010659584,
  "WLHReal_V3_p": -2.577e-06,
  "WLHReal_V4_p": 16.6332099451,
  "WLHReal_V5_p": 0.1366845129,
  "WLHReal_V6_p": -3.34772e-05,
  "WLHReal_r0_p": 1.1909528963,
  "WLHReal_r1_p": 0.3056180413,
  "WLHReal_r2_p": 0.0003536666,
  "WLHReal_r3_p": -2.6997e-06,
  "WLHReal_a0_p": 0.7277695952,
  "WLHReal_a1_p": 0.0002948785,
  "WLHReal_a2_p": -4.0282e-06,
  "WLHReal_a3_p": 0.1466205004,
  "WLHReal_a4_p": 0.5543725013,
  "WLHReal_V0_n": 46.2419737809,
  "WLHReal_V1_n": 0.2224046194,
  "WLHReal_V2_n": -0.0014952922,
  "WLHReal_V3_n": 6.0079e-06,
  "WLHReal_V4_n": 21.3942787679,
  "WLHReal_V5_n": 0.3437534089,
  "WLHReal_V6_n": 0.0021762655,
  "WLHReal_r0_n": 1.3518309359,
  "WLHReal_r1_n": 0.1781620498,
  "WLHReal_r2_n": 0.0017748044,
  "WLHReal_r3_n": 2.49971e-05,
  "WLHReal_a0_n": 0.7958580242,
  "WLHReal_a1_n": 0.0020275154,
  "WLHReal_a2_n": 3.18416e-05,
  "WLHReal_a3_n": 0.521059271,
  "WLHReal_a4_n": 1.4250417825,
  "WLHImagVolume_W0_p": 2.1964278962,
  "WLHImagVolume_W1_p": 0.2208667487,
  "WLHImagVolume_W2_p": 0.0002357924,
  "WLHImagVolume_W3_p": 14.075472428,
  "WLHImagVolume_W4_p": 0.0576135177,
  "WLHImagVolume_r0_p": 0.5477517482,
  "WLHImagVolume_r1_p": 44.5130827939,
  "WLHImagVolume_r2_p": 0.582277202,
  "WLHImagVolume_r3_p": 51.7187534009,
  "WLHImagVolume_r4_p": 0.7120378126,
  "WLHImagVolume_r5_p": 2.4968e-06,
  "WLHImagVolume_a0_p": 0.4789746665,
  "WLHImagVolume_a1_p": 0.2719260997,
  "WLHImagVolume_a2_p": 12.7224356861,
  "WLHImagVolume_a3_p": 0.367056774,
  "WLHImagVolume_a4_p": 0.0013832765,
  "WLHImagVolume_W0_n": 3.8239040258,
  "WLHImagVolume_W1_n": 0.1819610947,
  "WLHImagVolume_W2_n": 0.0002678813,
  "WLHImagVolume_W3_n": 9.6827061013,
  "WLHImagVolume_W4_n": -0.0585551332,
  "WLHImagVolume_r0_n": 0.7270911544,
  "WLHImagVolume_r1_n": 77.889993123,
  "WLHImagVolume_r2_n": 0.6216682928,
  "WLHImagVolume_r3_n": 101.2550438057,
  "WLHImagVolume_r4_n": 1.0466564363,
  "WLHImagVolume_r5_n": 6.4934e-06,
  "WLHImagVolume_a0_n": 0.3275726458,
  "WLHImagVolume_a1_n": 0.4927066903,
  "WLHImagVolume_a2_n": 4.1670578057,
  "WLHImagVolume_a3_n": 0.0567318533,
  "WLHImagVolume_a4_n": 0.0002249981,
  "WLHImagSurface_W0_p": 1.3708179949,
  "WLHImagSurface_W1_p": 0.0636524173,
  "WLHImagSurface_W2_p": 2.0783883281,
  "WLHImagSurface_W3_p": 0.2243752745,
  "WLHImagSurface_r0_p": 1.1616273205,
  "WLHImagSurface_r1_p": 1.1915903135,
  "WLHImagSurface_r2_p": 0.0117547085,
  "WLHImagSurface_a0_p": 0.7251524627,
  "WLHImagSurface_W0_n": 0.8140416883,
  "WLHImagSurface_W1_n": 0.0378223665,
  "WLHImagSurface_W2_n": 0.3683673373,
  "WLHImagSurface_W3_n": 0.1419679984,
  "WLHImagSurface_r0_n": 1.2856141982,
  "WLHImagSurface_r1_n": 1.5278353541,
  "WLHImagSurface_r2_n": 0.0005349433,
  "WLHImagSurface_a0_n": 0.911255239,
  "WLHRealSpinOrbit_V0_p": 10.6197686815,
  "WLHRealSpinOrbit_V1_p": 0.008228742,
  "WLHRealSpinOrbit_r0_p": 1.1508289347,
  "WLHRealSpinOrbit_r1_p": 0.6723286033,
  "WLHRealSpinOrbit_a0_p": 0.7076072084,
  "WLHRealSpinOrbit_a1_p": 0.0003624668,
  "WLHRealSpinOrbit_V0_n": 9.5603809143,
  "WLHRealSpinOrbit_V1_n": 0.0094409002,
  "WLHRealSpinOrbit_r0_n": 1.3704385995,
  "WLHRealSpinOrbit_r1_n": 1.022080655,
  "WLHRealSpinOrbit_a0_n": 0.8861271024,
  "WLHRealSpinOrbit_a1_n": 0.0003403403
}