{
  "WLHReal_V0_p": 54.909065352,
  "WLHReal_V1_p": 0.3249902205,
  "WLHReal_V2_p": 0.000548998,
  "WLHReal_V3_p": -2.394e-07,
  "WLHReal_V4_p": 13.7698753512,
  "WLHReal_V5_p": 0.1212092499,
  "WLHReal_V6_p": 7.36404e-05,
  "WLHReal_r0_p": 1.2572586806,
  "WLHReal_r1_p": 0.2824670406,
  "WLHReal_r2_p": 0.0006194084,
  "WLHReal_r3_p": 2.2535e-06,
  "WLHReal_a0_p": 0.7528653611,
  "WLHReal_a1_p": 7.89017e-05,
  "WLHReal_a2_p": 1.5135e-06,
  "WLHReal_a3_p": 0.1028615277,
  "WLHReal_a4_p": 0.5778574695,
  "WLHReal_V0_n": 50.4961158606,
  "WLHReal_V1_n": 0.2632675938,
  "WLHReal_V2_n": -0.0009527247,
  "WLHReal_V3_n": 4.2211e-06,
  "WLHReal_V4_n": 20.8069853277,
  "WLHReal_V5_n": 0.3274870035,
  "WLHReal_V6_n": 0.0016901216,
  "WLHReal_r0_n": 1.3388796246,
  "WLHReal_r1_n": 0.2953735343,
  "WLHReal_r2_n": 0.0013321386,
  "WLHReal_r3_n": 1.61963e-05,
  "WLHReal_a0_n": 0.7736474326,
  "WLHReal_a1_n": 0.0013898702,
  "WLHReal_a2_n": 2.02033e-05,
  "WLHReal_a3_n": 0.3652071184,
  "WLHReal_a4_n": 1.1071903654,
  "WLHImagVolume_W0_p": 2.9559551682,
  "WLHImagVolume_W1_p": 0.2031383247,
  "WLHImagVolume_W2_p": 0.0004285204,
  "WLHImagVolume_W3_p": 12.6867376512,
  "WLHImagVolume_W4_p": 0.0567293935,
  "WLHImagVolume_r0_p": 0.4680760171,
  "WLHImagVolume_r1_p": 70.2656136632,
  "WLHImagVolume_r2_p": 0.7519401655,
  "WLHImagVolume_r3_p": 77.2043831665,
  "WLHImagVolume_r4_p": 0.5179565627,
  "WLHImagVolume_r5_p": 1.7051e-06,
  "WLHImagVolume_a0_p": 0.4799992854,
  "WLHImagVolume_a1_p": 0.3281851025,
  "WLHImagVolume_a2_p": 18.7733925019,
  "WLHImagVolume_a3_p": 0.3371347956,
  "WLHImagVolume_a4_p": 0.0011142211,
  "WLHImagVolume_W0_n": 3.68738933,
  "WLHImagVolume_W1_n": 0.2619198579,
  "WLHImagVolume_W2_n": 0.0005373738,
  "WLHImagVolume_W3_n": 9.8879166175,
  "WLHImagVolume_W4_n": 0.0013552139,
  "WLHImagVolume_r0_n": 0.6302878983,
  "WLHImagVolume_r1_n": 78.4308257622,
  "WLHImagVolume_r2_n": 0.7014197898,
  "WLHImagVolume_r3_n": 96.5242840677,
  "WLHImagVolume_r4_n": 0.9925431693,
  "WLHImagVolume_r5_n": 5.4822e-06,
  "WLHImagVolume_a0_n": 0.3004185199,
  "WLHImagVolume_a1_n": 0.5342858286,
  "WLHImagVolume_a2_n": 4.3314183932,
  "WLHImagVolume_a3_n": 0.045622419,
  "WLHImagVolume_a4_n": 0.0004807156,
  "WLHImagSurface_W0_p": 1.3690000585,
  "WLHImagSurface_W1_p": 0.0692099949,
  "WLHImagSurface_W2_p": 1.6102312136,
  "WLHImagSurface_W3_p": 0.2360252401,
  "WLHImagSurface_r0_p": 1.1905453193,
  "WLHImagSurface_r1_p": 0.8489115083,
  "WLHImagSurface_r2_p": 0.0080461311,
  "WLHImagSurface_a0_p": 0.9109350638,
  "WLHImagSurface_W0_n": 1.4748968502,
  "WLHImagSurface_W1_n": 0.0492479148,
  "WLHImagSurface_W2_n": 1.9934811391,
  "WLHImagSurface_W3_n": 0.1751008008,
  "WLHImagSurface_r0_n": 1.288310411,
  "WLHImagSurface_r1_n": 1.5870931484,
  "WLHImagSurface_r2_n": 0.0018482026,
  "WLHImagSurface_a0_n": 0.8809410279,
  "WLHRealSpinOrbit_V0_p": 9.6518770417,
  "WLHRealSpinOrbit_V1_p": 0.0079779972,
  "WLHRealSpinOrbit_r0_p": 1.221345333,
  "WLHRealSpinOrbit_r1_p": 0.7803202965,
  "WLHRealSpinOrbit_a0_p": 0.7562622928,
  "WLHRealSpinOrbit_a1_p": 0.0003608362,
  "WLHRealSpinOrbit_V0_n": 9.5030421495,
  "WLHRealSpinOrbit_V1_n": 0.008992664,
  "WLHRealSpinOrbit_r0_n": 1.3325477898,
  "WLHRealSpinOrbit_r1_n": 0.9615670804,
  "WLHRealSpinOrbit_a0_n": 0.8518461468,
  "WLHRealSpinOrbit_a1_n": 0.0003391659
}