{
  "WLHReal_V0_p": 49.8906059573,
  "WLHReal_V1_p": 0.2957980105,
  "WLHReal_V2_p": -0.0008369267,
  "WLHReal_V3_p": 5.2172e-06,
  "WLHReal_V4_p": 10.3859206413,
  "WLHReal_V5_p": 0.1387748731,
  "WLHReal_V6_p": 0.0005609085,
  "WLHReal_r0_p": 1.3958576137,
  "WLHReal_r1_p": 0.3420997603,
  "WLHReal_r2_p": 0.0009395881,
  "WLHReal_r3_p": 1.13213e-05,
  "WLHReal_a0_p": 0.8123836894,
  "WLHReal_a1_p": 6.2429e-06,
  "WLHReal_a2_p": 1.07453e-05,
  "WLHReal_a3_p": -0.0209870853,
  "WLHReal_a4_p": 0.5225668447,
  "WLHReal_V0_n": 55.886764215,
  "WLHReal_V1_n": 0.3082618962,
  "WLHReal_V2_n": 0.0004739126,
  "WLHReal_V3_n": 1.61e-08,
  "WLHReal_V4_n": 21.6823555472,
  "WLHReal_V5_n": 0.2385243901,
  "WLHReal_V6_n": 0.0004419715,
  "WLHReal_r0_n": 1.2372424598,
  "WLHReal_r1_n": 0.3023240452,
  "WLHReal_r2_n": 0.0004730693,
  "WLHReal_r3_n": 7.212e-07,
  "WLHReal_a0_n": 0.7076412219,
  "WLHReal_a1_n": 0.0002276462,
  "WLHReal_a2_n": -7.982e-07,
  "WLHReal_a3_n": 0.2069098825,
  "WLHReal_a4_n": 0.6722503094,
  "WLHImagVolume_W0_p": 5.586927277,
  "WLHImagVolume_W1_p": 0.2239017532,
  "WLHImagVolume_W2_p": 0.0004638996,
  "WLHImagVolume_W3_p": 9.1388376598,
  "WLHImagVolume_W4_p": 0.088373014,
  "WLHImagVolume_r0_p": 0.628317695,
  "WLHImagVolume_r1_p": 56.4401542874,
  "WLHImagVolume_r2_p": 0.7336434023,
  "WLHImagVolume_r3_p": 67.0271171079,
  "WLHImagVolume_r4_p": 0.4823638964,
  "WLHImagVolume_r5_p": 8.754e-07,
  "WLHImagVolume_a0_p": 0.6010588661,
  "WLHImagVolume_a1_p": 0.2937990895,
  "WLHImagVolume_a2_p": 17.3460802871,
  "WLHImagVolume_a3_p": 0.4329088083,
  "WLHImagVolume_a4_p": 0.0028421872,
  "WLHImagVolume_W0_n": 2.2702271209,
  "WLHImagVolume_W1_n": 0.2401548209,
  "WLHImagVolume_W2_n": 0.0003696885,
  "WLHImagVolume_W3_n": 8.1435781527,
  "WLHImagVolume_W4_n": 0.0527864002,
  "WLHImagVolume_r0_n": 0.5433312122,
  "WLHImagVolume_r1_n": 69.5876550327,
  "WLHImagVolume_r2_n": 0.6867453211,
  "WLHImagVolume_r3_n": 69.6106359569,
  "WLHImagVolume_r4_n": 0.9074199964,
  "WLHImagVolume_r5_n": 2.1774e-06,
  "WLHImagVolume_a0_n": 0.1821765926,
  "WLHImagVolume_a1_n": 0.6245160032,
  "WLHImagVolume_a2_n": 9.0160223011,
  "WLHImagVolume_a3_n": 0.0486989419,
  "WLHImagVolume_a4_n": 0.0006734573,
  "WLHImagSurface_W0_p": 0.8174757483,
  "WLHImagSurface_W1_p": 0.0415045167,
  "WLHImagSurface_W2_p": 0.767350605,
  "WLHImagSurface_W3_p": 0.1527128339,
  "WLHImagSurface_r0_p": 0.871196187,
  "WLHImagSurface_r1_p": 0.0366387307,
  "WLHImagSurface_r2_p": -0.0005544672,
  "WLHImagSurface_a0_p": 0.81699015,
  "WLHImagSurface_W0_n": 1.7721195493,
  "WLHImagSurface_W1_n": 0.0252685418,
  "WLHImagSurface_W2_n": 2.3616204888,
  "WLHImagSurface_W3_n": 0.0866934637,
  "WLHImagSurface_r0_n": 1.2661427474,
  "WLHImagSurface_r1_n": 1.3236251277,
  "WLHImagSurface_r2_n": 0.0044521022,
  "WLHImagSurface_a0_n": 0.8146673427,
  "WLHRealSpinOrbit_V0_p": 8.660997481,
  "WLHRealSpinOrbit_V1_p": 0.0083854287,
  "WLHRealSpinOrbit_r0_p": 1.3646951562,
  "WLHRealSpinOrbit_r1_p": 0.9935637704,
  "WLHRealSpinOrbit_a0_p": 0.8631649945,
  "WLHRealSpinOrbit_a1_p": 0.0003621872,
  "WLHRealSpinOrbit_V0_n": 10.043295308,
  "WLHRealSpinOrbit_V1_n": 0.0083030247,
  "WLHRealSpinOrbit_r0_n": 1.2114648279,
  "WLHRealSpinOrbit_r1_n": 0.7722172684,
  "WLHRealSpinOrbit_a0_n": 0.7545119828,
  "WLHRealSpinOrbit_a1_n": 0.0003486031
}