{
  "WLHReal_V0_p": 52.4188866589,
  "WLHReal_V1_p": 0.3312607736,
  "WLHReal_V2_p": -0.0007621237,
  "WLHReal_V3_p": 5.5384e-06,
  "WLHReal_V4_p": 9.4341121157,
  "WLHReal_V5_p": 0.1409917805,
  "WLHReal_V6_p": 0.0005496481,
  "WLHReal_r0_p": 1.385471502,
  "WLHReal_r1_p": 0.3386569434,
  "WLHReal_r2_p": 0.0011488982,
  "WLHReal_r3_p": 1.1774e-05,
  "WLHReal_a0_p": 0.8239282002,
  "WLHReal_a1_p": 8.42224e-05,
  "WLHReal_a2_p": 1.05396e-05,
  "WLHReal_a3_p": 0.021056515,
  "WLHReal_a4_p": 0.6331805451,
  "WLHReal_V0_n": 53.7453495276,
  "WLHReal_V1_n": 0.2852277647,
  "WLHReal_V2_n": -0.0001033084,
  "WLHReal_V3_n": 2.1017e-06,
  "WLHReal_V4_n": 21.3708929364,
  "WLHReal_V5_n": 0.2754604217,
  "WLHReal_V6_n": 0.0009263113,
  "WLHReal_r0_n": 1.2833280357,
  "WLHReal_r1_n": 0.3202898662,
  "WLHReal_r2_n": 0.0007804933,
  "WLHReal_r3_n": 6.77e-06,
  "WLHReal_a0_n": 0.7334583292,
  "WLHReal_a1_n": 0.0006419158,
  "WLHReal_a2_n": 7.6226e-06,
  "WLHReal_a3_n": 0.2552534299,
  "WLHReal_a4_n": 0.8103389982,
  "WLHImagVolume_W0_p": 6.1836471308,
  "WLHImagVolume_W1_p": 0.295674905,
  "WLHImagVolume_W2_p": 0.0007162756,
  "WLHImagVolume_W3_p": 12.2607925835,
  "WLHImagVolume_W4_p": 0.1028708619,
  "WLHImagVolume_r0_p": 0.5576035568,
  "WLHImagVolume_r1_p": 67.4712183279,
  "WLHImagVolume_r2_p": 0.7954174011,
  "WLHImagVolume_r3_p": 78.0928384488,
  "WLHImagVolume_r4_p": 0.4781623683,
  "WLHImagVolume_r5_p": 1.1922e-06,
  "WLHImagVolume_a0_p": 0.6062652582,
  "WLHImagVolume_a1_p": 0.2997613316,
  "WLHImagVolume_a2_p": 17.8087653667,
  "WLHImagVolume_a3_p": 0.4468672986,
  "WLHImagVolume_a4_p": 0.00300296,
  "WLHImagVolume_W0_n": 2.768755939,
  "WLHImagVolume_W1_n": 0.2519208066,
  "WLHImagVolume_W2_n": 0.0004300862,
  "WLHImagVolume_W3_n": 8.738303032,
  "WLHImagVolume_W4_n": 0.0325277202,
  "WLHImagVolume_r0_n": 0.5770300571,
  "WLHImagVolume_r1_n": 71.6025819549,
  "WLHImagVolume_r2_n": 0.6969430489,
  "WLHImagVolume_r3_n": 79.33590773,
  "WLHImagVolume_r4_n": 0.9577663038,
  "WLHImagVolume_r5_n": 3.6369e-06,
  "WLHImagVolume_a0_n": 0.2333199561,
  "WLHImagVolume_a1_n": 0.5905242239,
  "WLHImagVolume_a2_n": 7.3235256027,
  "WLHImagVolume_a3_n": 0.0550053395,
  "WLHImagVolume_a4_n": 0.0007276245,
  "WLHImagSurface_W0_p": 0.7373101648,
  "WLHImagSurface_W1_p": 0.0341554869,
  "WLHImagSurface_W2_p": 0.2129046191,
  "WLHImagSurface_W3_p": 0.1248479224,
  "WLHImagSurface_r0_p": 0.8982043314,
  "WLHImagSurface_r1_p": 0.1961122644,
  "WLHImagSurface_r2_p": -0.0007841444,
  "WLHImagSurface_a0_p": 0.8489354905,
  "WLHImagSurface_W0_n": 1.6119781414,
  "WLHImagSurface_W1_n": 0.0335191833,
  "WLHImagSurface_W2_n": 2.2531036063,
  "WLHImagSurface_W3_n": 0.1218516656,
  "WLHImagSurface_r0_n": 1.2734746839,
  "WLHImagSurface_r1_n": 1.4228365792,
  "WLHImagSurface_r2_n": 0.0033905266,
  "WLHImagSurface_a0_n": 0.8414968313,
  "WLHRealSpinOrbit_V0_p": 8.8049091997,
  "WLHRealSpinOrbit_V1_p": 0.0084967998,
  "WLHRealSpinOrbit_r0_p": 1.3487288061,
  "WLHRealSpinOrbit_r1_p": 0.9918941459,
  "WLHRealSpinOrbit_a0_p": 0.858889504,
  "WLHRealSpinOrbit_a1_p": 0.0003262682,
  "WLHRealSpinOrbit_V0_n": 9.8103614908,
  "WLHRealSpinOrbit_V1_n": 0.0085568696,
  "WLHRealSpinOrbit_r0_n": 1.2620154148,
  "WLHRealSpinOrbit_r1_n": 0.8467343024,
  "WLHRealSpinOrbit_a0_n": 0.7934083138,
  "WLHRealSpinOrbit_a1_n": 0.0003507821
}