{
  "WLHReal_V0_p": 50.9062724381,
  "WLHReal_V1_p": 0.3136864285,
  "WLHReal_V2_p": -0.0006129177,
  "WLHReal_V3_p": 4.2267e-06,
  "WLHReal_V4_p": 10.319492562,
  "WLHReal_V5_p": 0.1376773387,
  "WLHReal_V6_p": 0.0004826612,
  "WLHReal_r0_p": 1.3831112041,
  "WLHReal_r1_p": 0.3493353211,
  "WLHReal_r2_p": 0.0009161698,
  "WLHReal_r3_p": 9.7029e-06,
  "WLHReal_a0_p": 0.8079935271,
  "WLHReal_a1_p": 1.87036e-05,
  "WLHReal_a2_p": 8.9283e-06,
  "WLHReal_a3_p": 0.0084096017,
  "WLHReal_a4_p": 0.5539989851,
  "WLHReal_V0_n": 55.2769749819,
  "WLHReal_V1_n": 0.3101243207,
  "WLHReal_V2_n": -0.0006418601,
  "WLHReal_V3_n": 4.1725e-06,
  "WLHReal_V4_n": 19.9093449446,
  "WLHReal_V5_n": 0.331109522,
  "WLHReal_V6_n": 0.0014437075,
  "WLHReal_r0_n": 1.3351634185,
  "WLHReal_r1_n": 0.4135767463,
  "WLHReal_r2_n": 0.0010514292,
  "WLHReal_r3_n": 1.09193e-05,
  "WLHReal_a0_n": 0.7649529104,
  "WLHReal_a1_n": 0.0009144471,
  "WLHReal_a2_n": 1.28171e-05,
  "WLHReal_a3_n": 0.2289715215,
  "WLHReal_a4_n": 0.8712070098,
  "WLHImagVolume_W0_p": 5.3195710895,
  "WLHImagVolume_W1_p": 0.2371418517,
  "WLHImagVolume_W2_p": 0.0005770911,
  "WLHImagVolume_W3_p": 10.3089544768,
  "WLHImagVolume_W4_p": 0.0865897862,
  "WLHImagVolume_r0_p": 0.5342052487,
  "WLHImagVolume_r1_p": 68.6117755797,
  "WLHImagVolume_r2_p": 0.8147337053,
  "WLHImagVolume_r3_p": 76.7166778798,
  "WLHImagVolume_r4_p": 0.4219323993,
  "WLHImagVolume_r5_p": 9.21e-08,
  "WLHImagVolume_a0_p": 0.5762415805,
  "WLHImagVolume_a1_p": 0.3169176625,
  "WLHImagVolume_a2_p": 19.1452628703,
  "WLHImagVolume_a3_p": 0.4098244742,
  "WLHImagVolume_a4_p": 0.0024563855,
  "WLHImagVolume_W0_n": 4.2049070173,
  "WLHImagVolume_W1_n": 0.3808110125,
  "WLHImagVolume_W2_n": 0.0009202686,
  "WLHImagVolume_W3_n": 11.3282327337,
  "WLHImagVolume_W4_n": 0.0697500432,
  "WLHImagVolume_r0_n": 0.5644407778,
  "WLHImagVolume_r1_n": 74.6048939889,
  "WLHImagVolume_r2_n": 0.7618789538,
  "WLHImagVolume_r3_n": 94.746806339,
  "WLHImagVolume_r4_n": 0.9818450165,
  "WLHImagVolume_r5_n": 4.8112e-06,
  "WLHImagVolume_a0_n": 0.3027427939,
  "WLHImagVolume_a1_n": 0.5504175807,
  "WLHImagVolume_a2_n": 2.6353954855,
  "WLHImagVolume_a3_n": 0.0134229776,
  "WLHImagVolume_a4_n": 0.0006404419,
  "WLHImagSurface_W0_p": 0.9752833979,
  "WLHImagSurface_W1_p": 0.05422684,
  "WLHImagSurface_W2_p": 0.9902207413,
  "WLHImagSurface_W3_p": 0.1975558966,
  "WLHImagSurface_r0_p": 0.960035803,
  "WLHImagSurface_r1_p": 0.2192984993,
  "WLHImagSurface_r2_p": 0.0006671404,
  "WLHImagSurface_a0_p": 0.8739483598,
  "WLHImagSurface_W0_n": 2.2933949712,
  "WLHImagSurface_W1_n": 0.0707929394,
  "WLHImagSurface_W2_n": 3.7896403009,
  "WLHImagSurface_W3_n": 0.2336657001,
  "WLHImagSurface_r0_n": 1.2838618904,
  "WLHImagSurface_r1_n": 1.7287770454,
  "WLHImagSurface_r2_n": 0.0028684605,
  "WLHImagSurface_a0_n": 0.8570289206,
  "WLHRealSpinOrbit_V0_p": 8.6487317142,
  "WLHRealSpinOrbit_V1_p": 0.0082022645,
  "WLHRealSpinOrbit_r0_p": 1.3456739673,
  "WLHRealSpinOrbit_r1_p": 0.9673133804,
  "WLHRealSpinOrbit_a0_p": 0.8479615375,
  "WLHRealSpinOrbit_a1_p": 0.0003582402,
  "WLHRealSpinOrbit_V0_n": 9.4910883708,
  "WLHRealSpinOrbit_V1_n": 0.0087858356,
  "WLHRealSpinOrbit_r0_n": 1.3079478892,
  "WLHRealSpinOrbit_r1_n": 0.9332535429,
  "WLHRealSpinOrbit_a0_n": 0.833167679,
  "WLHRealSpinOrbit_a1_n": 0.0003188275
}