{
  "WLHReal_V0_p": 53.5492443194,
  "WLHReal_V1_p": 0.2907593264,
  "WLHReal_V2_p": -0.0001871398,
  "WLHReal_V3_p": 2.3816e-06,
  "WLHReal_V4_p": 13.0324700332,
  "WLHReal_V5_p": 0.1454330961,
  "WLHReal_V6_p": 0.0003818065,
  "WLHReal_r0_p": 1.321493173,
  "WLHReal_r1_p": 0.3454494244,
  "WLHReal_r2_p": 0.0006895117,
  "WLHReal_r3_p": 5.5285e-06,
  "WLHReal_a0_p": 0.7826555641,
  "WLHReal_a1_p": 0.0001671221,
  "WLHReal_a2_p": 4.2569e-06,
  "WLHReal_a3_p": 0.0355598475,
  "WLHReal_a4_p": 0.5189496307,
  "WLHReal_V0_n": 53.347409694,
  "WLHReal_V1_n": 0.3150303609,
  "WLHReal_V2_n": -0.0002921998,
  "WLHReal_V3_n": 2.4427e-06,
  "WLHReal_V4_n": 20.738781397,
  "WLHReal_V5_n": 0.2862467484,
  "WLHReal_V6_n": 0.0012114572,
  "WLHReal_r0_n": 1.2739808637,
  "WLHReal_r1_n": 0.2242086873,
  "WLHReal_r2_n": 0.0011067787,
  "WLHReal_r3_n": 1.21717e-05,
  "WLHReal_a0_n": 0.7483859052,
  "WLHReal_a1_n": 0.001081366,
  "WLHReal_a2_n": 1.48635e-05,
  "WLHReal_a3_n": 0.3458542752,
  "WLHReal_a4_n": 1.0570348378,
  "WLHImagVolume_W0_p": 4.5047036347,
  "WLHImagVolume_W1_p": 0.2315110465,
  "WLHImagVolume_W2_p": 0.000329127,
  "WLHImagVolume_W3_p": 10.8499322821,
  "WLHImagVolume_W4_p": 0.082113346,
  "WLHImagVolume_r0_p": 0.6446945947,
  "WLHImagVolume_r1_p": 42.4474725054,
  "WLHImagVolume_r2_p": 0.6262212563,
  "WLHImagVolume_r3_p": 52.3388583607,
  "WLHImagVolume_r4_p": 0.6180649694,
  "WLHImagVolume_r5_p": 1.432e-06,
  "WLHImagVolume_a0_p": 0.5737416945,
  "WLHImagVolume_a1_p": 0.2640960785,
  "WLHImagVolume_a2_p": 13.6443552386,
  "WLHImagVolume_a3_p": 0.4317807318,
  "WLHImagVolume_a4_p": 0.002641044,
  "WLHImagVolume_W0_n": 3.5118705547,
  "WLHImagVolume_W1_n": 0.2600846288,
  "WLHImagVolume_W2_n": 0.0005889008,
  "WLHImagVolume_W3_n": 9.8555508069,
  "WLHImagVolume_W4_n": 0.033000375,
  "WLHImagVolume_r0_n": 0.5788667035,
  "WLHImagVolume_r1_n": 83.7427335263,
  "WLHImagVolume_r2_n": 0.6979215693,
  "WLHImagVolume_r3_n": 91.686061339,
  "WLHImagVolume_r4_n": 0.86393737,
  "WLHImagVolume_r5_n": 2.9602e-06,
  "WLHImagVolume_a0_n": 0.2333569684,
  "WLHImagVolume_a1_n": 0.5656281231,
  "WLHImagVolume_a2_n": 5.0456222441,
  "WLHImagVolume_a3_n": 0.0056778443,
  "WLHImagVolume_a4_n": -5.57837e-05,
  "WLHImagSurface_W0_p": 0.9423206389,
  "WLHImagSurface_W1_p": 0.0441991714,
  "WLHImagSurface_W2_p": 1.273968092,
  "WLHImagSurface_W3_p": 0.1645472368,
  "WLHImagSurface_r0_p": 0.9226593985,
  "WLHImagSurface_r1_p": 0.4454206226,
  "WLHImagSurface_r2_p": 0.0038113503,
  "WLHImagSurface_a0_p": 0.7138531574,
  "WLHImagSurface_W0_n": 1.9634810919,
  "WLHImagSurface_W1_n": 0.0511650193,
  "WLHImagSurface_W2_n": 2.3668421903,
  "WLHImagSurface_W3_n": 0.155801181,
  "WLHImagSurface_r0_n": 1.2901141117,
  "WLHImagSurface_r1_n": 1.5466761713,
  "WLHImagSurface_r2_n": 0.0031756877,
  "WLHImagSurface_a0_n": 0.8489618734,
  "WLHRealSpinOrbit_V0_p": 9.5204177791,
  "WLHRealSpinOrbit_V1_p": 0.0084595409,
  "WLHRealSpinOrbit_r0_p": 1.2862640659,
  "WLHRealSpinOrbit_r1_p": 0.8747368248,
  "WLHRealSpinOrbit_a0_p": 0.8072259398,
  "WLHRealSpinOrbit_a1_p": 0.0003631877,
  "WLHRealSpinOrbit_V0_n": 9.7460769057,
  "WLHRealSpinOrbit_V1_n": 0.0087407943,
  "WLHRealSpinOrbit_r0_n": 1.2711361342,
  "WLHRealSpinOrbit_r1_n": 0.8879661499,
  "WLHRealSpinOrbit_a0_n": 0.8101122028,
  "WLHRealSpinOrbit_a1_n": 0.0003109881
}