{
  "WLHReal_V0_p": 57.5150151123,
  "WLHReal_V1_p": 0.3170367261,
  "WLHReal_V2_p": 0.0008097047,
  "WLHReal_V3_p": -9.066e-07,
  "WLHReal_V4_p": 15.2943085877,
  "WLHReal_V5_p": 0.1331919064,
  "WLHReal_V6_p": 3.43858e-05,
  "WLHReal_r0_p": 1.2210848565,
  "WLHReal_r1_p": 0.3019952986,
  "WLHReal_r2_p": 0.0004973243,
  "WLHReal_r3_p": -3.377e-07,
  "WLHReal_a0_p": 0.7420766832,
  "WLHReal_a1_p": 0.000231267,
  "WLHReal_a2_p": -1.2975e-06,
  "WLHReal_a3_p": 0.1302215679,
  "WLHReal_a4_p": 0.5757222558,
  "WLHReal_V0_n": 56.1530307295,
  "WLHReal_V1_n": 0.3204766885,
  "WLHReal_V2_n": 0.0008011816,
  "WLHReal_V3_n": -4.315e-07,
  "WLHReal_V4_n": 21.7825128517,
  "WLHReal_V5_n": 0.2144210729,
  "WLHReal_V6_n": 0.000160935,
  "WLHReal_r0_n": 1.2152775739,
  "WLHReal_r1_n": 0.2807713006,
  "WLHReal_r2_n": 0.0003161916,
  "WLHReal_r3_n": -1.6322e-06,
  "WLHReal_a0_n": 0.692265083,
  "WLHReal_a1_n": 6.13534e-05,
  "WLHReal_a2_n": -3.7613e-06,
  "WLHReal_a3_n": 0.1905943464,
  "WLHReal_a4_n": 0.611185093,
  "WLHImagVolume_W0_p": 2.7253048282,
  "WLHImagVolume_W1_p": 0.2278573768,
  "WLHImagVolume_W2_p": 0.000343284,
  "WLHImagVolume_W3_p": 13.8627031761,
  "WLHImagVolume_W4_p": 0.0618293165,
  "WLHImagVolume_r0_p": 0.5203427991,
  "WLHImagVolume_r1_p": 53.9418672654,
  "WLHImagVolume_r2_p": 0.6480808198,
  "WLHImagVolume_r3_p": 61.2781146938,
  "WLHImagVolume_r4_p": 0.64352932,
  "WLHImagVolume_r5_p": 1.641e-06,
  "WLHImagVolume_a0_p": 0.4884456555,
  "WLHImagVolume_a1_p": 0.2893577825,
  "WLHImagVolume_a2_p": 14.7213528419,
  "WLHImagVolume_a3_p": 0.3658611339,
  "WLHImagVolume_a4_p": 0.0014378385,
  "WLHImagVolume_W0_n": 1.7802773058,
  "WLHImagVolume_W1_n": 0.2126919373,
  "WLHImagVolume_W2_n": 0.0003280556,
  "WLHImagVolume_W3_n": 7.2506749506,
  "WLHImagVolume_W4_n": 0.0553316094,
  "WLHImagVolume_r0_n": 0.4991862877,
  "WLHImagVolume_r1_n": 76.805581721,
  "WLHImagVolume_r2_n": 0.7103819807,
  "WLHImagVolume_r3_n": 68.1236802781,
  "WLHImagVolume_r4_n": 0.8243015309,
  "WLHImagVolume_r5_n": 1.1415e-06,
  "WLHImagVolume_a0_n": 0.1421499189,
  "WLHImagVolume_a1_n": 0.6513799283,
  "WLHImagVolume_a2_n": 10.3952523106,
  "WLHImagVolume_a3_n": 0.050802003,
  "WLHImagVolume_a4_n": 0.0005432647,
  "WLHImagSurface_W0_p": 1.320923124,
  "WLHImagSurface_W1_p": 0.0626016902,
  "WLHImagSurface_W2_p": 1.7821372253,
  "WLHImagSurface_W3_p": 0.2188077897,
  "WLHImagSurface_r0_p": 1.1538251673,
  "WLHImagSurface_r1_p": 1.0476245985,
  "WLHImagSurface_r2_p": 0.0098938132,
  "WLHImagSurface_a0_p": 0.7856100397,
  "WLHImagSurface_W0_n": 1.831884546,
  "WLHImagSurface_W1_n": 0.0207473191,
  "WLHImagSurface_W2_n": 2.4234804619,
  "WLHImagSurface_W3_n": 0.0697046741,
  "WLHImagSurface_r0_n": 1.2763428841,
  "WLHImagSurface_r1_n": 1.2709337443,
  "WLHImagSurface_r2_n": 0.0050021298,
  "WLHImagSurface_a0_n": 0.8025271995,
  "WLHRealSpinOrbit_V0_p": 10.2501037973,
  "WLHRealSpinOrbit_V1_p": 0.0081891983,
  "WLHRealSpinOrbit_r0_p": 1.1817021499,
  "WLHRealSpinOrbit_r1_p": 0.7227084779,
  "WLHRealSpinOrbit_a0_p": 0.7304842393,
  "WLHRealSpinOrbit_a1_p": 0.0003558758,
  "WLHRealSpinOrbit_V0_n": 10.0252646957,
  "WLHRealSpinOrbit_V1_n": 0.0080405659,
  "WLHRealSpinOrbit_r0_n": 1.1879144939,
  "WLHRealSpinOrbit_r1_n": 0.7338381182,
  "WLHRealSpinOrbit_a0_n": 0.7338740957,
  "WLHRealSpinOrbit_a1_n": 0.0003545697
}