{
  "WLHReal_V0_p": 49.8792228223,
  "WLHReal_V1_p": 0.2767627621,
  "WLHReal_V2_p": 0.0001216671,
  "WLHReal_V3_p": 1.2483e-06,
  "WLHReal_V4_p": 14.0626359513,
  "WLHReal_V5_p": 0.102998863,
  "WLHReal_V6_p": 0.000162566,
  "WLHReal_r0_p": 1.2840666081,
  "WLHReal_r1_p": 0.216998822,
  "WLHReal_r2_p": 0.0005987446,
  "WLHReal_r3_p": 4.8808e-06,
  "WLHReal_a0_p": 0.7485815434,
  "WLHReal_a1_p": -0.0001327349,
  "WLHReal_a2_p": 5.7679e-06,
  "WLHReal_a3_p": 0.0164811222,
  "WLHReal_a4_p": 0.4594364557,
  "WLHReal_V0_n": 56.925875404,
  "WLHReal_V1_n": 0.2978779377,
  "WLHReal_V2_n": 0.0001954733,
  "WLHReal_V3_n": 6.443e-07,
  "WLHReal_V4_n": 21.678467449,
  "WLHReal_V5_n": 0.2638802495,
  "WLHReal_V6_n": 0.0006812673,
  "WLHReal_r0_n": 1.2534405797,
  "WLHReal_r1_n": 0.3463244076,
  "WLHReal_r2_n": 0.0005681177,
  "WLHReal_r3_n": 2.2502e-06,
  "WLHReal_a0_n": 0.7213924192,
  "WLHReal_a1_n": 0.0002561239,
  "WLHReal_a2_n": 8.059e-07,
  "WLHReal_a3_n": 0.1979758325,
  "WLHReal_a4_n": 0.6835575976,
  "WLHImagVolume_W0_p": 2.6683095706,
  "WLHImagVolume_W1_p": 0.0954611528,
  "WLHImagVolume_W2_p": 6.03894e-05,
  "WLHImagVolume_W3_p": 7.9334251376,
  "WLHImagVolume_W4_p": 0.0369309671,
  "WLHImagVolume_r0_p": 0.6545594194,
  "WLHImagVolume_r1_p": 53.1713123224,
  "WLHImagVolume_r2_p": 0.608258864,
  "WLHImagVolume_r3_p": 65.485690301,
  "WLHImagVolume_r4_p": 0.5720111982,
  "WLHImagVolume_r5_p": 3.336e-07,
  "WLHImagVolume_a0_p": 0.4925108413,
  "WLHImagVolume_a1_p": 0.3145593846,
  "WLHImagVolume_a2_p": 18.3596447315,
  "WLHImagVolume_a3_p": 0.3281120011,
  "WLHImagVolume_a4_p": 0.0011194574,
  "WLHImagVolume_W0_n": 2.9296866374,
  "WLHImagVolume_W1_n": 0.2933544382,
  "WLHImagVolume_W2_n": 0.0004214255,
  "WLHImagVolume_W3_n": 9.5806738745,
  "WLHImagVolume_W4_n": 0.0632604814,
  "WLHImagVolume_r0_n": 0.6093986502,
  "WLHImagVolume_r1_n": 52.5877598154,
  "WLHImagVolume_r2_n": 0.6344189272,
  "WLHImagVolume_r3_n": 65.6064447349,
  "WLHImagVolume_r4_n": 1.0512712523,
  "WLHImagVolume_r5_n": 3.0995e-06,
  "WLHImagVolume_a0_n": 0.2317559014,
  "WLHImagVolume_a1_n": 0.5934061517,
  "WLHImagVolume_a2_n": 7.3448723846,
  "WLHImagVolume_a3_n": 0.0422880952,
  "WLHImagVolume_a4_n": 0.0009658748,
  "WLHImagSurface_W0_p": 1.2168587553,
  "WLHImagSurface_W1_p": 0.0536522461,
  "WLHImagSurface_W2_p": 1.3555211008,
  "WLHImagSurface_W3_p": 0.1695461133,
  "WLHImagSurface_r0_p": 1.0862399566,
  "WLHImagSurface_r1_p": 0.3439020985,
  "WLHImagSurface_r2_p": 0.0059562454,
  "WLHImagSurface_a0_p": 0.9062519608,
  "WLHImagSurface_W0_n": 1.7626680312,
  "WLHImagSurface_W1_n": 0.0290377814,
  "WLHImagSurface_W2_n": 2.3719851616,
  "WLHImagSurface_W3_n": 0.099415745,
  "WLHImagSurface_r0_n": 1.2393553965,
  "WLHImagSurface_r1_n": 1.3664039984,
  "WLHImagSurface_r2_n": 0.004055505,
  "WLHImagSurface_a0_n": 0.8210111465,
  "WLHRealSpinOrbit_V0_p": 9.3539815051,
  "WLHRealSpinOrbit_V1_p": 0.0080684196,
  "WLHRealSpinOrbit_r0_p": 1.2711256853,
  "WLHRealSpinOrbit_r1_p": 0.8367387232,
  "WLHRealSpinOrbit_a0_p": 0.788670264,
  "WLHRealSpinOrbit_a1_p": 0.0003939518,
  "WLHRealSpinOrbit_V0_n": 10.2314284933,
  "WLHRealSpinOrbit_V1_n": 0.0086578909,
  "WLHRealSpinOrbit_r0_n": 1.2259863407,
  "WLHRealSpinOrbit_r1_n": 0.7996284214,
  "WLHRealSpinOrbit_a0_n": 0.7702054806,
  "WLHRealSpinOrbit_a1_n": 0.0003382429
}