{
  "WLHReal_V0_p": 54.0041535021,
  "WLHReal_V1_p": 0.3203735598,
  "WLHReal_V2_p": -0.0008483206,
  "WLHReal_V3_p": 4.8709e-06,
  "WLHReal_V4_p": 10.0659995508,
  "WLHReal_V5_p": 0.1480749028,
  "WLHReal_V6_p": 0.0006158634,
  "WLHReal_r0_p": 1.3688236486,
  "WLHReal_r1_p": 0.3243509055,
  "WLHReal_r2_p": 0.0012342391,
  "WLHReal_r3_p": 1.32224e-05,
  "WLHReal_a0_p": 0.8276032747,
  "WLHReal_a1_p": 0.0001927359,
  "WLHReal_a2_p": 1.01681e-05,
  "WLHReal_a3_p": 0.0208329823,
  "WLHReal_a4_p": 0.6523167467,
  "WLHReal_V0_n": 48.0263833151,
  "WLHReal_V1_n": 0.2447297867,
  "WLHReal_V2_n": -0.0002697079,
  "WLHReal_V3_n": 2.7427e-06,
  "WLHReal_V4_n": 21.472840967,
  "WLHReal_V5_n": 0.26843969,
  "WLHReal_V6_n": 0.0009548972,
  "WLHReal_r0_n": 1.3268665805,
  "WLHReal_r1_n": 0.315809474,
  "WLHReal_r2_n": 0.0008207676,
  "WLHReal_r3_n": 7.2688e-06,
  "WLHReal_a0_n": 0.7325146228,
  "WLHReal_a1_n": 0.0009265135,
  "WLHReal_a2_n": 9.5847e-06,
  "WLHReal_a3_n": 0.2916144807,
  "WLHReal_a4_n": 0.8289324685,
  "WLHImagVolume_W0_p": 6.6608566487,
  "WLHImagVolume_W1_p": 0.3271873643,
  "WLHImagVolume_W2_p": 0.0006215355,
  "WLHImagVolume_W3_p": 13.0872951907,
  "WLHImagVolume_W4_p": 0.1144596471,
  "WLHImagVolume_r0_p": 0.6961589225,
  "WLHImagVolume_r1_p": 45.4338939377,
  "WLHImagVolume_r2_p": 0.6340018179,
  "WLHImagVolume_r3_p": 60.5823908403,
  "WLHImagVolume_r4_p": 0.6551721367,
  "WLHImagVolume_r5_p": 1.4738e-06,
  "WLHImagVolume_a0_p": 0.6464466219,
  "WLHImagVolume_a1_p": 0.2452230006,
  "WLHImagVolume_a2_p": 12.9221718582,
  "WLHImagVolume_a3_p": 0.5022599498,
  "WLHImagVolume_a4_p": 0.0037909199,
  "WLHImagVolume_W0_n": 1.4712911849,
  "WLHImagVolume_W1_n": 0.1364362949,
  "WLHImagVolume_W2_n": 0.0002501316,
  "WLHImagVolume_W3_n": 5.5122291522,
  "WLHImagVolume_W4_n": -0.0284293316,
  "WLHImagVolume_r0_n": 0.4893615688,
  "WLHImagVolume_r1_n": 102.7932983482,
  "WLHImagVolume_r2_n": 0.8208109025,
  "WLHImagVolume_r3_n": 93.6869220304,
  "WLHImagVolume_r4_n": 0.7952009003,
  "WLHImagVolume_r5_n": 3.6064e-06,
  "WLHImagVolume_a0_n": 0.2038092467,
  "WLHImagVolume_a1_n": 0.6238555402,
  "WLHImagVolume_a2_n": 10.2903364616,
  "WLHImagVolume_a3_n": 0.1202011137,
  "WLHImagVolume_a4_n": 0.0007682782,
  "WLHImagSurface_W0_p": 0.4262006755,
  "WLHImagSurface_W1_p": 0.0051244651,
  "WLHImagSurface_W2_p": -0.3990758688,
  "WLHImagSurface_W3_p": 0.022317017,
  "WLHImagSurface_r0_p": 0.7676381587,
  "WLHImagSurface_r1_p": 0.1457768734,
  "WLHImagSurface_r2_p": -0.0013478406,
  "WLHImagSurface_a0_p": 0.7131706664,
  "WLHImagSurface_W0_n": 1.03520379,
  "WLHImagSurface_W1_n": 0.022305525,
  "WLHImagSurface_W2_n": 1.8077967258,
  "WLHImagSurface_W3_n": 0.1165798312,
  "WLHImagSurface_r0_n": 1.3308530469,
  "WLHImagSurface_r1_n": 1.3732480374,
  "WLHImagSurface_r2_n": 0.0026912253,
  "WLHImagSurface_a0_n": 0.8655457737,
  "WLHRealSpinOrbit_V0_p": 9.329449711,
  "WLHRealSpinOrbit_V1_p": 0.0089732378,
  "WLHRealSpinOrbit_r0_p": 1.3381873329,
  "WLHRealSpinOrbit_r1_p": 0.987635488,
  "WLHRealSpinOrbit_a0_p": 0.8598561285,
  "WLHRealSpinOrbit_a1_p": 0.0003068227,
  "WLHRealSpinOrbit_V0_n": 9.0895688735,
  "WLHRealSpinOrbit_V1_n": 0.0080501845,
  "WLHRealSpinOrbit_r0_n": 1.3036694524,
  "WLHRealSpinOrbit_r1_n": 0.8726142252,
  "WLHRealSpinOrbit_a0_n": 0.8080034197,
  "WLHRealSpinOrbit_a1_n": 0.0004130695
}