{
  "WLHReal_V0_p": 56.7841273372,
  "WLHReal_V1_p": 0.3080296251,
  "WLHReal_V2_p": 0.0007591306,
  "WLHReal_V3_p": -8.077e-07,
  "WLHReal_V4_p": 15.4623689462,
  "WLHReal_V5_p": 0.1305645932,
  "WLHReal_V6_p": 4.35948e-05,
  "WLHReal_r0_p": 1.2230261538,
  "WLHReal_r1_p": 0.2916350299,
  "WLHReal_r2_p": 0.0004802384,
  "WLHReal_r3_p": 1.813e-07,
  "WLHReal_a0_p": 0.7401689484,
  "WLHReal_a1_p": 0.0002019991,
  "WLHReal_a2_p": -8.229e-07,
  "WLHReal_a3_p": 0.1170964148,
  "WLHReal_a4_p": 0.5538725706,
  "WLHReal_V0_n": 48.5173621646,
  "WLHReal_V1_n": 0.2511119364,
  "WLHReal_V2_n": -0.0004656796,
  "WLHReal_V3_n": 2.6826e-06,
  "WLHReal_V4_n": 21.821086974,
  "WLHReal_V5_n": 0.2759385063,
  "WLHReal_V6_n": 0.0012420241,
  "WLHReal_r0_n": 1.29397394,
  "WLHReal_r1_n": 0.1917736551,
  "WLHReal_r2_n": 0.0011382328,
  "WLHReal_r3_n": 1.40314e-05,
  "WLHReal_a0_n": 0.7462085996,
  "WLHReal_a1_n": 0.0012542541,
  "WLHReal_a2_n": 1.68479e-05,
  "WLHReal_a3_n": 0.4043225814,
  "WLHReal_a4_n": 1.0942022633,
  "WLHImagVolume_W0_p": 2.6349653838,
  "WLHImagVolume_W1_p": 0.209407596,
  "WLHImagVolume_W2_p": 0.0002712122,
  "WLHImagVolume_W3_p": 13.0846788752,
  "WLHImagVolume_W4_p": 0.058243645,
  "WLHImagVolume_r0_p": 0.5545545802,
  "WLHImagVolume_r1_p": 50.1332683055,
  "WLHImagVolume_r2_p": 0.6176736961,
  "WLHImagVolume_r3_p": 58.364996308,
  "WLHImagVolume_r4_p": 0.6591785683,
  "WLHImagVolume_r5_p": 1.5961e-06,
  "WLHImagVolume_a0_p": 0.4900116697,
  "WLHImagVolume_a1_p": 0.2852592747,
  "WLHImagVolume_a2_p": 14.4509627562,
  "WLHImagVolume_a3_p": 0.3648198638,
  "WLHImagVolume_a4_p": 0.0014387228,
  "WLHImagVolume_W0_n": 2.3611317448,
  "WLHImagVolume_W1_n": 0.1368141874,
  "WLHImagVolume_W2_n": 0.0001596782,
  "WLHImagVolume_W3_n": 7.3071686729,
  "WLHImagVolume_W4_n": -0.0345152947,
  "WLHImagVolume_r0_n": 0.6068392393,
  "WLHImagVolume_r1_n": 87.0018076715,
  "WLHImagVolume_r2_n": 0.6820236912,
  "WLHImagVolume_r3_n": 89.274284107,
  "WLHImagVolume_r4_n": 0.8897761362,
  "WLHImagVolume_r5_n": 4.689e-06,
  "WLHImagVolume_a0_n": 0.2252716413,
  "WLHImagVolume_a1_n": 0.5759772355,
  "WLHImagVolume_a2_n": 8.4053631781,
  "WLHImagVolume_a3_n": 0.0760192619,
  "WLHImagVolume_a4_n": 0.0003070676,
  "WLHImagSurface_W0_p": 1.2985022122,
  "WLHImagSurface_W1_p": 0.0600069194,
  "WLHImagSurface_W2_p": 1.7651774879,
  "WLHImagSurface_W3_p": 0.2079496149,
  "WLHImagSurface_r0_p": 1.1361806625,
  "WLHImagSurface_r1_p": 0.9751991051,
  "WLHImagSurface_r2_p": 0.0097001868,
  "WLHImagSurface_a0_p": 0.7785966295,
  "WLHImagSurface_W0_n": 0.9855826482,
  "WLHImagSurface_W1_n": 0.0215570289,
  "WLHImagSurface_W2_n": 0.8238374391,
  "WLHImagSurface_W3_n": 0.0902035017,
  "WLHImagSurface_r0_n": 1.2976502857,
  "WLHImagSurface_r1_n": 1.3540091901,
  "WLHImagSurface_r2_n": 0.0023399188,
  "WLHImagSurface_a0_n": 0.8689913122,
  "WLHRealSpinOrbit_V0_p": 10.2338636774,
  "WLHRealSpinOrbit_V1_p": 0.0082092994,
  "WLHRealSpinOrbit_r0_p": 1.1874061028,
  "WLHRealSpinOrbit_r1_p": 0.7278504881,
  "WLHRealSpinOrbit_a0_p": 0.7339791734,
  "WLHRealSpinOrbit_a1_p": 0.0003626874,
  "WLHRealSpinOrbit_V0_n": 9.6128729955,
  "WLHRealSpinOrbit_V1_n": 0.0086667598,
  "WLHRealSpinOrbit_r0_n": 1.295443189,
  "WLHRealSpinOrbit_r1_n": 0.8922642942,
  "WLHRealSpinOrbit_a0_n": 0.8184924515,
  "WLHRealSpinOrbit_a1_n": 0.0003663929
}