{
  "WLHReal_V0_p": 50.8092738821,
  "WLHReal_V1_p": 0.2699620639,
  "WLHReal_V2_p": -0.0010938557,
  "WLHReal_V3_p": 5.3863e-06,
  "WLHReal_V4_p": 11.1458530352,
  "WLHReal_V5_p": 0.1480001692,
  "WLHReal_V6_p": 0.0006921645,
  "WLHReal_r0_p": 1.3884123426,
  "WLHReal_r1_p": 0.3255439997,
  "WLHReal_r2_p": 0.0010327046,
  "WLHReal_r3_p": 1.31489e-05,
  "WLHReal_a0_p": 0.8193078389,
  "WLHReal_a1_p": 0.0001158248,
  "WLHReal_a2_p": 1.18072e-05,
  "WLHReal_a3_p": -0.0435528864,
  "WLHReal_a4_p": 0.5153846255,
  "WLHReal_V0_n": 57.5150357065,
  "WLHReal_V1_n": 0.3361727561,
  "WLHReal_V2_n": 0.0001738266,
  "WLHReal_V3_n": 1.5367e-06,
  "WLHReal_V4_n": 20.7086646641,
  "WLHReal_V5_n": 0.2716132245,
  "WLHReal_V6_n": 0.0007762785,
  "WLHReal_r0_n": 1.255801658,
  "WLHReal_r1_n": 0.3298782492,
  "WLHReal_r2_n": 0.0006880119,
  "WLHReal_r3_n": 4.593e-06,
  "WLHReal_a0_n": 0.7279671914,
  "WLHReal_a1_n": 0.0004324008,
  "WLHReal_a2_n": 4.8449e-06,
  "WLHReal_a3_n": 0.2080774553,
  "WLHReal_a4_n": 0.7599066718,
  "WLHImagVolume_W0_p": 6.2802027662,
  "WLHImagVolume_W1_p": 0.246928776,
  "WLHImagVolume_W2_p": 0.0002752581,
  "WLHImagVolume_W3_p": 9.0827109134,
  "WLHImagVolume_W4_p": 0.1020514776,
  "WLHImagVolume_r0_p": 0.8442043312,
  "WLHImagVolume_r1_p": 23.6854628603,
  "WLHImagVolume_r2_p": 0.5030143582,
  "WLHImagVolume_r3_p": 40.703955365,
  "WLHImagVolume_r4_p": 0.7132155843,
  "WLHImagVolume_r5_p": 1.3475e-06,
  "WLHImagVolume_a0_p": 0.6623245111,
  "WLHImagVolume_a1_p": 0.2183689069,
  "WLHImagVolume_a2_p": 10.7711122105,
  "WLHImagVolume_a3_p": 0.509169662,
  "WLHImagVolume_a4_p": 0.0039688659,
  "WLHImagVolume_W0_n": 3.4138928357,
  "WLHImagVolume_W1_n": 0.3293101621,
  "WLHImagVolume_W2_n": 0.0007043172,
  "WLHImagVolume_W3_n": 10.2844327806,
  "WLHImagVolume_W4_n": 0.0828544939,
  "WLHImagVolume_r0_n": 0.5473853188,
  "WLHImagVolume_r1_n": 69.9532862149,
  "WLHImagVolume_r2_n": 0.7057044319,
  "WLHImagVolume_r3_n": 78.9196271472,
  "WLHImagVolume_r4_n": 0.9173346993,
  "WLHImagVolume_r5_n": 2.3221e-06,
  "WLHImagVolume_a0_n": 0.2227047144,
  "WLHImagVolume_a1_n": 0.5927841812,
  "WLHImagVolume_a2_n": 5.496848418,
  "WLHImagVolume_a3_n": 0.0038982061,
  "WLHImagVolume_a4_n": 0.0004200421,
  "WLHImagSurface_W0_p": 0.3782657819,
  "WLHImagSurface_W1_p": 0.0022777575,
  "WLHImagSurface_W2_p": 0.0026848713,
  "WLHImagSurface_W3_p": 0.0151028967,
  "WLHImagSurface_r0_p": 0.6660346718,
  "WLHImagSurface_r1_p": -0.1488745281,
  "WLHImagSurface_r2_p": -0.0020176877,
  "WLHImagSurface_a0_p": 0.6266652124,
  "WLHImagSurface_W0_n": 2.3260324928,
  "WLHImagSurface_W1_n": 0.0516535518,
  "WLHImagSurface_W2_n": 3.3113448565,
  "WLHImagSurface_W3_n": 0.1567228351,
  "WLHImagSurface_r0_n": 1.2679329272,
  "WLHImagSurface_r1_n": 1.5277363368,
  "WLHImagSurface_r2_n": 0.0042479107,
  "WLHImagSurface_a0_n": 0.8207533837,
  "WLHRealSpinOrbit_V0_p": 9.2222739355,
  "WLHRealSpinOrbit_V1_p": 0.0090192793,
  "WLHRealSpinOrbit_r0_p": 1.3678102801,
  "WLHRealSpinOrbit_r1_p": 1.0078082834,
  "WLHRealSpinOrbit_a0_p": 0.8752224937,
  "WLHRealSpinOrbit_a1_p": 0.0003468873,
  "WLHRealSpinOrbit_V0_n": 9.958201738,
  "WLHRealSpinOrbit_V1_n": 0.0085349371,
  "WLHRealSpinOrbit_r0_n": 1.2314649761,
  "WLHRealSpinOrbit_r1_n": 0.8240524053,
  "WLHRealSpinOrbit_a0_n": 0.7771963632,
  "WLHRealSpinOrbit_a1_n": 0.000312256
}