{
  "WLHReal_V0_p": 50.6099829791,
  "WLHReal_V1_p": 0.2755249972,
  "WLHReal_V2_p": -0.0007176664,
  "WLHReal_V3_p": 4.0599e-06,
  "WLHReal_V4_p": 11.9020564525,
  "WLHReal_V5_p": 0.1339849396,
  "WLHReal_V6_p": 0.0005271314,
  "WLHReal_r0_p": 1.3572694652,
  "WLHReal_r1_p": 0.2928136979,
  "WLHReal_r2_p": 0.000914992,
  "WLHReal_r3_p": 1.04578e-05,
  "WLHReal_a0_p": 0.7987074523,
  "WLHReal_a1_p": 3.84608e-05,
  "WLHReal_a2_p": 8.8873e-06,
  "WLHReal_a3_p": -0.0223387117,
  "WLHReal_a4_p": 0.5062181505,
  "WLHReal_V0_n": 46.727846683,
  "WLHReal_V1_n": 0.2505335852,
  "WLHReal_V2_n": -0.0015804216,
  "WLHReal_V3_n": 7.5305e-06,
  "WLHReal_V4_n": 19.9927586885,
  "WLHReal_V5_n": 0.364355602,
  "WLHReal_V6_n": 0.0022329304,
  "WLHReal_r0_n": 1.3967453511,
  "WLHReal_r1_n": 0.2892414216,
  "WLHReal_r2_n": 0.0017325565,
  "WLHReal_r3_n": 2.37524e-05,
  "WLHReal_a0_n": 0.8024002786,
  "WLHReal_a1_n": 0.0020204285,
  "WLHReal_a2_n": 3.03436e-05,
  "WLHReal_a3_n": 0.439976393,
  "WLHReal_a4_n": 1.3122562294,
  "WLHImagVolume_W0_p": 5.2092454729,
  "WLHImagVolume_W1_p": 0.2046722614,
  "WLHImagVolume_W2_p": 0.0002362613,
  "WLHImagVolume_W3_p": 8.922982863,
  "WLHImagVolume_W4_p": 0.0827600118,
  "WLHImagVolume_r0_p": 0.7730340965,
  "WLHImagVolume_r1_p": 34.8887823748,
  "WLHImagVolume_r2_p": 0.549742276,
  "WLHImagVolume_r3_p": 50.2387387541,
  "WLHImagVolume_r4_p": 0.6590413899,
  "WLHImagVolume_r5_p": 1.285e-06,
  "WLHImagVolume_a0_p": 0.6089666435,
  "WLHImagVolume_a1_p": 0.2514255196,
  "WLHImagVolume_a2_p": 13.4222117703,
  "WLHImagVolume_a3_p": 0.4520250668,
  "WLHImagVolume_a4_p": 0.0030712493,
  "WLHImagVolume_W0_n": 4.0264879901,
  "WLHImagVolume_W1_n": 0.250629489,
  "WLHImagVolume_W2_n": 0.0006903508,
  "WLHImagVolume_W3_n": 9.7907352067,
  "WLHImagVolume_W4_n": -0.0292516128,
  "WLHImagVolume_r0_n": 0.600040086,
  "WLHImagVolume_r1_n": 101.5409840555,
  "WLHImagVolume_r2_n": 0.7899595085,
  "WLHImagVolume_r3_n": 118.8142436676,
  "WLHImagVolume_r4_n": 0.9027403445,
  "WLHImagVolume_r5_n": 6.4412e-06,
  "WLHImagVolume_a0_n": 0.3327081111,
  "WLHImagVolume_a1_n": 0.5110505955,
  "WLHImagVolume_a2_n": 2.6030564377,
  "WLHImagVolume_a3_n": 0.0489802094,
  "WLHImagVolume_a4_n": 0.0001704696,
  "WLHImagSurface_W0_p": 0.6434437557,
  "WLHImagSurface_W1_p": 0.0189029751,
  "WLHImagSurface_W2_p": 0.3991511269,
  "WLHImagSurface_W3_p": 0.0653888675,
  "WLHImagSurface_r0_p": 0.8030879077,
  "WLHImagSurface_r1_p": 0.0133926339,
  "WLHImagSurface_r2_p": 0.0003895565,
  "WLHImagSurface_a0_p": 0.7228779731,
  "WLHImagSurface_W0_n": 1.4474586656,
  "WLHImagSurface_W1_n": 0.0664079831,
  "WLHImagSurface_W2_n": 2.2130624579,
  "WLHImagSurface_W3_n": 0.2384812066,
  "WLHImagSurface_r0_n": 1.3317403184,
  "WLHImagSurface_r1_n": 1.7572535691,
  "WLHImagSurface_r2_n": 0.0006869629,
  "WLHImagSurface_a0_n": 0.9151149421,
  "WLHRealSpinOrbit_V0_p": 9.2381582034,
  "WLHRealSpinOrbit_V1_p": 0.0087116055,
  "WLHRealSpinOrbit_r0_p": 1.3382740153,
  "WLHRealSpinOrbit_r1_p": 0.9567378707,
  "WLHRealSpinOrbit_a0_p": 0.8489017891,
  "WLHRealSpinOrbit_a1_p": 0.0003594325,
  "WLHRealSpinOrbit_V0_n": 8.8893264222,
  "WLHRealSpinOrbit_V1_n": 0.0090119897,
  "WLHRealSpinOrbit_r0_n": 1.3979050196,
  "WLHRealSpinOrbit_r1_n": 1.0571275568,
  "WLHRealSpinOrbit_a0_n": 0.8986261671,
  "WLHRealSpinOrbit_a1_n": 0.0003453079
}