{
  "WLHReal_V0_p": 48.8087524615,
  "WLHReal_V1_p": 0.2505670615,
  "WLHReal_V2_p": -0.000917056,
  "WLHReal_V3_p": 4.0749e-06,
  "WLHReal_V4_p": 12.3063146156,
  "WLHReal_V5_p": 0.1244953594,
  "WLHReal_V6_p": 0.0005744343,
  "WLHReal_r0_p": 1.3582430082,
  "WLHReal_r1_p": 0.2432861751,
  "WLHReal_r2_p": 0.0009533143,
  "WLHReal_r3_p": 1.2162e-05,
  "WLHReal_a0_p": 0.7960981277,
  "WLHReal_a1_p": -3.61232e-05,
  "WLHReal_a2_p": 1.14616e-05,
  "WLHReal_a3_p": -0.0606020189,
  "WLHReal_a4_p": 0.4640195148,
  "WLHReal_V0_n": 55.1884819432,
  "WLHReal_V1_n": 0.3162746122,
  "WLHReal_V2_n": -0.0002870746,
  "WLHReal_V3_n": 2.8437e-06,
  "WLHReal_V4_n": 20.3079255174,
  "WLHReal_V5_n": 0.3008450125,
  "WLHReal_V6_n": 0.0011417468,
  "WLHReal_r0_n": 1.3033075125,
  "WLHReal_r1_n": 0.3622814061,
  "WLHReal_r2_n": 0.0009061532,
  "WLHReal_r3_n": 8.3634e-06,
  "WLHReal_a0_n": 0.7475542528,
  "WLHReal_a1_n": 0.0007659437,
  "WLHReal_a2_n": 9.4622e-06,
  "WLHReal_a3_n": 0.2343180073,
  "WLHReal_a4_n": 0.840549663,
  "WLHImagVolume_W0_p": 5.1557842613,
  "WLHImagVolume_W1_p": 0.1613236036,
  "WLHImagVolume_W2_p": 2.36372e-05,
  "WLHImagVolume_W3_p": 7.0685477332,
  "WLHImagVolume_W4_p": 0.0753844753,
  "WLHImagVolume_r0_p": 0.9122269225,
  "WLHImagVolume_r1_p": 19.8241310668,
  "WLHImagVolume_r2_p": 0.4194349273,
  "WLHImagVolume_r3_p": 39.8265226797,
  "WLHImagVolume_r4_p": 0.7533805137,
  "WLHImagVolume_r5_p": 1.6181e-06,
  "WLHImagVolume_a0_p": 0.6242630793,
  "WLHImagVolume_a1_p": 0.227770624,
  "WLHImagVolume_a2_p": 11.693573888,
  "WLHImagVolume_a3_p": 0.4622615099,
  "WLHImagVolume_a4_p": 0.0032714856,
  "WLHImagVolume_W0_n": 3.6056846783,
  "WLHImagVolume_W1_n": 0.3314592549,
  "WLHImagVolume_W2_n": 0.0007798126,
  "WLHImagVolume_W3_n": 10.247431843,
  "WLHImagVolume_W4_n": 0.0633312225,
  "WLHImagVolume_r0_n": 0.541497369,
  "WLHImagVolume_r1_n": 78.9122331213,
  "WLHImagVolume_r2_n": 0.7554534267,
  "WLHImagVolume_r3_n": 90.3527632031,
  "WLHImagVolume_r4_n": 0.9141668462,
  "WLHImagVolume_r5_n": 3.3984e-06,
  "WLHImagVolume_a0_n": 0.2574800848,
  "WLHImagVolume_a1_n": 0.5756736804,
  "WLHImagVolume_a2_n": 4.5050045269,
  "WLHImagVolume_a3_n": 0.0184683482,
  "WLHImagVolume_a4_n": 0.0004863684,
  "WLHImagSurface_W0_p": 0.4606516073,
  "WLHImagSurface_W1_p": -0.000345852,
  "WLHImagSurface_W2_p": -0.0241978101,
  "WLHImagSurface_W3_p": -0.0109597983,
  "WLHImagSurface_r0_p": 0.7182102723,
  "WLHImagSurface_r1_p": -0.2385528717,
  "WLHImagSurface_r2_p": -0.0006431342,
  "WLHImagSurface_a0_p": 0.6859397611,
  "WLHImagSurface_W0_n": 2.2046840381,
  "WLHImagSurface_W1_n": 0.059781519,
  "WLHImagSurface_W2_n": 3.4325781553,
  "WLHImagSurface_W3_n": 0.1951486817,
  "WLHImagSurface_r0_n": 1.287706479,
  "WLHImagSurface_r1_n": 1.6239831547,
  "WLHImagSurface_r2_n": 0.0033859966,
  "WLHImagSurface_a0_n": 0.8445136762,
  "WLHRealSpinOrbit_V0_p": 9.3154364282,
  "WLHRealSpinOrbit_V1_p": 0.0089260665,
  "WLHRealSpinOrbit_r0_p": 1.3541810044,
  "WLHRealSpinOrbit_r1_p": 0.9776218199,
  "WLHRealSpinOrbit_a0_p": 0.8623024722,
  "WLHRealSpinOrbit_a1_p": 0.0003667969,
  "WLHRealSpinOrbit_V0_n": 9.5860987746,
  "WLHRealSpinOrbit_V1_n": 0.008583598,
  "WLHRealSpinOrbit_r0_n": 1.2788385927,
  "WLHRealSpinOrbit_r1_n": 0.8870703497,
  "WLHRealSpinOrbit_a0_n": 0.8095687289,
  "WLHRealSpinOrbit_a1_n": 0.0003249472
}