{
  "WLHReal_V0_p": 52.0388227553,
  "WLHReal_V1_p": 0.2553971653,
  "WLHReal_V2_p": -0.0003544319,
  "WLHReal_V3_p": 2.2477e-06,
  "WLHReal_V4_p": 14.1566233813,
  "WLHReal_V5_p": 0.1309997814,
  "WLHReal_V6_p": 0.0004163131,
  "WLHReal_r0_p": 1.3009979289,
  "WLHReal_r1_p": 0.2572711138,
  "WLHReal_r2_p": 0.0007563807,
  "WLHReal_r3_p": 8.5121e-06,
  "WLHReal_a0_p": 0.773795527,
  "WLHReal_a1_p": 9.85071e-05,
  "WLHReal_a2_p": 6.0842e-06,
  "WLHReal_a3_p": -0.0056305637,
  "WLHReal_a4_p": 0.4754733119,
  "WLHReal_V0_n": 55.2640568748,
  "WLHReal_V1_n": 0.3262389822,
  "WLHReal_V2_n": -0.0001007534,
  "WLHReal_V3_n": 2.77e-06,
  "WLHReal_V4_n": 20.1899545304,
  "WLHReal_V5_n": 0.2885156974,
  "WLHReal_V6_n": 0.0009751755,
  "WLHReal_r0_n": 1.2970108532,
  "WLHReal_r1_n": 0.3642410091,
  "WLHReal_r2_n": 0.0008027504,
  "WLHReal_r3_n": 6.1242e-06,
  "WLHReal_a0_n": 0.7388600845,
  "WLHReal_a1_n": 0.0006688223,
  "WLHReal_a2_n": 7.4277e-06,
  "WLHReal_a3_n": 0.2139699584,
  "WLHReal_a4_n": 0.7870796574,
  "WLHImagVolume_W0_p": 4.310104247,
  "WLHImagVolume_W1_p": 0.1776694655,
  "WLHImagVolume_W2_p": -1.03747e-05,
  "WLHImagVolume_W3_p": 8.9123553521,
  "WLHImagVolume_W4_p": 0.0717356138,
  "WLHImagVolume_r0_p": 0.876544972,
  "WLHImagVolume_r1_p": 15.1467930237,
  "WLHImagVolume_r2_p": 0.3840152465,
  "WLHImagVolume_r3_p": 33.1662233364,
  "WLHImagVolume_r4_p": 0.8205609267,
  "WLHImagVolume_r5_p": 2.0841e-06,
  "WLHImagVolume_a0_p": 0.5957431522,
  "WLHImagVolume_a1_p": 0.215773732,
  "WLHImagVolume_a2_p": 9.7209431548,
  "WLHImagVolume_a3_p": 0.4541882374,
  "WLHImagVolume_a4_p": 0.0029987536,
  "WLHImagVolume_W0_n": 3.2919400904,
  "WLHImagVolume_W1_n": 0.3205236376,
  "WLHImagVolume_W2_n": 0.0008053628,
  "WLHImagVolume_W3_n": 9.6190644993,
  "WLHImagVolume_W4_n": 0.0671315207,
  "WLHImagVolume_r0_n": 0.4951208229,
  "WLHImagVolume_r1_n": 87.2590238304,
  "WLHImagVolume_r2_n": 0.7956673885,
  "WLHImagVolume_r3_n": 92.0849378185,
  "WLHImagVolume_r4_n": 0.8401510267,
  "WLHImagVolume_r5_n": 3.1097e-06,
  "WLHImagVolume_a0_n": 0.2327691094,
  "WLHImagVolume_a1_n": 0.5956665958,
  "WLHImagVolume_a2_n": 5.2388285513,
  "WLHImagVolume_a3_n": 0.0207926367,
  "WLHImagVolume_a4_n": 0.0004044716,
  "WLHImagSurface_W0_p": 0.6239155636,
  "WLHImagSurface_W1_p": 0.0083400549,
  "WLHImagSurface_W2_p": 0.4858463847,
  "WLHImagSurface_W3_p": 0.0230881157,
  "WLHImagSurface_r0_p": 0.791955686,
  "WLHImagSurface_r1_p": 0.1489700304,
  "WLHImagSurface_r2_p": 0.0030253753,
  "WLHImagSurface_a0_p": 0.6300143397,
  "WLHImagSurface_W0_n": 2.3077642418,
  "WLHImagSurface_W1_n": 0.0603892273,
  "WLHImagSurface_W2_n": 3.7027411839,
  "WLHImagSurface_W3_n": 0.1971761265,
  "WLHImagSurface_r0_n": 1.301550931,
  "WLHImagSurface_r1_n": 1.619979485,
  "WLHImagSurface_r2_n": 0.0037267268,
  "WLHImagSurface_a0_n": 0.8381734396,
  "WLHRealSpinOrbit_V0_p": 9.924139569,
  "WLHRealSpinOrbit_V1_p": 0.0088961198,
  "WLHRealSpinOrbit_r0_p": 1.2896633959,
  "WLHRealSpinOrbit_r1_p": 0.8808311738,
  "WLHRealSpinOrbit_a0_p": 0.8154389575,
  "WLHRealSpinOrbit_a1_p": 0.0003648956,
  "WLHRealSpinOrbit_V0_n": 9.4667921512,
  "WLHRealSpinOrbit_V1_n": 0.0083514706,
  "WLHRealSpinOrbit_r0_n": 1.2690888306,
  "WLHRealSpinOrbit_r1_n": 0.8685952202,
  "WLHRealSpinOrbit_a0_n": 0.7988436862,
  "WLHRealSpinOrbit_a1_n": 0.0003309185
}