{
  "WLHReal_V0_p": 56.0470744453,
  "WLHReal_V1_p": 0.2861875559,
  "WLHReal_V2_p": -0.0001903169,
  "WLHReal_V3_p": 2.1719e-06,
  "WLHReal_V4_p": 13.8220487268,
  "WLHReal_V5_p": 0.1494700452,
  "WLHReal_V6_p": 0.0004204764,
  "WLHReal_r0_p": 1.2876473411,
  "WLHReal_r1_p": 0.3086425444,
  "WLHReal_r2_p": 0.0008361795,
  "WLHReal_r3_p": 7.3136e-06,
  "WLHReal_a0_p": 0.7844048015,
  "WLHReal_a1_p": 0.0002961337,
  "WLHReal_a2_p": 4.3568e-06,
  "WLHReal_a3_p": 0.0494072565,
  "WLHReal_a4_p": 0.569706037,
  "WLHReal_V0_n": 51.3927828418,
  "WLHReal_V1_n": 0.2877017947,
  "WLHReal_V2_n": -0.0003507849,
  "WLHReal_V3_n": 3.2677e-06,
  "WLHReal_V4_n": 20.5943692878,
  "WLHReal_V5_n": 0.2905029351,
  "WLHReal_V6_n": 0.0011295881,
  "WLHReal_r0_n": 1.321418684,
  "WLHReal_r1_n": 0.3349340685,
  "WLHReal_r2_n": 0.000932581,
  "WLHReal_r3_n": 9.3179e-06,
  "WLHReal_a0_n": 0.7446537841,
  "WLHReal_a1_n": 0.0009508699,
  "WLHReal_a2_n": 1.16761e-05,
  "WLHReal_a3_n": 0.2729690355,
  "WLHReal_a4_n": 0.8735533157,
  "WLHImagVolume_W0_p": 4.9715565161,
  "WLHImagVolume_W1_p": 0.2753213197,
  "WLHImagVolume_W2_p": 0.0002455959,
  "WLHImagVolume_W3_p": 12.576220332,
  "WLHImagVolume_W4_p": 0.0945649283,
  "WLHImagVolume_r0_p": 0.7980492182,
  "WLHImagVolume_r1_p": 19.0295867243,
  "WLHImagVolume_r2_p": 0.4348110468,
  "WLHImagVolume_r3_p": 34.9011623997,
  "WLHImagVolume_r4_p": 0.8401238075,
  "WLHImagVolume_r5_p": 2.8561e-06,
  "WLHImagVolume_a0_p": 0.6127432263,
  "WLHImagVolume_a1_p": 0.2029680149,
  "WLHImagVolume_a2_p": 8.10967478,
  "WLHImagVolume_a3_p": 0.4910544851,
  "WLHImagVolume_a4_p": 0.0034548812,
  "WLHImagVolume_W0_n": 2.6974048089,
  "WLHImagVolume_W1_n": 0.2419189711,
  "WLHImagVolume_W2_n": 0.0005938586,
  "WLHImagVolume_W3_n": 8.0645328342,
  "WLHImagVolume_W4_n": 0.0190225912,
  "WLHImagVolume_r0_n": 0.5003635637,
  "WLHImagVolume_r1_n": 96.6209287152,
  "WLHImagVolume_r2_n": 0.8111378718,
  "WLHImagVolume_r3_n": 97.0977299409,
  "WLHImagVolume_r4_n": 0.818953425,
  "WLHImagVolume_r5_n": 3.7936e-06,
  "WLHImagVolume_a0_n": 0.232807234,
  "WLHImagVolume_a1_n": 0.5965239269,
  "WLHImagVolume_a2_n": 6.7721647619,
  "WLHImagVolume_a3_n": 0.0606881907,
  "WLHImagVolume_a4_n": 0.0004779589,
  "WLHImagSurface_W0_p": 0.5728279533,
  "WLHImagSurface_W1_p": 0.0069666037,
  "WLHImagSurface_W2_p": 0.371785319,
  "WLHImagSurface_W3_p": 0.0285989823,
  "WLHImagSurface_r0_p": 0.7936801454,
  "WLHImagSurface_r1_p": 0.443444814,
  "WLHImagSurface_r2_p": 0.0035919979,
  "WLHImagSurface_a0_p": 0.5747576389,
  "WLHImagSurface_W0_n": 1.7434603034,
  "WLHImagSurface_W1_n": 0.047873682,
  "WLHImagSurface_W2_n": 2.8479943876,
  "WLHImagSurface_W3_n": 0.1750542784,
  "WLHImagSurface_r0_n": 1.3192861395,
  "WLHImagSurface_r1_n": 1.5522427628,
  "WLHImagSurface_r2_n": 0.0029599735,
  "WLHImagSurface_a0_n": 0.8584551939,
  "WLHRealSpinOrbit_V0_p": 10.251455815,
  "WLHRealSpinOrbit_V1_p": 0.0090417579,
  "WLHRealSpinOrbit_r0_p": 1.2611643124,
  "WLHRealSpinOrbit_r1_p": 0.8564670434,
  "WLHRealSpinOrbit_a0_p": 0.8011395712,
  "WLHRealSpinOrbit_a1_p": 0.0003324699,
  "WLHRealSpinOrbit_V0_n": 9.2225138086,
  "WLHRealSpinOrbit_V1_n": 0.0083014964,
  "WLHRealSpinOrbit_r0_n": 1.2991141207,
  "WLHRealSpinOrbit_r1_n": 0.8953020075,
  "WLHRealSpinOrbit_a0_n": 0.8152849985,
  "WLHRealSpinOrbit_a1_n": 0.0003630497
}