{
  "WLHReal_V0_p": 56.5335619077,
  "WLHReal_V1_p": 0.3087789526,
  "WLHReal_V2_p": 0.0001171568,
  "WLHReal_V3_p": 8.338e-07,
  "WLHReal_V4_p": 13.7309016754,
  "WLHReal_V5_p": 0.1370830639,
  "WLHReal_V6_p": 0.0002833535,
  "WLHReal_r0_p": 1.2646050594,
  "WLHReal_r1_p": 0.2801017572,
  "WLHReal_r2_p": 0.0008454267,
  "WLHReal_r3_p": 6.1327e-06,
  "WLHReal_a0_p": 0.7742810441,
  "WLHReal_a1_p": 0.0002396384,
  "WLHReal_a2_p": 4.2679e-06,
  "WLHReal_a3_p": 0.0817596158,
  "WLHReal_a4_p": 0.6107247374,
  "WLHReal_V0_n": 56.9425566551,
  "WLHReal_V1_n": 0.3090346064,
  "WLHReal_V2_n": 0.0001207164,
  "WLHReal_V3_n": 8.664e-07,
  "WLHReal_V4_n": 21.2757857535,
  "WLHReal_V5_n": 0.2714628456,
  "WLHReal_V6_n": 0.0007694809,
  "WLHReal_r0_n": 1.2607845454,
  "WLHReal_r1_n": 0.3473378161,
  "WLHReal_r2_n": 0.0006402781,
  "WLHReal_r3_n": 4.2546e-06,
  "WLHReal_a0_n": 0.7267348863,
  "WLHReal_a1_n": 0.000356502,
  "WLHReal_a2_n": 3.4725e-06,
  "WLHReal_a3_n": 0.203365639,
  "WLHReal_a4_n": 0.7195852609,
  "WLHImagVolume_W0_p": 4.3717297645,
  "WLHImagVolume_W1_p": 0.26780668,
  "WLHImagVolume_W2_p": 0.0003494117,
  "WLHImagVolume_W3_p": 13.6243459548,
  "WLHImagVolume_W4_p": 0.0839589613,
  "WLHImagVolume_r0_p": 0.6885623431,
  "WLHImagVolume_r1_p": 37.2801895954,
  "WLHImagVolume_r2_p": 0.5298466964,
  "WLHImagVolume_r3_p": 51.3235295463,
  "WLHImagVolume_r4_p": 0.7608061376,
  "WLHImagVolume_r5_p": 1.6963e-06,
  "WLHImagVolume_a0_p": 0.5675183816,
  "WLHImagVolume_a1_p": 0.2425176769,
  "WLHImagVolume_a2_p": 11.4478445563,
  "WLHImagVolume_a3_p": 0.4426063135,
  "WLHImagVolume_a4_p": 0.0026924017,
  "WLHImagVolume_W0_n": 3.1630606193,
  "WLHImagVolume_W1_n": 0.3099990038,
  "WLHImagVolume_W2_n": 0.0005377426,
  "WLHImagVolume_W3_n": 9.9105658865,
  "WLHImagVolume_W4_n": 0.0689426727,
  "WLHImagVolume_r0_n": 0.5892761162,
  "WLHImagVolume_r1_n": 59.0221695468,
  "WLHImagVolume_r2_n": 0.6637931637,
  "WLHImagVolume_r3_n": 71.547345336,
  "WLHImagVolume_r4_n": 1.0099315842,
  "WLHImagVolume_r5_n": 3.507e-06,
  "WLHImagVolume_a0_n": 0.2351827031,
  "WLHImagVolume_a1_n": 0.5896829351,
  "WLHImagVolume_a2_n": 6.4670958138,
  "WLHImagVolume_a3_n": 0.0297185119,
  "WLHImagVolume_a4_n": 0.0007929257,
  "WLHImagSurface_W0_p": 0.7853806768,
  "WLHImagSurface_W1_p": 0.0206889343,
  "WLHImagSurface_W2_p": 0.4771047754,
  "WLHImagSurface_W3_p": 0.0687322628,
  "WLHImagSurface_r0_p": 0.932860072,
  "WLHImagSurface_r1_p": 0.624020316,
  "WLHImagSurface_r2_p": 0.0052197223,
  "WLHImagSurface_a0_p": 0.6956609584,
  "WLHImagSurface_W0_n": 1.9554687207,
  "WLHImagSurface_W1_n": 0.0384696951,
  "WLHImagSurface_W2_n": 2.7366821664,
  "WLHImagSurface_W3_n": 0.1256464326,
  "WLHImagSurface_r0_n": 1.2506214036,
  "WLHImagSurface_r1_n": 1.4390020805,
  "WLHImagSurface_r2_n": 0.0040075175,
  "WLHImagSurface_a0_n": 0.8239273649,
  "WLHRealSpinOrbit_V0_p": 10.198079319,
  "WLHRealSpinOrbit_V1_p": 0.0087720353,
  "WLHRealSpinOrbit_r0_p": 1.2366866755,
  "WLHRealSpinOrbit_r1_p": 0.8230194251,
  "WLHRealSpinOrbit_a0_p": 0.7815288525,
  "WLHRealSpinOrbit_a1_p": 0.0003286985,
  "WLHRealSpinOrbit_V0_n": 10.0979251368,
  "WLHRealSpinOrbit_V1_n": 0.0086360584,
  "WLHRealSpinOrbit_r0_n": 1.2342054193,
  "WLHRealSpinOrbit_r1_n": 0.8171468883,
  "WLHRealSpinOrbit_a0_n": 0.7772623452,
  "WLHRealSpinOrbit_a1_n": 0.0003289298
}