{
  "WLHReal_V0_p": 53.3868893622,
  "WLHReal_V1_p": 0.3066302704,
  "WLHReal_V2_p": 0.0007204458,
  "WLHReal_V3_p": -5.09e-07,
  "WLHReal_V4_p": 14.7143994184,
  "WLHReal_V5_p": 0.1202621448,
  "WLHReal_V6_p": 3.1766e-06,
  "WLHReal_r0_p": 1.2573798042,
  "WLHReal_r1_p": 0.3064759912,
  "WLHReal_r2_p": 0.000343829,
  "WLHReal_r3_p": -6.612e-07,
  "WLHReal_a0_p": 0.73613435,
  "WLHReal_a1_p": 2.00045e-05,
  "WLHReal_a2_p": -6.299e-07,
  "WLHReal_a3_p": 0.0910110054,
  "WLHReal_a4_p": 0.4890651818,
  "WLHReal_V0_n": 51.3103052708,
  "WLHReal_V1_n": 0.2879923397,
  "WLHReal_V2_n": -0.0003561873,
  "WLHReal_V3_n": 3.0127e-06,
  "WLHReal_V4_n": 21.0694200587,
  "WLHReal_V5_n": 0.2832284041,
  "WLHReal_V6_n": 0.0011989584,
  "WLHReal_r0_n": 1.2906082677,
  "WLHReal_r1_n": 0.2371743944,
  "WLHReal_r2_n": 0.0010761638,
  "WLHReal_r3_n": 1.21692e-05,
  "WLHReal_a0_n": 0.746518944,
  "WLHReal_a1_n": 0.0011075928,
  "WLHReal_a2_n": 1.41495e-05,
  "WLHReal_a3_n": 0.3490705929,
  "WLHReal_a4_n": 1.0280052486,
  "WLHImagVolume_W0_p": 2.0342114129,
  "WLHImagVolume_W1_p": 0.1435009079,
  "WLHImagVolume_W2_p": 0.0002944219,
  "WLHImagVolume_W3_p": 10.6214522869,
  "WLHImagVolume_W4_p": 0.0402841144,
  "WLHImagVolume_r0_p": 0.4279245121,
  "WLHImagVolume_r1_p": 72.4271335426,
  "WLHImagVolume_r2_p": 0.7880729146,
  "WLHImagVolume_r3_p": 75.8291270505,
  "WLHImagVolume_r4_p": 0.4433864947,
  "WLHImagVolume_r5_p": 7.285e-07,
  "WLHImagVolume_a0_p": 0.4474414492,
  "WLHImagVolume_a1_p": 0.3483360599,
  "WLHImagVolume_a2_p": 20.3078746738,
  "WLHImagVolume_a3_p": 0.2974350523,
  "WLHImagVolume_a4_p": 0.0005260533,
  "WLHImagVolume_W0_n": 2.9386476042,
  "WLHImagVolume_W1_n": 0.214353543,
  "WLHImagVolume_W2_n": 0.0004464319,
  "WLHImagVolume_W3_n": 8.5923986608,
  "WLHImagVolume_W4_n": 0.0074486602,
  "WLHImagVolume_r0_n": 0.5699296356,
  "WLHImagVolume_r1_n": 87.8446129291,
  "WLHImagVolume_r2_n": 0.7180888976,
  "WLHImagVolume_r3_n": 92.0584624777,
  "WLHImagVolume_r4_n": 0.8606789318,
  "WLHImagVolume_r5_n": 3.2582e-06,
  "WLHImagVolume_a0_n": 0.2296542413,
  "WLHImagVolume_a1_n": 0.5764474911,
  "WLHImagVolume_a2_n": 6.5743966593,
  "WLHImagVolume_a3_n": 0.0412476042,
  "WLHImagVolume_a4_n": 0.0001791668,
  "WLHImagSurface_W0_p": 1.6538509782,
  "WLHImagSurface_W1_p": 0.0944091412,
  "WLHImagSurface_W2_p": 2.5711558846,
  "WLHImagSurface_W3_p": 0.3294548219,
  "WLHImagSurface_r0_p": 1.2621413825,
  "WLHImagSurface_r1_p": 0.8975456335,
  "WLHImagSurface_r2_p": 0.0097034387,
  "WLHImagSurface_a0_p": 0.9346172139,
  "WLHImagSurface_W0_n": 1.5905071303,
  "WLHImagSurface_W1_n": 0.0404856838,
  "WLHImagSurface_W2_n": 1.9595259079,
  "WLHImagSurface_W3_n": 0.1378282595,
  "WLHImagSurface_r0_n": 1.2993054572,
  "WLHImagSurface_r1_n": 1.4826255933,
  "WLHImagSurface_r2_n": 0.0028612985,
  "WLHImagSurface_a0_n": 0.8574794599,
  "WLHRealSpinOrbit_V0_p": 9.4555572855,
  "WLHRealSpinOrbit_V1_p": 0.0076259756,
  "WLHRealSpinOrbit_r0_p": 1.2182343687,
  "WLHRealSpinOrbit_r1_p": 0.7526312475,
  "WLHRealSpinOrbit_a0_p": 0.7437556041,
  "WLHRealSpinOrbit_a1_p": 0.0003982308,
  "WLHRealSpinOrbit_V0_n": 9.5857665082,
  "WLHRealSpinOrbit_V1_n": 0.0086138626,
  "WLHRealSpinOrbit_r0_n": 1.2849051035,
  "WLHRealSpinOrbit_r1_n": 0.8902273309,
  "WLHRealSpinOrbit_a0_n": 0.8136160697,
  "WLHRealSpinOrbit_a1_n": 0.0003405741
}