{
  "WLHReal_V0_p": 52.9880986848,
  "WLHReal_V1_p": 0.3132729175,
  "WLHReal_V2_p": 0.0003197963,
  "WLHReal_V3_p": 9.089e-07,
  "WLHReal_V4_p": 13.6311854131,
  "WLHReal_V5_p": 0.0945762863,
  "WLHReal_V6_p": 9.28697e-05,
  "WLHReal_r0_p": 1.2435404914,
  "WLHReal_r1_p": 0.1573566073,
  "WLHReal_r2_p": 0.0008839407,
  "WLHReal_r3_p": 6.7424e-06,
  "WLHReal_a0_p": 0.7522088422,
  "WLHReal_a1_p": -7.03662e-05,
  "WLHReal_a2_p": 5.9949e-06,
  "WLHReal_a3_p": 0.0688249266,
  "WLHReal_a4_p": 0.5972072556,
  "WLHReal_V0_n": 55.3068354351,
  "WLHReal_V1_n": 0.3007103249,
  "WLHReal_V2_n": 0.0003622442,
  "WLHReal_V3_n": 7.273e-07,
  "WLHReal_V4_n": 21.7465203575,
  "WLHReal_V5_n": 0.2439196349,
  "WLHReal_V6_n": 0.0005367724,
  "WLHReal_r0_n": 1.2427766424,
  "WLHReal_r1_n": 0.2939148294,
  "WLHReal_r2_n": 0.0005433564,
  "WLHReal_r3_n": 2.9538e-06,
  "WLHReal_a0_n": 0.7123339172,
  "WLHReal_a1_n": 0.0003212933,
  "WLHReal_a2_n": 1.7613e-06,
  "WLHReal_a3_n": 0.226123179,
  "WLHReal_a4_n": 0.7141452974,
  "WLHImagVolume_W0_p": 3.0076768524,
  "WLHImagVolume_W1_p": 0.1599413997,
  "WLHImagVolume_W2_p": 0.0002438991,
  "WLHImagVolume_W3_p": 11.6109966712,
  "WLHImagVolume_W4_p": 0.0459306465,
  "WLHImagVolume_r0_p": 0.6395677301,
  "WLHImagVolume_r1_p": 59.2420094897,
  "WLHImagVolume_r2_p": 0.5912617183,
  "WLHImagVolume_r3_p": 74.9471738529,
  "WLHImagVolume_r4_p": 0.6530953978,
  "WLHImagVolume_r5_p": 1.4846e-06,
  "WLHImagVolume_a0_p": 0.4903739428,
  "WLHImagVolume_a1_p": 0.3098196402,
  "WLHImagVolume_a2_p": 17.8596193302,
  "WLHImagVolume_a3_p": 0.3391433532,
  "WLHImagVolume_a4_p": 0.0012000325,
  "WLHImagVolume_W0_n": 2.3368436306,
  "WLHImagVolume_W1_n": 0.2339975236,
  "WLHImagVolume_W2_n": 0.0003406019,
  "WLHImagVolume_W3_n": 8.2085959112,
  "WLHImagVolume_W4_n": 0.0448915862,
  "WLHImagVolume_r0_n": 0.5605095116,
  "WLHImagVolume_r1_n": 68.4785160953,
  "WLHImagVolume_r2_n": 0.6750555215,
  "WLHImagVolume_r3_n": 70.3068326526,
  "WLHImagVolume_r4_n": 0.9267984878,
  "WLHImagVolume_r5_n": 2.8416e-06,
  "WLHImagVolume_a0_n": 0.1912980675,
  "WLHImagVolume_a1_n": 0.6162866394,
  "WLHImagVolume_a2_n": 8.850415252,
  "WLHImagVolume_a3_n": 0.051171519,
  "WLHImagVolume_a4_n": 0.0006796751,
  "WLHImagSurface_W0_p": 1.0449211545,
  "WLHImagSurface_W1_p": 0.0314029523,
  "WLHImagSurface_W2_p": 0.3253426628,
  "WLHImagSurface_W3_p": 0.0780416471,
  "WLHImagSurface_r0_p": 1.1137389095,
  "WLHImagSurface_r1_p": 0.5138981726,
  "WLHImagSurface_r2_p": 0.0063368127,
  "WLHImagSurface_a0_p": 0.9407273485,
  "WLHImagSurface_W0_n": 1.6747598701,
  "WLHImagSurface_W1_n": 0.0242372096,
  "WLHImagSurface_W2_n": 2.1586045114,
  "WLHImagSurface_W3_n": 0.084890896,
  "WLHImagSurface_r0_n": 1.2644924863,
  "WLHImagSurface_r1_n": 1.3223771564,
  "WLHImagSurface_r2_n": 0.0042119861,
  "WLHImagSurface_a0_n": 0.8201629198,
  "WLHRealSpinOrbit_V0_p": 9.8163744364,
  "WLHRealSpinOrbit_V1_p": 0.0083394887,
  "WLHRealSpinOrbit_r0_p": 1.2344282894,
  "WLHRealSpinOrbit_r1_p": 0.8124309228,
  "WLHRealSpinOrbit_a0_p": 0.7739021294,
  "WLHRealSpinOrbit_a1_p": 0.0003465391,
  "WLHRealSpinOrbit_V0_n": 10.0468179741,
  "WLHRealSpinOrbit_V1_n": 0.0083871209,
  "WLHRealSpinOrbit_r0_n": 1.2197664355,
  "WLHRealSpinOrbit_r1_n": 0.7847193045,
  "WLHRealSpinOrbit_a0_n": 0.7615387133,
  "WLHRealSpinOrbit_a1_n": 0.0003487673
}