{
  "WLHReal_V0_p": 51.4688429397,
  "WLHReal_V1_p": 0.2365545249,
  "WLHReal_V2_p": -0.0004720796,
  "WLHReal_V3_p": 1.6743e-06,
  "WLHReal_V4_p": 14.8498117167,
  "WLHReal_V5_p": 0.1144295074,
  "WLHReal_V6_p": 0.0004312186,
  "WLHReal_r0_p": 1.2734972547,
  "WLHReal_r1_p": 0.1573427108,
  "WLHReal_r2_p": 0.0009257474,
  "WLHReal_r3_p": 1.14688e-05,
  "WLHReal_a0_p": 0.7686422146,
  "WLHReal_a1_p": 4.40584e-05,
  "WLHReal_a2_p": 8.7579e-06,
  "WLHReal_a3_p": -0.0282963369,
  "WLHReal_a4_p": 0.4828697865,
  "WLHReal_V0_n": 60.3302941299,
  "WLHReal_V1_n": 0.3144625158,
  "WLHReal_V2_n": -0.0001482288,
  "WLHReal_V3_n": 1.3286e-06,
  "WLHReal_V4_n": 21.1299306772,
  "WLHReal_V5_n": 0.305088692,
  "WLHReal_V6_n": 0.0010435025,
  "WLHReal_r0_n": 1.2662006946,
  "WLHReal_r1_n": 0.4067110028,
  "WLHReal_r2_n": 0.0007353333,
  "WLHReal_r3_n": 5.7608e-06,
  "WLHReal_a0_n": 0.7436762201,
  "WLHReal_a1_n": 0.0002872862,
  "WLHReal_a2_n": 3.9602e-06,
  "WLHReal_a3_n": 0.1747321698,
  "WLHReal_a4_n": 0.7206720751,
  "WLHImagVolume_W0_p": 4.2978330384,
  "WLHImagVolume_W1_p": 0.1495271634,
  "WLHImagVolume_W2_p": -0.0002438538,
  "WLHImagVolume_W3_p": 8.2900674764,
  "WLHImagVolume_W4_p": 0.0654056711,
  "WLHImagVolume_r0_p": 1.0756409911,
  "WLHImagVolume_r1_p": -5.9248530797,
  "WLHImagVolume_r2_p": 0.1707011011,
  "WLHImagVolume_r3_p": 20.5005338426,
  "WLHImagVolume_r4_p": 1.0177020525,
  "WLHImagVolume_r5_p": 2.2837e-06,
  "WLHImagVolume_a0_p": 0.6151879022,
  "WLHImagVolume_a1_p": 0.1739827914,
  "WLHImagVolume_a2_p": 6.3793231323,
  "WLHImagVolume_a3_p": 0.4764641694,
  "WLHImagVolume_a4_p": 0.0033348047,
  "WLHImagVolume_W0_n": 4.439245592,
  "WLHImagVolume_W1_n": 0.4200452008,
  "WLHImagVolume_W2_n": 0.0006961182,
  "WLHImagVolume_W3_n": 12.8132848615,
  "WLHImagVolume_W4_n": 0.1060592446,
  "WLHImagVolume_r0_n": 0.6903146847,
  "WLHImagVolume_r1_n": 29.2930201007,
  "WLHImagVolume_r2_n": 0.5679563064,
  "WLHImagVolume_r3_n": 62.8349435122,
  "WLHImagVolume_r4_n": 1.2273107079,
  "WLHImagVolume_r5_n": 4.9211e-06,
  "WLHImagVolume_a0_n": 0.3042334555,
  "WLHImagVolume_a1_n": 0.5419906511,
  "WLHImagVolume_a2_n": 3.2775648167,
  "WLHImagVolume_a3_n": -0.0033247062,
  "WLHImagVolume_a4_n": 0.0011055274,
  "WLHImagSurface_W0_p": 0.2799570116,
  "WLHImagSurface_W1_p": -0.0309176046,
  "WLHImagSurface_W2_p": -0.5893478139,
  "WLHImagSurface_W3_p": -0.1335251625,
  "WLHImagSurface_r0_p": 0.6844190079,
  "WLHImagSurface_r1_p": -0.0834071042,
  "WLHImagSurface_r2_p": 0.0022076365,
  "WLHImagSurface_a0_p": 0.5765199718,
  "WLHImagSurface_W0_n": 2.208747813,
  "WLHImagSurface_W1_n": 0.049219436,
  "WLHImagSurface_W2_n": 3.04400047,
  "WLHImagSurface_W3_n": 0.1493960617,
  "WLHImagSurface_r0_n": 1.2012589692,
  "WLHImagSurface_r1_n": 1.5244329864,
  "WLHImagSurface_r2_n": 0.003817754,
  "WLHImagSurface_a0_n": 0.8225933612,
  "WLHRealSpinOrbit_V0_p": 10.3798616983,
  "WLHRealSpinOrbit_V1_p": 0.0093634202,
  "WLHRealSpinOrbit_r0_p": 1.2851304543,
  "WLHRealSpinOrbit_r1_p": 0.8851398602,
  "WLHRealSpinOrbit_a0_p": 0.8210654358,
  "WLHRealSpinOrbit_a1_p": 0.0003508434,
  "WLHRealSpinOrbit_V0_n": 10.5409392767,
  "WLHRealSpinOrbit_V1_n": 0.0092112095,
  "WLHRealSpinOrbit_r0_n": 1.2373863392,
  "WLHRealSpinOrbit_r1_n": 0.8421045368,
  "WLHRealSpinOrbit_a0_n": 0.7910418447,
  "WLHRealSpinOrbit_a1_n": 0.0002926067
}