{
  "WLHReal_V0_p": 51.9389305797,
  "WLHReal_V1_p": 0.2819389336,
  "WLHReal_V2_p": -0.0001969989,
  "WLHReal_V3_p": 1.844e-06,
  "WLHReal_V4_p": 13.2767403335,
  "WLHReal_V5_p": 0.1258339555,
  "WLHReal_V6_p": 0.0003372079,
  "WLHReal_r0_p": 1.3075193554,
  "WLHReal_r1_p": 0.2700411849,
  "WLHReal_r2_p": 0.0007561249,
  "WLHReal_r3_p": 7.139e-06,
  "WLHReal_a0_p": 0.7738583466,
  "WLHReal_a1_p": 4.13361e-05,
  "WLHReal_a2_p": 6.1581e-06,
  "WLHReal_a3_p": 0.0176963087,
  "WLHReal_a4_p": 0.5083348761,
  "WLHReal_V0_n": 54.7541112605,
  "WLHReal_V1_n": 0.2898171019,
  "WLHReal_V2_n": -0.0010196753,
  "WLHReal_V3_n": 5.1301e-06,
  "WLHReal_V4_n": 20.1761308474,
  "WLHReal_V5_n": 0.3539387371,
  "WLHReal_V6_n": 0.0017860495,
  "WLHReal_r0_n": 1.3455625077,
  "WLHReal_r1_n": 0.3927405958,
  "WLHReal_r2_n": 0.0012857451,
  "WLHReal_r3_n": 1.56153e-05,
  "WLHReal_a0_n": 0.7825160706,
  "WLHReal_a1_n": 0.0011584344,
  "WLHReal_a2_n": 1.86589e-05,
  "WLHReal_a3_n": 0.2841116446,
  "WLHReal_a4_n": 1.0059116691,
  "WLHImagVolume_W0_p": 4.0679059042,
  "WLHImagVolume_W1_p": 0.1817288708,
  "WLHImagVolume_W2_p": 0.0001895893,
  "WLHImagVolume_W3_p": 9.6858357819,
  "WLHImagVolume_W4_p": 0.0671312971,
  "WLHImagVolume_r0_p": 0.7123882577,
  "WLHImagVolume_r1_p": 40.3868616052,
  "WLHImagVolume_r2_p": 0.5601320738,
  "WLHImagVolume_r3_p": 54.0417120454,
  "WLHImagVolume_r4_p": 0.6582003614,
  "WLHImagVolume_r5_p": 1.3194e-06,
  "WLHImagVolume_a0_p": 0.5583031872,
  "WLHImagVolume_a1_p": 0.2685939465,
  "WLHImagVolume_a2_p": 14.3536284183,
  "WLHImagVolume_a3_p": 0.4080034952,
  "WLHImagVolume_a4_p": 0.0023130823,
  "WLHImagVolume_W0_n": 4.792910111,
  "WLHImagVolume_W1_n": 0.3916030909,
  "WLHImagVolume_W2_n": 0.0008498992,
  "WLHImagVolume_W3_n": 12.4570833282,
  "WLHImagVolume_W4_n": 0.0572445548,
  "WLHImagVolume_r0_n": 0.6573644564,
  "WLHImagVolume_r1_n": 59.8498986116,
  "WLHImagVolume_r2_n": 0.6801232882,
  "WLHImagVolume_r3_n": 92.1814224205,
  "WLHImagVolume_r4_n": 1.1156073724,
  "WLHImagVolume_r5_n": 5.7246e-06,
  "WLHImagVolume_a0_n": 0.3480831931,
  "WLHImagVolume_a1_n": 0.5103070236,
  "WLHImagVolume_a2_n": 1.2795570646,
  "WLHImagVolume_a3_n": 0.0082714855,
  "WLHImagVolume_a4_n": 0.0007278766,
  "WLHImagSurface_W0_p": 0.8911648187,
  "WLHImagSurface_W1_p": 0.0328287906,
  "WLHImagSurface_W2_p": 0.8463114156,
  "WLHImagSurface_W3_p": 0.1089467635,
  "WLHImagSurface_r0_p": 0.9319317058,
  "WLHImagSurface_r1_p": 0.2972108194,
  "WLHImagSurface_r2_p": 0.0037283043,
  "WLHImagSurface_a0_p": 0.7673098377,
  "WLHImagSurface_W0_n": 2.0554730079,
  "WLHImagSurface_W1_n": 0.0687571322,
  "WLHImagSurface_W2_n": 3.1331090281,
  "WLHImagSurface_W3_n": 0.2261304146,
  "WLHImagSurface_r0_n": 1.2588811229,
  "WLHImagSurface_r1_n": 1.7298979515,
  "WLHImagSurface_r2_n": 0.0021477095,
  "WLHImagSurface_a0_n": 0.8708983188,
  "WLHRealSpinOrbit_V0_p": 9.5445128639,
  "WLHRealSpinOrbit_V1_p": 0.0084986851,
  "WLHRealSpinOrbit_r0_p": 1.2874256471,
  "WLHRealSpinOrbit_r1_p": 0.8767166754,
  "WLHRealSpinOrbit_a0_p": 0.8090491492,
  "WLHRealSpinOrbit_a1_p": 0.0003663751,
  "WLHRealSpinOrbit_V0_n": 9.7205994349,
  "WLHRealSpinOrbit_V1_n": 0.009251283,
  "WLHRealSpinOrbit_r0_n": 1.3278211241,
  "WLHRealSpinOrbit_r1_n": 0.971533368,
  "WLHRealSpinOrbit_a0_n": 0.8552118672,
  "WLHRealSpinOrbit_a1_n": 0.0003059315
}