{
  "WLHReal_V0_p": 55.2298490529,
  "WLHReal_V1_p": 0.3559278153,
  "WLHReal_V2_p": -2.39444e-05,
  "WLHReal_V3_p": 3.2065e-06,
  "WLHReal_V4_p": 10.8286073988,
  "WLHReal_V5_p": 0.1314456498,
  "WLHReal_V6_p": 0.0002863324,
  "WLHReal_r0_p": 1.3161213157,
  "WLHReal_r1_p": 0.3115125124,
  "WLHReal_r2_p": 0.0010137287,
  "WLHReal_r3_p": 7.9514e-06,
  "WLHReal_a0_p": 0.7954908211,
  "WLHReal_a1_p": 0.0001187381,
  "WLHReal_a2_p": 6.0718e-06,
  "WLHReal_a3_p": 0.0934059398,
  "WLHReal_a4_p": 0.6813180276,
  "WLHReal_V0_n": 49.6249729077,
  "WLHReal_V1_n": 0.2676536155,
  "WLHReal_V2_n": -6.73464e-05,
  "WLHReal_V3_n": 1.9114e-06,
  "WLHReal_V4_n": 22.1757029152,
  "WLHReal_V5_n": 0.2464288604,
  "WLHReal_V6_n": 0.0009328178,
  "WLHReal_r0_n": 1.2515038283,
  "WLHReal_r1_n": 0.1362240092,
  "WLHReal_r2_n": 0.0009896265,
  "WLHReal_r3_n": 1.13855e-05,
  "WLHReal_a0_n": 0.728895264,
  "WLHReal_a1_n": 0.0010590347,
  "WLHReal_a2_n": 1.26131e-05,
  "WLHReal_a3_n": 0.4051357731,
  "WLHReal_a4_n": 1.0672701048,
  "WLHImagVolume_W0_p": 4.8845294313,
  "WLHImagVolume_W1_p": 0.2950184916,
  "WLHImagVolume_W2_p": 0.0007722717,
  "WLHImagVolume_W3_p": 14.5895372945,
  "WLHImagVolume_W4_p": 0.0878180745,
  "WLHImagVolume_r0_p": 0.4329427224,
  "WLHImagVolume_r1_p": 81.1766878813,
  "WLHImagVolume_r2_p": 0.8502956667,
  "WLHImagVolume_r3_p": 89.0083768102,
  "WLHImagVolume_r4_p": 0.4603534903,
  "WLHImagVolume_r5_p": 1.119e-06,
  "WLHImagVolume_a0_p": 0.5381399823,
  "WLHImagVolume_a1_p": 0.3290779412,
  "WLHImagVolume_a2_p": 19.5731877643,
  "WLHImagVolume_a3_p": 0.3906564582,
  "WLHImagVolume_a4_p": 0.0020092481,
  "WLHImagVolume_W0_n": 2.0421541869,
  "WLHImagVolume_W1_n": 0.110704743,
  "WLHImagVolume_W2_n": 6.18557e-05,
  "WLHImagVolume_W3_n": 6.9076072656,
  "WLHImagVolume_W4_n": -0.0279923816,
  "WLHImagVolume_r0_n": 0.6001778884,
  "WLHImagVolume_r1_n": 85.6473744376,
  "WLHImagVolume_r2_n": 0.6508387518,
  "WLHImagVolume_r3_n": 82.3314347306,
  "WLHImagVolume_r4_n": 0.8480428278,
  "WLHImagVolume_r5_n": 2.7614e-06,
  "WLHImagVolume_a0_n": 0.1842316906,
  "WLHImagVolume_a1_n": 0.5944906566,
  "WLHImagVolume_a2_n": 9.6217620257,
  "WLHImagVolume_a3_n": 0.0653551834,
  "WLHImagVolume_a4_n": 0.0001039639,
  "WLHImagSurface_W0_p": 1.0624698928,
  "WLHImagSurface_W1_p": 0.0525272407,
  "WLHImagSurface_W2_p": 0.6499744846,
  "WLHImagSurface_W3_p": 0.1821607838,
  "WLHImagSurface_r0_p": 1.0918533383,
  "WLHImagSurface_r1_p": 0.6558762495,
  "WLHImagSurface_r2_p": 0.0036590167,
  "WLHImagSurface_a0_p": 0.9291415809,
  "WLHImagSurface_W0_n": 1.0361238345,
  "WLHImagSurface_W1_n": 0.0134427673,
  "WLHImagSurface_W2_n": 0.5684588305,
  "WLHImagSurface_W3_n": 0.0534357009,
  "WLHImagSurface_r0_n": 1.2906815967,
  "WLHImagSurface_r1_n": 1.2624068788,
  "WLHImagSurface_r2_n": 0.00302207,
  "WLHImagSurface_a0_n": 0.8511535547,
  "WLHRealSpinOrbit_V0_p": 9.2378678606,
  "WLHRealSpinOrbit_V1_p": 0.0082195798,
  "WLHRealSpinOrbit_r0_p": 1.2743479988,
  "WLHRealSpinOrbit_r1_p": 0.8837195447,
  "WLHRealSpinOrbit_a0_p": 0.8033115911,
  "WLHRealSpinOrbit_a1_p": 0.0003210706,
  "WLHRealSpinOrbit_V0_n": 9.8553719168,
  "WLHRealSpinOrbit_V1_n": 0.0085671809,
  "WLHRealSpinOrbit_r0_n": 1.2568308092,
  "WLHRealSpinOrbit_r1_n": 0.8405445532,
  "WLHRealSpinOrbit_a0_n": 0.7915374462,
  "WLHRealSpinOrbit_a1_n": 0.0003576108
}