{
  "WLHReal_V0_p": 53.2566325046,
  "WLHReal_V1_p": 0.3479834543,
  "WLHReal_V2_p": -0.0006900144,
  "WLHReal_V3_p": 5.5505e-06,
  "WLHReal_V4_p": 8.8663521318,
  "WLHReal_V5_p": 0.1520523691,
  "WLHReal_V6_p": 0.0005447849,
  "WLHReal_r0_p": 1.4004371363,
  "WLHReal_r1_p": 0.3989660256,
  "WLHReal_r2_p": 0.0010869429,
  "WLHReal_r3_p": 9.8902e-06,
  "WLHReal_a0_p": 0.829577964,
  "WLHReal_a1_p": 0.0001356043,
  "WLHReal_a2_p": 8.8456e-06,
  "WLHReal_a3_p": 0.0413168636,
  "WLHReal_a4_p": 0.6479814094,
  "WLHReal_V0_n": 49.9341752723,
  "WLHReal_V1_n": 0.2432356026,
  "WLHReal_V2_n": -0.0003703671,
  "WLHReal_V3_n": 1.9279e-06,
  "WLHReal_V4_n": 22.7408978596,
  "WLHReal_V5_n": 0.265331413,
  "WLHReal_V6_n": 0.0012040051,
  "WLHReal_r0_n": 1.251889588,
  "WLHReal_r1_n": 0.1218208858,
  "WLHReal_r2_n": 0.0011552926,
  "WLHReal_r3_n": 1.41152e-05,
  "WLHReal_a0_n": 0.7426176334,
  "WLHReal_a1_n": 0.0011719654,
  "WLHReal_a2_n": 1.72541e-05,
  "WLHReal_a3_n": 0.4465855634,
  "WLHReal_a4_n": 1.162186744,
  "WLHImagVolume_W0_p": 6.3337689663,
  "WLHImagVolume_W1_p": 0.3269415209,
  "WLHImagVolume_W2_p": 0.0008964809,
  "WLHImagVolume_W3_p": 13.1944371354,
  "WLHImagVolume_W4_p": 0.1100397835,
  "WLHImagVolume_r0_p": 0.4323995945,
  "WLHImagVolume_r1_p": 80.9065318665,
  "WLHImagVolume_r2_p": 0.9273279849,
  "WLHImagVolume_r3_p": 86.653968069,
  "WLHImagVolume_r4_p": 0.3664401515,
  "WLHImagVolume_r5_p": 1.198e-06,
  "WLHImagVolume_a0_p": 0.5982101885,
  "WLHImagVolume_a1_p": 0.3230707934,
  "WLHImagVolume_a2_p": 19.6471719527,
  "WLHImagVolume_a3_p": 0.4392807525,
  "WLHImagVolume_a4_p": 0.0028791606,
  "WLHImagVolume_W0_n": 2.6322946293,
  "WLHImagVolume_W1_n": 0.1273120835,
  "WLHImagVolume_W2_n": -7.03806e-05,
  "WLHImagVolume_W3_n": 8.245807455,
  "WLHImagVolume_W4_n": -0.0357235303,
  "WLHImagVolume_r0_n": 0.7214928873,
  "WLHImagVolume_r1_n": 60.8844749983,
  "WLHImagVolume_r2_n": 0.5296470992,
  "WLHImagVolume_r3_n": 72.8829602297,
  "WLHImagVolume_r4_n": 1.0429992181,
  "WLHImagVolume_r5_n": 4.6693e-06,
  "WLHImagVolume_a0_n": 0.2330697896,
  "WLHImagVolume_a1_n": 0.55251535,
  "WLHImagVolume_a2_n": 8.5240711197,
  "WLHImagVolume_a3_n": 0.062283247,
  "WLHImagVolume_a4_n": 0.0003560979,
  "WLHImagSurface_W0_p": 0.913975305,
  "WLHImagSurface_W1_p": 0.055195979,
  "WLHImagSurface_W2_p": 0.7401060715,
  "WLHImagSurface_W3_p": 0.2099534807,
  "WLHImagSurface_r0_p": 0.9594058787,
  "WLHImagSurface_r1_p": 0.3580865073,
  "WLHImagSurface_r2_p": -0.0004008838,
  "WLHImagSurface_a0_p": 0.8787379412,
  "WLHImagSurface_W0_n": 0.7248852822,
  "WLHImagSurface_W1_n": 0.0056209713,
  "WLHImagSurface_W2_n": -0.2862505815,
  "WLHImagSurface_W3_n": 0.0271038241,
  "WLHImagSurface_r0_n": 1.2481437024,
  "WLHImagSurface_r1_n": 1.2150654254,
  "WLHImagSurface_r2_n": 0.002426785,
  "WLHImagSurface_a0_n": 0.8595461229,
  "WLHRealSpinOrbit_V0_p": 8.57397718,
  "WLHRealSpinOrbit_V1_p": 0.008258893,
  "WLHRealSpinOrbit_r0_p": 1.3490330061,
  "WLHRealSpinOrbit_r1_p": 0.9899220264,
  "WLHRealSpinOrbit_a0_p": 0.8553759777,
  "WLHRealSpinOrbit_a1_p": 0.0003277426,
  "WLHRealSpinOrbit_V0_n": 10.2869916598,
  "WLHRealSpinOrbit_V1_n": 0.0091204139,
  "WLHRealSpinOrbit_r0_n": 1.2653381907,
  "WLHRealSpinOrbit_r1_n": 0.8619889462,
  "WLHRealSpinOrbit_a0_n": 0.8063948978,
  "WLHRealSpinOrbit_a1_n": 0.0003440754
}